MAG ID	Cluster ID	Cluster Size	Representative MAG ID	Is Representative	Quality Score	Completeness	Contamination	N50 Contigs	Contigs	Genome Size Bp
A01_bin.12	ANI95_cluster_00001	1	A01_bin.12	True	92.17383	97.99	1.23	34483	110	2362010
A01_bin.28	ANI95_cluster_00002	1	A01_bin.28	True	66.29203	89.35	4.62	8103	390	2336113
A01_bin.29	ANI95_cluster_00003	1	A01_bin.29	True	87.63242	94.16	1.34	18892	165	2163083
A01_bin.31	ANI95_cluster_00004	3	A01_bin.31	True	92.33174	91.73	0.0	60844	67	2276978
A09_bin.17	ANI95_cluster_00004	3	A01_bin.31	False	78.46155	87.1	1.75	13185	203	2051467
C07_bin.33	ANI95_cluster_00004	3	A01_bin.31	False	83.13658	90.35	1.46	11388	273	2102851
A01_bin.47	ANI95_cluster_00005	1	A01_bin.47	True	89.04357	93.01	0.81	11837	348	2841231
A01_bin.49	ANI95_cluster_00006	2	A01_bin.49	True	84.19243	92.73	1.73	13843	260	2181759
G01_bin.40	ANI95_cluster_00006	2	A01_bin.49	False	78.90582	87.01	1.68	30552	97	1899691
A01_bin.66	ANI95_cluster_00007	8	A01_bin.66	True	97.02807	97.98	0.27	40677	87	2566478
B02_bin.74	ANI95_cluster_00007	8	A01_bin.66	False	68.46835	83.91	3.09	5745	491	2284664
C04_bin.11	ANI95_cluster_00007	8	A01_bin.66	False	80.92764	80.54	0.0	39414	65	1973421
E03_bin.8	ANI95_cluster_00007	8	A01_bin.66	False	96.14533	97.18	0.27	32763	123	2489189
E06_bin.22	ANI95_cluster_00007	8	A01_bin.66	False	62.87761	91.4	5.71	7171	441	2459329
G01_bin.48	ANI95_cluster_00007	8	A01_bin.66	False	68.17961	90.45	4.46	7581	462	2648430
G03_bin.9	ANI95_cluster_00007	8	A01_bin.66	False	84.54222	95.11	2.16	24632	141	2429192
H03_bin.106	ANI95_cluster_00007	8	A01_bin.66	False	79.70254	90.99	2.28	13934	268	2498806
A01_bin.69	ANI95_cluster_00008	6	A01_bin.69	True	100.85129	98.39	0.12	306209	8	1626563
A02_bin.13	ANI95_cluster_00008	6	A01_bin.69	False	96.30154	96.77	0.2	53664	51	1546094
A07_bin.2	ANI95_cluster_00008	6	A01_bin.69	False	89.31058	92.74	0.81	62368	31	1515428
C01_bin.85	ANI95_cluster_00008	6	A01_bin.69	False	81.01025	85.54	0.92	8985	196	1341374
D03_bin.44	ANI95_cluster_00008	6	A01_bin.69	False	73.35814	82.0	1.73	3924	311	1133190
G01_bin.37	ANI95_cluster_00008	6	A01_bin.69	False	100.71823	100.0	0.12	132093	27	1663851
A01_bin.72	ANI95_cluster_00009	1	A01_bin.72	True	80.52105	94.58	2.89	39945	84	2156014
A01_bin.77	ANI95_cluster_00010	1	A01_bin.77	True	69.19938	92.56	4.7	16118	218	2242544
A01_bin.86	ANI95_cluster_00011	1	A01_bin.86	True	45.09113	90.65	9.12	11683	757	5732609
A02_bin.52	ANI95_cluster_00012	1	A02_bin.52	True	92.73388	95.21	0.6	53138	75	2265970
A03_bin.15	ANI95_cluster_00013	2	A03_bin.15	True	99.00597	96.88	0.0	212817	22	2408386
C03_bin.61	ANI95_cluster_00013	2	A03_bin.15	False	82.47535	85.0	0.52	9435	190	1397190
A03_bin.17	ANI95_cluster_00014	1	A03_bin.17	True	71.67536	92.1	4.08	5826	829	3697454
A03_bin.21	ANI95_cluster_00015	8	A03_bin.21	True	85.87878	86.91	0.27	32888	101	2168407
B04_bin.3	ANI95_cluster_00015	8	A03_bin.21	False	79.6344	94.94	3.16	50200	76	2504046
B09_bin.58	ANI95_cluster_00015	8	A03_bin.21	False	83.76057	89.82	1.27	30177	112	2274093
C05_bin.81	ANI95_cluster_00015	8	A03_bin.21	False	42.40585	85.96	8.77	30685	110	2378886
C06_bin.20	ANI95_cluster_00015	8	A03_bin.21	False	80.95986	89.69	1.8	28366	138	2515785
D05_bin.30	ANI95_cluster_00015	8	A03_bin.21	False	72.05665	90.9	3.8	18205	254	2590061
E01_bin.12	ANI95_cluster_00015	8	A03_bin.21	False	81.46524	87.48	1.27	34624	110	2287335
G06_bin.21	ANI95_cluster_00015	8	A03_bin.21	False	67.76701	97.47	6.01	35981	128	2683568
A03_bin.36	ANI95_cluster_00016	1	A03_bin.36	True	95.5136	97.99	0.67	87870	51	3018020
A03_bin.5	ANI95_cluster_00017	1	A03_bin.5	True	86.60568	88.03	0.85	282708	14	1924745
A03_bin.68	ANI95_cluster_00018	12	A03_bin.68	True	98.82101	99.28	0.24	74671	57	2999146
B03_bin.70	ANI95_cluster_00018	12	A03_bin.68	False	97.43996	99.4	0.48	44936	94	2972930
B08_bin.5	ANI95_cluster_00018	12	A03_bin.68	False	73.21759	87.28	2.82	7939	418	2528851
C05_bin.11	ANI95_cluster_00018	12	A03_bin.68	False	85.19274	96.7	2.33	16914	264	2857591
C08_bin.49	ANI95_cluster_00018	12	A03_bin.68	False	92.70216	96.78	0.97	77796	58	2959679
D06_bin.88	ANI95_cluster_00018	12	A03_bin.68	False	95.6398	97.99	0.72	125520	54	2925494
D08_bin.81	ANI95_cluster_00018	12	A03_bin.68	False	92.0003	97.37	1.21	68680	65	2999544
E01_bin.69	ANI95_cluster_00018	12	A03_bin.68	False	52.29885	84.01	6.52	89365	48	2836358
E02_bin.71	ANI95_cluster_00018	12	A03_bin.68	False	95.22621	97.99	0.72	84121	50	3054030
E07_bin.54	ANI95_cluster_00018	12	A03_bin.68	False	93.41905	94.51	0.4	91415	51	2899638
F05_bin.32	ANI95_cluster_00018	12	A03_bin.68	False	60.79573	88.52	5.56	11053	348	2692916
H01_bin.40	ANI95_cluster_00018	12	A03_bin.68	False	79.18655	96.54	3.54	35855	120	2883451
A01_bin.5	ANI95_cluster_00019	21	A04_bin.71	False	97.19659	97.6	0.48	199859	20	2515951
A04_bin.71	ANI95_cluster_00019	21	A04_bin.71	True	101.8515	100.0	0.0	185410	26	2573674
A06_bin.37	ANI95_cluster_00019	21	A04_bin.71	False	71.36802	83.97	2.52	4682	488	1992386
B02_bin.84	ANI95_cluster_00019	21	A04_bin.71	False	73.6433	92.55	3.94	79840	51	2548040
B06_bin.101	ANI95_cluster_00019	21	A04_bin.71	False	98.97101	98.56	0.0	41981	88	2498774
C01_bin.30	ANI95_cluster_00019	21	A04_bin.71	False	78.05057	91.35	2.88	110377	32	2513062
C05_bin.123	ANI95_cluster_00019	21	A04_bin.71	False	82.46263	93.3	2.18	9603	334	2412813
D01_bin.71	ANI95_cluster_00019	21	A04_bin.71	False	80.72986	92.7	2.4	7106	412	2308422
D03_bin.1	ANI95_cluster_00019	21	A04_bin.71	False	98.96034	98.12	0.0	84444	41	2524952
D05_bin.16	ANI95_cluster_00019	21	A04_bin.71	False	87.02387	96.39	1.92	24867	148	2472453
E02_bin.72	ANI95_cluster_00019	21	A04_bin.71	False	100.73411	100.0	0.0	74031	62	2546385
E04_bin.6	ANI95_cluster_00019	21	A04_bin.71	False	62.98434	96.55	6.74	15424	199	2259512
E08_bin.82	ANI95_cluster_00019	21	A04_bin.71	False	101.07792	99.52	0.0	156022	23	2453144
F04_bin.35	ANI95_cluster_00019	21	A04_bin.71	False	90.62644	95.5	1.04	33844	120	2536975
F06_bin.7	ANI95_cluster_00019	21	A04_bin.71	False	95.99474	95.43	0.24	176734	26	2562221
F08_bin.68	ANI95_cluster_00019	21	A04_bin.71	False	97.83805	97.12	0.0	72305	50	2566596
G01_bin.1	ANI95_cluster_00019	21	A04_bin.71	False	95.50278	94.07	0.0	143588	31	2538391
G02_bin.62	ANI95_cluster_00019	21	A04_bin.71	False	101.57529	100.0	0.0	157859	33	2539528
G05_bin.14	ANI95_cluster_00019	21	A04_bin.71	False	90.57254	89.42	0.0	115544	29	2381398
G06_bin.43	ANI95_cluster_00019	21	A04_bin.71	False	98.64864	97.6	0.0	105204	34	2586214
H06_bin.90	ANI95_cluster_00019	21	A04_bin.71	False	98.38528	99.04	0.48	174838	31	2523354
A04_bin.72	ANI95_cluster_00020	1	A04_bin.72	True	76.33525	80.77	0.89	5705	418	1937642
A01_bin.25	ANI95_cluster_00021	42	A04_bin.93	False	93.78789	97.05	0.68	16209	242	2546995
A03_bin.59	ANI95_cluster_00021	42	A04_bin.93	False	85.79953	91.36	1.13	11713	276	2377751
A04_bin.93	ANI95_cluster_00021	42	A04_bin.93	True	96.05627	99.32	0.68	15877	225	2569107
A05_bin.119	ANI95_cluster_00021	42	A04_bin.93	False	85.08093	89.53	0.91	12933	284	2552155
A06_bin.50	ANI95_cluster_00021	42	A04_bin.93	False	89.6988	96.37	1.36	15190	231	2375895
A07_bin.17	ANI95_cluster_00021	42	A04_bin.93	False	78.28821	82.53	0.85	5841	502	2301304
A08_bin.103	ANI95_cluster_00021	42	A04_bin.93	False	87.84168	96.26	1.7	11148	298	2411345
A09_bin.38	ANI95_cluster_00021	42	A04_bin.93	False	87.89975	96.26	1.7	16265	229	2617374
B01_bin.61	ANI95_cluster_00021	42	A04_bin.93	False	87.21766	97.28	2.04	16136	237	2572845
B02_bin.54	ANI95_cluster_00021	42	A04_bin.93	False	75.95953	85.69	1.95	6283	433	2133094
B03_bin.46	ANI95_cluster_00021	42	A04_bin.93	False	96.04529	99.32	0.68	14789	226	2458594
B04_bin.32	ANI95_cluster_00021	42	A04_bin.93	False	88.61533	91.88	0.68	15673	214	2413772
B06_bin.8	ANI95_cluster_00021	42	A04_bin.93	False	81.77132	98.64	3.4	15452	232	2620806
B08_bin.44	ANI95_cluster_00021	42	A04_bin.93	False	92.44433	97.96	1.13	15783	235	2594988
B09_bin.74	ANI95_cluster_00021	42	A04_bin.93	False	85.16749	95.2	2.04	18929	218	2615862
C01_bin.49	ANI95_cluster_00021	42	A04_bin.93	False	91.95278	99.32	1.5	15498	222	2403915
C02_bin.5	ANI95_cluster_00021	42	A04_bin.93	False	82.80314	89.5	1.36	12904	259	2342504
C04_bin.67	ANI95_cluster_00021	42	A04_bin.93	False	91.54308	94.78	0.68	18418	211	2618593
C06_bin.52	ANI95_cluster_00021	42	A04_bin.93	False	78.52394	89.87	2.27	5214	482	2172780
C07_bin.9	ANI95_cluster_00021	42	A04_bin.93	False	92.66931	95.92	0.68	17111	218	2651771
D01_bin.34	ANI95_cluster_00021	42	A04_bin.93	False	91.97015	96.6	0.95	14355	234	2420901
D03_bin.90	ANI95_cluster_00021	42	A04_bin.93	False	69.67824	98.64	5.82	16004	218	2467791
D05_bin.91	ANI95_cluster_00021	42	A04_bin.93	False	87.73667	92.76	1.02	10707	304	2342281
D06_bin.56	ANI95_cluster_00021	42	A04_bin.93	False	90.60598	97.28	1.36	14908	231	2535766
D07_bin.61	ANI95_cluster_00021	42	A04_bin.93	False	81.48125	96.64	3.06	16445	232	2634716
E01_bin.86	ANI95_cluster_00021	42	A04_bin.93	False	87.56053	95.92	1.7	16463	241	2747935
E06_bin.21	ANI95_cluster_00021	42	A04_bin.93	False	91.39273	98.12	1.36	10593	332	2596546
E07_bin.29	ANI95_cluster_00021	42	A04_bin.93	False	85.19691	95.24	2.04	17831	214	2617403
E08_bin.69	ANI95_cluster_00021	42	A04_bin.93	False	86.82656	95.2	1.7	15016	236	2479626
F02_bin.30	ANI95_cluster_00021	42	A04_bin.93	False	89.3052	95.96	1.36	16610	209	2242728
F06_bin.56	ANI95_cluster_00021	42	A04_bin.93	False	89.24273	92.52	0.68	14673	240	2445218
F07_bin.96	ANI95_cluster_00021	42	A04_bin.93	False	92.68618	95.96	0.68	14908	229	2478622
F08_bin.30	ANI95_cluster_00021	42	A04_bin.93	False	89.97035	96.64	1.36	15525	249	2571656
G01_bin.89	ANI95_cluster_00021	42	A04_bin.93	False	75.66019	92.52	3.4	16189	217	2477311
G02_bin.31	ANI95_cluster_00021	42	A04_bin.93	False	94.46018	97.73	0.68	15238	222	2487812
G03_bin.40	ANI95_cluster_00021	42	A04_bin.93	False	92.30341	95.55	0.68	17331	199	2364677
G04_bin.103	ANI95_cluster_00021	42	A04_bin.93	False	90.47335	93.73	0.68	16675	234	2346044
G05_bin.58	ANI95_cluster_00021	42	A04_bin.93	False	84.92428	93.91	1.81	9788	336	2365296
G06_bin.46	ANI95_cluster_00021	42	A04_bin.93	False	90.65684	93.92	0.68	15974	229	2591986
G07_bin.23	ANI95_cluster_00021	42	A04_bin.93	False	83.58986	95.95	2.49	11836	285	2377385
H03_bin.59	ANI95_cluster_00021	42	A04_bin.93	False	91.77264	98.41	1.36	18244	198	2415496
H07_bin.7	ANI95_cluster_00021	42	A04_bin.93	False	87.22058	97.28	2.04	16308	225	2434823
A05_bin.102	ANI95_cluster_00022	2	A05_bin.102	True	95.53102	97.99	0.67	90012	91	2522564
F07_bin.94	ANI95_cluster_00022	2	A05_bin.102	False	87.0134	87.97	0.22	16260	192	1929786
A05_bin.109	ANI95_cluster_00023	5	A05_bin.109	True	89.35511	93.43	1.02	103481	97	5855880
B03_bin.30	ANI95_cluster_00023	5	A05_bin.109	False	50.84576	83.05	6.51	37896	332	5840644
E03_bin.6	ANI95_cluster_00023	5	A05_bin.109	False	54.37401	89.27	7.03	29401	400	6630225
F01_bin.68	ANI95_cluster_00023	5	A05_bin.109	False	71.02368	89.66	3.9	87618	125	5865485
H05_bin.66	ANI95_cluster_00023	5	A05_bin.109	False	59.38339	81.94	4.7	95539	120	5531871
A05_bin.115	ANI95_cluster_00024	1	A05_bin.115	True	101.6006	100.0	0.0	160410	35	2034471
A05_bin.15	ANI95_cluster_00025	1	A05_bin.15	True	94.83413	97.32	0.67	86863	45	2637005
A05_bin.33	ANI95_cluster_00026	1	A05_bin.33	True	96.55341	96.28	0.0	28331	99	1736452
A05_bin.47	ANI95_cluster_00027	1	A05_bin.47	True	100.81695	99.19	0.0	162915	22	2049626
A05_bin.49	ANI95_cluster_00028	2	A05_bin.49	True	86.24164	96.27	2.06	28244	108	1971623
A07_bin.29	ANI95_cluster_00028	2	A05_bin.49	False	46.55491	81.61	7.01	3721	423	1477107
A05_bin.5	ANI95_cluster_00029	4	A05_bin.5	True	101.3552	100.0	0.0	135760	24	1800533
E04_bin.4	ANI95_cluster_00029	4	A05_bin.5	False	79.73671	91.7	2.4	6821	315	1642640
G04_bin.93	ANI95_cluster_00029	4	A05_bin.5	False	83.02848	86.89	0.8	15158	131	1293784
G08_bin.85	ANI95_cluster_00029	4	A05_bin.5	False	93.66976	97.6	0.8	9466	249	1820149
A05_bin.79	ANI95_cluster_00030	5	A05_bin.79	True	97.78994	97.99	0.34	150194	20	1910177
B08_bin.60	ANI95_cluster_00030	5	A05_bin.79	False	85.91507	84.23	0.0	168667	16	1794189
F04_bin.26	ANI95_cluster_00030	5	A05_bin.79	False	89.49301	92.84	0.69	12401	210	1756277
F06_bin.38	ANI95_cluster_00030	5	A05_bin.79	False	95.02551	97.99	1.01	208741	19	2060047
G07_bin.35	ANI95_cluster_00030	5	A05_bin.79	False	76.24172	82.91	1.34	6412	324	1692409
A05_bin.9	ANI95_cluster_00031	1	A05_bin.9	True	74.16751	88.59	2.98	48401	65	1821249
A05_bin.91	ANI95_cluster_00032	1	A05_bin.91	True	80.53294	92.86	2.48	10344	305	2404929
A05_bin.92	ANI95_cluster_00033	1	A05_bin.92	True	77.76413	85.19	1.49	7053	464	2494530
A02_bin.55	ANI95_cluster_00034	44	A06_bin.107	False	91.93673	95.7	0.81	30353	168	3526875
A04_bin.91	ANI95_cluster_00034	44	A06_bin.107	False	100.47766	99.19	0.0	129346	58	4104683
A06_bin.107	ANI95_cluster_00034	44	A06_bin.107	True	101.08357	99.46	0.0	162827	47	4192519
A07_bin.50	ANI95_cluster_00034	44	A06_bin.107	False	98.22639	97.31	0.0	92339	70	4118639
A08_bin.8	ANI95_cluster_00034	44	A06_bin.107	False	89.17232	91.4	0.54	48452	122	3770845
B03_bin.40	ANI95_cluster_00034	44	A06_bin.107	False	92.58538	92.11	0.0	48808	127	3887434
B05_bin.64	ANI95_cluster_00034	44	A06_bin.107	False	97.50517	96.24	0.0	127067	55	4112628
B06_bin.28	ANI95_cluster_00034	44	A06_bin.107	False	100.65868	99.46	0.0	120578	71	4151230
B07_bin.52	ANI95_cluster_00034	44	A06_bin.107	False	95.86605	95.16	0.0	71485	88	3804851
B08_bin.33	ANI95_cluster_00034	44	A06_bin.107	False	100.36577	99.46	0.0	91257	68	4017121
B09_bin.99	ANI95_cluster_00034	44	A06_bin.107	False	100.7901	99.46	0.0	133530	52	4085110
C01_bin.55	ANI95_cluster_00034	44	A06_bin.107	False	71.34544	92.96	4.35	17044	350	3923063
C02_bin.79	ANI95_cluster_00034	44	A06_bin.107	False	99.01395	98.48	0.0	54455	106	4170418
C04_bin.44	ANI95_cluster_00034	44	A06_bin.107	False	73.0892	81.15	1.61	5920	700	3274036
C05_bin.55	ANI95_cluster_00034	44	A06_bin.107	False	97.97534	97.31	0.0	67534	100	3876533
C06_bin.2	ANI95_cluster_00034	44	A06_bin.107	False	101.04884	99.46	0.0	159234	35	4112843
C07_bin.43	ANI95_cluster_00034	44	A06_bin.107	False	97.47359	99.46	0.54	72249	89	4233559
C08_bin.67	ANI95_cluster_00034	44	A06_bin.107	False	96.90001	96.24	0.0	66831	83	3752058
D03_bin.19	ANI95_cluster_00034	44	A06_bin.107	False	90.27592	93.55	0.72	34322	173	3802550
D05_bin.70	ANI95_cluster_00034	44	A06_bin.107	False	100.18296	99.07	0.0	111936	64	4089073
D08_bin.36	ANI95_cluster_00034	44	A06_bin.107	False	96.36434	95.7	0.0	67404	97	3940964
E01_bin.76	ANI95_cluster_00034	44	A06_bin.107	False	88.98256	88.87	0.0	14796	354	3451900
E02_bin.63	ANI95_cluster_00034	44	A06_bin.107	False	84.44249	85.34	0.18	6489	624	3183259
E03_bin.27	ANI95_cluster_00034	44	A06_bin.107	False	87.74955	90.41	0.54	9375	542	3734406
E06_bin.68	ANI95_cluster_00034	44	A06_bin.107	False	96.33796	96.0	0.0	35396	160	3858176
E07_bin.52	ANI95_cluster_00034	44	A06_bin.107	False	80.21627	88.24	1.61	8687	606	3989292
E08_bin.88	ANI95_cluster_00034	44	A06_bin.107	False	93.35144	92.47	0.0	88884	74	3902426
F02_bin.36	ANI95_cluster_00034	44	A06_bin.107	False	97.15263	99.46	0.54	40813	155	3969382
F03_bin.3	ANI95_cluster_00034	44	A06_bin.107	False	93.85843	96.77	0.72	69753	91	4042734
F04_bin.32	ANI95_cluster_00034	44	A06_bin.107	False	80.84858	86.16	1.08	12388	353	3131051
F05_bin.8	ANI95_cluster_00034	44	A06_bin.107	False	98.26936	97.31	0.0	96656	72	4143833
F06_bin.89	ANI95_cluster_00034	44	A06_bin.107	False	92.32856	91.94	0.0	40476	162	4015038
F08_bin.57	ANI95_cluster_00034	44	A06_bin.107	False	87.09187	87.06	0.0	8497	531	3419588
G02_bin.1	ANI95_cluster_00034	44	A06_bin.107	False	96.03339	95.7	0.0	35219	188	3731616
G04_bin.2	ANI95_cluster_00034	44	A06_bin.107	False	94.51652	93.55	0.0	97292	64	3915315
G05_bin.34	ANI95_cluster_00034	44	A06_bin.107	False	85.69565	92.37	1.34	8415	585	3478732
G06_bin.30	ANI95_cluster_00034	44	A06_bin.107	False	98.6785	97.85	0.0	83660	81	4033527
G07_bin.103	ANI95_cluster_00034	44	A06_bin.107	False	95.05635	94.62	0.0	44985	135	3643619
H02_bin.16	ANI95_cluster_00034	44	A06_bin.107	False	84.03728	89.61	1.16	25308	258	3683235
H03_bin.70	ANI95_cluster_00034	44	A06_bin.107	False	95.77502	99.46	0.81	38142	164	3671915
H04_bin.2	ANI95_cluster_00034	44	A06_bin.107	False	96.31295	95.7	0.0	62305	101	3980197
H05_bin.42	ANI95_cluster_00034	44	A06_bin.107	False	97.44438	96.24	0.0	120948	51	4138995
H06_bin.91	ANI95_cluster_00034	44	A06_bin.107	False	89.00709	94.19	1.08	24069	236	3684460
H07_bin.8	ANI95_cluster_00034	44	A06_bin.107	False	91.21856	95.7	1.08	92486	63	4183627
A06_bin.108	ANI95_cluster_00035	2	A06_bin.108	True	82.60386	82.49	0.0	13246	186	1783453
G05_bin.7	ANI95_cluster_00035	2	A06_bin.108	False	79.66646	81.28	0.34	10906	226	1713195
A06_bin.20	ANI95_cluster_00036	1	A06_bin.20	True	73.83282	92.7	3.93	78592	31	1384592
A06_bin.30	ANI95_cluster_00037	1	A06_bin.30	True	92.59341	98.66	1.34	64691	135	3048016
A06_bin.31	ANI95_cluster_00038	1	A06_bin.31	True	80.42458	88.32	1.6	13398	294	2496925
A06_bin.41	ANI95_cluster_00039	1	A06_bin.41	True	86.19645	85.46	0.0	73945	30	1696435
A06_bin.83	ANI95_cluster_00040	2	A06_bin.83	True	87.02861	91.51	0.97	37841	98	2329179
E01_bin.16	ANI95_cluster_00040	2	A06_bin.83	False	84.58327	86.78	0.57	65847	52	2470593
A07_bin.25	ANI95_cluster_00041	1	A07_bin.25	True	94.43712	96.16	0.74	198022	31	3510087
A07_bin.27	ANI95_cluster_00042	3	A07_bin.27	True	98.10377	99.4	0.6	170527	15	1815208
B06_bin.94	ANI95_cluster_00042	3	A07_bin.27	False	97.54958	98.8	0.6	175068	11	1788969
H03_bin.102	ANI95_cluster_00042	3	A07_bin.27	False	95.18721	98.73	0.8	46301	58	1741182
A07_bin.40	ANI95_cluster_00043	4	A07_bin.40	True	91.82541	92.62	0.22	31541	100	2171300
C03_bin.15	ANI95_cluster_00043	4	A07_bin.40	False	77.31642	93.5	3.26	13872	223	2014252
E03_bin.44	ANI95_cluster_00043	4	A07_bin.40	False	86.78842	90.6	0.85	44582	74	1980435
F08_bin.28	ANI95_cluster_00043	4	A07_bin.40	False	67.92602	89.07	4.25	12682	208	1872437
A04_bin.39	ANI95_cluster_00044	18	A07_bin.65	False	98.93888	98.11	0.19	178188	30	3230212
A07_bin.65	ANI95_cluster_00044	18	A07_bin.65	True	102.49284	99.62	0.0	287444	16	3239238
B01_bin.60	ANI95_cluster_00044	18	A07_bin.65	False	93.9171	91.7	0.0	221890	18	2975792
B02_bin.88	ANI95_cluster_00044	18	A07_bin.65	False	87.51515	99.62	3.02	299755	24	3278511
C04_bin.66	ANI95_cluster_00044	18	A07_bin.65	False	101.04169	99.62	0.0	142439	27	3116803
C08_bin.42	ANI95_cluster_00044	18	A07_bin.65	False	99.81103	99.62	0.38	209393	29	3150370
D06_bin.7	ANI95_cluster_00044	18	A07_bin.65	False	83.05861	83.03	0.0	7261	440	2352069
E01_bin.2	ANI95_cluster_00044	18	A07_bin.65	False	99.76977	98.49	0.0	128317	34	3035229
E04_bin.29	ANI95_cluster_00044	18	A07_bin.65	False	101.38098	99.25	0.0	213348	25	3311021
E07_bin.68	ANI95_cluster_00044	18	A07_bin.65	False	102.07521	99.62	0.0	245751	23	3193086
F02_bin.96	ANI95_cluster_00044	18	A07_bin.65	False	95.98258	94.34	0.38	354418	16	3160926
F06_bin.88	ANI95_cluster_00044	18	A07_bin.65	False	93.75886	98.49	1.7	377096	21	3278001
F07_bin.17	ANI95_cluster_00044	18	A07_bin.65	False	98.20543	96.23	0.0	197753	21	3029969
G01_bin.8	ANI95_cluster_00044	18	A07_bin.65	False	97.30299	95.85	0.38	335409	11	3222247
G06_bin.79	ANI95_cluster_00044	18	A07_bin.65	False	102.00632	99.62	0.0	238952	32	3187362
G08_bin.56	ANI95_cluster_00044	18	A07_bin.65	False	84.85832	92.38	1.51	7572	474	2809321
H05_bin.12	ANI95_cluster_00044	18	A07_bin.65	False	101.99969	99.25	0.0	275149	18	3141718
H06_bin.81	ANI95_cluster_00044	18	A07_bin.65	False	98.01392	94.34	0.0	367532	14	3102851
A07_bin.75	ANI95_cluster_00045	1	A07_bin.75	True	100.64925	100.0	0.0	65355	43	2120542
A07_bin.77	ANI95_cluster_00046	1	A07_bin.77	True	80.92853	85.97	1.01	5493	464	2175697
A07_bin.85	ANI95_cluster_00047	2	A07_bin.85	True	88.23298	98.79	2.27	79938	64	3405736
D05_bin.25	ANI95_cluster_00047	2	A07_bin.85	False	86.58907	93.8	1.52	40377	147	3767860
A08_bin.108	ANI95_cluster_00048	3	A08_bin.108	True	93.07814	96.91	0.81	23304	149	1870168
B01_bin.6	ANI95_cluster_00048	3	A08_bin.108	False	85.93651	95.3	1.88	7091	344	1814252
G07_bin.81	ANI95_cluster_00048	3	A08_bin.108	False	90.14162	96.37	1.28	18702	154	1908985
A08_bin.2	ANI95_cluster_00049	4	A08_bin.2	True	81.47863	85.48	0.81	7513	265	1499132
D01_bin.68	ANI95_cluster_00049	4	A08_bin.2	False	77.85013	80.65	0.81	125173	16	1538018
E01_bin.65	ANI95_cluster_00049	4	A08_bin.2	False	75.54707	83.54	1.61	8297	259	1552923
G07_bin.24	ANI95_cluster_00049	4	A08_bin.2	False	79.4284	87.84	1.7	10890	205	1564901
A01_bin.84	ANI95_cluster_00050	9	A08_bin.91	False	79.90364	90.6	2.24	51064	70	2090048
A04_bin.8	ANI95_cluster_00050	9	A08_bin.91	False	72.83792	89.49	3.36	16662	187	2050026
A08_bin.91	ANI95_cluster_00050	9	A08_bin.91	True	85.88731	96.98	2.35	66321	59	2088428
B09_bin.66	ANI95_cluster_00050	9	A08_bin.91	False	74.47013	90.32	3.24	35913	90	1973139
C04_bin.79	ANI95_cluster_00050	9	A08_bin.91	False	81.88429	93.29	2.35	35389	96	1965941
C05_bin.108	ANI95_cluster_00050	9	A08_bin.91	False	64.60227	95.61	6.22	12017	279	2139873
F02_bin.2	ANI95_cluster_00050	9	A08_bin.91	False	64.04938	80.23	3.24	5828	389	1810586
F06_bin.81	ANI95_cluster_00050	9	A08_bin.91	False	82.16646	89.94	1.57	10436	279	1985297
G06_bin.82	ANI95_cluster_00050	9	A08_bin.91	False	77.30748	90.44	2.71	42678	93	2132481
A09_bin.16	ANI95_cluster_00051	5	A09_bin.16	True	90.68306	91.28	0.22	50806	50	1870011
B07_bin.96	ANI95_cluster_00051	5	A09_bin.16	False	86.86829	90.6	0.89	72249	42	1958312
E08_bin.81	ANI95_cluster_00051	5	A09_bin.16	False	49.52761	87.62	7.63	8691	293	1791274
G03_bin.78	ANI95_cluster_00051	5	A09_bin.16	False	74.69438	91.95	3.49	20718	128	1866429
G05_bin.105	ANI95_cluster_00051	5	A09_bin.16	False	68.49648	86.58	3.69	37558	91	2056373
A09_bin.21	ANI95_cluster_00052	8	A09_bin.21	True	87.79259	93.96	1.34	54469	121	3176636
B01_bin.31	ANI95_cluster_00052	8	A09_bin.21	False	34.65157	80.01	9.06	3987	983	3484512
B05_bin.39	ANI95_cluster_00052	8	A09_bin.21	False	70.73886	87.95	3.46	12576	369	2933388
B07_bin.20	ANI95_cluster_00052	8	A09_bin.21	False	37.48518	87.18	9.94	7068	655	3377502
C02_bin.54	ANI95_cluster_00052	8	A09_bin.21	False	56.96859	82.11	5.03	6239	538	2709414
C07_bin.14	ANI95_cluster_00052	8	A09_bin.21	False	65.49617	89.06	4.73	12627	401	3041968
G01_bin.54	ANI95_cluster_00052	8	A09_bin.21	False	46.56902	93.96	9.55	37572	167	3340280
G05_bin.96	ANI95_cluster_00052	8	A09_bin.21	False	65.2173	83.55	3.69	14540	281	2565017
A03_bin.2	ANI95_cluster_00053	18	A09_bin.36	False	90.22926	91.95	0.4	29136	121	2191459
A05_bin.89	ANI95_cluster_00053	18	A09_bin.36	False	69.61086	93.59	4.81	10576	349	2455545
A06_bin.64	ANI95_cluster_00053	18	A09_bin.36	False	60.3909	92.32	6.4	10050	296	2146720
A07_bin.60	ANI95_cluster_00053	18	A09_bin.36	False	50.08897	94.3	8.85	7597	370	2176781
A09_bin.36	ANI95_cluster_00053	18	A09_bin.36	True	98.37812	98.66	0.13	38752	194	2998615
B06_bin.103	ANI95_cluster_00053	18	A09_bin.36	False	65.42458	83.11	3.58	22658	120	1756727
B07_bin.31	ANI95_cluster_00053	18	A09_bin.36	False	90.4806	93.29	0.67	54800	74	2271186
C08_bin.33	ANI95_cluster_00053	18	A09_bin.36	False	71.66918	96.31	4.96	18458	254	2871119
D03_bin.15	ANI95_cluster_00053	18	A09_bin.36	False	57.45518	90.44	6.6	5618	410	1844131
E01_bin.57	ANI95_cluster_00053	18	A09_bin.36	False	61.74674	86.33	4.92	5464	379	1721103
E04_bin.47	ANI95_cluster_00053	18	A09_bin.36	False	91.48849	94.52	0.67	33049	120	2239361
F03_bin.23	ANI95_cluster_00053	18	A09_bin.36	False	67.77905	89.57	4.47	56615	71	2198456
F05_bin.40	ANI95_cluster_00053	18	A09_bin.36	False	75.28273	94.52	3.86	9973	370	2425961
F08_bin.43	ANI95_cluster_00053	18	A09_bin.36	False	71.70737	89.82	3.77	74427	69	2311806
G01_bin.53	ANI95_cluster_00053	18	A09_bin.36	False	85.99709	95.64	2.01	41819	111	2573060
G06_bin.18	ANI95_cluster_00053	18	A09_bin.36	False	58.67471	93.34	6.94	7511	404	2450503
H01_bin.10	ANI95_cluster_00053	18	A09_bin.36	False	51.67992	86.45	6.96	6802	381	2002665
H06_bin.13	ANI95_cluster_00053	18	A09_bin.36	False	60.66132	92.59	6.4	10402	327	2278539
A09_bin.58	ANI95_cluster_00054	1	A09_bin.58	True	96.22573	97.16	0.71	261783	21	2039035
A01_bin.14	ANI95_cluster_00055	5	A09_bin.62	False	88.62241	97.28	1.86	65111	87	3224326
A09_bin.62	ANI95_cluster_00055	5	A09_bin.62	True	96.28193	95.92	0.0	37493	130	3071443
C07_bin.52	ANI95_cluster_00055	5	A09_bin.62	False	91.85367	94.9	0.68	36907	154	3109143
G08_bin.33	ANI95_cluster_00055	5	A09_bin.62	False	57.08921	87.15	6.01	5251	633	2737240
H05_bin.19	ANI95_cluster_00055	5	A09_bin.62	False	62.76417	82.04	3.85	3967	655	2299298
A01_bin.16	ANI95_cluster_00056	3	B01_bin.20	False	61.468	96.95	7.45	177100	30	2678953
B01_bin.20	ANI95_cluster_00056	3	B01_bin.20	True	91.33409	94.81	0.72	14729	232	2343862
C01_bin.9	ANI95_cluster_00056	3	B01_bin.20	False	50.91196	85.3	7.21	166516	32	2509445
B01_bin.49	ANI95_cluster_00057	2	B01_bin.49	True	70.33881	92.62	4.52	33371	149	3035378
G08_bin.14	ANI95_cluster_00057	2	B01_bin.49	False	65.58176	89.6	4.87	34526	135	2923473
B01_bin.63	ANI95_cluster_00058	1	B01_bin.63	True	94.47349	97.55	0.81	97579	23	1493821
B01_bin.66	ANI95_cluster_00059	1	B01_bin.66	True	81.33858	89.28	1.61	13118	226	1953435
B01_bin.68	ANI95_cluster_00060	4	B01_bin.68	True	97.74075	98.92	0.27	18515	144	1887964
C05_bin.92	ANI95_cluster_00060	4	B01_bin.68	False	95.32113	99.19	0.81	19553	144	1804516
G01_bin.24	ANI95_cluster_00060	4	B01_bin.68	False	89.41855	96.77	1.56	45465	61	1780351
H04_bin.30	ANI95_cluster_00060	4	B01_bin.68	False	93.93277	98.39	0.92	15947	167	1749346
A04_bin.21	ANI95_cluster_00061	26	B01_bin.9	False	93.46209	97.96	1.36	230429	22	2727007
A06_bin.42	ANI95_cluster_00061	26	B01_bin.9	False	92.6401	96.6	0.85	30310	130	2661631
A08_bin.37	ANI95_cluster_00061	26	B01_bin.9	False	99.83368	97.96	0.0	187548	18	2626070
B01_bin.9	ANI95_cluster_00061	26	B01_bin.9	True	102.48874	97.96	0.0	453114	24	2745535
B02_bin.101	ANI95_cluster_00061	26	B01_bin.9	False	94.29248	92.52	0.0	177558	31	2681841
B06_bin.110	ANI95_cluster_00061	26	B01_bin.9	False	86.7934	91.95	1.06	16560	222	2465531
C04_bin.51	ANI95_cluster_00061	26	B01_bin.9	False	85.79947	93.2	1.5	12527	258	2476198
C07_bin.83	ANI95_cluster_00061	26	B01_bin.9	False	99.73956	97.96	0.0	178196	24	2677756
D01_bin.24	ANI95_cluster_00061	26	B01_bin.9	False	99.87555	97.96	0.0	191815	26	2800510
D03_bin.66	ANI95_cluster_00061	26	B01_bin.9	False	99.86819	97.96	0.0	191099	28	2764986
D05_bin.19	ANI95_cluster_00061	26	B01_bin.9	False	98.57704	97.28	0.0	129974	27	2592602
E02_bin.61	ANI95_cluster_00061	26	B01_bin.9	False	94.43574	96.6	0.68	123834	26	2669002
E04_bin.41	ANI95_cluster_00061	26	B01_bin.9	False	100.51269	97.96	0.0	255459	19	2671498
E08_bin.33	ANI95_cluster_00061	26	B01_bin.9	False	95.63053	97.28	0.68	175273	22	2671151
F03_bin.11	ANI95_cluster_00061	26	B01_bin.9	False	99.05484	97.96	0.0	109844	36	2706985
F08_bin.81	ANI95_cluster_00061	26	B01_bin.9	False	94.36291	96.6	0.68	116611	32	2648045
G02_bin.32	ANI95_cluster_00061	26	B01_bin.9	False	93.79574	97.96	1.36	263794	22	2819487
G03_bin.12	ANI95_cluster_00061	26	B01_bin.9	False	93.68653	93.2	0.0	49533	88	2448492
G04_bin.28	ANI95_cluster_00061	26	B01_bin.9	False	101.11987	97.96	0.0	316187	20	2746775
G05_bin.12	ANI95_cluster_00061	26	B01_bin.9	False	97.08355	95.92	0.0	116615	26	2603675
G06_bin.19	ANI95_cluster_00061	26	B01_bin.9	False	99.92469	97.96	0.0	196679	21	2698048
G07_bin.1	ANI95_cluster_00061	26	B01_bin.9	False	99.58509	97.96	0.0	162769	26	2624207
G08_bin.16	ANI95_cluster_00061	26	B01_bin.9	False	100.2182	97.96	0.0	226030	21	2731116
H04_bin.60	ANI95_cluster_00061	26	B01_bin.9	False	98.91752	97.96	0.68	435982	23	2769927
H06_bin.5	ANI95_cluster_00061	26	B01_bin.9	False	94.10264	96.6	0.68	90684	42	2572216
H08_bin.11	ANI95_cluster_00061	26	B01_bin.9	False	97.36321	97.16	0.0	22071	175	2532675
B02_bin.18	ANI95_cluster_00062	1	B02_bin.18	True	89.95902	97.12	1.57	69512	61	2383256
B02_bin.24	ANI95_cluster_00063	3	B02_bin.24	True	90.38048	96.37	1.48	141458	41	2694726
B03_bin.34	ANI95_cluster_00063	3	B02_bin.24	False	81.44134	91.53	2.28	131534	40	2569974
F05_bin.38	ANI95_cluster_00063	3	B02_bin.24	False	86.99843	92.34	1.1	17993	215	2519021
B02_bin.26	ANI95_cluster_00064	1	B02_bin.26	True	85.70861	97.22	2.4	49561	70	2349596
B02_bin.40	ANI95_cluster_00065	1	B02_bin.40	True	75.14213	93.59	3.87	90773	56	2598353
A04_bin.36	ANI95_cluster_00066	9	B02_bin.41	False	83.0565	86.55	0.81	56320	67	2287790
B02_bin.41	ANI95_cluster_00066	9	B02_bin.41	True	93.0446	94.15	0.29	35970	151	2828600
C01_bin.34	ANI95_cluster_00066	9	B02_bin.41	False	73.97255	82.46	1.75	27485	123	2141022
C06_bin.46	ANI95_cluster_00066	9	B02_bin.41	False	76.56544	89.24	2.62	43654	111	2361599
D05_bin.97	ANI95_cluster_00066	9	B02_bin.41	False	73.13743	82.57	1.96	37873	113	2327788
F02_bin.50	ANI95_cluster_00066	9	B02_bin.41	False	62.45307	85.3	4.58	9177	387	2370103
G06_bin.32	ANI95_cluster_00066	9	B02_bin.41	False	43.10743	86.07	8.67	40133	139	2884446
H04_bin.74	ANI95_cluster_00066	9	B02_bin.41	False	85.35187	85.38	0.23	112577	39	2061944
H08_bin.28	ANI95_cluster_00066	9	B02_bin.41	False	83.63613	95.92	2.48	14723	311	2756434
B02_bin.56	ANI95_cluster_00067	1	B02_bin.56	True	87.91947	93.07	1.1	36387	144	3367587
B02_bin.68	ANI95_cluster_00068	1	B02_bin.68	True	92.75255	89.1	0.0	365345	9	1765986
B02_bin.70	ANI95_cluster_00069	1	B02_bin.70	True	92.5246	95.54	0.62	11700	324	2526139
B02_bin.73	ANI95_cluster_00070	1	B02_bin.73	True	81.66378	81.03	0.0	64138	76	3267526
B02_bin.75	ANI95_cluster_00071	1	B02_bin.75	True	89.70165	92.03	0.48	10145	298	2098271
B02_bin.77	ANI95_cluster_00072	1	B02_bin.77	True	79.90529	97.47	3.8	143769	24	1818473
B02_bin.97	ANI95_cluster_00073	1	B02_bin.97	True	81.15725	84.82	0.74	6995	327	1739002
B02_bin.99	ANI95_cluster_00074	1	B02_bin.99	True	88.94108	90.83	0.67	146258	15	1632116
B03_bin.12	ANI95_cluster_00075	1	B03_bin.12	True	102.92273	98.87	0.0	405433	16	3052110
B03_bin.36	ANI95_cluster_00076	1	B03_bin.36	True	88.36022	98.29	2.01	13952	193	1812433
B03_bin.49	ANI95_cluster_00077	2	B03_bin.49	True	77.77657	83.22	1.34	125847	19	1671653
G05_bin.40	ANI95_cluster_00077	2	B03_bin.49	False	70.90123	80.38	1.9	5453	333	1499659
B03_bin.54	ANI95_cluster_00078	2	B03_bin.54	True	80.36863	91.67	2.27	8733	387	2376719
H03_bin.57	ANI95_cluster_00078	2	B03_bin.54	False	76.44463	88.16	2.35	7553	409	2201872
B03_bin.63	ANI95_cluster_00079	1	B03_bin.63	True	63.32743	97.36	6.85	23713	197	2844493
A07_bin.44	ANI95_cluster_00080	6	B03_bin.77	False	62.56414	88.0	5.1	9384	297	2074438
B03_bin.77	ANI95_cluster_00080	6	B03_bin.77	True	82.90032	90.41	1.53	15902	187	2062905
B08_bin.46	ANI95_cluster_00080	6	B03_bin.77	False	53.05797	93.31	8.13	40897	110	2305333
E08_bin.61	ANI95_cluster_00080	6	B03_bin.77	False	48.39379	92.08	8.79	27699	132	2284976
F02_bin.56	ANI95_cluster_00080	6	B03_bin.77	False	47.47528	93.27	9.19	17638	211	2355858
G03_bin.111	ANI95_cluster_00080	6	B03_bin.77	False	40.87558	85.15	8.93	38528	97	2170094
B03_bin.9	ANI95_cluster_00081	1	B03_bin.9	True	92.55217	96.6	1.04	115557	34	2994017
B04_bin.13	ANI95_cluster_00082	1	B04_bin.13	True	70.26356	93.31	4.65	21676	132	2132011
A01_bin.40	ANI95_cluster_00083	36	B04_bin.18	False	91.96916	95.73	0.96	104266	35	2772923
A03_bin.18	ANI95_cluster_00083	36	B04_bin.18	False	94.04847	95.77	0.58	118237	39	2965784
A04_bin.63	ANI95_cluster_00083	36	B04_bin.18	False	70.13561	87.82	3.85	156811	25	2705916
A05_bin.96	ANI95_cluster_00083	36	B04_bin.18	False	97.87605	97.68	0.48	259885	28	3282716
A06_bin.43	ANI95_cluster_00083	36	B04_bin.18	False	74.2955	81.19	1.44	31610	106	2233027
A07_bin.3	ANI95_cluster_00083	36	B04_bin.18	False	86.474	97.55	2.43	107820	42	2901294
A08_bin.10	ANI95_cluster_00083	36	B04_bin.18	False	72.237	95.03	4.62	32530	183	3146499
A09_bin.31	ANI95_cluster_00083	36	B04_bin.18	False	79.09823	88.33	1.92	38053	123	2656536
B01_bin.27	ANI95_cluster_00083	36	B04_bin.18	False	73.50627	94.71	4.38	70387	76	3158742
B04_bin.18	ANI95_cluster_00083	36	B04_bin.18	True	99.55005	99.28	0.48	267185	18	3395547
B05_bin.23	ANI95_cluster_00083	36	B04_bin.18	False	81.76315	85.67	0.99	104785	47	2638778
B09_bin.102	ANI95_cluster_00083	36	B04_bin.18	False	72.72907	90.74	3.63	16427	252	2654380
C07_bin.15	ANI95_cluster_00083	36	B04_bin.18	False	92.4523	93.73	0.48	112550	32	2529174
D02_bin.9	ANI95_cluster_00083	36	B04_bin.18	False	87.99592	94.9	1.44	30822	123	2779408
D03_bin.53	ANI95_cluster_00083	36	B04_bin.18	False	59.21447	84.64	5.17	43457	101	2621621
D05_bin.36	ANI95_cluster_00083	36	B04_bin.18	False	87.51845	92.53	1.12	59495	65	2646287
D06_bin.26	ANI95_cluster_00083	36	B04_bin.18	False	95.16407	95.98	0.48	158697	29	3176963
D08_bin.60	ANI95_cluster_00083	36	B04_bin.18	False	90.11546	91.59	0.51	108186	64	2667547
E02_bin.51	ANI95_cluster_00083	36	B04_bin.18	False	71.92423	80.17	1.72	36613	119	2645374
E04_bin.58	ANI95_cluster_00083	36	B04_bin.18	False	80.17914	81.73	0.48	85294	38	2355277
E07_bin.6	ANI95_cluster_00083	36	B04_bin.18	False	83.69117	82.36	0.0	133427	31	2576633
E08_bin.94	ANI95_cluster_00083	36	B04_bin.18	False	80.01192	87.29	1.71	127712	52	2909708
F02_bin.27	ANI95_cluster_00083	36	B04_bin.18	False	85.94361	91.61	1.44	153681	32	2860810
F05_bin.26	ANI95_cluster_00083	36	B04_bin.18	False	97.66059	98.65	0.48	141369	31	3093204
F07_bin.11	ANI95_cluster_00083	36	B04_bin.18	False	86.75263	88.24	0.48	91723	46	2439303
F08_bin.9	ANI95_cluster_00083	36	B04_bin.18	False	73.97142	95.93	4.81	209402	26	3125991
G04_bin.3	ANI95_cluster_00083	36	B04_bin.18	False	86.52857	98.56	2.64	117267	41	3097550
G05_bin.90	ANI95_cluster_00083	36	B04_bin.18	False	89.86108	92.72	0.91	169448	34	2995958
G06_bin.3	ANI95_cluster_00083	36	B04_bin.18	False	65.73662	85.07	4.09	112042	38	2705067
G07_bin.70	ANI95_cluster_00083	36	B04_bin.18	False	52.4815	86.62	6.88	27790	164	2848264
G08_bin.10	ANI95_cluster_00083	36	B04_bin.18	False	83.77354	97.63	2.88	55214	86	3087922
H01_bin.30	ANI95_cluster_00083	36	B04_bin.18	False	79.18121	80.05	0.48	153441	32	2401525
H03_bin.78	ANI95_cluster_00083	36	B04_bin.18	False	67.63328	98.79	6.49	129738	41	3557371
H04_bin.25	ANI95_cluster_00083	36	B04_bin.18	False	97.93148	98.7	0.48	163468	32	3062531
H06_bin.40	ANI95_cluster_00083	36	B04_bin.18	False	69.23132	86.92	3.59	27902	177	3017351
H07_bin.18	ANI95_cluster_00083	36	B04_bin.18	False	97.09541	97.66	0.48	183861	32	2925628
B04_bin.30	ANI95_cluster_00084	1	B04_bin.30	True	76.63984	95.97	3.91	23984	200	2739099
A02_bin.32	ANI95_cluster_00085	6	B04_bin.33	False	80.82731	90.25	1.9	10771	304	2214494
A03_bin.7	ANI95_cluster_00085	6	B04_bin.33	False	76.1968	80.26	0.81	3810	513	1722083
B04_bin.33	ANI95_cluster_00085	6	B04_bin.33	True	93.92704	96.64	0.67	64284	58	2621762
C06_bin.44	ANI95_cluster_00085	6	B04_bin.33	False	87.31839	95.64	1.68	10869	303	2288165
D01_bin.76	ANI95_cluster_00085	6	B04_bin.33	False	88.97074	97.15	1.68	23714	164	2403669
D04_bin.52	ANI95_cluster_00085	6	B04_bin.33	False	89.58658	96.17	1.34	14098	244	2389402
A04_bin.29	ANI95_cluster_00086	9	B04_bin.53	False	63.80646	80.86	3.47	30386	74	1660713
B04_bin.53	ANI95_cluster_00086	9	B04_bin.53	True	87.4994	95.85	1.7	17180	224	2642615
C03_bin.20	ANI95_cluster_00086	9	B04_bin.53	False	64.46379	82.55	3.69	37299	92	1923186
D06_bin.39	ANI95_cluster_00086	9	B04_bin.53	False	84.86743	94.63	2.01	29983	124	2365054
D07_bin.19	ANI95_cluster_00086	9	B04_bin.53	False	50.15523	85.87	7.16	11443	292	2282946
E07_bin.7	ANI95_cluster_00086	9	B04_bin.53	False	69.58691	86.16	3.32	6781	409	2173590
G02_bin.35	ANI95_cluster_00086	9	B04_bin.53	False	70.43512	86.91	3.36	33502	99	2194008
G06_bin.45	ANI95_cluster_00086	9	B04_bin.53	False	75.51058	90.68	3.04	7408	435	2464557
H04_bin.66	ANI95_cluster_00086	9	B04_bin.53	False	39.3085	85.85	9.31	6330	548	2686677
B04_bin.73	ANI95_cluster_00087	1	B04_bin.73	True	95.13562	92.74	0.12	299642	8	1452784
B05_bin.105	ANI95_cluster_00088	2	B05_bin.105	True	81.08978	90.6	2.02	59428	45	1525864
C04_bin.24	ANI95_cluster_00088	2	B05_bin.105	False	76.69952	89.89	2.73	46522	57	1614916
B05_bin.112	ANI95_cluster_00089	5	B05_bin.112	True	95.52469	100.0	1.01	58099	63	2290237
C04_bin.70	ANI95_cluster_00089	5	B05_bin.112	False	87.39419	91.62	0.9	28469	105	1903998
D08_bin.19	ANI95_cluster_00089	5	B05_bin.112	False	82.46711	86.94	0.9	6381	367	1871365
F07_bin.65	ANI95_cluster_00089	5	B05_bin.112	False	95.34273	99.56	0.9	29313	104	2154745
H07_bin.19	ANI95_cluster_00089	5	B05_bin.112	False	94.08132	98.2	0.9	38882	75	2116243
B05_bin.113	ANI95_cluster_00090	4	B05_bin.113	True	92.14326	97.98	1.21	22746	142	2135233
F04_bin.15	ANI95_cluster_00090	4	B05_bin.113	False	88.30353	97.02	1.76	10813	246	1984934
F07_bin.72	ANI95_cluster_00090	4	B05_bin.113	False	89.635	93.35	0.81	34470	97	2014187
F08_bin.6	ANI95_cluster_00090	4	B05_bin.113	False	80.61658	95.66	3.02	8648	299	2050615
B05_bin.17	ANI95_cluster_00091	1	B05_bin.17	True	94.60798	93.06	0.0	154968	17	2023228
B05_bin.2	ANI95_cluster_00092	2	B05_bin.2	True	70.64234	98.29	5.55	12594	236	1946706
E06_bin.31	ANI95_cluster_00092	2	B05_bin.2	False	69.51377	96.61	5.43	8407	303	1903003
A07_bin.64	ANI95_cluster_00093	3	B05_bin.33	False	83.78642	87.13	0.67	5412	477	2093129
B05_bin.33	ANI95_cluster_00093	3	B05_bin.33	True	95.77451	95.3	0.0	48181	73	2394795
G04_bin.49	ANI95_cluster_00093	3	B05_bin.33	False	55.02952	91.44	7.31	16922	297	2866196
B05_bin.44	ANI95_cluster_00094	1	B05_bin.44	True	62.08624	98.73	7.4	36724	110	2416112
B05_bin.45	ANI95_cluster_00095	1	B05_bin.45	True	39.13533	87.22	9.62	6453	492	2509963
B05_bin.47	ANI95_cluster_00096	5	B05_bin.47	True	65.15545	92.58	5.54	28825	128	2475655
B08_bin.3	ANI95_cluster_00096	5	B05_bin.47	False	57.0657	87.01	6.04	26960	139	2490847
C01_bin.83	ANI95_cluster_00096	5	B05_bin.47	False	58.60907	93.08	6.94	24487	158	2539072
D03_bin.59	ANI95_cluster_00096	5	B05_bin.47	False	58.17051	87.31	5.85	13291	224	2109425
F08_bin.10	ANI95_cluster_00096	5	B05_bin.47	False	55.66115	82.95	5.48	13405	229	2217471
B05_bin.48	ANI95_cluster_00097	1	B05_bin.48	True	70.38424	93.29	4.7	60044	62	2548622
B05_bin.52	ANI95_cluster_00098	1	B05_bin.52	True	70.0903	81.76	2.34	6230	320	1622284
B05_bin.57	ANI95_cluster_00099	1	B05_bin.57	True	69.32671	80.1	2.16	5711	304	1460426
B05_bin.59	ANI95_cluster_00100	1	B05_bin.59	True	93.50034	100.0	1.44	70424	39	1582686
B05_bin.76	ANI95_cluster_00101	2	B05_bin.76	True	90.43119	92.7	0.56	53639	52	1402651
F07_bin.106	ANI95_cluster_00101	2	B05_bin.76	False	77.13329	90.45	2.81	73719	39	1321910
B05_bin.82	ANI95_cluster_00102	1	B05_bin.82	True	70.72343	95.75	5.37	182553	21	2217405
B05_bin.9	ANI95_cluster_00103	1	B05_bin.9	True	90.29139	90.38	0.12	51819	68	2151856
B06_bin.105	ANI95_cluster_00104	1	B06_bin.105	True	91.21148	95.36	0.86	16568	142	1628218
B06_bin.108	ANI95_cluster_00105	2	B06_bin.108	True	90.02641	93.13	0.67	26421	178	2637682
C08_bin.82	ANI95_cluster_00105	2	B06_bin.108	False	84.26888	89.88	1.16	20778	189	2582022
B06_bin.111	ANI95_cluster_00106	1	B06_bin.111	True	91.5998	96.77	1.25	108280	30	1903651
B06_bin.112	ANI95_cluster_00107	1	B06_bin.112	True	98.30547	96.92	0.38	328797	25	3217948
B06_bin.15	ANI95_cluster_00108	1	B06_bin.15	True	71.81716	90.54	3.76	12926	521	4915896
B06_bin.18	ANI95_cluster_00109	2	B06_bin.18	True	85.71433	94.56	1.98	106083	65	3637906
C05_bin.65	ANI95_cluster_00109	2	B06_bin.18	False	81.56804	93.72	2.97	270114	31	3711102
B06_bin.32	ANI95_cluster_00110	1	B06_bin.32	True	94.04239	97.17	0.75	63059	82	3186704
B06_bin.47	ANI95_cluster_00111	1	B06_bin.47	True	77.45659	97.2	4.0	27139	148	2583205
B06_bin.51	ANI95_cluster_00112	1	B06_bin.51	True	91.22702	97.86	1.63	152532	83	4984610
A06_bin.69	ANI95_cluster_00113	5	B06_bin.6	False	81.59125	80.34	0.0	125415	29	1992280
A08_bin.19	ANI95_cluster_00113	5	B06_bin.6	False	81.12694	86.7	1.14	14674	198	2079517
B06_bin.6	ANI95_cluster_00113	5	B06_bin.6	True	85.20882	84.62	0.0	59582	70	2070005
D08_bin.62	ANI95_cluster_00113	5	B06_bin.6	False	82.74241	87.18	1.14	126591	35	2080467
G07_bin.42	ANI95_cluster_00113	5	B06_bin.6	False	75.12282	83.48	1.71	20912	163	2106633
B06_bin.60	ANI95_cluster_00114	3	B06_bin.60	True	89.14902	88.75	0.0	40662	76	1905112
F08_bin.83	ANI95_cluster_00114	3	B06_bin.60	False	73.43727	80.53	1.42	4697	397	1609131
H03_bin.99	ANI95_cluster_00114	3	B06_bin.60	False	79.85956	82.5	0.62	46476	52	1569742
B06_bin.62	ANI95_cluster_00115	1	B06_bin.62	True	69.13551	92.25	4.64	12111	356	2922106
B06_bin.7	ANI95_cluster_00116	5	B06_bin.7	True	84.83382	91.78	1.46	36912	153	3352154
C05_bin.14	ANI95_cluster_00116	5	B06_bin.7	False	77.80444	85.82	1.68	39544	110	2778917
C07_bin.55	ANI95_cluster_00116	5	B06_bin.7	False	69.89998	94.09	4.97	66858	86	3075178
F07_bin.15	ANI95_cluster_00116	5	B06_bin.7	False	67.59413	80.75	2.74	55193	78	2673851
G01_bin.34	ANI95_cluster_00116	5	B06_bin.7	False	65.64678	86.28	4.25	62458	78	2884362
B06_bin.83	ANI95_cluster_00117	1	B06_bin.83	True	75.72585	90.1	3.02	73115	53	2032679
B03_bin.39	ANI95_cluster_00118	3	B06_bin.86	False	96.25564	95.99	0.0	28174	161	2532315
B06_bin.86	ANI95_cluster_00118	3	B06_bin.86	True	98.46721	97.99	0.0	48481	76	2756336
C08_bin.17	ANI95_cluster_00118	3	B06_bin.86	False	98.23569	97.99	0.06	55269	70	2580687
A06_bin.35	ANI95_cluster_00119	2	B06_bin.9	False	78.21201	80.0	0.62	131391	19	1506472
B06_bin.9	ANI95_cluster_00119	2	B06_bin.9	True	95.26087	97.5	0.62	86517	43	1943915
B07_bin.25	ANI95_cluster_00120	1	B07_bin.25	True	74.46037	91.94	3.63	67497	46	1941846
B07_bin.36	ANI95_cluster_00121	1	B07_bin.36	True	96.18348	99.28	0.65	17258	191	2336061
B07_bin.47	ANI95_cluster_00122	1	B07_bin.47	True	83.02938	91.87	1.78	8928	299	1982937
B07_bin.51	ANI95_cluster_00123	1	B07_bin.51	True	56.26102	81.38	5.17	73902	80	3543825
B05_bin.36	ANI95_cluster_00124	4	B07_bin.55	False	95.03462	91.28	0.0	375612	15	1995949
B07_bin.55	ANI95_cluster_00124	4	B07_bin.55	True	101.72976	99.33	0.0	240236	26	2626457
E02_bin.62	ANI95_cluster_00124	4	B07_bin.55	False	97.32635	98.66	0.67	201875	24	2599448
G06_bin.99	ANI95_cluster_00124	4	B07_bin.55	False	97.29511	95.97	0.0	132851	34	2490558
B07_bin.9	ANI95_cluster_00125	1	B07_bin.9	True	84.03792	91.53	1.61	56452	66	2037877
B02_bin.11	ANI95_cluster_00126	8	B08_bin.39	False	53.93742	87.35	6.77	44602	86	1939622
B03_bin.29	ANI95_cluster_00126	8	B08_bin.39	False	78.95503	85.23	1.38	62993	49	1889692
B06_bin.27	ANI95_cluster_00126	8	B08_bin.39	False	49.56179	84.1	7.05	71719	54	1879612
B08_bin.39	ANI95_cluster_00126	8	B08_bin.39	True	82.192	88.59	1.41	65650	45	1937353
C01_bin.60	ANI95_cluster_00126	8	B08_bin.39	False	74.40438	84.02	2.01	44028	59	1938863
D08_bin.10	ANI95_cluster_00126	8	B08_bin.39	False	72.38512	87.08	3.02	41412	90	2092531
E08_bin.57	ANI95_cluster_00126	8	B08_bin.39	False	78.38553	91.82	2.85	82033	48	2244025
G05_bin.89	ANI95_cluster_00126	8	B08_bin.39	False	80.5779	81.88	0.34	40870	108	1936462
B08_bin.47	ANI95_cluster_00127	1	B08_bin.47	True	82.9624	88.82	1.3	65360	112	3755010
A01_bin.34	ANI95_cluster_00128	22	B08_bin.66	False	96.09631	97.58	0.48	92101	47	2679208
A09_bin.47	ANI95_cluster_00128	22	B08_bin.66	False	86.37222	85.02	0.0	135502	28	2506683
B03_bin.45	ANI95_cluster_00128	22	B08_bin.66	False	92.93993	94.23	0.48	111373	38	2592497
B05_bin.104	ANI95_cluster_00128	22	B08_bin.66	False	91.49891	92.55	0.48	135301	41	2594882
B08_bin.66	ANI95_cluster_00128	22	B08_bin.66	True	97.90095	99.04	0.48	126395	30	2768247
C04_bin.87	ANI95_cluster_00128	22	B08_bin.66	False	89.3004	93.17	0.9	63660	62	2442451
C05_bin.68	ANI95_cluster_00128	22	B08_bin.66	False	68.41203	93.75	5.29	111623	42	2803480
C07_bin.16	ANI95_cluster_00128	22	B08_bin.66	False	90.12585	94.23	0.96	70125	54	2606909
C08_bin.40	ANI95_cluster_00128	22	B08_bin.66	False	95.07782	100.0	1.12	68542	76	3012682
D03_bin.12	ANI95_cluster_00128	22	B08_bin.66	False	48.40778	87.74	8.23	182128	35	2728950
D08_bin.2	ANI95_cluster_00128	22	B08_bin.66	False	67.42406	85.15	3.55	6706	430	2204213
E02_bin.7	ANI95_cluster_00128	22	B08_bin.66	False	59.21766	84.48	5.17	59346	58	2643401
E08_bin.76	ANI95_cluster_00128	22	B08_bin.66	False	94.85829	98.56	1.12	190129	30	2693167
F02_bin.82	ANI95_cluster_00128	22	B08_bin.66	False	89.94939	88.7	0.0	125329	39	2392017
F04_bin.51	ANI95_cluster_00128	22	B08_bin.66	False	67.73279	80.5	2.59	20209	193	2587616
F08_bin.47	ANI95_cluster_00128	22	B08_bin.66	False	91.81286	91.83	0.16	78846	56	2655492
G01_bin.52	ANI95_cluster_00128	22	B08_bin.66	False	73.71309	88.58	2.98	7609	430	2555768
G04_bin.17	ANI95_cluster_00128	22	B08_bin.66	False	97.47392	98.8	0.48	107822	43	2485044
G05_bin.38	ANI95_cluster_00128	22	B08_bin.66	False	89.81128	95.67	1.44	134438	31	2571580
G06_bin.88	ANI95_cluster_00128	22	B08_bin.66	False	85.56448	96.63	2.4	93998	55	2759746
H03_bin.37	ANI95_cluster_00128	22	B08_bin.66	False	78.43464	85.1	1.44	54254	79	2436424
H07_bin.34	ANI95_cluster_00128	22	B08_bin.66	False	52.64225	92.31	8.17	118575	35	2619500
A01_bin.87	ANI95_cluster_00129	5	B09_bin.106	False	56.92625	88.95	6.41	8875	625	3904815
B09_bin.106	ANI95_cluster_00129	5	B09_bin.106	True	96.75392	97.31	0.18	36222	183	4061208
C07_bin.18	ANI95_cluster_00129	5	B09_bin.106	False	96.07833	95.16	0.0	92513	68	4265495
E04_bin.52	ANI95_cluster_00129	5	B09_bin.106	False	89.99235	93.82	0.81	24945	271	4298416
H06_bin.79	ANI95_cluster_00129	5	B09_bin.106	False	92.04755	91.4	0.0	65675	92	4287411
B09_bin.25	ANI95_cluster_00130	1	B09_bin.25	True	59.81816	94.52	6.95	8226	341	2131385
B09_bin.49	ANI95_cluster_00131	1	B09_bin.49	True	71.11698	80.6	1.9	6758	506	2678437
B09_bin.51	ANI95_cluster_00132	1	B09_bin.51	True	94.99986	94.62	0.0	38646	66	1690636
A01_bin.85	ANI95_cluster_00133	16	B09_bin.61	False	99.20898	98.63	0.0	58648	75	2417053
A06_bin.46	ANI95_cluster_00133	16	B09_bin.61	False	99.32277	98.63	0.0	69867	59	2614270
B05_bin.85	ANI95_cluster_00133	16	B09_bin.61	False	87.02478	89.5	0.51	10278	280	2222735
B08_bin.85	ANI95_cluster_00133	16	B09_bin.61	False	96.43322	97.09	0.23	50472	115	2674910
B09_bin.61	ANI95_cluster_00133	16	B09_bin.61	True	100.27093	98.63	0.0	164383	29	2653097
D06_bin.61	ANI95_cluster_00133	16	B09_bin.61	False	84.30601	83.56	0.0	74971	37	2211006
D07_bin.29	ANI95_cluster_00133	16	B09_bin.61	False	89.17357	94.25	1.03	10587	323	2353239
E01_bin.10	ANI95_cluster_00133	16	B09_bin.61	False	80.5338	82.88	0.68	105790	41	2355251
E02_bin.75	ANI95_cluster_00133	16	B09_bin.61	False	86.89513	86.84	0.0	8863	335	2166967
E06_bin.24	ANI95_cluster_00133	16	B09_bin.61	False	99.25388	98.63	0.0	63048	66	2532589
F01_bin.20	ANI95_cluster_00133	16	B09_bin.61	False	93.03659	96.34	0.68	12739	308	2485306
F02_bin.88	ANI95_cluster_00133	16	B09_bin.61	False	98.25963	97.95	0.0	32483	152	2498647
F04_bin.23	ANI95_cluster_00133	16	B09_bin.61	False	94.18872	97.43	0.68	17942	207	2370656
G05_bin.35	ANI95_cluster_00133	16	B09_bin.61	False	83.92843	87.29	0.68	7673	383	2272321
G06_bin.44	ANI95_cluster_00133	16	B09_bin.61	False	93.7807	93.15	0.0	63680	61	2441852
H07_bin.54	ANI95_cluster_00133	16	B09_bin.61	False	99.54433	98.63	0.0	91953	52	2599974
B01_bin.56	ANI95_cluster_00134	16	B09_bin.93	False	42.93168	86.78	8.78	8068	290	1703602
B02_bin.96	ANI95_cluster_00134	16	B09_bin.93	False	93.16412	92.62	0.0	54872	46	1919949
B05_bin.91	ANI95_cluster_00134	16	B09_bin.93	False	86.69232	86.03	0.0	66672	44	1769280
B09_bin.93	ANI95_cluster_00134	16	B09_bin.93	True	94.13287	93.29	0.0	84727	44	1936550
C01_bin.54	ANI95_cluster_00134	16	B09_bin.93	False	58.2662	87.58	6.04	89720	110	2074843
C03_bin.35	ANI95_cluster_00134	16	B09_bin.93	False	91.29485	91.21	0.06	39195	71	1781366
C04_bin.93	ANI95_cluster_00134	16	B09_bin.93	False	85.58967	88.59	0.67	35737	77	1844108
C07_bin.3	ANI95_cluster_00134	16	B09_bin.93	False	78.86086	88.59	2.01	32896	81	1838789
F02_bin.70	ANI95_cluster_00134	16	B09_bin.93	False	91.62635	91.28	0.0	35355	72	1828212
F06_bin.19	ANI95_cluster_00134	16	B09_bin.93	False	59.45169	81.22	4.36	6189	302	1537496
F07_bin.128	ANI95_cluster_00134	16	B09_bin.93	False	77.62625	83.89	1.34	44245	62	1729895
F08_bin.24	ANI95_cluster_00134	16	B09_bin.93	False	84.83504	85.91	0.34	62944	44	1769421
G01_bin.68	ANI95_cluster_00134	16	B09_bin.93	False	76.49663	82.21	1.34	98963	30	1786217
G06_bin.67	ANI95_cluster_00134	16	B09_bin.93	False	84.72934	87.92	0.69	26844	91	1852263
H02_bin.65	ANI95_cluster_00134	16	B09_bin.93	False	79.30283	83.93	0.95	14153	187	1726978
H03_bin.87	ANI95_cluster_00134	16	B09_bin.93	False	82.8117	86.07	0.69	20340	117	1723172
C01_bin.21	ANI95_cluster_00135	2	C01_bin.21	True	100.14437	98.66	0.0	148637	20	1958864
C04_bin.64	ANI95_cluster_00135	2	C01_bin.21	False	87.6122	95.97	1.74	35290	107	1793426
C01_bin.25	ANI95_cluster_00136	1	C01_bin.25	True	34.34224	81.05	9.34	4374	515	1969191
C01_bin.57	ANI95_cluster_00137	3	C01_bin.57	True	89.3931	90.42	0.21	5740	343	1659447
E07_bin.30	ANI95_cluster_00137	3	C01_bin.57	False	84.85074	85.62	0.16	6204	313	1611973
G02_bin.50	ANI95_cluster_00137	3	C01_bin.57	False	88.03296	95.78	1.56	8476	318	1965167
B05_bin.25	ANI95_cluster_00138	4	C02_bin.12	False	82.87582	92.21	1.97	52432	85	2946715
C02_bin.12	ANI95_cluster_00138	4	C02_bin.12	True	88.78281	92.57	0.84	42171	89	2629524
D05_bin.61	ANI95_cluster_00138	4	C02_bin.12	False	78.46288	83.78	1.18	59008	72	2612207
E07_bin.22	ANI95_cluster_00138	4	C02_bin.12	False	78.28659	84.01	1.3	78119	46	2857239
A03_bin.31	ANI95_cluster_00139	10	C02_bin.32	False	90.88458	88.59	0.0	229638	18	2489830
A06_bin.106	ANI95_cluster_00139	10	C02_bin.32	False	98.55824	97.99	0.0	57464	64	2553417
C01_bin.44	ANI95_cluster_00139	10	C02_bin.32	False	76.92682	83.51	1.33	9842	316	2316176
C02_bin.32	ANI95_cluster_00139	10	C02_bin.32	True	100.70439	98.66	0.0	204609	17	2617951
C06_bin.43	ANI95_cluster_00139	10	C02_bin.32	False	52.59742	98.25	9.41	140052	31	2899134
C08_bin.19	ANI95_cluster_00139	10	C02_bin.32	False	99.29642	97.99	0.0	130892	25	2668604
F02_bin.78	ANI95_cluster_00139	10	C02_bin.32	False	96.86988	98.66	0.67	156238	25	2691997
F06_bin.55	ANI95_cluster_00139	10	C02_bin.32	False	82.42339	90.38	1.68	45189	85	2369598
G08_bin.8	ANI95_cluster_00139	10	C02_bin.32	False	92.2445	93.29	0.34	66010	56	2521671
H01_bin.25	ANI95_cluster_00139	10	C02_bin.32	False	88.46066	90.6	0.71	141576	51	2594012
A01_bin.6	ANI95_cluster_00140	24	C02_bin.89	False	92.21898	91.28	0.0	94268	37	2172963
A07_bin.4	ANI95_cluster_00140	24	C02_bin.89	False	87.00856	87.58	0.17	28946	109	1809173
A09_bin.11	ANI95_cluster_00140	24	C02_bin.89	False	94.82366	97.87	0.69	41216	85	2177115
B01_bin.53	ANI95_cluster_00140	24	C02_bin.89	False	92.26759	93.29	0.34	68239	48	1982109
B02_bin.55	ANI95_cluster_00140	24	C02_bin.89	False	90.57844	93.96	0.71	18594	175	2097970
B05_bin.103	ANI95_cluster_00140	24	C02_bin.89	False	91.6234	92.28	0.22	45180	84	2099249
B07_bin.5	ANI95_cluster_00140	24	C02_bin.89	False	62.15241	93.73	6.33	10101	286	1987048
B08_bin.80	ANI95_cluster_00140	24	C02_bin.89	False	93.48966	97.32	0.89	62596	63	2335556
C02_bin.89	ANI95_cluster_00140	24	C02_bin.89	True	100.1272	98.66	0.0	147010	29	2372151
C04_bin.100	ANI95_cluster_00140	24	C02_bin.89	False	96.24338	95.0	0.0	124708	37	2211190
C05_bin.29	ANI95_cluster_00140	24	C02_bin.89	False	91.88669	93.96	0.67	128009	34	2190852
D03_bin.77	ANI95_cluster_00140	24	C02_bin.89	False	95.04839	94.63	0.0	42939	110	2137208
D04_bin.40	ANI95_cluster_00140	24	C02_bin.89	False	67.26309	82.02	2.96	7479	317	1820193
E01_bin.34	ANI95_cluster_00140	24	C02_bin.89	False	86.22195	90.46	0.86	9195	300	2082799
F01_bin.15	ANI95_cluster_00140	24	C02_bin.89	False	100.01079	98.66	0.0	135429	35	2378267
F02_bin.19	ANI95_cluster_00140	24	C02_bin.89	False	88.79226	87.92	0.0	87496	27	1947800
F04_bin.17	ANI95_cluster_00140	24	C02_bin.89	False	93.28461	92.99	0.0	30531	107	2113505
F07_bin.86	ANI95_cluster_00140	24	C02_bin.89	False	96.79324	96.22	0.0	58054	73	2353370
G02_bin.64	ANI95_cluster_00140	24	C02_bin.89	False	84.85178	85.37	0.11	6738	356	1899795
G07_bin.43	ANI95_cluster_00140	24	C02_bin.89	False	65.64181	83.52	3.58	5871	369	1780701
G08_bin.26	ANI95_cluster_00140	24	C02_bin.89	False	79.42212	93.36	2.81	13622	241	2111951
H02_bin.58	ANI95_cluster_00140	24	C02_bin.89	False	97.33438	96.98	0.0	36588	115	2190296
H06_bin.51	ANI95_cluster_00140	24	C02_bin.89	False	77.674	86.58	1.9	59900	50	2171501
H07_bin.53	ANI95_cluster_00140	24	C02_bin.89	False	94.18785	92.62	0.0	157055	27	2371397
C03_bin.22	ANI95_cluster_00141	1	C03_bin.22	True	65.92985	85.5	3.92	7055	407	2122163
C03_bin.41	ANI95_cluster_00142	1	C03_bin.41	True	53.39861	89.14	7.17	13421	256	2418959
A01_bin.17	ANI95_cluster_00143	23	C03_bin.49	False	91.39267	94.41	0.77	83717	45	2308583
A02_bin.42	ANI95_cluster_00143	23	C03_bin.49	False	73.1715	84.52	2.34	36020	87	1928709
A05_bin.36	ANI95_cluster_00143	23	C03_bin.49	False	89.28233	97.5	1.76	58853	62	2191171
C03_bin.49	ANI95_cluster_00143	23	C03_bin.49	True	100.35887	99.6	0.0	76337	45	2185978
C07_bin.61	ANI95_cluster_00143	23	C03_bin.49	False	81.23185	91.08	2.0	17035	185	2034439
D01_bin.66	ANI95_cluster_00143	23	C03_bin.49	False	89.46625	94.59	1.11	43475	85	2113536
D03_bin.57	ANI95_cluster_00143	23	C03_bin.49	False	72.95643	97.35	4.93	27013	137	2274623
D05_bin.4	ANI95_cluster_00143	23	C03_bin.49	False	92.75252	95.21	0.58	45002	75	2008039
D06_bin.94	ANI95_cluster_00143	23	C03_bin.49	False	83.03582	92.84	2.04	40372	79	2209992
D07_bin.73	ANI95_cluster_00143	23	C03_bin.49	False	98.23632	99.54	0.43	85152	52	2225887
E02_bin.36	ANI95_cluster_00143	23	C03_bin.49	False	48.58214	84.01	7.09	6164	395	1904075
E07_bin.51	ANI95_cluster_00143	23	C03_bin.49	False	89.03701	95.84	1.38	12021	232	1947282
F01_bin.12	ANI95_cluster_00143	23	C03_bin.49	False	93.21352	93.43	0.12	39262	91	2163214
F03_bin.10	ANI95_cluster_00143	23	C03_bin.49	False	98.5678	100.0	0.46	87160	38	2234354
F04_bin.14	ANI95_cluster_00143	23	C03_bin.49	False	93.69044	97.96	1.0	73614	57	2361364
F07_bin.34	ANI95_cluster_00143	23	C03_bin.49	False	64.34378	82.38	3.61	5218	384	1681324
G01_bin.19	ANI95_cluster_00143	23	C03_bin.49	False	90.08005	98.62	1.77	32155	115	2271030
G02_bin.47	ANI95_cluster_00143	23	C03_bin.49	False	81.75137	93.66	2.43	25557	142	2089422
G03_bin.10	ANI95_cluster_00143	23	C03_bin.49	False	93.72362	95.51	0.46	52162	80	2105629
G04_bin.62	ANI95_cluster_00143	23	C03_bin.49	False	74.39242	94.12	4.03	43142	90	2207543
G06_bin.15	ANI95_cluster_00143	23	C03_bin.49	False	85.96944	94.85	1.84	33064	112	2162182
G08_bin.51	ANI95_cluster_00143	23	C03_bin.49	False	98.02154	98.76	0.23	42074	92	2196324
H07_bin.33	ANI95_cluster_00143	23	C03_bin.49	False	88.49868	96.49	1.69	46588	72	2153988
C03_bin.52	ANI95_cluster_00144	1	C03_bin.52	True	94.43121	96.26	0.4	19411	229	3003733
C04_bin.10	ANI95_cluster_00145	1	C04_bin.10	True	68.26343	87.93	4.08	73763	42	1920937
A07_bin.5	ANI95_cluster_00146	13	C04_bin.103	False	88.36897	90.11	0.36	8777	288	1841600
B05_bin.3	ANI95_cluster_00146	13	C04_bin.103	False	89.03089	87.92	0.0	111329	24	1907083
B06_bin.23	ANI95_cluster_00146	13	C04_bin.103	False	85.10539	89.43	0.89	14569	203	1986005
C04_bin.103	ANI95_cluster_00146	13	C04_bin.103	True	100.47948	97.27	0.0	321038	9	2167594
F01_bin.33	ANI95_cluster_00146	13	C04_bin.103	False	92.40059	93.96	0.34	16049	199	2040708
G04_bin.29	ANI95_cluster_00146	13	C04_bin.103	False	99.27137	97.27	0.0	200267	13	2132500
G05_bin.45	ANI95_cluster_00146	13	C04_bin.103	False	99.90776	97.27	0.0	263926	15	2129602
G06_bin.91	ANI95_cluster_00146	13	C04_bin.103	False	93.07096	88.55	0.0	452216	12	1990929
H01_bin.33	ANI95_cluster_00146	13	C04_bin.103	False	75.06329	81.74	1.34	5899	357	1727287
H02_bin.11	ANI95_cluster_00146	13	C04_bin.103	False	90.61277	90.53	0.0	10927	265	1845228
H04_bin.10	ANI95_cluster_00146	13	C04_bin.103	False	98.02963	95.93	0.0	210093	13	2171584
H05_bin.14	ANI95_cluster_00146	13	C04_bin.103	False	94.10916	96.6	0.67	86276	36	2154736
H06_bin.93	ANI95_cluster_00146	13	C04_bin.103	False	97.71204	97.27	0.34	214394	19	2251403
A07_bin.87	ANI95_cluster_00147	3	C04_bin.18	False	85.97432	89.42	0.71	12432	200	1712358
B09_bin.60	ANI95_cluster_00147	3	C04_bin.18	False	84.90475	88.95	0.84	17025	155	1807368
C04_bin.18	ANI95_cluster_00147	3	C04_bin.18	True	93.9467	94.47	0.13	14630	196	1979354
C04_bin.39	ANI95_cluster_00148	1	C04_bin.39	True	45.16446	80.52	7.14	35546	110	2257450
C04_bin.63	ANI95_cluster_00149	1	C04_bin.63	True	78.99125	94.07	3.05	20655	353	4642929
C04_bin.65	ANI95_cluster_00150	1	C04_bin.65	True	75.18454	80.79	1.12	4654	520	2161885
C04_bin.78	ANI95_cluster_00151	1	C04_bin.78	True	96.52512	96.46	0.0	9852	334	2112959
C04_bin.83	ANI95_cluster_00152	1	C04_bin.83	True	81.92056	82.03	0.09	34886	83	2390675
C05_bin.100	ANI95_cluster_00153	1	C05_bin.100	True	79.98377	82.55	0.67	79047	67	2032613
C05_bin.102	ANI95_cluster_00154	2	C05_bin.102	True	89.39282	93.15	0.81	29992	71	1367594
H03_bin.93	ANI95_cluster_00154	2	C05_bin.102	False	85.70338	89.18	0.81	57608	27	1255200
A03_bin.28	ANI95_cluster_00155	20	C05_bin.117	False	90.25023	96.22	1.34	73893	87	3043533
A06_bin.47	ANI95_cluster_00155	20	C05_bin.117	False	81.807	97.0	3.07	18110	241	2662855
A07_bin.90	ANI95_cluster_00155	20	C05_bin.117	False	75.9785	89.88	2.85	36290	144	2957866
B03_bin.22	ANI95_cluster_00155	20	C05_bin.117	False	93.66105	94.06	0.19	55925	82	2688025
B06_bin.59	ANI95_cluster_00155	20	C05_bin.117	False	88.9572	92.44	0.77	37910	119	2756842
C04_bin.50	ANI95_cluster_00155	20	C05_bin.117	False	75.52783	94.64	3.88	30293	151	2975509
C05_bin.117	ANI95_cluster_00155	20	C05_bin.117	True	98.33279	98.66	0.19	63039	76	2910075
C08_bin.16	ANI95_cluster_00155	20	C05_bin.117	False	91.1662	95.79	1.05	63490	87	3004013
D01_bin.38	ANI95_cluster_00155	20	C05_bin.117	False	93.5905	96.67	0.77	77770	72	2858549
D02_bin.20	ANI95_cluster_00155	20	C05_bin.117	False	69.04308	82.92	2.78	6538	423	2258210
D03_bin.50	ANI95_cluster_00155	20	C05_bin.117	False	85.80516	93.34	1.53	14746	323	2981344
D05_bin.67	ANI95_cluster_00155	20	C05_bin.117	False	80.57341	92.84	2.47	11331	299	2566780
D06_bin.59	ANI95_cluster_00155	20	C05_bin.117	False	96.56576	98.85	0.57	57406	83	2784026
D07_bin.3	ANI95_cluster_00155	20	C05_bin.117	False	80.88179	95.9	3.03	15789	261	2707344
D08_bin.17	ANI95_cluster_00155	20	C05_bin.117	False	93.53451	96.93	0.82	71331	88	2945965
E01_bin.45	ANI95_cluster_00155	20	C05_bin.117	False	55.21704	98.25	8.77	82464	76	3043499
F01_bin.49	ANI95_cluster_00155	20	C05_bin.117	False	90.65165	97.41	1.39	21165	200	2883186
F02_bin.35	ANI95_cluster_00155	20	C05_bin.117	False	85.67901	89.18	0.77	36121	122	2716246
F05_bin.24	ANI95_cluster_00155	20	C05_bin.117	False	83.47432	95.52	2.49	41632	120	2801803
G04_bin.66	ANI95_cluster_00155	20	C05_bin.117	False	80.9055	91.7	2.17	9510	396	2702642
C05_bin.122	ANI95_cluster_00156	1	C05_bin.122	True	101.05089	99.33	0.0	172339	25	2376182
B02_bin.98	ANI95_cluster_00157	4	C05_bin.16	False	87.30188	91.57	1.12	133338	15	1077902
C05_bin.16	ANI95_cluster_00157	4	C05_bin.16	True	87.4452	91.57	1.12	147710	19	1100326
F08_bin.7	ANI95_cluster_00157	4	C05_bin.16	False	87.27877	91.57	1.12	131007	13	1058490
H06_bin.16	ANI95_cluster_00157	4	C05_bin.16	False	86.97183	91.57	1.12	100363	18	1063876
C05_bin.32	ANI95_cluster_00158	1	C05_bin.32	True	60.09831	80.22	4.03	5941	311	1533439
C05_bin.33	ANI95_cluster_00159	1	C05_bin.33	True	95.00187	94.35	0.16	145307	12	1473174
C05_bin.34	ANI95_cluster_00160	1	C05_bin.34	True	76.57876	82.13	1.12	7116	224	1252166
C05_bin.47	ANI95_cluster_00161	1	C05_bin.47	True	86.66578	93.31	1.36	17918	234	2820735
C05_bin.49	ANI95_cluster_00162	1	C05_bin.49	True	88.14831	91.4	0.67	12141	231	2138725
C05_bin.5	ANI95_cluster_00163	1	C05_bin.5	True	99.27495	98.49	0.0	79105	61	3111131
C05_bin.60	ANI95_cluster_00164	1	C05_bin.60	True	84.45535	98.18	2.85	53375	84	2980157
C05_bin.78	ANI95_cluster_00165	2	C05_bin.78	True	88.38531	90.45	0.56	73781	25	1105822
G01_bin.58	ANI95_cluster_00165	2	C05_bin.78	False	74.81192	82.58	1.69	68422	23	1095004
C05_bin.86	ANI95_cluster_00166	1	C05_bin.86	True	66.67934	84.83	3.93	150094	16	1080212
C05_bin.90	ANI95_cluster_00167	2	C05_bin.90	True	85.20365	91.5	1.34	41025	66	1910054
G04_bin.38	ANI95_cluster_00167	2	C05_bin.90	False	85.06181	91.7	1.34	8711	253	1757852
C06_bin.10	ANI95_cluster_00168	1	C06_bin.10	True	58.99803	90.58	6.32	7003	520	2842631
A03_bin.75	ANI95_cluster_00169	9	C06_bin.11	False	79.42481	93.51	2.87	28721	224	3291706
C06_bin.11	ANI95_cluster_00169	9	C06_bin.11	True	85.95959	95.38	1.94	29589	163	3057246
D05_bin.33	ANI95_cluster_00169	9	C06_bin.11	False	62.33013	86.27	4.79	6993	598	3252283
D06_bin.12	ANI95_cluster_00169	9	C06_bin.11	False	82.35086	95.25	2.66	41666	158	3340225
D07_bin.24	ANI95_cluster_00169	9	C06_bin.11	False	77.51442	93.59	3.24	15122	268	2656385
E02_bin.8	ANI95_cluster_00169	9	C06_bin.11	False	74.65485	93.0	3.69	13955	347	3069616
E07_bin.81	ANI95_cluster_00169	9	C06_bin.11	False	65.761	83.07	3.48	12280	318	2663728
F07_bin.131	ANI95_cluster_00169	9	C06_bin.11	False	79.48258	96.84	3.5	16878	262	2879680
G04_bin.6	ANI95_cluster_00169	9	C06_bin.11	False	73.62836	92.95	3.88	11836	400	3204698
C02_bin.83	ANI95_cluster_00170	2	C06_bin.26	False	76.84777	91.95	3.27	125177	40	2810287
C06_bin.26	ANI95_cluster_00170	2	C06_bin.26	True	91.0293	97.99	1.54	74630	70	2881554
B07_bin.89	ANI95_cluster_00171	6	C06_bin.29	False	80.42721	86.18	1.2	25931	121	1759118
C06_bin.29	ANI95_cluster_00171	6	C06_bin.29	True	87.06529	90.27	0.71	35309	78	1855896
C07_bin.71	ANI95_cluster_00171	6	C06_bin.29	False	70.76323	82.47	2.35	7373	305	1704489
E03_bin.17	ANI95_cluster_00171	6	C06_bin.29	False	86.23815	89.09	0.73	80205	39	2055010
H04_bin.19	ANI95_cluster_00171	6	C06_bin.29	False	79.13797	89.85	2.17	15607	181	1887430
H07_bin.44	ANI95_cluster_00171	6	C06_bin.29	False	69.62714	82.21	2.68	82134	42	1926899
C06_bin.41	ANI95_cluster_00172	2	C06_bin.41	True	97.79936	96.64	0.0	116306	37	2649259
F07_bin.27	ANI95_cluster_00172	2	C06_bin.41	False	95.03832	96.17	0.34	57612	78	2522614
A02_bin.25	ANI95_cluster_00173	11	C07_bin.25	False	78.79607	97.99	3.86	15167	456	4315686
A05_bin.113	ANI95_cluster_00173	11	C07_bin.25	False	85.75475	97.32	2.37	30565	209	3448839
C05_bin.51	ANI95_cluster_00173	11	C07_bin.25	False	61.14024	98.25	7.46	21524	250	3021513
C07_bin.25	ANI95_cluster_00173	11	C07_bin.25	True	89.21698	93.06	0.8	18518	282	2850166
D01_bin.40	ANI95_cluster_00173	11	C07_bin.25	False	68.38867	99.33	6.26	38197	233	3897266
D02_bin.7	ANI95_cluster_00173	11	C07_bin.25	False	72.01971	99.33	5.5	22451	348	4129291
D04_bin.28	ANI95_cluster_00173	11	C07_bin.25	False	86.2477	89.26	0.67	35360	159	3052689
D05_bin.64	ANI95_cluster_00173	11	C07_bin.25	False	52.10332	89.26	7.49	31302	197	3437392
F07_bin.18	ANI95_cluster_00173	11	C07_bin.25	False	77.66817	92.09	2.91	17517	470	4449072
G04_bin.77	ANI95_cluster_00173	11	C07_bin.25	False	70.11602	95.97	5.18	11542	694	4966880
H04_bin.6	ANI95_cluster_00173	11	C07_bin.25	False	49.40082	93.96	8.95	23082	400	4775347
B06_bin.34	ANI95_cluster_00174	4	C07_bin.38	False	92.98474	96.2	0.67	15764	229	2163767
B09_bin.10	ANI95_cluster_00174	4	C07_bin.38	False	82.3861	82.21	0.0	19390	178	1827801
C07_bin.38	ANI95_cluster_00174	4	C07_bin.38	True	94.37596	94.3	0.0	10446	285	1923897
G07_bin.31	ANI95_cluster_00174	4	C07_bin.38	False	80.18167	81.0	0.17	6497	333	1643503
C07_bin.69	ANI95_cluster_00175	1	C07_bin.69	True	77.09005	86.56	1.9	7165	416	2215164
B01_bin.55	ANI95_cluster_00176	8	C07_bin.75	False	91.18647	93.95	0.81	128877	23	1610605
B03_bin.74	ANI95_cluster_00176	8	C07_bin.75	False	83.68362	85.48	0.81	225512	15	1388528
B08_bin.29	ANI95_cluster_00176	8	C07_bin.75	False	87.42197	91.34	0.81	14417	122	1320747
C07_bin.75	ANI95_cluster_00176	8	C07_bin.75	True	91.80026	93.95	0.81	190176	15	1483827
F07_bin.127	ANI95_cluster_00176	8	C07_bin.75	False	88.69483	91.94	0.81	80733	25	1349194
G08_bin.57	ANI95_cluster_00176	8	C07_bin.75	False	88.98254	92.74	0.81	29924	67	1348212
H03_bin.21	ANI95_cluster_00176	8	C07_bin.75	False	90.1855	91.94	0.81	229670	12	1401892
H06_bin.88	ANI95_cluster_00176	8	C07_bin.75	False	80.40353	88.65	1.66	7543	219	1286366
A02_bin.20	ANI95_cluster_00177	23	C07_bin.89	False	92.1577	92.01	0.0	17920	315	3757058
A04_bin.38	ANI95_cluster_00177	23	C07_bin.89	False	93.76269	96.75	0.61	11119	485	3881496
A07_bin.31	ANI95_cluster_00177	23	C07_bin.89	False	88.70748	91.66	0.59	6178	643	3299290
A08_bin.32	ANI95_cluster_00177	23	C07_bin.89	False	97.5664	97.34	0.0	25110	247	3755609
B01_bin.43	ANI95_cluster_00177	23	C07_bin.89	False	95.0592	96.27	0.24	6300	738	3749262
B07_bin.16	ANI95_cluster_00177	23	C07_bin.89	False	77.28529	90.59	2.66	6319	679	3532409
B08_bin.11	ANI95_cluster_00177	23	C07_bin.89	False	97.05666	97.01	0.0	9946	528	3853290
B09_bin.57	ANI95_cluster_00177	23	C07_bin.89	False	94.12536	100.0	1.22	25096	256	4135827
C06_bin.30	ANI95_cluster_00177	23	C07_bin.89	False	97.57758	97.63	0.03	13798	404	3940445
C07_bin.89	ANI95_cluster_00177	23	C07_bin.89	True	99.72604	99.62	0.0	14434	383	3897926
C08_bin.74	ANI95_cluster_00177	23	C07_bin.89	False	95.31995	95.27	0.0	10285	529	3891070
D03_bin.18	ANI95_cluster_00177	23	C07_bin.89	False	90.17437	91.04	0.19	12527	409	3750402
D04_bin.44	ANI95_cluster_00177	23	C07_bin.89	False	87.33548	96.2	1.78	8998	545	3752474
D07_bin.49	ANI95_cluster_00177	23	C07_bin.89	False	98.56265	98.22	0.0	36325	206	4063003
E03_bin.3	ANI95_cluster_00177	23	C07_bin.89	False	90.63694	93.52	0.59	11094	440	3223844
F03_bin.25	ANI95_cluster_00177	23	C07_bin.89	False	86.02182	88.76	0.59	23662	248	3732937
F06_bin.72	ANI95_cluster_00177	23	C07_bin.89	False	90.55004	90.53	0.0	8034	603	3775634
G02_bin.60	ANI95_cluster_00177	23	C07_bin.89	False	91.82107	97.63	1.18	13547	444	4164036
G03_bin.63	ANI95_cluster_00177	23	C07_bin.89	False	91.92047	91.72	0.0	22637	259	3724988
G06_bin.57	ANI95_cluster_00177	23	C07_bin.89	False	99.31933	99.11	0.0	23653	272	4147625
G07_bin.99	ANI95_cluster_00177	23	C07_bin.89	False	96.69997	99.41	0.59	26407	241	3972542
G08_bin.39	ANI95_cluster_00177	23	C07_bin.89	False	99.1037	98.82	0.0	30470	210	4134285
H04_bin.49	ANI95_cluster_00177	23	C07_bin.89	False	96.17531	98.82	0.59	32541	201	4056406
B06_bin.73	ANI95_cluster_00178	2	C08_bin.14	False	90.27427	92.74	0.81	158667	24	2171204
C08_bin.14	ANI95_cluster_00178	2	C08_bin.14	True	93.68491	94.35	0.16	15361	187	2016077
C08_bin.27	ANI95_cluster_00179	1	C08_bin.27	True	61.40669	92.28	6.26	43769	110	2745719
A06_bin.67	ANI95_cluster_00180	5	C08_bin.28	False	78.36187	91.77	2.72	20837	165	2135855
B04_bin.15	ANI95_cluster_00180	5	C08_bin.28	False	63.73277	88.84	5.06	20637	136	1777601
C03_bin.13	ANI95_cluster_00180	5	C08_bin.28	False	54.38441	83.57	5.9	32171	73	1804373
C08_bin.28	ANI95_cluster_00180	5	C08_bin.28	True	80.38826	93.75	2.72	24906	108	1948442
F03_bin.14	ANI95_cluster_00180	5	C08_bin.28	False	39.12566	80.22	8.24	12666	210	1893654
C08_bin.34	ANI95_cluster_00181	1	C08_bin.34	True	74.87025	80.71	1.17	4705	368	1502999
C08_bin.48	ANI95_cluster_00182	2	C08_bin.48	True	81.02793	89.62	1.77	27483	169	3020355
D08_bin.103	ANI95_cluster_00182	2	C08_bin.48	False	75.52603	80.92	1.2	61243	64	2902051
C08_bin.52	ANI95_cluster_00183	1	C08_bin.52	True	72.29306	82.16	2.04	34166	86	1884734
A03_bin.66	ANI95_cluster_00184	9	C08_bin.68	False	98.40151	96.65	0.0	175531	38	3703795
A04_bin.76	ANI95_cluster_00184	9	C08_bin.68	False	101.54871	99.26	0.0	229201	33	3616003
A08_bin.14	ANI95_cluster_00184	9	C08_bin.68	False	96.21443	95.17	0.0	104993	55	3545864
C02_bin.33	ANI95_cluster_00184	9	C08_bin.68	False	99.13766	98.17	0.0	97446	68	3810954
C08_bin.68	ANI95_cluster_00184	9	C08_bin.68	True	102.03946	99.26	0.0	278296	35	3786591
G01_bin.70	ANI95_cluster_00184	9	C08_bin.68	False	94.71353	93.7	0.0	101943	59	3514492
G06_bin.25	ANI95_cluster_00184	9	C08_bin.68	False	94.35767	93.85	0.0	52047	128	3595784
G07_bin.52	ANI95_cluster_00184	9	C08_bin.68	False	92.87443	93.68	0.37	104993	55	3573034
H05_bin.46	ANI95_cluster_00184	9	C08_bin.68	False	94.11214	97.38	0.74	44604	139	3506574
C08_bin.77	ANI95_cluster_00185	2	C08_bin.77	True	71.59806	87.63	3.37	82736	93	3031129
D03_bin.86	ANI95_cluster_00185	2	C08_bin.77	False	59.62096	94.42	7.06	51306	121	3863130
A06_bin.44	ANI95_cluster_00186	6	C08_bin.86	False	90.88771	99.38	2.1	201021	25	2243813
C08_bin.86	ANI95_cluster_00186	6	C08_bin.86	True	93.41337	99.38	1.5	153557	22	2142108
D04_bin.48	ANI95_cluster_00186	6	C08_bin.86	False	92.72669	97.01	1.5	321839	17	2225210
E03_bin.59	ANI95_cluster_00186	6	C08_bin.86	False	76.72529	87.62	2.2	12799	227	1802255
F06_bin.32	ANI95_cluster_00186	6	C08_bin.86	False	84.15444	92.53	1.7	14444	200	2118438
H04_bin.11	ANI95_cluster_00186	6	C08_bin.86	False	82.02283	88.6	1.5	92543	26	1809367
C08_bin.87	ANI95_cluster_00187	1	C08_bin.87	True	98.91049	98.32	0.0	59629	58	2546389
D01_bin.11	ANI95_cluster_00188	1	D01_bin.11	True	84.16704	89.97	1.17	8774	407	2608532
A06_bin.60	ANI95_cluster_00189	6	D01_bin.23	False	70.18679	93.29	4.7	40579	90	2540857
A07_bin.52	ANI95_cluster_00189	6	D01_bin.23	False	71.79512	94.97	4.7	34142	163	2914794
B06_bin.48	ANI95_cluster_00189	6	D01_bin.23	False	75.38185	85.41	2.01	6015	383	1919011
C03_bin.10	ANI95_cluster_00189	6	D01_bin.23	False	64.37823	81.85	3.5	6733	391	1944467
D01_bin.23	ANI95_cluster_00189	6	D01_bin.23	True	87.74969	97.52	2.01	29099	113	2432592
D07_bin.38	ANI95_cluster_00189	6	D01_bin.23	False	60.22716	85.03	4.97	8056	334	1996628
A09_bin.9	ANI95_cluster_00190	2	D01_bin.28	False	76.95428	80.52	0.86	74688	126	5545625
D01_bin.28	ANI95_cluster_00190	2	D01_bin.28	True	85.27387	94.73	2.04	75467	108	5255509
A03_bin.77	ANI95_cluster_00191	8	D01_bin.36	False	75.00282	85.02	2.01	6842	356	1908787
B02_bin.57	ANI95_cluster_00191	8	D01_bin.36	False	63.81048	80.47	3.33	3788	474	1694802
B05_bin.78	ANI95_cluster_00191	8	D01_bin.36	False	73.25771	84.44	2.24	5661	389	1785949
C01_bin.46	ANI95_cluster_00191	8	D01_bin.36	False	78.58985	90.26	2.35	10955	297	2151885
D01_bin.36	ANI95_cluster_00191	8	D01_bin.36	True	92.14335	92.45	0.11	25615	128	2092700
D05_bin.46	ANI95_cluster_00191	8	D01_bin.36	False	68.3557	94.3	5.2	8800	323	2165625
D06_bin.1	ANI95_cluster_00191	8	D01_bin.36	False	81.22751	91.19	2.01	11381	263	2137815
E07_bin.24	ANI95_cluster_00191	8	D01_bin.36	False	82.38052	90.19	1.57	7552	350	2069625
D01_bin.63	ANI95_cluster_00192	1	D01_bin.63	True	78.77738	86.17	1.48	5158	442	1904056
A02_bin.27	ANI95_cluster_00193	32	D01_bin.64	False	82.67325	87.9	1.3	127775	45	4007969
A03_bin.20	ANI95_cluster_00193	32	D01_bin.64	False	92.44456	93.57	0.46	117946	49	3851964
A06_bin.27	ANI95_cluster_00193	32	D01_bin.64	False	84.24792	87.98	1.12	187322	53	4139246
B02_bin.43	ANI95_cluster_00193	32	D01_bin.64	False	92.48385	98.88	1.49	105965	58	4316487
B04_bin.17	ANI95_cluster_00193	32	D01_bin.64	False	88.9476	95.17	1.57	163180	42	4368180
B05_bin.27	ANI95_cluster_00193	32	D01_bin.64	False	37.74946	80.69	8.62	18966	302	3693687
B06_bin.76	ANI95_cluster_00193	32	D01_bin.64	False	67.5577	95.24	5.58	24790	302	4210911
B08_bin.76	ANI95_cluster_00193	32	D01_bin.64	False	55.40288	96.77	8.55	138988	70	4882490
C02_bin.31	ANI95_cluster_00193	32	D01_bin.64	False	89.04211	97.8	2.1	174701	49	4402861
C03_bin.24	ANI95_cluster_00193	32	D01_bin.64	False	90.93805	96.52	1.3	92485	68	4194791
D01_bin.64	ANI95_cluster_00193	32	D01_bin.64	True	101.20664	98.88	0.0	232984	32	4583710
D02_bin.33	ANI95_cluster_00193	32	D01_bin.64	False	92.06541	93.3	0.28	19531	299	3642581
D03_bin.40	ANI95_cluster_00193	32	D01_bin.64	False	83.72701	88.53	1.02	31611	191	3527586
D05_bin.104	ANI95_cluster_00193	32	D01_bin.64	False	72.94993	98.28	5.17	53533	154	4615107
D06_bin.4	ANI95_cluster_00193	32	D01_bin.64	False	89.26377	94.97	1.43	144807	43	4111968
D07_bin.51	ANI95_cluster_00193	32	D01_bin.64	False	93.59564	92.19	0.0	141174	61	4320167
D08_bin.101	ANI95_cluster_00193	32	D01_bin.64	False	64.89572	89.2	4.89	17482	291	3221410
E01_bin.83	ANI95_cluster_00193	32	D01_bin.64	False	96.6539	97.42	0.37	108960	57	4193337
E07_bin.18	ANI95_cluster_00193	32	D01_bin.64	False	57.82445	93.31	7.19	47905	146	4037111
F03_bin.15	ANI95_cluster_00193	32	D01_bin.64	False	93.79109	91.05	0.0	274479	37	4228232
F06_bin.91	ANI95_cluster_00193	32	D01_bin.64	False	86.9412	96.1	1.98	75010	89	4165611
F08_bin.97	ANI95_cluster_00193	32	D01_bin.64	False	71.48962	88.12	3.44	58182	122	4045509
G01_bin.46	ANI95_cluster_00193	32	D01_bin.64	False	81.68265	81.36	0.0	34005	174	3239514
G02_bin.57	ANI95_cluster_00193	32	D01_bin.64	False	89.33241	92.66	0.74	38791	155	3865201
G04_bin.78	ANI95_cluster_00193	32	D01_bin.64	False	76.09033	87.89	2.54	90633	60	3787627
G05_bin.75	ANI95_cluster_00193	32	D01_bin.64	False	73.25517	82.71	1.95	31247	173	3361309
G06_bin.83	ANI95_cluster_00193	32	D01_bin.64	False	57.73243	87.32	5.98	33023	178	3680910
G07_bin.74	ANI95_cluster_00193	32	D01_bin.64	False	70.20364	90.82	4.21	44934	157	3935227
H01_bin.105	ANI95_cluster_00193	32	D01_bin.64	False	83.70795	87.79	0.87	28685	189	3626048
H03_bin.24	ANI95_cluster_00193	32	D01_bin.64	False	45.03612	93.32	9.7	24582	297	4677828
H04_bin.70	ANI95_cluster_00193	32	D01_bin.64	False	97.27911	95.91	0.0	137471	56	4292552
H05_bin.62	ANI95_cluster_00193	32	D01_bin.64	False	74.26919	86.61	2.54	37729	181	3928184
A02_bin.80	ANI95_cluster_00194	27	D01_bin.67	False	90.95363	94.35	0.81	65843	48	2006762
A04_bin.3	ANI95_cluster_00194	27	D01_bin.67	False	89.32729	92.74	0.81	64139	41	1979659
A07_bin.89	ANI95_cluster_00194	27	D01_bin.67	False	87.45472	91.13	0.81	38512	104	2044174
A09_bin.39	ANI95_cluster_00194	27	D01_bin.67	False	47.15918	90.51	8.67	4638	472	1856437
B01_bin.15	ANI95_cluster_00194	27	D01_bin.67	False	94.67849	98.39	0.81	34769	92	2055014
B02_bin.49	ANI95_cluster_00194	27	D01_bin.67	False	57.84103	96.1	7.66	7763	366	2168827
B08_bin.83	ANI95_cluster_00194	27	D01_bin.67	False	82.01681	97.58	3.15	20321	164	2022027
C05_bin.52	ANI95_cluster_00194	27	D01_bin.67	False	73.62814	89.74	3.23	7034	322	1788162
D01_bin.67	ANI95_cluster_00194	27	D01_bin.67	True	96.56327	100.0	0.81	61827	50	2107207
D03_bin.89	ANI95_cluster_00194	27	D01_bin.67	False	88.85111	99.19	2.15	41861	75	2059213
D04_bin.7	ANI95_cluster_00194	27	D01_bin.67	False	95.66298	99.19	0.81	52868	57	2044902
E01_bin.68	ANI95_cluster_00194	27	D01_bin.67	False	87.21273	91.13	0.81	15243	197	2021182
E03_bin.71	ANI95_cluster_00194	27	D01_bin.67	False	95.7135	99.19	0.81	57800	45	1928810
E07_bin.44	ANI95_cluster_00194	27	D01_bin.67	False	46.93869	88.19	8.25	4749	488	2049692
F02_bin.34	ANI95_cluster_00194	27	D01_bin.67	False	90.71062	98.39	1.61	37942	88	2115142
F04_bin.7	ANI95_cluster_00194	27	D01_bin.67	False	90.2039	99.19	1.88	42140	75	2101750
F06_bin.35	ANI95_cluster_00194	27	D01_bin.67	False	81.10428	97.18	3.23	10088	266	2057148
F07_bin.59	ANI95_cluster_00194	27	D01_bin.67	False	63.86163	96.37	6.52	11733	257	2189596
F08_bin.40	ANI95_cluster_00194	27	D01_bin.67	False	86.74974	98.39	2.42	46734	76	2065160
G02_bin.63	ANI95_cluster_00194	27	D01_bin.67	False	89.32797	92.74	0.81	64357	56	1975572
G04_bin.45	ANI95_cluster_00194	27	D01_bin.67	False	80.54062	100.0	4.03	69642	58	2127965
G05_bin.97	ANI95_cluster_00194	27	D01_bin.67	False	91.56217	95.16	0.81	45967	75	1861387
G06_bin.90	ANI95_cluster_00194	27	D01_bin.67	False	86.01487	89.52	0.81	55037	55	2052035
G08_bin.15	ANI95_cluster_00194	27	D01_bin.67	False	94.9496	98.39	0.81	61470	51	2103580
H03_bin.68	ANI95_cluster_00194	27	D01_bin.67	False	76.38802	89.26	2.58	6202	340	1812015
H06_bin.15	ANI95_cluster_00194	27	D01_bin.67	False	93.94593	97.58	0.81	42353	76	1989527
H08_bin.44	ANI95_cluster_00194	27	D01_bin.67	False	69.91439	96.77	5.38	7869	343	2010340
B02_bin.6	ANI95_cluster_00195	14	D02_bin.11	False	70.13089	97.56	5.64	78669	158	5529533
B04_bin.80	ANI95_cluster_00195	14	D02_bin.11	False	70.70999	88.35	3.97	221399	40	4509103
B08_bin.90	ANI95_cluster_00195	14	D02_bin.11	False	72.15714	89.61	3.76	135404	69	4759720
B09_bin.76	ANI95_cluster_00195	14	D02_bin.11	False	81.10878	86.8	1.16	14558	368	3940051
C02_bin.39	ANI95_cluster_00195	14	D02_bin.11	False	81.49315	96.47	3.07	39345	203	4618349
D01_bin.47	ANI95_cluster_00195	14	D02_bin.11	False	88.27093	98.5	2.26	107943	85	4708957
D02_bin.11	ANI95_cluster_00195	14	D02_bin.11	True	97.90603	98.87	0.38	94363	76	4397902
F01_bin.19	ANI95_cluster_00195	14	D02_bin.11	False	91.4593	94.13	0.6	35180	225	4403761
F03_bin.42	ANI95_cluster_00195	14	D02_bin.11	False	83.32524	97.74	3.17	144094	57	5322967
F06_bin.86	ANI95_cluster_00195	14	D02_bin.11	False	84.66414	93.61	1.88	47304	189	4869521
F08_bin.71	ANI95_cluster_00195	14	D02_bin.11	False	69.3875	93.11	4.81	35260	251	4898467
H02_bin.76	ANI95_cluster_00195	14	D02_bin.11	False	71.15974	97.13	5.28	44754	178	4511558
H07_bin.24	ANI95_cluster_00195	14	D02_bin.11	False	81.7626	93.98	2.63	93950	69	4299216
H08_bin.10	ANI95_cluster_00195	14	D02_bin.11	False	89.6999	97.39	1.88	171490	50	4980119
D02_bin.28	ANI95_cluster_00196	1	D02_bin.28	True	78.59892	85.87	1.48	15682	279	2770257
D02_bin.53	ANI95_cluster_00197	2	D02_bin.53	True	86.14177	95.21	1.83	10667	249	1969957
G04_bin.44	ANI95_cluster_00197	2	D02_bin.53	False	79.378	91.31	2.42	18280	148	2005839
D03_bin.27	ANI95_cluster_00198	2	D03_bin.27	True	85.06595	96.25	2.25	10845	425	2639003
H07_bin.3	ANI95_cluster_00198	2	D03_bin.27	False	84.20166	89.51	1.12	29946	78	1531985
B08_bin.38	ANI95_cluster_00199	3	D03_bin.84	False	36.15624	86.09	10.0	9634	301	1924703
D03_bin.84	ANI95_cluster_00199	3	D03_bin.84	True	74.00683	90.8	3.41	26793	111	1812989
H05_bin.44	ANI95_cluster_00199	3	D03_bin.84	False	57.79664	81.59	4.78	12914	225	1914120
D04_bin.18	ANI95_cluster_00200	1	D04_bin.18	True	72.34207	90.16	3.61	24657	145	2310066
A01_bin.93	ANI95_cluster_00201	3	D04_bin.5	False	68.75891	96.08	5.5	20261	237	3153817
B04_bin.79	ANI95_cluster_00201	3	D04_bin.5	False	86.63643	92.12	1.14	23643	200	2869341
D04_bin.5	ANI95_cluster_00201	3	D04_bin.5	True	97.46832	99.33	0.47	49852	102	3346111
D04_bin.58	ANI95_cluster_00202	1	D04_bin.58	True	84.59138	97.32	2.57	14878	274	2624906
D05_bin.12	ANI95_cluster_00203	3	D05_bin.12	True	86.39637	91.21	0.98	11287	265	2159472
D06_bin.55	ANI95_cluster_00203	3	D05_bin.12	False	51.86528	91.93	8.11	49538	101	2599949
G08_bin.36	ANI95_cluster_00203	3	D05_bin.12	False	80.10116	90.88	2.24	43146	103	2463388
A04_bin.81	ANI95_cluster_00204	8	D05_bin.15	False	89.55518	94.96	1.13	26368	185	3274141
B03_bin.11	ANI95_cluster_00204	8	D05_bin.15	False	75.98401	90.75	3.02	34861	146	3297732
B05_bin.26	ANI95_cluster_00204	8	D05_bin.15	False	95.41382	97.74	0.57	53522	114	3341597
B09_bin.75	ANI95_cluster_00204	8	D05_bin.15	False	76.29695	87.94	2.34	9845	415	3051570
D05_bin.15	ANI95_cluster_00204	8	D05_bin.15	True	97.0416	96.6	0.0	45200	104	3018300
E04_bin.5	ANI95_cluster_00204	8	D05_bin.15	False	66.33408	93.34	5.42	13258	385	3381819
F02_bin.51	ANI95_cluster_00204	8	D05_bin.15	False	77.80751	84.25	1.29	6711	596	3015728
G04_bin.58	ANI95_cluster_00204	8	D05_bin.15	False	92.09206	93.78	0.38	23346	214	3087453
D05_bin.39	ANI95_cluster_00205	1	D05_bin.39	True	69.57283	92.28	4.68	70233	95	2643780
D05_bin.59	ANI95_cluster_00206	1	D05_bin.59	True	88.61793	91.61	0.67	36873	108	2575096
D05_bin.66	ANI95_cluster_00207	1	D05_bin.66	True	92.32053	91.82	0.0	50713	66	2130086
D05_bin.72	ANI95_cluster_00208	1	D05_bin.72	True	80.58269	91.16	2.13	10199	293	2231843
D05_bin.78	ANI95_cluster_00209	5	D05_bin.78	True	97.78555	98.79	0.27	36055	150	2964440
D06_bin.42	ANI95_cluster_00209	5	D05_bin.78	False	91.66415	97.18	1.13	16305	289	3016343
F04_bin.34	ANI95_cluster_00209	5	D05_bin.78	False	83.54074	90.02	1.3	7074	500	2761583
G06_bin.16	ANI95_cluster_00209	5	D05_bin.78	False	94.68163	95.65	0.27	39353	119	3081932
G08_bin.46	ANI95_cluster_00209	5	D05_bin.78	False	78.36783	95.16	3.49	66823	104	3063130
D05_bin.82	ANI95_cluster_00210	1	D05_bin.82	True	98.98822	97.32	0.0	166972	15	1889780
D05_bin.84	ANI95_cluster_00211	1	D05_bin.84	True	82.49666	87.27	1.01	28756	109	1876644
B06_bin.102	ANI95_cluster_00212	12	D06_bin.25	False	95.17518	94.63	0.0	55258	74	2684091
B08_bin.9	ANI95_cluster_00212	12	D06_bin.25	False	84.64333	83.89	0.0	75773	44	2148363
C01_bin.72	ANI95_cluster_00212	12	D06_bin.25	False	95.90157	97.25	0.34	36427	127	2410994
C04_bin.12	ANI95_cluster_00212	12	D06_bin.25	False	85.76904	85.23	0.0	54484	58	2060072
C05_bin.19	ANI95_cluster_00212	12	D06_bin.25	False	95.25659	96.0	0.18	17929	227	2711989
D06_bin.25	ANI95_cluster_00212	12	D06_bin.25	True	96.50899	95.97	0.0	54609	71	2380026
D07_bin.46	ANI95_cluster_00212	12	D06_bin.25	False	80.6359	81.72	0.22	6110	452	2307882
E02_bin.47	ANI95_cluster_00212	12	D06_bin.25	False	95.62491	95.3	0.0	33631	114	2546092
F05_bin.3	ANI95_cluster_00212	12	D06_bin.25	False	93.13519	95.97	0.67	52359	84	2800960
F07_bin.36	ANI95_cluster_00212	12	D06_bin.25	False	72.00719	81.21	2.01	85109	39	1953991
G04_bin.97	ANI95_cluster_00212	12	D06_bin.25	False	91.98735	91.28	0.0	71355	62	2458532
H03_bin.80	ANI95_cluster_00212	12	D06_bin.25	False	85.63392	92.26	1.34	10432	304	2392051
D06_bin.38	ANI95_cluster_00213	1	D06_bin.38	True	87.39621	97.09	2.03	46711	109	2818377
D06_bin.58	ANI95_cluster_00214	1	D06_bin.58	True	80.93185	86.62	1.16	13275	209	2147099
A05_bin.50	ANI95_cluster_00215	9	D06_bin.80	False	88.52288	97.58	1.88	35158	87	1894005
B01_bin.44	ANI95_cluster_00215	9	D06_bin.80	False	90.0579	99.19	1.88	27810	102	1850657
B03_bin.27	ANI95_cluster_00215	9	D06_bin.80	False	94.10048	99.19	1.08	31928	88	1845107
C07_bin.64	ANI95_cluster_00215	9	D06_bin.80	False	90.149	96.37	1.28	19320	142	1744118
D06_bin.80	ANI95_cluster_00215	9	D06_bin.80	True	94.20558	99.19	1.08	42218	66	1781490
G05_bin.72	ANI95_cluster_00215	9	D06_bin.80	False	83.48328	91.82	1.7	17918	159	1733966
G08_bin.58	ANI95_cluster_00215	9	D06_bin.80	False	88.94242	93.01	0.93	58762	52	1915599
H03_bin.33	ANI95_cluster_00215	9	D06_bin.80	False	89.2983	98.39	1.88	31860	103	1855719
H06_bin.24	ANI95_cluster_00215	9	D06_bin.80	False	93.42886	98.39	1.08	44556	67	1815829
D06_bin.95	ANI95_cluster_00216	2	D06_bin.95	True	101.83813	100.0	0.12	243973	16	1713741
G02_bin.66	ANI95_cluster_00216	2	D06_bin.95	False	100.01098	100.0	0.12	61468	37	1739698
A01_bin.83	ANI95_cluster_00217	12	D07_bin.25	False	63.64081	88.31	4.95	11261	318	2359108
A03_bin.30	ANI95_cluster_00217	12	D07_bin.25	False	66.09949	95.56	5.91	12769	382	2848152
A07_bin.20	ANI95_cluster_00217	12	D07_bin.25	False	96.0313	95.36	0.0	67810	68	2490123
C01_bin.51	ANI95_cluster_00217	12	D07_bin.25	False	86.20743	96.77	2.15	21103	236	2578353
C07_bin.63	ANI95_cluster_00217	12	D07_bin.25	False	95.64967	95.16	0.0	49847	88	2519957
D01_bin.16	ANI95_cluster_00217	12	D07_bin.25	False	91.68587	95.16	0.81	58277	69	2638544
D04_bin.26	ANI95_cluster_00217	12	D07_bin.25	False	96.51671	97.31	0.22	32001	133	2454212
D05_bin.53	ANI95_cluster_00217	12	D07_bin.25	False	88.46914	95.25	1.4	23784	187	2521463
D07_bin.25	ANI95_cluster_00217	12	D07_bin.25	True	99.60811	99.19	0.0	42881	107	2719949
E03_bin.50	ANI95_cluster_00217	12	D07_bin.25	False	87.51857	95.16	1.61	41717	86	2331982
G03_bin.48	ANI95_cluster_00217	12	D07_bin.25	False	88.69694	89.25	0.16	26034	134	2304073
G06_bin.36	ANI95_cluster_00217	12	D07_bin.25	False	71.67665	83.76	2.42	6415	475	2368865
D07_bin.37	ANI95_cluster_00218	1	D07_bin.37	True	73.66236	87.76	2.83	9126	389	2581785
D07_bin.58	ANI95_cluster_00219	1	D07_bin.58	True	81.69436	94.74	2.68	36526	109	2427219
A01_bin.61	ANI95_cluster_00220	5	D07_bin.75	False	55.76398	85.23	5.91	11288	289	2369920
C03_bin.1	ANI95_cluster_00220	5	D07_bin.75	False	64.20641	81.8	3.54	13381	274	2530151
D04_bin.38	ANI95_cluster_00220	5	D07_bin.75	False	82.68986	87.34	1.03	50766	78	2441655
D07_bin.75	ANI95_cluster_00220	5	D07_bin.75	True	83.23976	96.94	2.87	65576	60	2665279
H04_bin.36	ANI95_cluster_00220	5	D07_bin.75	False	80.89334	94.38	2.74	23054	172	2677971
A07_bin.69	ANI95_cluster_00221	6	D08_bin.102	False	75.82149	80.12	0.93	36209	106	2039630
D08_bin.102	ANI95_cluster_00221	6	D08_bin.102	True	95.0569	94.41	0.0	65320	63	2222876
F06_bin.77	ANI95_cluster_00221	6	D08_bin.102	False	94.49468	96.89	0.62	71018	55	2392122
F07_bin.29	ANI95_cluster_00221	6	D08_bin.102	False	93.45336	96.27	0.62	29666	133	2213903
G08_bin.79	ANI95_cluster_00221	6	D08_bin.102	False	44.7045	80.62	7.18	3400	495	1584127
H06_bin.6	ANI95_cluster_00221	6	D08_bin.102	False	77.93897	87.89	1.99	4567	467	1885237
A01_bin.23	ANI95_cluster_00222	36	D08_bin.21	False	90.47282	93.32	0.96	195472	19	1839394
A04_bin.35	ANI95_cluster_00222	36	D08_bin.21	False	71.25221	99.2	5.77	90581	36	2420085
A06_bin.92	ANI95_cluster_00222	36	D08_bin.21	False	81.06281	81.04	0.24	122551	27	1885666
A08_bin.80	ANI95_cluster_00222	36	D08_bin.21	False	72.3114	82.85	2.16	27200	106	1999937
B02_bin.60	ANI95_cluster_00222	36	D08_bin.21	False	80.61435	99.52	4.01	114775	34	2251534
B05_bin.49	ANI95_cluster_00222	36	D08_bin.21	False	50.95523	91.38	8.13	23873	135	2107003
B06_bin.69	ANI95_cluster_00222	36	D08_bin.21	False	91.10738	92.07	0.48	144078	34	2041100
B08_bin.13	ANI95_cluster_00222	36	D08_bin.21	False	75.5739	98.08	4.81	154740	35	2498287
B09_bin.83	ANI95_cluster_00222	36	D08_bin.21	False	93.08192	99.2	1.44	108502	31	2121974
C02_bin.70	ANI95_cluster_00222	36	D08_bin.21	False	89.62535	93.43	0.96	99805	27	2054918
C04_bin.16	ANI95_cluster_00222	36	D08_bin.21	False	65.88708	88.94	4.81	99998	29	1986980
C05_bin.109	ANI95_cluster_00222	36	D08_bin.21	False	94.81831	98.56	0.96	106161	33	2215341
C07_bin.7	ANI95_cluster_00222	36	D08_bin.21	False	95.19244	98.61	0.98	148524	28	2295122
C08_bin.64	ANI95_cluster_00222	36	D08_bin.21	False	71.74507	96.55	5.17	104907	40	2192444
D02_bin.21	ANI95_cluster_00222	36	D08_bin.21	False	77.45351	98.8	4.35	41261	91	2257997
D03_bin.26	ANI95_cluster_00222	36	D08_bin.21	False	88.75504	98.24	2.08	91974	47	2545563
D08_bin.21	ANI95_cluster_00222	36	D08_bin.21	True	96.99088	98.1	0.5	139338	25	2182284
E01_bin.22	ANI95_cluster_00222	36	D08_bin.21	False	82.645	96.71	2.88	34450	95	2063616
E02_bin.52	ANI95_cluster_00222	36	D08_bin.21	False	90.44907	98.08	1.59	33017	111	2307136
E04_bin.23	ANI95_cluster_00222	36	D08_bin.21	False	89.36341	92.79	0.96	137611	27	2141307
E08_bin.24	ANI95_cluster_00222	36	D08_bin.21	False	96.06041	99.52	0.96	134411	37	2215187
F02_bin.85	ANI95_cluster_00222	36	D08_bin.21	False	80.8009	84.7	0.96	90580	49	2030086
F03_bin.36	ANI95_cluster_00222	36	D08_bin.21	False	95.11479	98.08	0.96	183719	24	2268914
F04_bin.45	ANI95_cluster_00222	36	D08_bin.21	False	82.15789	85.5	0.96	145989	20	1669430
F08_bin.84	ANI95_cluster_00222	36	D08_bin.21	False	82.00077	95.19	2.88	121357	28	2155529
G01_bin.10	ANI95_cluster_00222	36	D08_bin.21	False	58.92828	88.01	5.95	67468	64	2229293
G02_bin.5	ANI95_cluster_00222	36	D08_bin.21	False	86.73401	89.82	0.96	171681	28	1908544
G03_bin.93	ANI95_cluster_00222	36	D08_bin.21	False	87.22031	93.03	1.44	139241	21	1950276
G04_bin.96	ANI95_cluster_00222	36	D08_bin.21	False	84.25519	87.74	0.96	131729	21	1891888
G05_bin.101	ANI95_cluster_00222	36	D08_bin.21	False	64.72858	98.08	6.81	70498	64	2563671
G06_bin.85	ANI95_cluster_00222	36	D08_bin.21	False	82.44918	93.03	2.16	23258	134	2080355
G07_bin.40	ANI95_cluster_00222	36	D08_bin.21	False	75.84319	86.3	2.16	35239	92	1848009
G08_bin.87	ANI95_cluster_00222	36	D08_bin.21	False	73.49635	93.68	4.05	9405	277	1897306
H01_bin.83	ANI95_cluster_00222	36	D08_bin.21	False	92.51626	99.04	1.44	68076	45	2005383
H03_bin.14	ANI95_cluster_00222	36	D08_bin.21	False	81.31631	82.53	0.48	119001	37	2044680
H06_bin.62	ANI95_cluster_00222	36	D08_bin.21	False	83.12088	88.94	1.44	138328	24	1930020
D08_bin.26	ANI95_cluster_00223	1	D08_bin.26	True	88.45155	94.67	1.33	43845	69	1854653
D08_bin.42	ANI95_cluster_00224	1	D08_bin.42	True	83.36512	90.28	1.4	10962	245	1857537
D08_bin.43	ANI95_cluster_00225	1	D08_bin.43	True	78.3498	82.4	0.81	5030	505	2206490
D08_bin.45	ANI95_cluster_00226	1	D08_bin.45	True	77.79339	81.07	0.67	10219	288	1983152
B06_bin.4	ANI95_cluster_00227	3	D08_bin.46	False	92.28067	94.63	0.67	100477	41	1992863
D08_bin.46	ANI95_cluster_00227	3	D08_bin.46	True	99.73806	99.33	0.34	210966	16	2274240
G04_bin.11	ANI95_cluster_00227	3	D08_bin.46	False	87.14218	85.91	0.0	123688	47	1805392
B06_bin.24	ANI95_cluster_00228	5	D08_bin.51	False	97.29688	96.77	0.0	53198	51	1781377
C08_bin.32	ANI95_cluster_00228	5	D08_bin.51	False	98.34626	97.75	0.0	60026	40	1783362
D08_bin.51	ANI95_cluster_00228	5	D08_bin.51	True	98.54692	97.85	0.0	70072	38	1931437
G08_bin.23	ANI95_cluster_00228	5	D08_bin.51	False	96.86078	96.77	0.1	59568	49	1823376
H03_bin.96	ANI95_cluster_00228	5	D08_bin.51	False	97.68333	97.85	0.1	33983	65	1829277
D08_bin.61	ANI95_cluster_00229	1	D08_bin.61	True	84.92256	93.55	1.77	23386	113	1846322
D08_bin.68	ANI95_cluster_00230	1	D08_bin.68	True	73.08937	89.33	3.37	61357	42	1317956
A01_bin.21	ANI95_cluster_00231	29	D08_bin.97	False	95.00854	98.85	1.06	146354	50	4021565
A02_bin.58	ANI95_cluster_00231	29	D08_bin.97	False	82.66077	83.78	0.38	78727	65	3277893
A03_bin.47	ANI95_cluster_00231	29	D08_bin.97	False	59.38917	93.04	6.9	85557	64	3645666
A04_bin.45	ANI95_cluster_00231	29	D08_bin.97	False	81.64975	96.15	3.08	90615	64	4079199
A05_bin.19	ANI95_cluster_00231	29	D08_bin.97	False	51.05138	98.28	9.66	107718	58	4271580
A06_bin.76	ANI95_cluster_00231	29	D08_bin.97	False	96.88813	97.56	0.38	123373	56	3999189
A07_bin.28	ANI95_cluster_00231	29	D08_bin.97	False	96.77531	98.27	0.38	41891	136	3797121
B05_bin.40	ANI95_cluster_00231	29	D08_bin.97	False	86.20476	91.35	1.09	32316	184	3812359
B08_bin.91	ANI95_cluster_00231	29	D08_bin.97	False	95.49637	96.15	0.38	125277	64	4076552
B09_bin.104	ANI95_cluster_00231	29	D08_bin.97	False	80.93552	93.46	2.69	93182	63	3931643
C02_bin.30	ANI95_cluster_00231	29	D08_bin.97	False	73.91406	84.71	2.37	105956	55	3494256
C07_bin.13	ANI95_cluster_00231	29	D08_bin.97	False	89.54054	92.31	0.79	118594	54	3731151
D02_bin.37	ANI95_cluster_00231	29	D08_bin.97	False	93.27928	94.5	0.38	68698	77	3815343
D03_bin.13	ANI95_cluster_00231	29	D08_bin.97	False	67.83947	80.42	2.69	87387	44	3135084
D08_bin.97	ANI95_cluster_00231	29	D08_bin.97	True	100.95715	99.62	0.1	184135	42	4006905
E02_bin.24	ANI95_cluster_00231	29	D08_bin.97	False	98.61879	97.76	0.0	86429	55	3816307
E03_bin.45	ANI95_cluster_00231	29	D08_bin.97	False	81.87784	97.31	3.27	92594	81	4316661
F01_bin.54	ANI95_cluster_00231	29	D08_bin.97	False	72.50893	80.34	1.72	77683	79	3624724
F03_bin.48	ANI95_cluster_00231	29	D08_bin.97	False	62.19059	99.23	7.69	141559	50	4518939
F07_bin.62	ANI95_cluster_00231	29	D08_bin.97	False	89.24854	90.61	0.38	55074	122	3586703
F08_bin.101	ANI95_cluster_00231	29	D08_bin.97	False	99.2217	99.62	0.38	150610	44	4238036
G04_bin.57	ANI95_cluster_00231	29	D08_bin.97	False	74.53537	95.35	4.23	35137	160	3770002
G07_bin.93	ANI95_cluster_00231	29	D08_bin.97	False	57.41327	93.85	7.38	47607	128	3968181
G08_bin.83	ANI95_cluster_00231	29	D08_bin.97	False	93.85662	96.67	0.64	40182	152	3840265
H01_bin.14	ANI95_cluster_00231	29	D08_bin.97	False	71.3488	88.55	3.46	13650	377	3530981
H03_bin.58	ANI95_cluster_00231	29	D08_bin.97	False	87.03817	96.9	2.02	26497	268	4344058
H04_bin.82	ANI95_cluster_00231	29	D08_bin.97	False	94.84402	96.92	0.58	83192	79	4236610
H06_bin.19	ANI95_cluster_00231	29	D08_bin.97	False	70.72867	98.46	5.77	112647	78	4552253
H07_bin.69	ANI95_cluster_00231	29	D08_bin.97	False	82.2541	86.92	1.15	109020	61	3902855
E01_bin.104	ANI95_cluster_00232	1	E01_bin.104	True	83.19127	89.66	1.31	10317	219	1728035
E01_bin.21	ANI95_cluster_00233	1	E01_bin.21	True	86.85063	89.93	0.67	28403	134	2240636
E01_bin.24	ANI95_cluster_00234	1	E01_bin.24	True	96.70703	97.32	0.34	109123	42	2398588
B05_bin.100	ANI95_cluster_00235	5	E01_bin.44	False	77.88778	87.31	1.95	33768	99	2109451
B08_bin.17	ANI95_cluster_00235	5	E01_bin.44	False	86.85166	89.37	0.74	118516	35	2335854
C02_bin.82	ANI95_cluster_00235	5	E01_bin.44	False	83.39738	91.3	1.75	85228	49	2318453
E01_bin.44	ANI95_cluster_00235	5	E01_bin.44	True	96.13456	98.55	0.74	128966	51	2783310
H06_bin.14	ANI95_cluster_00235	5	E01_bin.44	False	90.7522	96.94	1.31	37460	124	2637249
A08_bin.45	ANI95_cluster_00236	3	E01_bin.48	False	77.08854	94.41	3.47	6514	366	1866971
E01_bin.48	ANI95_cluster_00236	3	E01_bin.48	True	83.14205	91.7	1.72	7835	363	2198668
G07_bin.64	ANI95_cluster_00236	3	E01_bin.48	False	76.17425	90.22	2.82	8315	289	1887919
B06_bin.95	ANI95_cluster_00237	2	E01_bin.5	False	79.46836	92.16	2.61	36766	93	2110544
E01_bin.5	ANI95_cluster_00237	2	E01_bin.5	True	80.00107	93.85	2.83	31207	110	2083888
E01_bin.52	ANI95_cluster_00238	1	E01_bin.52	True	84.07392	86.54	0.5	7782	439	2762009
E01_bin.74	ANI95_cluster_00239	1	E01_bin.74	True	71.99502	91.97	4.03	19402	190	2509876
E01_bin.79	ANI95_cluster_00240	2	E01_bin.79	True	80.58064	83.22	0.73	101354	29	1932318
F08_bin.91	ANI95_cluster_00240	2	E01_bin.79	False	77.69203	88.93	2.37	61753	55	2079000
E01_bin.90	ANI95_cluster_00241	1	E01_bin.90	True	97.05716	98.49	0.4	57436	72	2603082
A09_bin.54	ANI95_cluster_00242	3	E02_bin.20	False	86.07539	87.02	0.34	76009	47	2045789
C08_bin.81	ANI95_cluster_00242	3	E02_bin.20	False	92.11715	97.99	1.23	28775	106	1951960
E02_bin.20	ANI95_cluster_00242	3	E02_bin.20	True	93.76914	94.63	0.34	84264	35	1860793
E02_bin.46	ANI95_cluster_00243	1	E02_bin.46	True	62.89476	85.47	4.59	38396	92	2353470
E02_bin.56	ANI95_cluster_00244	1	E02_bin.56	True	87.18845	95.18	1.61	8605	276	1782414
B06_bin.1	ANI95_cluster_00245	6	E03_bin.16	False	91.41995	90.86	0.0	56505	51	1669882
B08_bin.62	ANI95_cluster_00245	6	E03_bin.16	False	86.51887	86.02	0.0	50397	51	1662777
E03_bin.16	ANI95_cluster_00245	6	E03_bin.16	True	97.38337	96.77	0.0	61827	49	1778572
F02_bin.58	ANI95_cluster_00245	6	E03_bin.16	False	97.23856	96.77	0.0	47466	61	1734237
F07_bin.95	ANI95_cluster_00245	6	E03_bin.16	False	96.09457	95.7	0.0	40227	77	1867597
H08_bin.42	ANI95_cluster_00245	6	E03_bin.16	False	96.31339	95.7	0.0	61789	45	1747450
E03_bin.25	ANI95_cluster_00246	1	E03_bin.25	True	73.38843	80.69	1.79	165083	24	1548764
E03_bin.28	ANI95_cluster_00247	1	E03_bin.28	True	90.86514	90.81	0.19	101324	81	5037458
B09_bin.97	ANI95_cluster_00248	3	E03_bin.35	False	70.03037	95.02	5.03	18107	207	2624416
C06_bin.42	ANI95_cluster_00248	3	E03_bin.35	False	51.69813	94.01	8.5	20683	187	2633096
E03_bin.35	ANI95_cluster_00248	3	E03_bin.35	True	82.82441	97.15	2.92	28861	142	2699898
C07_bin.66	ANI95_cluster_00249	3	E03_bin.39	False	46.09361	89.34	8.67	12741	238	2129260
E03_bin.39	ANI95_cluster_00249	3	E03_bin.39	True	84.05133	93.96	2.07	44843	71	2148357
F02_bin.57	ANI95_cluster_00249	3	E03_bin.39	False	41.35702	90.93	9.92	6702	400	2157220
A06_bin.61	ANI95_cluster_00250	3	E04_bin.14	False	93.78019	93.36	0.0	42879	86	2115991
D01_bin.20	ANI95_cluster_00250	3	E04_bin.14	False	89.37076	92.56	0.67	17736	166	1966865
E04_bin.14	ANI95_cluster_00250	3	E04_bin.14	True	97.01945	95.76	0.0	126215	27	2074798
E04_bin.21	ANI95_cluster_00251	1	E04_bin.21	True	89.87347	92.88	0.63	16067	172	2027028
E04_bin.35	ANI95_cluster_00252	1	E04_bin.35	True	77.70816	81.9	0.95	56386	57	2257001
E04_bin.38	ANI95_cluster_00253	2	E04_bin.38	True	88.4777	96.72	1.71	32620	185	3569175
H04_bin.40	ANI95_cluster_00253	2	E04_bin.38	False	51.08896	90.17	7.83	11666	477	3616696
E04_bin.61	ANI95_cluster_00254	3	E04_bin.61	True	93.49895	92.62	0.0	88145	25	1587099
H01_bin.77	ANI95_cluster_00254	3	E04_bin.61	False	75.7434	83.12	1.51	18430	109	1452883
H03_bin.50	ANI95_cluster_00254	3	E04_bin.61	False	63.6922	83.98	4.19	66710	49	1765162
E06_bin.36	ANI95_cluster_00255	1	E06_bin.36	True	78.87835	86.89	1.61	6895	306	1652826
E06_bin.44	ANI95_cluster_00256	1	E06_bin.44	True	84.39609	89.42	1.01	5799	319	1521890
E06_bin.46	ANI95_cluster_00257	1	E06_bin.46	True	78.14403	86.96	1.77	7213	381	2110690
E06_bin.5	ANI95_cluster_00258	1	E06_bin.5	True	98.13257	97.58	0.0	55797	54	2127428
E02_bin.60	ANI95_cluster_00259	4	E06_bin.50	False	93.36958	97.55	1.04	102388	43	2649506
E06_bin.50	ANI95_cluster_00259	4	E06_bin.50	True	96.41037	97.92	0.38	39977	94	2599909
G03_bin.34	ANI95_cluster_00259	4	E06_bin.50	False	84.55806	86.13	0.38	33666	86	2235421
H01_bin.66	ANI95_cluster_00259	4	E06_bin.50	False	88.45688	89.06	0.38	130058	37	2392566
E06_bin.51	ANI95_cluster_00260	1	E06_bin.51	True	91.12931	98.3	1.48	24391	146	2357818
E06_bin.55	ANI95_cluster_00261	1	E06_bin.55	True	87.29753	94.13	1.48	57553	80	2426110
E06_bin.6	ANI95_cluster_00262	1	E06_bin.6	True	95.20801	99.25	0.94	66311	51	2296930
A03_bin.22	ANI95_cluster_00263	10	E06_bin.63	False	94.16796	93.29	0.0	88226	43	2466621
A05_bin.35	ANI95_cluster_00263	10	E06_bin.63	False	98.28509	97.15	0.0	114059	55	2743617
B03_bin.17	ANI95_cluster_00263	10	E06_bin.63	False	65.58317	82.47	3.38	5557	424	1965748
C05_bin.119	ANI95_cluster_00263	10	E06_bin.63	False	84.80509	85.51	0.15	8199	369	2188232
C08_bin.7	ANI95_cluster_00263	10	E06_bin.63	False	90.64786	90.39	0.0	26956	117	2211357
D07_bin.63	ANI95_cluster_00263	10	E06_bin.63	False	92.8123	91.95	0.0	86730	50	2371010
E06_bin.63	ANI95_cluster_00263	10	E06_bin.63	True	99.19451	98.66	0.02	64351	90	3012866
F02_bin.80	ANI95_cluster_00263	10	E06_bin.63	False	90.49359	90.25	0.0	25729	137	2295754
F07_bin.25	ANI95_cluster_00263	10	E06_bin.63	False	94.73958	97.32	0.67	77978	102	2978391
G03_bin.109	ANI95_cluster_00263	10	E06_bin.63	False	66.88562	88.37	4.3	6692	513	2618394
E06_bin.70	ANI95_cluster_00264	1	E06_bin.70	True	86.6948	99.38	2.78	121790	31	3186058
E06_bin.72	ANI95_cluster_00265	1	E06_bin.72	True	81.24476	80.9	0.0	35416	94	1600247
E06_bin.83	ANI95_cluster_00266	1	E06_bin.83	True	82.33702	90.96	1.77	24492	179	3139171
A01_bin.53	ANI95_cluster_00267	26	E06_bin.85	False	82.71608	81.62	0.0	109878	27	2218732
A06_bin.91	ANI95_cluster_00267	26	E06_bin.85	False	80.77732	83.41	0.64	57392	66	2320934
A07_bin.24	ANI95_cluster_00267	26	E06_bin.85	False	83.73765	86.15	0.64	79385	62	2466971
B01_bin.11	ANI95_cluster_00267	26	E06_bin.85	False	98.82487	98.94	0.11	44397	91	2710379
B02_bin.91	ANI95_cluster_00267	26	E06_bin.85	False	52.86487	93.89	8.27	33747	126	2668667
B03_bin.4	ANI95_cluster_00267	26	E06_bin.85	False	62.70318	82.76	4.31	149668	35	2552868
B08_bin.79	ANI95_cluster_00267	26	E06_bin.85	False	81.70082	95.67	3.04	123472	39	2920621
C02_bin.10	ANI95_cluster_00267	26	E06_bin.85	False	91.42847	93.64	0.64	99227	38	2552279
C03_bin.57	ANI95_cluster_00267	26	E06_bin.85	False	95.29942	97.23	0.48	47682	74	2534792
C04_bin.101	ANI95_cluster_00267	26	E06_bin.85	False	81.82533	81.22	0.0	61183	65	2471795
D05_bin.10	ANI95_cluster_00267	26	E06_bin.85	False	78.30653	84.97	1.54	104063	41	2573952
D08_bin.30	ANI95_cluster_00267	26	E06_bin.85	False	88.26502	99.6	2.4	67362	86	3080007
E02_bin.23	ANI95_cluster_00267	26	E06_bin.85	False	71.28592	88.29	3.61	104952	36	2587943
E04_bin.17	ANI95_cluster_00267	26	E06_bin.85	False	80.85023	83.36	0.56	30283	126	2303655
E06_bin.85	ANI95_cluster_00267	26	E06_bin.85	True	100.23018	99.52	0.0	71578	56	3136079
F01_bin.6	ANI95_cluster_00267	26	E06_bin.85	False	96.90202	97.12	0.32	138522	32	2758476
F02_bin.17	ANI95_cluster_00267	26	E06_bin.85	False	75.86193	87.45	2.4	42113	92	2397620
F04_bin.59	ANI95_cluster_00267	26	E06_bin.85	False	82.63812	87.55	1.12	69332	52	2452906
F07_bin.97	ANI95_cluster_00267	26	E06_bin.85	False	43.6624	82.07	7.76	40280	104	2645121
G01_bin.25	ANI95_cluster_00267	26	E06_bin.85	False	69.27159	80.5	2.4	77789	63	2277512
G02_bin.52	ANI95_cluster_00267	26	E06_bin.85	False	58.02428	87.1	5.9	43428	100	2531118
G04_bin.8	ANI95_cluster_00267	26	E06_bin.85	False	93.28381	91.99	0.02	139671	29	2497760
H02_bin.50	ANI95_cluster_00267	26	E06_bin.85	False	97.66344	98.08	0.24	78954	61	3029738
H04_bin.37	ANI95_cluster_00267	26	E06_bin.85	False	88.84958	88.83	0.16	82438	48	2750345
H07_bin.57	ANI95_cluster_00267	26	E06_bin.85	False	75.20221	87.64	2.64	76641	42	2444248
H08_bin.6	ANI95_cluster_00267	26	E06_bin.85	False	88.91259	87.82	0.0	109549	29	2475854
E07_bin.31	ANI95_cluster_00268	1	E07_bin.31	True	70.60963	81.03	2.13	24023	106	1667143
E07_bin.34	ANI95_cluster_00269	1	E07_bin.34	True	88.7829	97.38	1.75	18000	271	2691397
E04_bin.49	ANI95_cluster_00270	2	E07_bin.58	False	88.84584	93.95	1.28	130424	84	5927561
E07_bin.58	ANI95_cluster_00270	2	E07_bin.58	True	93.58597	96.18	0.58	33537	294	6108935
E07_bin.61	ANI95_cluster_00271	1	E07_bin.61	True	78.97842	89.02	2.02	8702	286	1777943
A01_bin.54	ANI95_cluster_00272	11	E07_bin.69	False	85.08119	96.31	2.35	53019	90	2645440
A08_bin.84	ANI95_cluster_00272	11	E07_bin.69	False	61.01479	94.76	6.77	13619	314	2697393
C06_bin.55	ANI95_cluster_00272	11	E07_bin.69	False	78.37469	95.3	3.52	68219	75	3014318
C07_bin.45	ANI95_cluster_00272	11	E07_bin.69	False	87.54524	96.98	2.01	62274	75	2647519
E07_bin.69	ANI95_cluster_00272	11	E07_bin.69	True	88.83715	91.95	0.69	34745	103	2321561
F02_bin.49	ANI95_cluster_00272	11	E07_bin.69	False	44.41636	82.02	7.52	4996	536	2186959
F03_bin.26	ANI95_cluster_00272	11	E07_bin.69	False	75.78492	84.9	2.01	93872	38	2232352
G02_bin.67	ANI95_cluster_00272	11	E07_bin.69	False	66.15436	81.98	3.24	38336	90	2296188
G06_bin.26	ANI95_cluster_00272	11	E07_bin.69	False	71.11587	94.64	4.74	19597	201	2439600
G07_bin.44	ANI95_cluster_00272	11	E07_bin.69	False	65.56574	90.99	5.11	14764	219	2304872
H07_bin.70	ANI95_cluster_00272	11	E07_bin.69	False	76.94411	91.44	3.02	61131	72	2598891
C07_bin.36	ANI95_cluster_00273	3	E07_bin.8	False	75.48086	90.84	3.08	11196	711	5091441
E07_bin.8	ANI95_cluster_00273	3	E07_bin.8	True	93.34208	97.4	1.18	184968	76	5167136
H05_bin.55	ANI95_cluster_00273	3	E07_bin.8	False	80.97585	96.08	3.72	349905	32	4893325
A05_bin.123	ANI95_cluster_00274	7	E07_bin.94	False	94.51369	93.96	0.0	55849	48	1933665
B07_bin.10	ANI95_cluster_00274	7	E07_bin.94	False	96.17311	94.63	0.0	154621	31	2008909
B09_bin.86	ANI95_cluster_00274	7	E07_bin.94	False	91.26414	92.23	0.22	15214	180	1854085
C02_bin.67	ANI95_cluster_00274	7	E07_bin.94	False	77.8362	87.83	2.01	8250	263	1617973
E03_bin.23	ANI95_cluster_00274	7	E07_bin.94	False	85.57338	89.68	0.84	11578	224	1711576
E07_bin.94	ANI95_cluster_00274	7	E07_bin.94	True	97.58346	96.64	0.0	94726	38	1949727
F07_bin.73	ANI95_cluster_00274	7	E07_bin.94	False	79.74268	83.77	0.81	5768	350	1710130
A06_bin.103	ANI95_cluster_00275	4	E08_bin.65	False	99.18566	97.75	0.0	143756	19	1573670
C08_bin.18	ANI95_cluster_00275	4	E08_bin.65	False	97.41324	97.19	0.0	23854	153	1762800
D03_bin.4	ANI95_cluster_00275	4	E08_bin.65	False	95.52424	93.26	0.0	226644	22	1631741
E08_bin.65	ANI95_cluster_00275	4	E08_bin.65	True	100.04556	97.75	0.0	229796	24	1642482
F01_bin.18	ANI95_cluster_00276	2	F01_bin.18	True	56.78695	86.94	6.15	61645	195	4829997
G07_bin.60	ANI95_cluster_00276	2	F01_bin.18	False	43.24726	85.74	8.62	62236	151	4288295
A03_bin.40	ANI95_cluster_00277	5	F01_bin.44	False	82.00899	91.3	2.05	96499	60	3135401
A06_bin.22	ANI95_cluster_00277	5	F01_bin.44	False	85.83763	88.31	0.6	53693	93	2959853
E02_bin.28	ANI95_cluster_00277	5	F01_bin.44	False	77.32664	87.44	2.17	74224	56	3163289
F01_bin.44	ANI95_cluster_00277	5	F01_bin.44	True	90.09668	92.27	0.6	83348	68	3682209
G04_bin.55	ANI95_cluster_00277	5	F01_bin.44	False	76.27867	88.76	2.58	43057	119	3042332
F01_bin.45	ANI95_cluster_00278	1	F01_bin.45	True	89.14635	89.15	0.0	5155	552	2335839
C04_bin.35	ANI95_cluster_00279	4	F02_bin.29	False	72.42579	89.82	3.52	21889	131	1794411
F02_bin.29	ANI95_cluster_00279	4	F02_bin.29	True	79.06777	89.6	2.2	47327	55	1988950
G03_bin.8	ANI95_cluster_00279	4	F02_bin.29	False	77.26931	87.58	2.18	59381	45	1715437
G05_bin.68	ANI95_cluster_00279	4	F02_bin.29	False	64.86321	89.95	5.15	66841	52	2126111
A01_bin.20	ANI95_cluster_00280	8	F02_bin.31	False	98.90656	97.96	0.0	95106	45	3079112
A05_bin.1	ANI95_cluster_00280	8	F02_bin.31	False	78.86242	80.9	0.68	136452	21	2411291
A07_bin.18	ANI95_cluster_00280	8	F02_bin.31	False	92.73481	92.18	0.0	56281	80	2860792
D06_bin.89	ANI95_cluster_00280	8	F02_bin.31	False	92.55867	97.96	1.36	140187	32	3141953
E01_bin.70	ANI95_cluster_00280	8	F02_bin.31	False	95.76142	97.96	0.68	120572	43	3162414
E06_bin.10	ANI95_cluster_00280	8	F02_bin.31	False	95.64366	97.96	0.68	108856	49	2980591
F02_bin.31	ANI95_cluster_00280	8	F02_bin.31	True	99.17341	97.28	0.0	189561	22	3006289
H05_bin.51	ANI95_cluster_00280	8	F02_bin.31	False	93.15406	97.96	1.36	199676	27	3150583
A02_bin.17	ANI95_cluster_00281	10	F02_bin.63	False	75.95014	97.7	4.49	70484	47	2125254
A05_bin.117	ANI95_cluster_00281	10	F02_bin.63	False	82.30437	99.54	3.57	62007	57	2275035
B08_bin.70	ANI95_cluster_00281	10	F02_bin.63	False	62.22589	89.2	5.41	10389	280	1970219
C04_bin.56	ANI95_cluster_00281	10	F02_bin.63	False	68.65234	98.85	6.12	41394	116	2353443
D02_bin.38	ANI95_cluster_00281	10	F02_bin.63	False	86.44184	88.36	0.58	98464	28	1889980
F02_bin.63	ANI95_cluster_00281	10	F02_bin.63	True	88.72152	94.07	1.15	40982	83	2075000
F06_bin.61	ANI95_cluster_00281	10	F02_bin.63	False	71.53496	87.71	3.25	10436	294	2217754
G02_bin.24	ANI95_cluster_00281	10	F02_bin.63	False	71.45392	84.66	2.65	8052	366	2119207
G03_bin.14	ANI95_cluster_00281	10	F02_bin.63	False	75.38962	99.08	4.88	71402	44	2146984
G04_bin.82	ANI95_cluster_00281	10	F02_bin.63	False	85.69391	89.46	0.8	24801	141	2201888
F02_bin.65	ANI95_cluster_00282	2	F02_bin.65	True	75.19252	90.08	3.01	18962	271	3084364
F06_bin.14	ANI95_cluster_00282	2	F02_bin.65	False	57.91989	92.72	7.03	36729	174	3241082
A01_bin.63	ANI95_cluster_00283	26	F02_bin.66	False	96.36308	99.52	0.96	164708	40	2422965
A09_bin.48	ANI95_cluster_00283	26	F02_bin.66	False	92.62948	93.75	0.48	128218	27	2090511
B01_bin.67	ANI95_cluster_00283	26	F02_bin.66	False	100.13477	99.04	0.11	164727	25	2225307
B03_bin.76	ANI95_cluster_00283	26	F02_bin.66	False	81.98361	81.73	0.16	105671	31	1769872
B04_bin.49	ANI95_cluster_00283	26	F02_bin.66	False	82.90656	88.89	1.2	5506	385	1778486
B06_bin.56	ANI95_cluster_00283	26	F02_bin.66	False	85.5619	89.42	0.8	16010	182	2133548
C01_bin.65	ANI95_cluster_00283	26	F02_bin.66	False	100.51446	99.52	0.0	99796	35	2148932
C02_bin.95	ANI95_cluster_00283	26	F02_bin.66	False	97.23554	96.79	0.0	45334	78	2155538
C04_bin.37	ANI95_cluster_00283	26	F02_bin.66	False	100.21496	99.04	0.0	117806	31	2139513
C05_bin.76	ANI95_cluster_00283	26	F02_bin.66	False	96.17956	95.19	0.0	99306	35	1992649
C08_bin.60	ANI95_cluster_00283	26	F02_bin.66	False	96.00969	96.63	0.19	33839	87	2159857
D01_bin.25	ANI95_cluster_00283	26	F02_bin.66	False	98.35381	96.63	0.0	172651	27	2171788
D05_bin.98	ANI95_cluster_00283	26	F02_bin.66	False	64.90878	98.28	6.9	113138	26	2230544
D06_bin.17	ANI95_cluster_00283	26	F02_bin.66	False	96.25567	97.28	0.48	137847	28	2213501
E01_bin.93	ANI95_cluster_00283	26	F02_bin.66	False	96.53645	96.05	0.0	49475	83	2079934
E06_bin.18	ANI95_cluster_00283	26	F02_bin.66	False	94.35605	95.67	0.48	109015	41	2226941
F02_bin.66	ANI95_cluster_00283	26	F02_bin.66	True	100.86119	99.52	0.0	134429	31	2163598
F04_bin.12	ANI95_cluster_00283	26	F02_bin.66	False	94.52348	93.75	0.0	77828	48	2083161
F07_bin.21	ANI95_cluster_00283	26	F02_bin.66	False	100.43482	99.52	0.0	91922	44	2254944
F08_bin.103	ANI95_cluster_00283	26	F02_bin.66	False	100.51368	99.52	0.0	99798	43	2191973
G02_bin.29	ANI95_cluster_00283	26	F02_bin.66	False	95.37878	94.71	0.0	67428	55	2031176
G04_bin.12	ANI95_cluster_00283	26	F02_bin.66	False	98.12493	99.04	0.51	163763	27	2207389
G06_bin.64	ANI95_cluster_00283	26	F02_bin.66	False	99.85729	99.52	0.16	114089	36	2266841
H01_bin.27	ANI95_cluster_00283	26	F02_bin.66	False	94.37272	96.15	0.48	62892	62	2088205
H05_bin.36	ANI95_cluster_00283	26	F02_bin.66	False	86.55643	87.5	0.48	145953	31	1970862
H06_bin.17	ANI95_cluster_00283	26	F02_bin.66	False	92.76013	91.59	0.0	117323	31	2012865
F02_bin.87	ANI95_cluster_00284	1	F02_bin.87	True	83.45803	87.18	0.85	53493	69	2119994
A08_bin.7	ANI95_cluster_00285	16	F03_bin.1	False	86.48681	95.07	1.77	28341	166	3011859
B07_bin.6	ANI95_cluster_00285	16	F03_bin.1	False	83.87936	91.87	1.69	46996	106	2926858
B08_bin.45	ANI95_cluster_00285	16	F03_bin.1	False	58.31532	94.1	7.2	23652	212	3271642
C01_bin.10	ANI95_cluster_00285	16	F03_bin.1	False	81.59147	97.85	3.38	65157	101	3695147
C08_bin.30	ANI95_cluster_00285	16	F03_bin.1	False	85.69854	99.52	2.9	68634	78	3375950
E02_bin.1	ANI95_cluster_00285	16	F03_bin.1	False	76.97416	88.86	2.42	23646	223	2973421
E03_bin.18	ANI95_cluster_00285	16	F03_bin.1	False	80.53004	96.27	3.18	19124	312	3572453
E06_bin.56	ANI95_cluster_00285	16	F03_bin.1	False	84.88932	97.18	2.58	61752	82	3325587
E08_bin.6	ANI95_cluster_00285	16	F03_bin.1	False	83.62538	95.17	2.42	56518	98	3281019
F02_bin.22	ANI95_cluster_00285	16	F03_bin.1	False	80.32045	96.62	3.38	60865	82	3270498
F03_bin.1	ANI95_cluster_00285	16	F03_bin.1	True	86.66965	98.07	2.42	70715	75	3418143
F04_bin.21	ANI95_cluster_00285	16	F03_bin.1	False	83.01591	95.56	2.58	36871	128	3308699
F06_bin.67	ANI95_cluster_00285	16	F03_bin.1	False	77.1879	91.86	2.97	19800	201	2814383
G01_bin.78	ANI95_cluster_00285	16	F03_bin.1	False	68.1219	91.86	4.77	14150	296	2787813
G07_bin.92	ANI95_cluster_00285	16	F03_bin.1	False	83.01238	98.26	3.1	27088	185	3258653
H06_bin.49	ANI95_cluster_00285	16	F03_bin.1	False	84.12454	93.44	1.93	34524	107	2833059
A01_bin.82	ANI95_cluster_00286	23	F03_bin.13	False	100.44745	99.42	0.1	153055	31	3010615
A05_bin.12	ANI95_cluster_00286	23	F03_bin.13	False	95.93703	94.96	0.0	98113	41	2919185
B07_bin.24	ANI95_cluster_00286	23	F03_bin.13	False	79.82906	96.01	3.37	67506	60	2735735
B08_bin.10	ANI95_cluster_00286	23	F03_bin.13	False	86.36281	87.98	0.48	78891	61	2852591
C02_bin.97	ANI95_cluster_00286	23	F03_bin.13	False	94.24405	97.1	0.72	75085	68	2803965
C03_bin.45	ANI95_cluster_00286	23	F03_bin.13	False	102.05364	100.0	0.0	205594	23	2955823
C04_bin.31	ANI95_cluster_00286	23	F03_bin.13	False	59.93649	83.69	4.9	75139	49	2684949
C05_bin.83	ANI95_cluster_00286	23	F03_bin.13	False	88.55282	90.21	0.48	74792	51	2618170
D03_bin.75	ANI95_cluster_00286	23	F03_bin.13	False	92.35695	92.39	0.24	117035	34	2658506
D06_bin.71	ANI95_cluster_00286	23	F03_bin.13	False	91.16284	96.95	1.2	23244	196	3070391
E02_bin.55	ANI95_cluster_00286	23	F03_bin.13	False	80.03943	97.74	3.7	80523	58	3043864
E07_bin.4	ANI95_cluster_00286	23	F03_bin.13	False	101.09496	99.85	0.0	124846	35	2955543
E08_bin.95	ANI95_cluster_00286	23	F03_bin.13	False	52.71855	94.12	8.36	41175	132	3004489
F01_bin.61	ANI95_cluster_00286	23	F03_bin.13	False	96.09339	95.03	0.0	106879	54	2612551
F02_bin.18	ANI95_cluster_00286	23	F03_bin.13	False	94.82369	92.87	0.0	195679	31	3048583
F03_bin.13	ANI95_cluster_00286	23	F03_bin.13	True	102.72475	100.0	0.0	272655	18	3365946
F05_bin.63	ANI95_cluster_00286	23	F03_bin.13	False	93.16179	99.92	1.57	109649	47	3095174
F06_bin.5	ANI95_cluster_00286	23	F03_bin.13	False	76.93925	90.91	2.88	43865	94	2638983
G01_bin.35	ANI95_cluster_00286	23	F03_bin.13	False	58.56459	98.76	8.17	66249	79	3186869
G02_bin.9	ANI95_cluster_00286	23	F03_bin.13	False	59.74943	82.47	4.81	133393	45	2622853
G04_bin.83	ANI95_cluster_00286	23	F03_bin.13	False	97.27822	96.31	0.0	97242	42	2610402
H04_bin.85	ANI95_cluster_00286	23	F03_bin.13	False	90.12255	89.17	0.0	95655	40	2721503
H07_bin.22	ANI95_cluster_00286	23	F03_bin.13	False	89.41423	90.88	0.48	93833	41	2582413
F03_bin.22	ANI95_cluster_00287	1	F03_bin.22	True	65.90096	98.64	6.66	56656	56	2211523
A05_bin.34	ANI95_cluster_00288	11	F03_bin.29	False	79.44659	81.04	0.56	121489	83	5556858
B04_bin.43	ANI95_cluster_00288	11	F03_bin.29	False	88.08606	96.65	2.06	174276	67	6436269
B08_bin.6	ANI95_cluster_00288	11	F03_bin.29	False	93.28911	95.42	0.74	157751	84	6325345
C05_bin.26	ANI95_cluster_00288	11	F03_bin.29	False	58.37247	88.85	6.39	148037	79	6430736
C08_bin.24	ANI95_cluster_00288	11	F03_bin.29	False	50.02498	97.56	9.74	117748	125	7389994
D07_bin.34	ANI95_cluster_00288	11	F03_bin.29	False	80.16829	97.03	3.72	174429	60	6806838
E04_bin.22	ANI95_cluster_00288	11	F03_bin.29	False	50.86839	93.96	8.86	122019	118	7099198
F03_bin.29	ANI95_cluster_00288	11	F03_bin.29	True	94.3723	93.72	0.19	160900	67	6140408
G04_bin.60	ANI95_cluster_00288	11	F03_bin.29	False	78.46091	96.81	3.9	116011	92	6825080
H03_bin.16	ANI95_cluster_00288	11	F03_bin.29	False	56.48863	86.4	6.18	100493	163	5987564
H05_bin.65	ANI95_cluster_00288	11	F03_bin.29	False	72.02712	93.47	4.45	82022	131	6468862
F03_bin.35	ANI95_cluster_00289	1	F03_bin.35	True	91.01505	95.97	1.01	11875	237	1978069
A04_bin.50	ANI95_cluster_00290	15	F03_bin.40	False	69.61468	96.15	5.33	15168	370	3504819
A06_bin.104	ANI95_cluster_00290	15	F03_bin.40	False	64.8918	86.92	4.43	16250	407	3770921
A07_bin.55	ANI95_cluster_00290	15	F03_bin.40	False	83.16131	89.24	1.27	29461	233	3618657
A08_bin.101	ANI95_cluster_00290	15	F03_bin.40	False	55.81054	89.49	6.74	7944	589	3340800
B03_bin.75	ANI95_cluster_00290	15	F03_bin.40	False	88.10404	97.15	1.9	46794	139	3443570
C04_bin.38	ANI95_cluster_00290	15	F03_bin.40	False	63.63349	92.04	5.7	13159	381	3443290
C06_bin.63	ANI95_cluster_00290	15	F03_bin.40	False	52.71635	96.84	8.86	21055	342	4010118
D01_bin.44	ANI95_cluster_00290	15	F03_bin.40	False	76.87146	82.23	1.1	16906	276	2964808
D07_bin.2	ANI95_cluster_00290	15	F03_bin.40	False	78.2462	96.65	3.7	13920	430	3660976
E07_bin.46	ANI95_cluster_00290	15	F03_bin.40	False	32.47885	80.89	9.7	12925	404	3328826
F01_bin.28	ANI95_cluster_00290	15	F03_bin.40	False	67.4926	93.04	5.14	19850	459	4461858
F03_bin.40	ANI95_cluster_00290	15	F03_bin.40	True	88.36863	99.37	2.25	28093	323	4227897
F06_bin.27	ANI95_cluster_00290	15	F03_bin.40	False	60.71245	90.66	6.01	14055	381	3402690
F08_bin.55	ANI95_cluster_00290	15	F03_bin.40	False	73.8014	98.25	4.94	28410	327	4395669
H08_bin.40	ANI95_cluster_00290	15	F03_bin.40	False	86.15281	98.36	2.53	46151	187	3804960
F03_bin.53	ANI95_cluster_00291	1	F03_bin.53	True	78.27771	85.99	1.54	4991	622	2530403
F04_bin.40	ANI95_cluster_00292	1	F04_bin.40	True	61.67275	81.86	4.11	37475	120	2554809
F04_bin.52	ANI95_cluster_00293	1	F04_bin.52	True	82.74745	95.69	2.64	28005	226	4099983
F05_bin.14	ANI95_cluster_00294	1	F05_bin.14	True	90.04061	91.84	0.43	36081	102	2126717
F05_bin.45	ANI95_cluster_00295	1	F05_bin.45	True	79.54605	98.75	3.96	60505	90	2424213
A09_bin.32	ANI95_cluster_00296	16	F05_bin.48	False	94.12926	99.38	1.24	95436	51	2819103
B05_bin.10	ANI95_cluster_00296	16	F05_bin.48	False	98.76563	98.14	0.0	63353	79	2834166
B06_bin.58	ANI95_cluster_00296	16	F05_bin.48	False	92.08879	98.2	1.24	11839	296	2585361
B08_bin.14	ANI95_cluster_00296	16	F05_bin.48	False	86.89497	85.71	0.0	118867	37	2605503
C07_bin.84	ANI95_cluster_00296	16	F05_bin.48	False	99.27463	98.84	0.0	44453	99	2800461
C08_bin.50	ANI95_cluster_00296	16	F05_bin.48	False	86.65238	85.71	0.0	94638	40	2637781
D03_bin.23	ANI95_cluster_00296	16	F05_bin.48	False	96.72905	96.89	0.1	35295	139	2782887
D08_bin.92	ANI95_cluster_00296	16	F05_bin.48	False	73.40579	84.82	2.28	4029	545	1979722
E03_bin.38	ANI95_cluster_00296	16	F05_bin.48	False	83.6108	82.76	0.0	85510	43	2565750
E04_bin.15	ANI95_cluster_00296	16	F05_bin.48	False	72.99955	86.99	2.8	5425	447	2102600
F02_bin.81	ANI95_cluster_00296	16	F05_bin.48	False	70.3908	83.1	2.59	25900	182	2624602
F03_bin.34	ANI95_cluster_00296	16	F05_bin.48	False	91.39749	90.68	0.0	72199	45	2691439
F05_bin.48	ANI95_cluster_00296	16	F05_bin.48	True	100.85328	100.0	0.0	85818	49	2719852
F07_bin.32	ANI95_cluster_00296	16	F05_bin.48	False	93.22244	91.93	0.0	129474	23	1702981
H05_bin.8	ANI95_cluster_00296	16	F05_bin.48	False	91.63923	93.17	0.62	157233	31	2676038
H07_bin.72	ANI95_cluster_00296	16	F05_bin.48	False	100.05103	98.76	0.0	129473	37	2271692
F05_bin.9	ANI95_cluster_00297	1	F05_bin.9	True	89.44136	92.56	0.99	183316	18	2467160
A02_bin.41	ANI95_cluster_00298	9	F06_bin.46	False	79.96621	85.25	1.06	4701	308	1272510
A04_bin.47	ANI95_cluster_00298	9	F06_bin.46	False	84.99991	92.88	1.59	9211	222	1498310
C06_bin.37	ANI95_cluster_00298	9	F06_bin.46	False	90.3706	92.12	0.36	7550	249	1473571
D04_bin.22	ANI95_cluster_00298	9	F06_bin.46	False	94.45988	94.01	0.0	45758	77	1709799
D05_bin.32	ANI95_cluster_00298	9	F06_bin.46	False	100.43369	100.0	0.0	44089	72	1697585
E06_bin.9	ANI95_cluster_00298	9	F06_bin.46	False	76.25587	91.96	3.15	7357	277	1469152
F06_bin.46	ANI95_cluster_00298	9	F06_bin.46	True	100.66369	100.0	0.0	66809	44	1734760
G02_bin.7	ANI95_cluster_00298	9	F06_bin.46	False	98.09728	97.75	0.0	35528	80	1631791
H07_bin.59	ANI95_cluster_00298	9	F06_bin.46	False	100.01646	99.63	0.0	39316	67	1720853
F06_bin.47	ANI95_cluster_00299	3	F06_bin.47	True	76.18098	89.71	2.7	5858	876	4150431
F07_bin.13	ANI95_cluster_00299	3	F06_bin.47	False	62.3646	86.04	4.73	5670	821	3787581
H03_bin.90	ANI95_cluster_00299	3	F06_bin.47	False	67.28697	92.43	5.07	23557	286	4352408
C06_bin.22	ANI95_cluster_00300	3	F06_bin.53	False	70.46801	88.61	3.71	41791	99	2272620
E07_bin.92	ANI95_cluster_00300	3	F06_bin.53	False	48.7205	95.27	9.35	21990	194	2506406
F06_bin.53	ANI95_cluster_00300	3	F06_bin.53	True	74.91555	94.05	3.87	23145	159	2347703
F06_bin.68	ANI95_cluster_00301	1	F06_bin.68	True	93.01415	94.31	0.36	50985	57	2271154
A01_bin.32	ANI95_cluster_00302	40	F06_bin.75	False	84.94349	94.41	1.93	19859	151	1950005
A02_bin.54	ANI95_cluster_00302	40	F06_bin.75	False	70.61724	83.46	2.57	4644	392	1618207
A06_bin.17	ANI95_cluster_00302	40	F06_bin.75	False	87.0421	96.64	2.01	45870	66	2118580
A07_bin.63	ANI95_cluster_00302	40	F06_bin.75	False	74.46844	89.93	3.19	49554	71	2063679
A08_bin.69	ANI95_cluster_00302	40	F06_bin.75	False	60.00189	95.25	7.07	12329	214	1939818
B01_bin.41	ANI95_cluster_00302	40	F06_bin.75	False	85.75313	91.28	1.16	28263	95	2035919
B04_bin.7	ANI95_cluster_00302	40	F06_bin.75	False	89.36981	91.64	0.67	108241	26	2111336
B05_bin.6	ANI95_cluster_00302	40	F06_bin.75	False	56.96284	85.12	5.65	11904	262	2138895
B07_bin.30	ANI95_cluster_00302	40	F06_bin.75	False	88.65272	94.8	1.36	65762	49	2176083
B09_bin.12	ANI95_cluster_00302	40	F06_bin.75	False	89.12644	95.3	1.34	53154	51	2146471
C01_bin.67	ANI95_cluster_00302	40	F06_bin.75	False	72.03072	83.74	2.35	7122	305	1756071
C02_bin.43	ANI95_cluster_00302	40	F06_bin.75	False	83.67204	89.93	1.34	45034	83	2170941
C04_bin.9	ANI95_cluster_00302	40	F06_bin.75	False	91.27767	97.32	1.34	66287	52	2072601
C05_bin.77	ANI95_cluster_00302	40	F06_bin.75	False	55.31991	81.18	5.17	3831	484	1643176
C07_bin.41	ANI95_cluster_00302	40	F06_bin.75	False	89.69461	93.62	0.89	53021	56	1942335
C08_bin.63	ANI95_cluster_00302	40	F06_bin.75	False	86.74237	86.24	0.0	50807	57	1956374
D01_bin.57	ANI95_cluster_00302	40	F06_bin.75	False	93.09508	95.3	0.55	55058	55	2066188
D02_bin.46	ANI95_cluster_00302	40	F06_bin.75	False	81.83259	95.08	2.68	16829	157	1892302
D03_bin.74	ANI95_cluster_00302	40	F06_bin.75	False	89.49957	92.79	0.67	8757	280	1869766
D06_bin.49	ANI95_cluster_00302	40	F06_bin.75	False	77.40932	80.7	0.76	51452	52	1759074
D07_bin.15	ANI95_cluster_00302	40	F06_bin.75	False	76.97223	92.95	3.38	92603	38	2229361
D08_bin.29	ANI95_cluster_00302	40	F06_bin.75	False	75.4627	97.32	4.45	40070	80	2152106
E01_bin.56	ANI95_cluster_00302	40	F06_bin.75	False	61.59239	90.0	5.7	11729	249	1974320
E06_bin.49	ANI95_cluster_00302	40	F06_bin.75	False	58.37318	90.97	6.54	12498	218	1844864
E07_bin.73	ANI95_cluster_00302	40	F06_bin.75	False	91.41587	90.6	0.0	81947	36	2060510
E08_bin.12	ANI95_cluster_00302	40	F06_bin.75	False	61.33948	93.29	6.49	50688	74	2279766
F01_bin.53	ANI95_cluster_00302	40	F06_bin.75	False	98.02899	97.32	0.0	71439	54	2204855
F02_bin.47	ANI95_cluster_00302	40	F06_bin.75	False	91.55898	98.66	1.57	75408	51	2368980
F03_bin.41	ANI95_cluster_00302	40	F06_bin.75	False	98.45698	97.99	0.02	57158	46	2162013
F06_bin.75	ANI95_cluster_00302	40	F06_bin.75	True	98.56459	97.86	0.0	70979	52	2260256
F07_bin.9	ANI95_cluster_00302	40	F06_bin.75	False	79.67877	87.33	1.57	21217	134	1962543
F08_bin.92	ANI95_cluster_00302	40	F06_bin.75	False	76.39046	90.72	2.87	5916	387	1795091
G01_bin.73	ANI95_cluster_00302	40	F06_bin.75	False	56.15463	95.64	8.05	76913	45	2294640
G03_bin.69	ANI95_cluster_00302	40	F06_bin.75	False	65.90811	86.58	4.25	58291	48	1948805
G04_bin.86	ANI95_cluster_00302	40	F06_bin.75	False	94.51826	93.96	0.0	56416	59	2006225
G06_bin.47	ANI95_cluster_00302	40	F06_bin.75	False	79.08007	81.88	0.67	55487	48	1818982
G07_bin.45	ANI95_cluster_00302	40	F06_bin.75	False	75.85604	95.3	3.91	12654	205	1857144
H02_bin.61	ANI95_cluster_00302	40	F06_bin.75	False	83.96394	96.64	2.68	72914	52	2129103
H04_bin.71	ANI95_cluster_00302	40	F06_bin.75	False	76.38979	92.74	3.36	45549	57	2135718
H05_bin.72	ANI95_cluster_00302	40	F06_bin.75	False	48.33668	96.64	9.7	21258	159	2138724
D05_bin.45	ANI95_cluster_00303	2	F07_bin.100	False	55.46998	81.09	5.13	6758	376	1909114
F07_bin.100	ANI95_cluster_00303	2	F07_bin.100	True	86.76452	88.89	0.85	212612	16	1973875
B01_bin.64	ANI95_cluster_00304	3	F07_bin.105	False	78.44569	87.92	2.01	58049	48	1935687
C08_bin.71	ANI95_cluster_00304	3	F07_bin.105	False	77.28395	85.7	1.7	10665	227	1831993
F07_bin.105	ANI95_cluster_00304	3	F07_bin.105	True	83.44172	90.94	1.57	36102	93	1975467
F07_bin.109	ANI95_cluster_00305	1	F07_bin.109	True	94.14978	95.09	0.38	96338	36	2487361
F07_bin.117	ANI95_cluster_00306	1	F07_bin.117	True	89.21547	94.56	1.08	8587	304	2075691
F07_bin.118	ANI95_cluster_00307	1	F07_bin.118	True	45.6399	85.09	7.88	5820	1083	5247022
F07_bin.23	ANI95_cluster_00308	1	F07_bin.23	True	88.51374	95.75	1.57	61874	50	2019859
A03_bin.45	ANI95_cluster_00309	7	F07_bin.42	False	93.75315	92.62	0.0	113745	43	2661122
B08_bin.42	ANI95_cluster_00309	7	F07_bin.42	False	76.31108	90.77	2.91	12068	296	2397014
C08_bin.66	ANI95_cluster_00309	7	F07_bin.42	False	92.38858	97.99	1.34	110178	32	2769805
D08_bin.5	ANI95_cluster_00309	7	F07_bin.42	False	89.56982	94.3	1.17	112362	38	2709804
E08_bin.51	ANI95_cluster_00309	7	F07_bin.42	False	81.28162	87.94	1.34	7942	378	2113717
F07_bin.42	ANI95_cluster_00309	7	F07_bin.42	True	96.57239	98.66	0.67	126579	34	2704306
G08_bin.6	ANI95_cluster_00309	7	F07_bin.42	False	79.12794	97.99	4.03	129134	34	2907854
A08_bin.59	ANI95_cluster_00310	10	F07_bin.6	False	86.56077	86.52	0.0	7127	305	1645872
B04_bin.34	ANI95_cluster_00310	10	F07_bin.6	False	91.21918	88.59	0.0	263008	9	1584629
B06_bin.36	ANI95_cluster_00310	10	F07_bin.6	False	96.44579	95.97	0.0	48149	57	1825596
D06_bin.8	ANI95_cluster_00310	10	F07_bin.6	False	98.08352	97.32	0.34	246452	10	2024922
E03_bin.66	ANI95_cluster_00310	10	F07_bin.6	False	92.50025	91.95	0.0	55505	48	1660689
E06_bin.1	ANI95_cluster_00310	10	F07_bin.6	False	83.70916	91.95	1.68	17306	139	1770042
F07_bin.6	ANI95_cluster_00310	10	F07_bin.6	True	98.99374	97.32	0.0	167554	18	1926551
G02_bin.39	ANI95_cluster_00310	10	F07_bin.6	False	97.0272	95.55	0.0	147880	16	1902707
G07_bin.56	ANI95_cluster_00310	10	F07_bin.6	False	80.06776	86.7	1.34	9266	249	1692580
H03_bin.1	ANI95_cluster_00310	10	F07_bin.6	False	88.00831	94.63	1.36	19061	123	1723047
F07_bin.63	ANI95_cluster_00311	1	F07_bin.63	True	84.8049	93.21	2.03	174840	35	4182498
A08_bin.36	ANI95_cluster_00312	10	F07_bin.74	False	78.26984	92.62	2.91	22044	206	2554365
B08_bin.50	ANI95_cluster_00312	10	F07_bin.74	False	98.42832	97.72	0.0	71502	67	2655937
C01_bin.33	ANI95_cluster_00312	10	F07_bin.74	False	89.03097	91.13	0.45	17277	218	2497390
C04_bin.86	ANI95_cluster_00312	10	F07_bin.74	False	99.0856	98.66	0.67	377720	16	2773692
E02_bin.40	ANI95_cluster_00312	10	F07_bin.74	False	99.02979	98.36	0.0	67539	56	2736529
F05_bin.49	ANI95_cluster_00312	10	F07_bin.74	False	93.72911	96.55	0.67	53971	106	2615242
F07_bin.74	ANI95_cluster_00312	10	F07_bin.74	True	99.51953	97.99	0.0	153293	34	2759957
G04_bin.42	ANI95_cluster_00312	10	F07_bin.74	False	97.71242	99.33	0.67	173452	21	2962571
G05_bin.42	ANI95_cluster_00312	10	F07_bin.74	False	91.33595	92.84	0.34	21275	168	2562674
G07_bin.2	ANI95_cluster_00312	10	F07_bin.74	False	88.05132	93.15	1.06	22372	224	2606270
F07_bin.82	ANI95_cluster_00313	1	F07_bin.82	True	80.8971	88.91	1.61	8670	496	3243181
B01_bin.71	ANI95_cluster_00314	4	F07_bin.93	False	89.9548	94.63	1.01	38510	103	2113511
F01_bin.50	ANI95_cluster_00314	4	F07_bin.93	False	94.31736	95.3	0.34	72366	63	2069047
F07_bin.93	ANI95_cluster_00314	4	F07_bin.93	True	95.1949	96.64	0.34	26710	122	1890470
G04_bin.33	ANI95_cluster_00314	4	F07_bin.93	False	93.25574	93.29	0.34	166764	19	2074225
A08_bin.88	ANI95_cluster_00315	18	F08_bin.12	False	63.0559	87.28	4.85	7020	443	2451710
B02_bin.81	ANI95_cluster_00315	18	F08_bin.12	False	88.65944	92.4	0.96	106214	27	2483166
B03_bin.37	ANI95_cluster_00315	18	F08_bin.12	False	99.88485	97.12	0.0	276635	15	2808456
C02_bin.44	ANI95_cluster_00315	18	F08_bin.12	False	94.55557	95.6	0.24	17647	209	2405770
C05_bin.6	ANI95_cluster_00315	18	F08_bin.12	False	85.50183	88.86	0.96	144523	34	2580328
D03_bin.55	ANI95_cluster_00315	18	F08_bin.12	False	101.32259	99.04	0.0	228489	23	2787752
D05_bin.14	ANI95_cluster_00315	18	F08_bin.12	False	87.49837	93.8	1.28	12627	279	2392253
E04_bin.54	ANI95_cluster_00315	18	F08_bin.12	False	94.50234	97.49	0.67	37394	116	2735861
F02_bin.67	ANI95_cluster_00315	18	F08_bin.12	False	88.13293	94.86	1.36	10513	322	2482599
F06_bin.76	ANI95_cluster_00315	18	F08_bin.12	False	81.38127	82.38	0.24	21607	148	2132954
F08_bin.12	ANI95_cluster_00315	18	F08_bin.12	True	102.63935	100.0	0.0	264115	18	2781642
G01_bin.20	ANI95_cluster_00315	18	F08_bin.12	False	96.2587	96.63	0.48	203060	19	2556372
G03_bin.101	ANI95_cluster_00315	18	F08_bin.12	False	92.78089	97.33	0.96	26679	159	2429390
G07_bin.59	ANI95_cluster_00315	18	F08_bin.12	False	65.5172	91.71	5.25	9600	388	2652806
H01_bin.94	ANI95_cluster_00315	18	F08_bin.12	False	82.18225	100.0	3.85	143535	31	2916879
H03_bin.10	ANI95_cluster_00315	18	F08_bin.12	False	51.17303	80.25	5.81	3863	656	2253019
H06_bin.34	ANI95_cluster_00315	18	F08_bin.12	False	99.22923	97.6	0.0	163203	28	2744040
H07_bin.21	ANI95_cluster_00315	18	F08_bin.12	False	99.26711	100.0	0.24	47541	83	2770920
F08_bin.17	ANI95_cluster_00316	1	F08_bin.17	True	63.63543	80.51	3.4	14053	151	1418921
C07_bin.53	ANI95_cluster_00317	2	F08_bin.22	False	71.79755	80.85	1.81	4345	459	1828995
F08_bin.22	ANI95_cluster_00317	2	F08_bin.22	True	87.74469	95.44	1.64	51169	70	2311983
F08_bin.54	ANI95_cluster_00318	1	F08_bin.54	True	75.82301	90.68	2.98	7341	304	1719669
F08_bin.62	ANI95_cluster_00319	1	F08_bin.62	True	68.08427	88.3	4.09	24697	127	2150241
F08_bin.63	ANI95_cluster_00320	2	F08_bin.63	True	87.01233	90.81	0.77	8923	369	2541975
G05_bin.24	ANI95_cluster_00320	2	F08_bin.63	False	83.18009	83.82	0.13	5889	488	2390304
G01_bin.11	ANI95_cluster_00321	1	G01_bin.11	True	93.31369	93.36	0.34	165679	31	2391930
G01_bin.26	ANI95_cluster_00322	1	G01_bin.26	True	78.23436	80.85	0.67	73766	33	1090863
G01_bin.3	ANI95_cluster_00323	1	G01_bin.3	True	89.81891	92.33	0.6	49521	63	2066241
B09_bin.33	ANI95_cluster_00324	3	G01_bin.30	False	66.45144	89.03	4.54	14304	216	2133881
C04_bin.99	ANI95_cluster_00324	3	G01_bin.30	False	65.18755	83.04	3.59	12025	227	1892567
G01_bin.30	ANI95_cluster_00324	3	G01_bin.30	True	75.12402	94.32	3.89	26612	121	2112281
G01_bin.63	ANI95_cluster_00325	2	G01_bin.63	True	78.53481	81.41	0.67	48111	63	2113766
G03_bin.38	ANI95_cluster_00325	2	G01_bin.63	False	60.07165	82.12	4.42	8615	345	2045260
G01_bin.65	ANI95_cluster_00326	1	G01_bin.65	True	92.37514	93.79	0.38	49224	71	2465299
F08_bin.102	ANI95_cluster_00327	2	G01_bin.72	False	85.12983	90.17	1.12	56523	54	1274141
G01_bin.72	ANI95_cluster_00327	2	G01_bin.72	True	94.67854	94.67	0.12	61134	28	1243890
A06_bin.97	ANI95_cluster_00328	7	G01_bin.76	False	87.64006	87.1	0.0	54466	46	1627131
C05_bin.36	ANI95_cluster_00328	7	G01_bin.76	False	82.22022	87.1	1.08	52532	51	1747287
C07_bin.90	ANI95_cluster_00328	7	G01_bin.76	False	93.02707	92.47	0.0	56197	49	1723733
C08_bin.11	ANI95_cluster_00328	7	G01_bin.76	False	94.12939	93.55	0.0	58359	42	1721910
E04_bin.20	ANI95_cluster_00328	7	G01_bin.76	False	94.04705	93.55	0.0	50235	53	1669096
F07_bin.40	ANI95_cluster_00328	7	G01_bin.76	False	83.27354	88.17	1.08	50874	52	1575107
G01_bin.76	ANI95_cluster_00328	7	G01_bin.76	True	97.41282	96.77	0.0	64712	43	1754217
B03_bin.58	ANI95_cluster_00329	6	G01_bin.80	False	83.81277	93.24	2.03	72947	67	3029140
B06_bin.61	ANI95_cluster_00329	6	G01_bin.80	False	77.35916	92.16	3.0	21986	207	2627838
B07_bin.67	ANI95_cluster_00329	6	G01_bin.80	False	61.1537	94.88	6.86	58320	95	3441055
F08_bin.27	ANI95_cluster_00329	6	G01_bin.80	False	77.19449	87.0	2.03	35369	92	2404845
G01_bin.80	ANI95_cluster_00329	6	G01_bin.80	True	85.21145	86.8	0.48	81615	47	2456964
H06_bin.95	ANI95_cluster_00329	6	G01_bin.80	False	61.44643	81.89	4.11	13173	253	2170328
G01_bin.81	ANI95_cluster_00330	1	G01_bin.81	True	74.38594	87.54	2.66	17494	290	2804304
B09_bin.82	ANI95_cluster_00331	4	G01_bin.90	False	93.09732	92.47	0.0	63172	44	1650147
F03_bin.46	ANI95_cluster_00331	4	G01_bin.90	False	98.77156	97.85	0.0	92506	35	1768508
G01_bin.90	ANI95_cluster_00331	4	G01_bin.90	True	99.24514	98.92	0.0	33344	83	1684454
H03_bin.73	ANI95_cluster_00331	4	G01_bin.90	False	95.91974	95.0	0.0	92424	45	1781121
B01_bin.1	ANI95_cluster_00332	8	G02_bin.41	False	95.60898	96.39	0.24	42998	110	2700837
B03_bin.24	ANI95_cluster_00332	8	G02_bin.41	False	76.1149	91.68	3.12	7580	409	2490810
B07_bin.91	ANI95_cluster_00332	8	G02_bin.41	False	48.32241	82.69	7.21	168521	28	2545630
E04_bin.69	ANI95_cluster_00332	8	G02_bin.41	False	77.47367	95.41	3.61	14167	280	2753473
E07_bin.5	ANI95_cluster_00332	8	G02_bin.41	False	97.42555	98.38	0.24	26185	163	2521744
F08_bin.41	ANI95_cluster_00332	8	G02_bin.41	False	93.81194	91.83	0.0	198414	22	2553791
G02_bin.41	ANI95_cluster_00332	8	G02_bin.41	True	100.66572	99.52	0.0	115072	50	2653974
H01_bin.16	ANI95_cluster_00332	8	G02_bin.41	False	83.93046	93.27	1.92	27696	165	2805515
G02_bin.42	ANI95_cluster_00333	1	G02_bin.42	True	77.28449	83.51	1.25	6449	400	2026001
G03_bin.106	ANI95_cluster_00334	1	G03_bin.106	True	94.48769	96.08	0.5	91649	88	4073660
A08_bin.27	ANI95_cluster_00335	8	G03_bin.17	False	37.58923	80.82	8.72	37953	103	2123228
F06_bin.28	ANI95_cluster_00335	8	G03_bin.17	False	49.48535	86.91	7.61	62985	45	1938207
F07_bin.116	ANI95_cluster_00335	8	G03_bin.17	False	76.93842	88.14	2.35	55302	46	1858219
G02_bin.14	ANI95_cluster_00335	8	G03_bin.17	False	81.70785	93.29	2.47	77285	50	2401938
G03_bin.17	ANI95_cluster_00335	8	G03_bin.17	True	82.49043	85.72	0.78	67503	46	1689665
G04_bin.15	ANI95_cluster_00335	8	G03_bin.17	False	72.68939	91.3	3.75	15839	190	1967671
G07_bin.38	ANI95_cluster_00335	8	G03_bin.17	False	42.6929	90.95	9.73	40120	83	2182048
H06_bin.45	ANI95_cluster_00335	8	G03_bin.17	False	76.29105	87.56	2.35	48775	67	1866480
F07_bin.75	ANI95_cluster_00336	2	G03_bin.32	False	61.64969	86.07	4.89	6559	359	1907382
G03_bin.32	ANI95_cluster_00336	2	G03_bin.32	True	63.18428	83.79	4.14	11978	255	1977521
B03_bin.13	ANI95_cluster_00337	2	G03_bin.37	False	79.41346	95.64	3.25	7366	502	3098904
G03_bin.37	ANI95_cluster_00337	2	G03_bin.37	True	91.43975	95.84	0.89	9325	435	2895909
G03_bin.62	ANI95_cluster_00338	1	G03_bin.62	True	92.28784	97.32	1.07	33064	128	2765693
G03_bin.76	ANI95_cluster_00339	1	G03_bin.76	True	83.91276	84.71	0.17	9176	390	2607854
G04_bin.23	ANI95_cluster_00340	1	G04_bin.23	True	96.84369	96.24	0.0	61249	88	4033110
C05_bin.62	ANI95_cluster_00341	6	G04_bin.50	False	77.45993	80.87	0.73	25293	130	2036218
C08_bin.23	ANI95_cluster_00341	6	G04_bin.50	False	79.72125	84.16	1.01	62015	89	2889616
E02_bin.38	ANI95_cluster_00341	6	G04_bin.50	False	85.21269	88.46	0.68	17279	201	2177149
F07_bin.103	ANI95_cluster_00341	6	G04_bin.50	False	93.51245	93.29	0.0	23485	124	2223517
G04_bin.50	ANI95_cluster_00341	6	G04_bin.50	True	97.82843	97.32	0.0	51633	79	2507526
G08_bin.19	ANI95_cluster_00341	6	G04_bin.50	False	95.10791	94.63	0.0	48771	98	2503783
A08_bin.86	ANI95_cluster_00342	6	G04_bin.79	False	91.73875	96.85	1.04	11855	298	2474621
F07_bin.38	ANI95_cluster_00342	6	G04_bin.79	False	82.22992	90.35	1.63	7022	403	2221096
G04_bin.79	ANI95_cluster_00342	6	G04_bin.79	True	93.02305	96.25	0.73	43235	93	2384958
G05_bin.64	ANI95_cluster_00342	6	G04_bin.79	False	90.26553	97.19	1.4	10873	332	2278750
G07_bin.26	ANI95_cluster_00342	6	G04_bin.79	False	91.51502	98.12	1.35	16782	228	2512210
H04_bin.15	ANI95_cluster_00342	6	G04_bin.79	False	92.29657	96.88	0.94	14247	259	2435655
A05_bin.42	ANI95_cluster_00343	4	G04_bin.89	False	75.70956	92.13	3.37	43526	57	1341915
D03_bin.3	ANI95_cluster_00343	4	G04_bin.89	False	77.51516	92.7	3.37	166656	14	1277552
G04_bin.89	ANI95_cluster_00343	4	G04_bin.89	True	88.7874	94.67	1.33	76990	25	1313772
G06_bin.58	ANI95_cluster_00343	4	G04_bin.89	False	82.38245	92.7	2.25	93485	24	1240041
D06_bin.48	ANI95_cluster_00344	2	G04_bin.90	False	82.18178	81.38	0.0	80878	70	3421054
G04_bin.90	ANI95_cluster_00344	2	G04_bin.90	True	83.72644	83.1	0.0	63484	84	3530823
B01_bin.3	ANI95_cluster_00345	5	G05_bin.10	False	99.08855	98.39	0.0	70385	53	2126384
B02_bin.78	ANI95_cluster_00345	5	G05_bin.10	False	90.65683	94.5	0.81	21963	128	1938849
F06_bin.50	ANI95_cluster_00345	5	G05_bin.10	False	75.14577	83.18	1.61	5207	363	1651933
G05_bin.10	ANI95_cluster_00345	5	G05_bin.10	True	99.94399	99.19	0.0	75729	33	2080408
H03_bin.109	ANI95_cluster_00345	5	G05_bin.10	False	88.06752	91.7	0.81	42412	66	1998970
A03_bin.14	ANI95_cluster_00346	15	G05_bin.13	False	97.10215	98.66	1.01	349395	18	2132451
A08_bin.6	ANI95_cluster_00346	15	G05_bin.13	False	90.05247	99.33	1.9	23477	123	1920172
B05_bin.16	ANI95_cluster_00346	15	G05_bin.13	False	91.30461	96.09	1.01	27761	130	1879538
C01_bin.35	ANI95_cluster_00346	15	G05_bin.13	False	95.14079	97.99	0.67	51169	109	2072733
C04_bin.8	ANI95_cluster_00346	15	G05_bin.13	False	95.7703	98.66	1.03	226170	14	1974458
C05_bin.38	ANI95_cluster_00346	15	G05_bin.13	False	91.01306	91.01	0.34	170536	23	1773783
D01_bin.78	ANI95_cluster_00346	15	G05_bin.13	False	96.37812	99.33	1.01	210052	24	2080171
E01_bin.97	ANI95_cluster_00346	15	G05_bin.13	False	97.26854	99.33	0.67	129124	27	2131104
E08_bin.75	ANI95_cluster_00346	15	G05_bin.13	False	81.11303	81.88	0.67	258483	18	1806277
G01_bin.67	ANI95_cluster_00346	15	G05_bin.13	False	94.76238	97.99	0.69	23858	162	2089194
G05_bin.13	ANI95_cluster_00346	15	G05_bin.13	True	97.52757	98.66	0.67	221917	16	1913307
G07_bin.51	ANI95_cluster_00346	15	G05_bin.13	False	82.91533	97.78	3.02	24823	129	1964597
H01_bin.28	ANI95_cluster_00346	15	G05_bin.13	False	94.06399	98.66	1.01	46099	70	2132584
H03_bin.103	ANI95_cluster_00346	15	G05_bin.13	False	84.18403	90.71	1.34	18913	151	1885533
H05_bin.17	ANI95_cluster_00346	15	G05_bin.13	False	93.21386	99.33	1.34	58926	54	2085937
E04_bin.10	ANI95_cluster_00347	2	G05_bin.15	False	76.89281	85.53	1.78	27241	96	1837964
G05_bin.15	ANI95_cluster_00347	2	G05_bin.15	True	92.39102	93.97	0.45	67622	52	2202058
B08_bin.35	ANI95_cluster_00348	4	G05_bin.22	False	86.9597	94.08	1.47	24070	110	1820668
G03_bin.20	ANI95_cluster_00348	4	G05_bin.22	False	80.05557	84.48	0.93	23657	110	1597507
G05_bin.22	ANI95_cluster_00348	4	G05_bin.22	True	90.82921	97.18	1.4	65271	35	1953159
G08_bin.13	ANI95_cluster_00348	4	G05_bin.22	False	84.06937	93.68	2.1	89207	27	2006877
G05_bin.44	ANI95_cluster_00349	1	G05_bin.44	True	86.56901	91.88	1.24	89741	84	4555723
A03_bin.63	ANI95_cluster_00350	5	G05_bin.67	False	85.7958	88.48	0.54	8520	694	4392460
B03_bin.16	ANI95_cluster_00350	5	G05_bin.67	False	80.85827	84.49	0.72	5557	873	4014579
B08_bin.7	ANI95_cluster_00350	5	G05_bin.67	False	93.21724	98.41	1.08	24354	363	4797467
F08_bin.66	ANI95_cluster_00350	5	G05_bin.67	False	91.0658	93.55	0.54	24460	288	4630581
G05_bin.67	ANI95_cluster_00350	5	G05_bin.67	True	93.77333	96.24	0.59	49993	166	5073099
G05_bin.71	ANI95_cluster_00351	1	G05_bin.71	True	87.48198	90.56	0.67	28298	110	1980187
G05_bin.76	ANI95_cluster_00352	1	G05_bin.76	True	40.63458	80.9	8.05	3808	535	1828617
G05_bin.78	ANI95_cluster_00353	1	G05_bin.78	True	79.00474	84.27	1.12	34034	56	1212090
C05_bin.9	ANI95_cluster_00354	3	G06_bin.14	False	83.01746	90.11	1.44	12816	207	1709219
F08_bin.49	ANI95_cluster_00354	3	G06_bin.14	False	86.50439	94.27	1.57	10849	241	1718574
G06_bin.14	ANI95_cluster_00354	3	G06_bin.14	True	86.94995	96.24	1.9	22545	155	1899439
A05_bin.39	ANI95_cluster_00355	16	G06_bin.24	False	85.34036	94.63	1.9	23016	198	2667881
B08_bin.69	ANI95_cluster_00355	16	G06_bin.24	False	39.93856	84.19	8.86	8896	404	2531506
C04_bin.69	ANI95_cluster_00355	16	G06_bin.24	False	72.25381	90.6	3.69	12781	240	2244692
C07_bin.6	ANI95_cluster_00355	16	G06_bin.24	False	48.86562	83.18	6.88	11992	343	2553436
D01_bin.12	ANI95_cluster_00355	16	G06_bin.24	False	50.58573	85.76	7.04	7183	461	2652751
D06_bin.37	ANI95_cluster_00355	16	G06_bin.24	False	76.72452	84.56	1.68	57042	59	2164118
E02_bin.19	ANI95_cluster_00355	16	G06_bin.24	False	63.61029	90.18	5.32	7699	467	2722156
E06_bin.40	ANI95_cluster_00355	16	G06_bin.24	False	72.66081	85.91	2.73	41071	99	2380688
E08_bin.86	ANI95_cluster_00355	16	G06_bin.24	False	45.06852	89.93	8.99	12562	371	3054568
F05_bin.27	ANI95_cluster_00355	16	G06_bin.24	False	77.49413	89.93	2.52	18673	226	2691566
F07_bin.33	ANI95_cluster_00355	16	G06_bin.24	False	67.62618	98.28	6.19	31498	188	3197843
G02_bin.18	ANI95_cluster_00355	16	G06_bin.24	False	50.46989	81.13	6.15	11989	300	2359027
G05_bin.41	ANI95_cluster_00355	16	G06_bin.24	False	55.16317	93.48	7.68	12057	374	2888949
G06_bin.24	ANI95_cluster_00355	16	G06_bin.24	True	85.60695	89.26	0.85	60275	58	2167375
H03_bin.67	ANI95_cluster_00355	16	G06_bin.24	False	67.59091	89.93	4.5	18401	231	2571240
H06_bin.22	ANI95_cluster_00355	16	G06_bin.24	False	62.15108	90.92	5.8	24688	158	2400988
G06_bin.77	ANI95_cluster_00356	1	G06_bin.77	True	88.16768	92.37	1.12	139928	16	1069961
G06_bin.89	ANI95_cluster_00357	1	G06_bin.89	True	52.52775	95.78	8.85	100325	55	3248165
A02_bin.81	ANI95_cluster_00358	23	G07_bin.107	False	49.15799	82.76	6.9	90579	78	3060205
A03_bin.33	ANI95_cluster_00358	23	G07_bin.107	False	85.33644	98.01	2.73	98574	93	3138917
B05_bin.18	ANI95_cluster_00358	23	G07_bin.107	False	83.93547	96.46	2.73	113227	68	2990995
B06_bin.67	ANI95_cluster_00358	23	G07_bin.107	False	78.41051	98.31	4.18	100611	56	2809638
B09_bin.2	ANI95_cluster_00358	23	G07_bin.107	False	82.09804	98.33	3.4	77664	86	3154875
C01_bin.32	ANI95_cluster_00358	23	G07_bin.107	False	74.87406	85.19	2.24	88796	39	2494190
C03_bin.17	ANI95_cluster_00358	23	G07_bin.107	False	82.96723	88.41	1.21	61563	84	2426977
C04_bin.34	ANI95_cluster_00358	23	G07_bin.107	False	86.46351	95.57	1.95	65031	68	2782387
C06_bin.21	ANI95_cluster_00358	23	G07_bin.107	False	81.59318	95.89	3.04	90818	50	2765158
D01_bin.60	ANI95_cluster_00358	23	G07_bin.107	False	77.82118	87.62	2.17	105618	50	2713225
D03_bin.91	ANI95_cluster_00358	23	G07_bin.107	False	77.84458	92.95	3.26	119988	53	2825624
D06_bin.65	ANI95_cluster_00358	23	G07_bin.107	False	83.12581	95.89	2.66	54651	107	3027781
D07_bin.55	ANI95_cluster_00358	23	G07_bin.107	False	74.00035	99.94	5.38	96705	67	3113676
E06_bin.52	ANI95_cluster_00358	23	G07_bin.107	False	71.78148	92.94	4.27	21728	258	3196611
F02_bin.28	ANI95_cluster_00358	23	G07_bin.107	False	77.08111	98.31	4.43	92971	86	3365766
F03_bin.47	ANI95_cluster_00358	23	G07_bin.107	False	78.47539	96.62	3.83	101169	63	2945434
F05_bin.20	ANI95_cluster_00358	23	G07_bin.107	False	78.27323	88.16	2.17	96853	53	2592392
G03_bin.56	ANI95_cluster_00358	23	G07_bin.107	False	70.04779	95.9	5.22	26879	210	3068421
G05_bin.98	ANI95_cluster_00358	23	G07_bin.107	False	80.92111	91.06	2.24	106661	55	2781291
G06_bin.70	ANI95_cluster_00358	23	G07_bin.107	False	87.97993	97.34	2.05	89593	60	2982036
G07_bin.107	ANI95_cluster_00358	23	G07_bin.107	True	89.99667	99.21	2.0	79397	73	3072255
H01_bin.34	ANI95_cluster_00358	23	G07_bin.107	False	70.41291	95.65	5.23	92021	73	2826139
H08_bin.20	ANI95_cluster_00358	23	G07_bin.107	False	86.28927	94.04	1.76	105347	42	2753807
A08_bin.15	ANI95_cluster_00359	3	G07_bin.36	False	79.36457	88.89	1.99	43167	71	1864561
D05_bin.47	ANI95_cluster_00359	3	G07_bin.36	False	68.43023	88.79	4.13	30113	109	1898371
G07_bin.36	ANI95_cluster_00359	3	G07_bin.36	True	81.55851	89.74	1.71	37461	61	1834375
A02_bin.50	ANI95_cluster_00360	6	G07_bin.76	False	89.91277	94.05	0.93	52367	109	3220964
A07_bin.37	ANI95_cluster_00360	6	G07_bin.76	False	81.46479	85.67	0.93	45739	126	3019285
A08_bin.93	ANI95_cluster_00360	6	G07_bin.76	False	84.29291	86.12	0.56	97711	42	2954615
G07_bin.76	ANI95_cluster_00360	6	G07_bin.76	True	92.36383	97.65	1.23	87073	69	3426795
H03_bin.62	ANI95_cluster_00360	6	G07_bin.76	False	58.72473	92.62	6.82	22963	249	3444209
H08_bin.46	ANI95_cluster_00360	6	G07_bin.76	False	80.97366	91.61	2.23	52406	104	3419261
A05_bin.101	ANI95_cluster_00361	31	G07_bin.85	False	93.23372	98.6	1.17	49342	97	3074796
A06_bin.57	ANI95_cluster_00361	31	G07_bin.85	False	92.64424	98.6	1.28	45344	92	2790939
A07_bin.74	ANI95_cluster_00361	31	G07_bin.85	False	92.9953	98.6	1.17	26270	174	2852857
A08_bin.90	ANI95_cluster_00361	31	G07_bin.85	False	93.57247	97.9	0.93	33837	159	2996208
A09_bin.42	ANI95_cluster_00361	31	G07_bin.85	False	93.04898	98.6	1.17	31528	163	2941929
B02_bin.31	ANI95_cluster_00361	31	G07_bin.85	False	88.83274	97.9	1.86	25244	197	3005044
B03_bin.66	ANI95_cluster_00361	31	G07_bin.85	False	87.00736	99.3	2.56	51666	93	3155707
C01_bin.5	ANI95_cluster_00361	31	G07_bin.85	False	90.37316	95.8	1.17	43226	91	2745052
C05_bin.1	ANI95_cluster_00361	31	G07_bin.85	False	88.94108	99.3	2.21	69778	67	2897231
C07_bin.62	ANI95_cluster_00361	31	G07_bin.85	False	88.59472	96.0	1.52	21392	192	2779287
C08_bin.8	ANI95_cluster_00361	31	G07_bin.85	False	94.136	98.6	0.93	20720	212	2913700
D01_bin.46	ANI95_cluster_00361	31	G07_bin.85	False	73.33139	97.9	5.01	49009	87	3004507
D03_bin.71	ANI95_cluster_00361	31	G07_bin.85	False	93.30461	98.6	1.17	56261	80	2871040
E01_bin.91	ANI95_cluster_00361	31	G07_bin.85	False	94.15688	99.3	1.17	71318	63	3001657
E02_bin.42	ANI95_cluster_00361	31	G07_bin.85	False	86.84531	92.31	1.17	39521	99	2830842
E08_bin.71	ANI95_cluster_00361	31	G07_bin.85	False	89.26639	97.9	1.86	67319	68	2859017
F01_bin.9	ANI95_cluster_00361	31	G07_bin.85	False	94.01979	99.3	1.17	57849	87	2933736
F05_bin.7	ANI95_cluster_00361	31	G07_bin.85	False	93.03433	97.2	0.93	49503	107	2893318
F06_bin.36	ANI95_cluster_00361	31	G07_bin.85	False	80.44873	81.61	0.23	4843	597	2403571
F07_bin.57	ANI95_cluster_00361	31	G07_bin.85	False	90.42422	95.8	1.17	48352	93	3064762
F08_bin.14	ANI95_cluster_00361	31	G07_bin.85	False	93.40086	98.6	1.17	65826	74	2994963
G01_bin.15	ANI95_cluster_00361	31	G07_bin.85	False	93.96656	99.3	1.17	52516	86	2869352
G03_bin.82	ANI95_cluster_00361	31	G07_bin.85	False	65.99584	84.03	3.75	72154	57	2406112
G04_bin.75	ANI95_cluster_00361	31	G07_bin.85	False	86.28889	98.6	2.56	49889	100	3202410
G05_bin.65	ANI95_cluster_00361	31	G07_bin.85	False	90.4139	99.3	1.86	42360	97	2926442
G07_bin.85	ANI95_cluster_00361	31	G07_bin.85	True	94.91939	99.3	0.93	28649	171	3098913
H01_bin.47	ANI95_cluster_00361	31	G07_bin.85	False	93.79225	99.3	1.17	35455	123	2867865
H02_bin.3	ANI95_cluster_00361	31	G07_bin.85	False	88.14401	91.61	0.7	7891	449	2718611
H03_bin.30	ANI95_cluster_00361	31	G07_bin.85	False	92.92179	97.2	0.93	38229	105	2843947
H05_bin.33	ANI95_cluster_00361	31	G07_bin.85	False	90.77219	96.5	1.17	14989	277	2865286
H06_bin.84	ANI95_cluster_00361	31	G07_bin.85	False	93.89331	99.3	1.17	45301	97	3014813
G07_bin.87	ANI95_cluster_00362	1	G07_bin.87	True	80.46659	89.74	2.14	142999	34	2008039
B01_bin.26	ANI95_cluster_00363	3	G08_bin.11	False	77.01215	82.27	1.05	4655	544	2165245
E08_bin.39	ANI95_cluster_00363	3	G08_bin.11	False	73.56098	85.78	2.45	7058	396	2089951
G08_bin.11	ANI95_cluster_00363	3	G08_bin.11	True	91.99162	96.15	1.05	109582	42	2817487
A01_bin.90	ANI95_cluster_00364	30	G08_bin.17	False	85.34484	94.97	2.01	43274	79	1936776
A04_bin.22	ANI95_cluster_00364	30	G08_bin.17	False	71.8239	84.2	2.51	18740	135	1690232
A08_bin.31	ANI95_cluster_00364	30	G08_bin.17	False	78.39001	92.79	2.92	21551	155	1818035
B01_bin.65	ANI95_cluster_00364	30	G08_bin.17	False	79.90046	93.29	2.77	46716	67	1854930
B02_bin.103	ANI95_cluster_00364	30	G08_bin.17	False	60.30652	91.72	6.29	7132	348	1797557
B03_bin.10	ANI95_cluster_00364	30	G08_bin.17	False	94.00737	92.62	0.0	138967	23	1663761
B05_bin.38	ANI95_cluster_00364	30	G08_bin.17	False	48.67698	95.08	9.31	16358	166	1791734
B08_bin.51	ANI95_cluster_00364	30	G08_bin.17	False	84.73067	90.6	1.34	83357	29	1861223
C01_bin.45	ANI95_cluster_00364	30	G08_bin.17	False	70.89989	84.97	2.82	6089	310	1466670
C02_bin.56	ANI95_cluster_00364	30	G08_bin.17	False	63.01964	86.49	4.7	6264	330	1639983
C04_bin.92	ANI95_cluster_00364	30	G08_bin.17	False	78.82012	90.1	2.35	47692	68	1641502
C05_bin.79	ANI95_cluster_00364	30	G08_bin.17	False	78.7679	93.06	2.87	8410	262	1618070
D08_bin.98	ANI95_cluster_00364	30	G08_bin.17	False	68.5849	89.35	4.16	6590	310	1586509
E01_bin.82	ANI95_cluster_00364	30	G08_bin.17	False	58.29685	90.16	6.38	7015	333	1701431
E06_bin.60	ANI95_cluster_00364	30	G08_bin.17	False	70.2793	83.62	2.68	8340	241	1558943
E08_bin.42	ANI95_cluster_00364	30	G08_bin.17	False	77.01036	86.07	2.01	99326	29	1465398
F04_bin.46	ANI95_cluster_00364	30	G08_bin.17	False	83.96605	88.53	0.95	19825	122	1534752
F05_bin.16	ANI95_cluster_00364	30	G08_bin.17	False	91.1466	97.32	1.34	53180	52	1982963
F06_bin.95	ANI95_cluster_00364	30	G08_bin.17	False	85.55546	89.85	0.89	17026	148	1704080
F08_bin.31	ANI95_cluster_00364	30	G08_bin.17	False	78.28319	80.87	0.67	76689	37	1737225
G01_bin.33	ANI95_cluster_00364	30	G08_bin.17	False	87.08218	92.95	1.23	29398	118	1914810
G02_bin.44	ANI95_cluster_00364	30	G08_bin.17	False	74.73619	82.55	1.68	58959	34	1522611
G04_bin.43	ANI95_cluster_00364	30	G08_bin.17	False	81.41813	87.71	1.34	41413	60	1721558
G05_bin.66	ANI95_cluster_00364	30	G08_bin.17	False	60.46538	90.43	6.01	10818	228	1739934
G06_bin.75	ANI95_cluster_00364	30	G08_bin.17	False	66.56151	91.27	4.95	7111	296	1619438
G07_bin.80	ANI95_cluster_00364	30	G08_bin.17	False	82.69371	97.32	2.96	19101	173	1955600
G08_bin.17	ANI95_cluster_00364	30	G08_bin.17	True	95.1167	97.05	0.45	32880	121	2077355
H02_bin.28	ANI95_cluster_00364	30	G08_bin.17	False	86.09092	92.61	1.34	19402	131	1657641
H04_bin.65	ANI95_cluster_00364	30	G08_bin.17	False	69.78736	92.62	4.7	67336	60	2082503
H06_bin.56	ANI95_cluster_00364	30	G08_bin.17	False	73.84285	87.92	2.85	18465	118	1450835
G08_bin.28	ANI95_cluster_00365	1	G08_bin.28	True	88.97136	98.43	2.01	60256	112	3128480
G08_bin.3	ANI95_cluster_00366	1	G08_bin.3	True	90.87682	88.93	0.0	194812	13	1694879
G08_bin.54	ANI95_cluster_00367	1	G08_bin.54	True	93.07721	94.41	0.34	37561	84	2234711
G08_bin.64	ANI95_cluster_00368	1	G08_bin.64	True	69.84735	87.71	3.8	114205	47	2490989
G08_bin.70	ANI95_cluster_00369	1	G08_bin.70	True	79.21443	95.9	3.36	14943	350	3548071
C05_bin.12	ANI95_cluster_00370	2	G08_bin.80	False	52.28106	80.86	5.94	112366	26	1434176
G08_bin.80	ANI95_cluster_00370	2	G08_bin.80	True	81.57815	80.86	0.0	72115	30	1323574
A04_bin.2	ANI95_cluster_00371	3	G08_bin.86	False	71.00952	85.52	2.91	7122	317	1846475
C07_bin.80	ANI95_cluster_00371	3	G08_bin.86	False	77.5506	82.33	1.01	28270	121	1943430
G08_bin.86	ANI95_cluster_00371	3	G08_bin.86	True	79.88781	84.26	1.01	68471	69	2407306
G08_bin.88	ANI95_cluster_00372	1	G08_bin.88	True	89.7623	95.28	1.13	15260	203	2194239
A04_bin.11	ANI95_cluster_00373	9	G08_bin.9	False	64.15924	87.11	4.6	8324	340	2110978
B08_bin.49	ANI95_cluster_00373	9	G08_bin.9	False	61.95353	89.26	5.48	12013	266	2142439
C03_bin.11	ANI95_cluster_00373	9	G08_bin.9	False	61.66471	93.03	6.38	54321	85	2427334
C06_bin.18	ANI95_cluster_00373	9	G08_bin.9	False	87.2971	89.08	0.4	23250	154	2201881
C07_bin.5	ANI95_cluster_00373	9	G08_bin.9	False	50.23844	84.61	6.93	29284	144	2775541
D04_bin.50	ANI95_cluster_00373	9	G08_bin.9	False	72.43765	96.09	4.83	50545	78	2239689
E03_bin.58	ANI95_cluster_00373	9	G08_bin.9	False	60.1103	88.41	5.69	17030	200	2279101
F04_bin.64	ANI95_cluster_00373	9	G08_bin.9	False	84.81883	97.48	2.57	20803	192	2459645
G08_bin.9	ANI95_cluster_00373	9	G08_bin.9	True	101.46498	100.0	0.0	146758	26	2410352
G05_bin.39	ANI95_cluster_00374	2	H01_bin.103	False	81.23369	80.82	0.02	52039	67	2166427
H01_bin.103	ANI95_cluster_00374	2	H01_bin.103	True	86.0222	85.53	0.0	49860	64	2156332
H01_bin.11	ANI95_cluster_00375	1	H01_bin.11	True	72.6538	90.1	3.53	22320	194	2670180
H01_bin.42	ANI95_cluster_00376	1	H01_bin.42	True	63.90183	80.04	3.23	5073	389	1692350
H01_bin.45	ANI95_cluster_00377	1	H01_bin.45	True	88.3667	93.58	1.13	44600	93	2837796
H01_bin.57	ANI95_cluster_00378	1	H01_bin.57	True	90.49819	95.97	1.18	43679	86	2440700
H01_bin.58	ANI95_cluster_00379	1	H01_bin.58	True	61.89141	80.24	3.68	8251	311	1911766
A01_bin.65	ANI95_cluster_00380	7	H01_bin.87	False	65.86255	83.09	3.56	57925	67	2370211
C02_bin.28	ANI95_cluster_00380	7	H01_bin.87	False	71.07167	86.59	3.16	29387	122	2459723
D06_bin.47	ANI95_cluster_00380	7	H01_bin.87	False	63.07875	92.14	5.88	35455	158	3053922
E02_bin.22	ANI95_cluster_00380	7	H01_bin.87	False	82.69968	86.47	0.79	19918	195	2395683
F07_bin.132	ANI95_cluster_00380	7	H01_bin.87	False	76.4786	94.04	3.62	54550	69	2934468
H01_bin.87	ANI95_cluster_00380	7	H01_bin.87	True	91.44343	98.55	1.55	64993	65	3051066
H03_bin.36	ANI95_cluster_00380	7	H01_bin.87	False	87.10942	95.17	1.7	45002	106	2789978
H01_bin.93	ANI95_cluster_00381	1	H01_bin.93	True	62.9744	80.43	3.52	16220	178	1808798
C01_bin.23	ANI95_cluster_00382	3	H02_bin.14	False	48.32429	88.19	8.05	39389	96	2076199
C05_bin.87	ANI95_cluster_00382	3	H02_bin.14	False	53.01798	83.89	6.27	48558	76	2180880
H02_bin.14	ANI95_cluster_00382	3	H02_bin.14	True	73.21424	82.05	1.85	42064	64	1761368
A04_bin.56	ANI95_cluster_00383	2	H02_bin.17	False	81.61824	87.39	1.3	73394	57	2851898
H02_bin.17	ANI95_cluster_00383	2	H02_bin.17	True	87.45262	94.9	1.61	61102	84	3262945
A08_bin.1	ANI95_cluster_00384	10	H02_bin.18	False	82.71363	94.39	2.39	28423	106	1714367
A09_bin.34	ANI95_cluster_00384	10	H02_bin.18	False	85.54711	95.18	1.97	22901	119	1730587
B05_bin.80	ANI95_cluster_00384	10	H02_bin.18	False	69.93319	89.75	4.0	19929	161	2107662
E01_bin.26	ANI95_cluster_00384	10	H02_bin.18	False	71.49628	92.9	4.31	16728	210	2043401
E02_bin.16	ANI95_cluster_00384	10	H02_bin.18	False	67.45269	91.55	4.85	16919	165	1904018
F02_bin.7	ANI95_cluster_00384	10	H02_bin.18	False	68.33931	95.24	5.42	21271	134	1959384
F04_bin.55	ANI95_cluster_00384	10	H02_bin.18	False	83.63728	97.92	2.92	32768	104	1948662
G07_bin.30	ANI95_cluster_00384	10	H02_bin.18	False	87.26186	93.6	1.33	32336	115	1862658
G08_bin.42	ANI95_cluster_00384	10	H02_bin.18	False	84.41778	84.09	0.19	127968	19	1566092
H02_bin.18	ANI95_cluster_00384	10	H02_bin.18	True	90.18272	98.53	1.7	17292	202	1943785
E02_bin.3	ANI95_cluster_00385	2	H02_bin.19	False	90.64388	90.58	0.0	9598	321	2262360
H02_bin.19	ANI95_cluster_00385	2	H02_bin.19	True	97.70924	97.52	0.0	20584	166	2416080
F02_bin.71	ANI95_cluster_00386	2	H02_bin.41	False	85.63645	85.48	0.0	17445	180	2149909
H02_bin.41	ANI95_cluster_00386	2	H02_bin.41	True	86.10932	85.91	0.0	21302	137	2086635
H02_bin.48	ANI95_cluster_00387	1	H02_bin.48	True	97.27848	100.0	0.63	44048	120	2188598
H02_bin.53	ANI95_cluster_00388	1	H02_bin.53	True	87.14564	94.6	1.59	50414	85	2653707
H02_bin.57	ANI95_cluster_00389	1	H02_bin.57	True	89.94704	89.25	0.0	70234	53	2124620
A07_bin.62	ANI95_cluster_00390	5	H02_bin.64	False	90.31929	96.13	1.22	30159	123	2449003
B09_bin.52	ANI95_cluster_00390	5	H02_bin.64	False	88.17321	91.19	0.61	7321	400	2248514
F07_bin.44	ANI95_cluster_00390	5	H02_bin.64	False	81.5672	98.11	3.39	41590	87	2526744
H02_bin.64	ANI95_cluster_00390	5	H02_bin.64	True	94.01033	96.75	0.59	22923	189	2569236
H07_bin.43	ANI95_cluster_00390	5	H02_bin.64	False	78.17081	92.06	2.79	9491	341	2346416
H03_bin.11	ANI95_cluster_00391	1	H03_bin.11	True	84.16609	80.08	0.0	408679	7	1144144
H03_bin.13	ANI95_cluster_00392	1	H03_bin.13	True	90.98417	94.33	0.69	13427	301	2710832
B08_bin.32	ANI95_cluster_00393	3	H03_bin.18	False	88.79568	92.67	0.78	5998	343	1638570
G05_bin.86	ANI95_cluster_00393	3	H03_bin.18	False	94.0603	89.44	0.0	462080	5	1531754
H03_bin.18	ANI95_cluster_00393	3	H03_bin.18	True	99.82056	98.67	0.11	170216	16	1690802
H03_bin.2	ANI95_cluster_00394	1	H03_bin.2	True	91.26642	92.81	0.34	17242	160	1902444
A06_bin.8	ANI95_cluster_00395	7	H03_bin.22	False	50.23087	98.28	9.64	17117	203	2265011
F04_bin.24	ANI95_cluster_00395	7	H03_bin.22	False	76.00815	92.39	3.36	42775	96	2579849
G03_bin.31	ANI95_cluster_00395	7	H03_bin.22	False	73.98531	95.52	4.34	19011	248	2546155
G05_bin.9	ANI95_cluster_00395	7	H03_bin.22	False	58.20733	91.37	6.66	15913	218	2406574
H01_bin.20	ANI95_cluster_00395	7	H03_bin.22	False	84.99156	95.75	2.24	45376	122	2458078
H03_bin.22	ANI95_cluster_00395	7	H03_bin.22	True	88.48009	94.07	1.13	9469	346	2483746
H06_bin.73	ANI95_cluster_00395	7	H03_bin.22	False	49.18612	92.24	8.62	8602	399	2564177
H03_bin.38	ANI95_cluster_00396	1	H03_bin.38	True	45.93559	84.8	7.77	4649	609	2420957
H03_bin.40	ANI95_cluster_00397	1	H03_bin.40	True	86.66206	85.46	0.0	120436	23	1569625
H03_bin.63	ANI95_cluster_00398	1	H03_bin.63	True	89.77844	97.58	1.61	25994	115	1748248
B06_bin.17	ANI95_cluster_00399	4	H03_bin.66	False	82.11874	91.18	1.83	11244	237	1809308
F07_bin.125	ANI95_cluster_00399	4	H03_bin.66	False	67.98867	84.81	3.37	6127	326	1597008
G05_bin.60	ANI95_cluster_00399	4	H03_bin.66	False	75.02005	91.12	3.23	8045	304	1830086
H03_bin.66	ANI95_cluster_00399	4	H03_bin.66	True	85.1806	94.48	1.88	12130	207	1746457
H03_bin.72	ANI95_cluster_00400	1	H03_bin.72	True	83.54172	89.11	1.12	6612	344	1780991
B06_bin.66	ANI95_cluster_00401	2	H03_bin.82	False	86.85532	87.26	0.12	21612	208	2974600
H03_bin.82	ANI95_cluster_00401	2	H03_bin.82	True	90.33965	90.37	0.07	33645	168	3602029
H03_bin.86	ANI95_cluster_00402	1	H03_bin.86	True	92.65889	95.27	0.68	79399	51	2446795
A05_bin.58	ANI95_cluster_00403	2	H04_bin.32	False	50.80733	80.86	6.01	4663	493	1912240
H04_bin.32	ANI95_cluster_00403	2	H04_bin.32	True	85.08929	86.58	0.34	22399	147	1973469
H04_bin.33	ANI95_cluster_00404	1	H04_bin.33	True	82.5492	94.28	2.35	7130	521	2813371
B04_bin.29	ANI95_cluster_00405	2	H04_bin.47	False	86.03659	91.95	1.23	25049	139	2233954
H04_bin.47	ANI95_cluster_00405	2	H04_bin.47	True	93.42512	92.95	0.0	48292	78	2220950
A02_bin.15	ANI95_cluster_00406	34	H04_bin.57	False	89.27396	90.48	0.34	50096	70	2344644
A04_bin.15	ANI95_cluster_00406	34	H04_bin.57	False	87.09951	93.54	1.36	37301	135	2394854
A05_bin.65	ANI95_cluster_00406	34	H04_bin.57	False	65.24351	91.71	5.3	7301	395	2305442
A07_bin.61	ANI95_cluster_00406	34	H04_bin.57	False	77.96366	89.03	2.27	29486	112	2090870
B02_bin.95	ANI95_cluster_00406	34	H04_bin.57	False	70.56225	92.02	4.31	12045	282	2353389
B04_bin.11	ANI95_cluster_00406	34	H04_bin.57	False	76.0554	95.92	4.08	54320	78	2591708
B08_bin.92	ANI95_cluster_00406	34	H04_bin.57	False	88.84788	91.84	0.68	41688	90	2423084
B09_bin.18	ANI95_cluster_00406	34	H04_bin.57	False	93.11305	92.86	0.0	26655	135	2312885
C03_bin.54	ANI95_cluster_00406	34	H04_bin.57	False	83.76795	93.65	2.04	32875	108	2489332
C04_bin.88	ANI95_cluster_00406	34	H04_bin.57	False	88.92432	95.24	1.36	49232	80	2453309
C08_bin.38	ANI95_cluster_00406	34	H04_bin.57	False	55.49798	90.51	7.02	11848	305	2504238
D02_bin.51	ANI95_cluster_00406	34	H04_bin.57	False	78.71094	91.61	2.63	26464	137	2228326
D04_bin.20	ANI95_cluster_00406	34	H04_bin.57	False	90.70974	95.24	1.02	57584	61	2347251
D05_bin.26	ANI95_cluster_00406	34	H04_bin.57	False	77.66149	87.61	2.04	26539	139	2338627
D06_bin.82	ANI95_cluster_00406	34	H04_bin.57	False	91.99747	91.61	0.0	39667	92	2237500
D07_bin.27	ANI95_cluster_00406	34	H04_bin.57	False	86.94788	90.82	0.85	38718	93	2249545
D08_bin.82	ANI95_cluster_00406	34	H04_bin.57	False	80.95513	91.84	2.23	27953	144	2270733
E02_bin.10	ANI95_cluster_00406	34	H04_bin.57	False	86.99764	90.59	0.74	13134	237	2311539
E08_bin.27	ANI95_cluster_00406	34	H04_bin.57	False	81.04005	91.44	2.1	12555	255	2210842
F01_bin.63	ANI95_cluster_00406	34	H04_bin.57	False	79.12249	89.64	2.11	7379	413	2275212
F02_bin.72	ANI95_cluster_00406	34	H04_bin.57	False	71.43481	85.49	2.83	12081	260	2309455
F03_bin.51	ANI95_cluster_00406	34	H04_bin.57	False	77.83238	88.89	2.24	16338	210	2361167
F05_bin.22	ANI95_cluster_00406	34	H04_bin.57	False	86.05484	93.71	1.63	50364	88	2268878
F06_bin.54	ANI95_cluster_00406	34	H04_bin.57	False	76.75258	86.81	2.04	16528	227	2439713
F07_bin.80	ANI95_cluster_00406	34	H04_bin.57	False	83.13676	85.97	0.57	6036	436	2094277
G01_bin.74	ANI95_cluster_00406	34	H04_bin.57	False	68.95001	85.91	3.4	7721	372	2168310
G03_bin.79	ANI95_cluster_00406	34	H04_bin.57	False	87.6696	93.88	1.36	59760	80	2350140
G04_bin.59	ANI95_cluster_00406	34	H04_bin.57	False	92.3825	92.52	0.14	57120	87	2460670
G05_bin.17	ANI95_cluster_00406	34	H04_bin.57	False	86.46954	92.97	1.36	31234	128	2291391
G06_bin.94	ANI95_cluster_00406	34	H04_bin.57	False	81.98758	88.44	1.36	35818	106	2311266
G08_bin.34	ANI95_cluster_00406	34	H04_bin.57	False	87.73986	87.64	0.0	12656	267	2308512
H04_bin.57	ANI95_cluster_00406	34	H04_bin.57	True	96.36243	95.92	0.0	45193	95	2564568
H05_bin.2	ANI95_cluster_00406	34	H04_bin.57	False	87.67434	94.9	1.5	28754	132	2208504
H06_bin.75	ANI95_cluster_00406	34	H04_bin.57	False	71.2762	92.38	4.31	45580	96	2376683
H04_bin.68	ANI95_cluster_00407	1	H04_bin.68	True	76.00468	90.06	2.85	21918	245	3156881
H04_bin.7	ANI95_cluster_00408	1	H04_bin.7	True	99.39823	97.7	0.0	170073	25	2628468
H04_bin.73	ANI95_cluster_00409	1	H04_bin.73	True	70.79673	82.84	2.4	5043	937	3931489
A09_bin.3	ANI95_cluster_00410	2	H05_bin.21	False	79.64999	94.09	3.01	62549	155	6128634
H05_bin.21	ANI95_cluster_00410	2	H05_bin.21	True	84.73967	98.73	3.01	106967	100	6795314
F01_bin.21	ANI95_cluster_00411	2	H05_bin.27	False	89.48283	99.19	2.0	30343	106	2086161
H05_bin.27	ANI95_cluster_00411	2	H05_bin.27	True	96.62719	100.0	0.81	68209	49	2088514
A09_bin.24	ANI95_cluster_00412	11	H05_bin.34	False	91.84697	97.6	1.19	22907	321	4751862
B03_bin.47	ANI95_cluster_00412	11	H05_bin.34	False	87.23034	96.61	1.9	16484	445	4612219
C01_bin.43	ANI95_cluster_00412	11	H05_bin.34	False	84.57022	90.87	1.26	7122	710	3877987
C07_bin.29	ANI95_cluster_00412	11	H05_bin.34	False	90.27709	85.15	0.08	552859	15	3795310
E04_bin.19	ANI95_cluster_00412	11	H05_bin.34	False	93.72432	98.65	1.03	25362	293	4472157
E06_bin.65	ANI95_cluster_00412	11	H05_bin.34	False	73.7651	82.74	2.13	167980	47	3834805
F08_bin.25	ANI95_cluster_00412	11	H05_bin.34	False	86.10794	84.84	0.08	167224	43	4079313
G02_bin.40	ANI95_cluster_00412	11	H05_bin.34	False	98.58116	98.03	0.08	95866	75	4383408
G05_bin.91	ANI95_cluster_00412	11	H05_bin.34	False	94.83751	95.64	0.39	115291	54	4357690
H01_bin.48	ANI95_cluster_00412	11	H05_bin.34	False	94.48532	95.99	0.87	284812	28	4452251
H05_bin.34	ANI95_cluster_00412	11	H05_bin.34	True	100.72068	99.96	0.12	136648	58	4654820
A01_bin.91	ANI95_cluster_00413	41	H05_bin.38	False	87.70587	90.85	0.72	47197	161	4157057
A02_bin.44	ANI95_cluster_00413	41	H05_bin.38	False	79.72201	80.19	0.38	143631	43	3786313
A03_bin.43	ANI95_cluster_00413	41	H05_bin.38	False	87.91189	88.44	0.38	137579	39	3936649
A05_bin.111	ANI95_cluster_00413	41	H05_bin.38	False	95.07601	93.81	0.0	127151	55	4454890
A07_bin.79	ANI95_cluster_00413	41	H05_bin.38	False	98.21011	99.18	0.38	93831	82	4568086
A08_bin.63	ANI95_cluster_00413	41	H05_bin.38	False	99.19565	98.65	0.13	120155	59	4792321
B01_bin.75	ANI95_cluster_00413	41	H05_bin.38	False	98.02973	99.42	0.51	116833	86	4513357
B03_bin.44	ANI95_cluster_00413	41	H05_bin.38	False	96.35451	96.86	0.38	139981	53	4756295
B04_bin.52	ANI95_cluster_00413	41	H05_bin.38	False	96.76811	95.19	0.0	158131	32	4275053
B05_bin.20	ANI95_cluster_00413	41	H05_bin.38	False	85.26189	95.52	2.12	36149	196	4244969
B08_bin.25	ANI95_cluster_00413	41	H05_bin.38	False	96.51287	97.88	0.51	118847	56	4393451
B09_bin.73	ANI95_cluster_00413	41	H05_bin.38	False	96.6289	99.04	0.77	144230	34	4400454
C01_bin.16	ANI95_cluster_00413	41	H05_bin.38	False	83.01877	92.5	2.31	207187	31	4314436
C02_bin.46	ANI95_cluster_00413	41	H05_bin.38	False	84.76013	86.3	0.38	37733	172	4171048
C04_bin.40	ANI95_cluster_00413	41	H05_bin.38	False	89.11379	91.73	0.79	133879	50	4378957
C08_bin.21	ANI95_cluster_00413	41	H05_bin.38	False	93.43515	95.53	0.77	175955	44	4443215
D03_bin.37	ANI95_cluster_00413	41	H05_bin.38	False	87.16491	93.3	1.28	29011	252	4208187
D04_bin.64	ANI95_cluster_00413	41	H05_bin.38	False	97.86238	96.73	0.19	208668	43	4537012
D05_bin.35	ANI95_cluster_00413	41	H05_bin.38	False	91.76078	91.42	0.0	35768	169	4143377
D08_bin.89	ANI95_cluster_00413	41	H05_bin.38	False	95.83499	98.46	0.58	29799	230	4297266
E01_bin.14	ANI95_cluster_00413	41	H05_bin.38	False	97.32786	97.61	0.13	38436	165	4147864
E02_bin.11	ANI95_cluster_00413	41	H05_bin.38	False	86.46389	98.65	2.69	126939	55	4717908
E03_bin.65	ANI95_cluster_00413	41	H05_bin.38	False	96.33712	98.28	0.9	256022	31	4565462
E06_bin.28	ANI95_cluster_00413	41	H05_bin.38	False	94.1056	97.08	0.77	88410	85	4185237
E07_bin.32	ANI95_cluster_00413	41	H05_bin.38	False	92.8244	98.65	1.35	93100	66	4916961
E08_bin.90	ANI95_cluster_00413	41	H05_bin.38	False	91.46014	95.09	0.77	24824	281	4270568
F01_bin.40	ANI95_cluster_00413	41	H05_bin.38	False	80.35761	93.4	2.69	42431	167	4353992
F03_bin.21	ANI95_cluster_00413	41	H05_bin.38	False	96.07481	95.77	0.0	32601	212	4112284
F06_bin.39	ANI95_cluster_00413	41	H05_bin.38	False	93.32273	93.04	0.0	30333	206	4180494
F07_bin.76	ANI95_cluster_00413	41	H05_bin.38	False	87.91752	96.0	1.67	29122	237	4100287
F08_bin.73	ANI95_cluster_00413	41	H05_bin.38	False	97.60398	99.42	0.51	74468	107	4648289
G01_bin.75	ANI95_cluster_00413	41	H05_bin.38	False	91.23062	97.31	1.28	33922	186	4340224
G02_bin.49	ANI95_cluster_00413	41	H05_bin.38	False	97.2096	97.5	0.19	67060	110	4339514
G07_bin.53	ANI95_cluster_00413	41	H05_bin.38	False	92.24264	97.31	1.28	133804	54	4675665
H02_bin.5	ANI95_cluster_00413	41	H05_bin.38	False	84.44565	90.13	1.15	11455	489	3779951
H03_bin.31	ANI95_cluster_00413	41	H05_bin.38	False	86.23477	94.6	1.73	30777	230	4434781
H04_bin.18	ANI95_cluster_00413	41	H05_bin.38	False	98.55231	97.12	0.0	143631	40	4604325
H05_bin.38	ANI95_cluster_00413	41	H05_bin.38	True	100.38849	98.65	0.0	174269	42	4559170
H06_bin.43	ANI95_cluster_00413	41	H05_bin.38	False	92.08449	93.46	0.38	53709	126	4200986
H07_bin.5	ANI95_cluster_00413	41	H05_bin.38	False	87.52143	97.63	2.06	22053	291	4124007
H08_bin.32	ANI95_cluster_00413	41	H05_bin.38	False	99.29611	97.5	0.0	179961	35	4489107
H05_bin.41	ANI95_cluster_00414	1	H05_bin.41	True	91.15809	97.31	1.27	23169	336	3628228
A02_bin.69	ANI95_cluster_00415	40	H05_bin.43	False	98.23915	99.52	0.48	112365	45	2670908
A04_bin.62	ANI95_cluster_00415	40	H05_bin.43	False	90.89446	92.51	0.36	20046	160	2036194
A05_bin.45	ANI95_cluster_00415	40	H05_bin.43	False	99.72719	98.79	0.0	94189	47	2648305
A06_bin.102	ANI95_cluster_00415	40	H05_bin.43	False	78.41973	94.04	3.15	15193	222	2152373
A08_bin.78	ANI95_cluster_00415	40	H05_bin.43	False	87.63719	92.16	0.97	33609	89	2247571
A09_bin.53	ANI95_cluster_00415	40	H05_bin.43	False	96.14703	96.14	0.16	81233	53	2545916
B01_bin.12	ANI95_cluster_00415	40	H05_bin.43	False	91.12489	93.66	0.56	27569	108	2121033
B04_bin.77	ANI95_cluster_00415	40	H05_bin.43	False	96.11526	98.07	0.48	45326	80	2516377
B05_bin.46	ANI95_cluster_00415	40	H05_bin.43	False	94.1382	99.28	1.21	91540	72	2820356
B08_bin.67	ANI95_cluster_00415	40	H05_bin.43	False	88.3163	92.93	0.97	24940	131	2210406
B09_bin.35	ANI95_cluster_00415	40	H05_bin.43	False	97.96188	98.71	0.29	70768	58	2687649
C02_bin.45	ANI95_cluster_00415	40	H05_bin.43	False	91.77257	96.26	0.97	37247	99	2484809
C03_bin.42	ANI95_cluster_00415	40	H05_bin.43	False	92.87805	93.42	0.16	27205	140	2363958
C04_bin.29	ANI95_cluster_00415	40	H05_bin.43	False	95.32845	99.28	0.97	90385	54	2795141
C05_bin.61	ANI95_cluster_00415	40	H05_bin.43	False	95.57327	99.28	0.97	114757	43	2562545
C07_bin.77	ANI95_cluster_00415	40	H05_bin.43	False	90.38974	96.82	1.33	23474	150	2312393
C08_bin.61	ANI95_cluster_00415	40	H05_bin.43	False	76.90106	87.11	2.05	7686	358	2204350
D01_bin.21	ANI95_cluster_00415	40	H05_bin.43	False	95.55677	95.07	0.0	49457	78	2436334
D02_bin.68	ANI95_cluster_00415	40	H05_bin.43	False	83.60939	86.23	0.66	68469	53	2486637
D03_bin.8	ANI95_cluster_00415	40	H05_bin.43	False	66.2873	86.61	4.07	6600	387	1982557
D05_bin.23	ANI95_cluster_00415	40	H05_bin.43	False	97.79076	96.62	0.0	117496	42	2742156
D06_bin.33	ANI95_cluster_00415	40	H05_bin.43	False	96.36797	95.47	0.0	90227	43	2580255
D07_bin.68	ANI95_cluster_00415	40	H05_bin.43	False	94.31332	99.52	1.21	84732	40	2456300
D08_bin.78	ANI95_cluster_00415	40	H05_bin.43	False	80.85669	92.11	2.42	85039	37	2369316
E02_bin.14	ANI95_cluster_00415	40	H05_bin.43	False	93.34886	94.32	0.24	24606	172	2535303
E07_bin.1	ANI95_cluster_00415	40	H05_bin.43	False	98.21577	97.1	0.0	111977	40	2534853
E08_bin.3	ANI95_cluster_00415	40	H05_bin.43	False	94.59876	96.14	0.48	86346	47	2479439
F01_bin.37	ANI95_cluster_00415	40	H05_bin.43	False	87.25489	87.52	0.1	24749	126	2189643
F04_bin.60	ANI95_cluster_00415	40	H05_bin.43	False	94.61033	99.52	1.21	114423	39	2872947
F06_bin.48	ANI95_cluster_00415	40	H05_bin.43	False	96.00188	96.38	0.24	82848	66	2767100
F07_bin.26	ANI95_cluster_00415	40	H05_bin.43	False	95.75452	95.02	0.0	74022	57	2726801
G01_bin.9	ANI95_cluster_00415	40	H05_bin.43	False	92.91737	96.62	0.87	65357	62	2504711
G03_bin.28	ANI95_cluster_00415	40	H05_bin.43	False	94.64434	97.87	0.68	19184	175	2322747
G07_bin.66	ANI95_cluster_00415	40	H05_bin.43	False	95.2906	95.27	0.07	38070	101	2443727
H01_bin.72	ANI95_cluster_00415	40	H05_bin.43	False	94.79392	96.46	0.48	73922	53	2545338
H02_bin.12	ANI95_cluster_00415	40	H05_bin.43	False	98.53461	97.58	0.0	95941	48	2748128
H04_bin.20	ANI95_cluster_00415	40	H05_bin.43	False	98.80944	97.88	0.0	93454	51	2854701
H05_bin.43	ANI95_cluster_00415	40	H05_bin.43	True	100.24719	99.52	0.05	98229	51	2576309
H07_bin.66	ANI95_cluster_00415	40	H05_bin.43	False	98.44719	97.91	0.0	54429	71	2435290
H08_bin.21	ANI95_cluster_00415	40	H05_bin.43	False	98.60732	98.15	0.0	46582	85	2605487
A07_bin.23	ANI95_cluster_00416	3	H06_bin.1	False	74.9957	83.9	1.79	7510	294	1700031
E08_bin.74	ANI95_cluster_00416	3	H06_bin.1	False	69.09838	84.23	3.15	62308	47	1887374
H06_bin.1	ANI95_cluster_00416	3	H06_bin.1	True	82.27973	87.58	1.17	55443	47	1853763
C07_bin.60	ANI95_cluster_00417	2	H06_bin.54	False	70.22477	92.13	4.49	54917	44	1338602
H06_bin.54	ANI95_cluster_00417	2	H06_bin.54	True	72.4638	94.38	4.49	53780	40	1342464
B01_bin.48	ANI95_cluster_00418	4	H06_bin.57	False	80.18587	89.17	1.81	9227	264	1814889
D03_bin.14	ANI95_cluster_00418	4	H06_bin.57	False	74.89259	84.92	2.01	5709	345	1670895
F06_bin.85	ANI95_cluster_00418	4	H06_bin.57	False	88.81904	88.37	0.0	45524	62	1892286
H06_bin.57	ANI95_cluster_00418	4	H06_bin.57	True	94.4418	93.74	0.0	70540	36	2049664
A03_bin.12	ANI95_cluster_00419	35	H06_bin.61	False	85.14902	95.15	2.11	55862	96	2729931
A05_bin.57	ANI95_cluster_00419	35	H06_bin.61	False	77.58924	91.35	2.78	16594	267	2766986
B01_bin.28	ANI95_cluster_00419	35	H06_bin.61	False	86.91375	93.62	1.42	40235	86	2406116
B02_bin.44	ANI95_cluster_00419	35	H06_bin.61	False	86.02246	94.51	1.77	37266	102	2539809
B05_bin.87	ANI95_cluster_00419	35	H06_bin.61	False	77.26449	94.51	3.48	17759	231	2532796
B06_bin.74	ANI95_cluster_00419	35	H06_bin.61	False	51.28442	96.18	9.02	22302	186	2703242
B07_bin.56	ANI95_cluster_00419	35	H06_bin.61	False	48.79405	92.01	8.65	7895	449	2584290
B08_bin.12	ANI95_cluster_00419	35	H06_bin.61	False	89.76913	97.05	1.48	14703	279	2699882
C01_bin.37	ANI95_cluster_00419	35	H06_bin.61	False	93.09749	99.29	1.27	18079	233	2734173
C03_bin.37	ANI95_cluster_00419	35	H06_bin.61	False	85.66222	93.43	1.58	15392	217	2369663
C05_bin.53	ANI95_cluster_00419	35	H06_bin.61	False	76.01552	91.73	3.16	11852	330	2667576
C06_bin.54	ANI95_cluster_00419	35	H06_bin.61	False	56.8778	82.1	5.06	11040	326	2587741
C07_bin.10	ANI95_cluster_00419	35	H06_bin.61	False	77.50161	88.19	2.22	42011	85	2649759
D01_bin.53	ANI95_cluster_00419	35	H06_bin.61	False	75.14764	91.35	3.45	105204	44	2748009
D02_bin.63	ANI95_cluster_00419	35	H06_bin.61	False	83.59767	97.68	2.97	77467	70	3095548
D03_bin.88	ANI95_cluster_00419	35	H06_bin.61	False	58.30132	97.75	7.93	22202	207	2728877
D08_bin.37	ANI95_cluster_00419	35	H06_bin.61	False	64.69785	93.41	5.75	7865	408	2416483
E03_bin.20	ANI95_cluster_00419	35	H06_bin.61	False	87.97401	93.88	1.27	45421	102	2517437
E06_bin.78	ANI95_cluster_00419	35	H06_bin.61	False	62.68274	87.48	4.96	5514	524	2324861
E08_bin.47	ANI95_cluster_00419	35	H06_bin.61	False	87.39143	96.41	1.9	49093	95	2981469
F01_bin.56	ANI95_cluster_00419	35	H06_bin.61	False	75.68846	84.96	1.9	24286	144	1960826
F02_bin.74	ANI95_cluster_00419	35	H06_bin.61	False	75.27983	90.99	3.15	8003	402	2431078
F03_bin.12	ANI95_cluster_00419	35	H06_bin.61	False	81.84076	87.97	1.27	23666	159	2166548
F05_bin.41	ANI95_cluster_00419	35	H06_bin.61	False	59.75834	93.57	6.78	12604	377	2804936
F06_bin.83	ANI95_cluster_00419	35	H06_bin.61	False	58.86409	80.44	4.32	6569	416	2075133
F08_bin.34	ANI95_cluster_00419	35	H06_bin.61	False	62.53438	90.19	5.56	16768	233	2583306
G03_bin.33	ANI95_cluster_00419	35	H06_bin.61	False	87.24433	96.41	1.9	34853	142	2853448
G05_bin.28	ANI95_cluster_00419	35	H06_bin.61	False	61.6626	91.7	6.01	6730	547	2806061
G06_bin.95	ANI95_cluster_00419	35	H06_bin.61	False	81.47426	97.58	3.24	12796	337	2809076
H01_bin.35	ANI95_cluster_00419	35	H06_bin.61	False	94.16425	97.05	0.63	28075	165	2610597
H02_bin.24	ANI95_cluster_00419	35	H06_bin.61	False	66.36604	91.59	5.06	11254	365	2512770
H05_bin.56	ANI95_cluster_00419	35	H06_bin.61	False	48.58611	89.6	8.21	7941	433	2592962
H06_bin.61	ANI95_cluster_00419	35	H06_bin.61	True	94.71305	99.07	0.95	40425	112	2751529
H07_bin.41	ANI95_cluster_00419	35	H06_bin.61	False	72.4404	95.78	4.7	18600	256	2862366
H08_bin.31	ANI95_cluster_00419	35	H06_bin.61	False	67.03017	94.87	5.59	13807	279	2788217
A08_bin.30	ANI95_cluster_00420	9	H06_bin.64	False	94.30411	98.66	0.94	35401	99	2486237
C07_bin.30	ANI95_cluster_00420	9	H06_bin.64	False	91.39232	90.72	0.0	67812	58	2541089
D05_bin.96	ANI95_cluster_00420	9	H06_bin.64	False	91.47632	94.3	0.67	53262	63	2405660
D08_bin.90	ANI95_cluster_00420	9	H06_bin.64	False	99.66173	98.99	0.0	67673	50	2619014
F07_bin.3	ANI95_cluster_00420	9	H06_bin.64	False	95.6022	94.63	0.0	97700	48	2714448
G01_bin.88	ANI95_cluster_00420	9	H06_bin.64	False	81.10864	81.99	0.34	82274	41	2436918
G03_bin.97	ANI95_cluster_00420	9	H06_bin.64	False	94.41695	93.96	0.0	46605	91	2399530
G07_bin.90	ANI95_cluster_00420	9	H06_bin.64	False	94.54481	93.96	0.0	59091	61	2450242
H06_bin.64	ANI95_cluster_00420	9	H06_bin.64	True	99.93469	98.99	0.0	95009	54	2718726
H06_bin.86	ANI95_cluster_00421	1	H06_bin.86	True	70.85137	88.0	3.43	4197	406	1484391
H07_bin.11	ANI95_cluster_00422	1	H07_bin.11	True	91.75661	95.57	0.79	16101	244	2752409
H07_bin.16	ANI95_cluster_00423	1	H07_bin.16	True	67.27879	94.3	5.58	89059	118	5495934
A03_bin.19	ANI95_cluster_00424	22	H07_bin.23	False	51.55839	90.45	7.82	22209	137	2124457
A05_bin.88	ANI95_cluster_00424	22	H07_bin.23	False	73.50699	98.51	5.1	50469	77	2273979
A07_bin.8	ANI95_cluster_00424	22	H07_bin.23	False	63.31457	92.57	5.91	30607	115	2074548
B01_bin.23	ANI95_cluster_00424	22	H07_bin.23	False	54.96076	85.11	6.03	5086	501	2195563
B05_bin.71	ANI95_cluster_00424	22	H07_bin.23	False	72.38068	93.69	4.29	15938	187	2063031
C01_bin.56	ANI95_cluster_00424	22	H07_bin.23	False	45.82465	83.56	7.55	5855	439	2099816
C06_bin.58	ANI95_cluster_00424	22	H07_bin.23	False	72.39663	94.97	4.59	38403	74	1952335
C07_bin.94	ANI95_cluster_00424	22	H07_bin.23	False	86.818	95.71	1.87	46520	72	2128704
D01_bin.65	ANI95_cluster_00424	22	H07_bin.23	False	82.52181	95.42	2.61	16881	170	2069385
D02_bin.3	ANI95_cluster_00424	22	H07_bin.23	False	73.76502	82.23	1.79	49152	65	1939643
D03_bin.85	ANI95_cluster_00424	22	H07_bin.23	False	49.5211	80.11	6.12	5210	410	1796285
D06_bin.21	ANI95_cluster_00424	22	H07_bin.23	False	74.68548	80.49	1.19	16218	167	1915073
E06_bin.4	ANI95_cluster_00424	22	H07_bin.23	False	83.02352	97.79	3.06	54042	69	2402227
E07_bin.43	ANI95_cluster_00424	22	H07_bin.23	False	44.99653	83.03	7.62	9513	286	1855454
E08_bin.53	ANI95_cluster_00424	22	H07_bin.23	False	49.88217	81.07	6.24	5497	428	1953846
F04_bin.39	ANI95_cluster_00424	22	H07_bin.23	False	91.27766	94.35	0.65	19216	145	1962954
F06_bin.52	ANI95_cluster_00424	22	H07_bin.23	False	55.49413	94.8	7.89	16483	207	2163341
H02_bin.46	ANI95_cluster_00424	22	H07_bin.23	False	47.51405	86.14	7.73	6285	388	2001314
H03_bin.35	ANI95_cluster_00424	22	H07_bin.23	False	54.2298	82.63	5.69	7990	301	1899471
H05_bin.53	ANI95_cluster_00424	22	H07_bin.23	False	58.72229	92.41	6.77	17909	168	1936390
H07_bin.23	ANI95_cluster_00424	22	H07_bin.23	True	98.91503	97.79	0.0	112783	28	2255493
H08_bin.18	ANI95_cluster_00424	22	H07_bin.23	False	80.66815	80.19	0.0	48475	66	2133437
H07_bin.27	ANI95_cluster_00425	1	H07_bin.27	True	77.81703	85.84	1.61	5953	325	1544281
H07_bin.28	ANI95_cluster_00426	1	H07_bin.28	True	82.35326	86.75	0.89	8136	281	1626636
H07_bin.29	ANI95_cluster_00427	1	H07_bin.29	True	81.1336	97.32	3.36	62520	116	3358886
H07_bin.31	ANI95_cluster_00428	1	H07_bin.31	True	82.6812	91.48	1.77	9690	457	3302269
C06_bin.35	ANI95_cluster_00429	2	H07_bin.48	False	49.76735	94.35	8.97	28935	220	3038650
H07_bin.48	ANI95_cluster_00429	2	H07_bin.48	True	82.14137	84.56	0.66	88477	34	1840550
B03_bin.55	ANI95_cluster_00430	4	H07_bin.63	False	73.91646	85.52	2.59	135436	79	6186777
D07_bin.53	ANI95_cluster_00430	4	H07_bin.63	False	86.62729	95.54	2.23	224299	57	5887417
G02_bin.33	ANI95_cluster_00430	4	H07_bin.63	False	80.1433	85.11	1.0	10560	723	4734816
H07_bin.63	ANI95_cluster_00430	4	H07_bin.63	True	86.98231	91.1	1.05	114231	100	5675409
B09_bin.55	ANI95_cluster_00431	5	H08_bin.15	False	70.96984	85.09	2.85	15254	227	2446660
D02_bin.45	ANI95_cluster_00431	5	H08_bin.15	False	75.50718	84.31	1.79	16438	172	2096168
E07_bin.65	ANI95_cluster_00431	5	H08_bin.15	False	47.94303	81.85	6.79	8053	375	2181469
F07_bin.87	ANI95_cluster_00431	5	H08_bin.15	False	74.00159	88.66	2.96	16199	204	2262606
H08_bin.15	ANI95_cluster_00431	5	H08_bin.15	True	83.60577	92.83	1.9	28697	112	2288299
H08_bin.8	ANI95_cluster_00432	1	H08_bin.8	True	95.89454	96.89	0.62	210624	17	2003175
