MAG_ID	fastANI95_representative	GTDB_representative_classification	GTDB_display_taxon	completeness	contamination	bacdiveAI_Aerobic	bacdiveAI_Anaerobic	oxygen_use_class	mean_exposed_abundance_percent	mean_reference_abundance_percent	exposed_prevalence_n	exposed_prevalence_percent	reference_prevalence_n	reference_prevalence_percent	log2_mean_abundance_ratio_pseudocount_1e-5	descriptive_response_score	detected_only_in_exposed_samples_in_this_cohort	ANCOMBC2_exposure_p	ANCOMBC2_exposure_q	ANCOMBC2_exposure_effect	ALDEx2_exposure_p	ALDEx2_exposure_q	ALDEx2_exposure_effect
A01_bin.12	A01_bin.12	d__Bacteria;p__Bacillota;c__Clostridia;o__Oscillospirales;f__Acutalibacteraceae;g__Acutalibacter;s__Acutalibacter ornithocaccae	Acutalibacter ornithocaccae	97.99	1.23	FALSE	TRUE	Predicted anaerobe	0.02665469115957447	0.009252959666666666	21	44.680851063829785	6	33.333333333333336	1.5253854814355403	0.6815552151094967	FALSE	0.207405982613163	0.736494903547362	-0.465804903163888	0.48696833518746	1.0	-0.0922707899750634
A01_bin.14	A09_bin.62	d__Bacteria;p__Bacillota;c__Clostridia;o__Oscillospirales;f__Ruminococcaceae;g__Ruthenibacterium;s__Ruthenibacterium lactatiformans	Ruthenibacterium lactatiformans	97.28	1.86	FALSE	TRUE	Predicted anaerobe	0.03387454574255319	0.011418762677777777	35	74.46808510638297	16	88.88888888888889	1.5679582105198202	1.1676284546424192	FALSE	0.167445163688175	0.675096374234866	-0.481790928098447	0.423519704205599	1.0	0.00582336653557716
A01_bin.16	B01_bin.20	d__Bacteria;p__Bacteroidota;c__Bacteroidia;o__Bacteroidales;f__Rikenellaceae;g__Alistipes;s__Alistipes dispar	Alistipes dispar	96.95	7.45	FALSE	TRUE	Predicted anaerobe	0.046004060904255316	0.11768761111111112	5	10.638297872340425	3	16.666666666666668	-1.3549383483992288	-0.14414237748927966	FALSE	0.370416843983217	0.837888208066626	-0.424227501880609	0.466174638472511	0.977442933965122	0.0940294990257945
A01_bin.17	C03_bin.49	d__Bacteria;p__Actinomycetota;c__Actinomycetes;o__Actinomycetales;f__Bifidobacteriaceae;g__Bifidobacterium;s__Bifidobacterium longum	Bifidobacterium longum	94.41	0.77	FALSE	TRUE	Predicted anaerobe	0.030087869189361703	0.014611705333333334	41	87.23404255319149	12	66.66666666666667	1.0415497704666326	0.9085859699815305	FALSE	0.358175702123318	0.836841522175111	-0.295108088491289	0.163273877372075	1.0	-0.181036552019422
A01_bin.20	F02_bin.31	d__Bacteria;p__Verrucomicrobiota;c__Verrucomicrobiia;o__Verrucomicrobiales;f__Akkermansiaceae;g__Akkermansia;s__Akkermansia massiliensis	Akkermansia massiliensis	97.96	0	FALSE	TRUE	Predicted anaerobe	0.026504669319148935	0.027857574111111113	8	17.02127659574468	4	22.22222222222222	-0.0717966645987759	-0.012220708867876748	FALSE	0.14202147589195	0.640690333577322	-0.6386541330081	0.643470830214253	0.996917056554192	0.0585121331515128
A01_bin.21	D08_bin.97	d__Bacteria;p__Bacteroidota;c__Bacteroidia;o__Bacteroidales;f__Tannerellaceae;g__Parabacteroides;s__Parabacteroides merdae	Parabacteroides merdae	98.85	1.06	FALSE	TRUE	Predicted anaerobe	0.02107334980212766	0.0277703485	30	63.829787234042556	12	66.66666666666667	-0.39796059179419074	-0.2540173990175686	FALSE	0.764800622960556	0.973335000126514	0.10248649981342	0.377352450828132	0.99927718499246	0.0871069201794178
A01_bin.23	D08_bin.21	d__Bacteria;p__Bacteroidota;c__Bacteroidia;o__Bacteroidales;f__Rikenellaceae;g__Alistipes;s__Alistipes putredinis	Alistipes putredinis	93.32	0.96	FALSE	TRUE	Predicted anaerobe	0.11026826070212765	0.11631573427777778	37	78.72340425531915	15	83.33333333333333	-0.07702187518787254	-0.060634242169176254	FALSE	0.232828524305097	0.764231036679804	0.407126450416521	0.156167625401174	0.969206565285136	0.138552024319505
A01_bin.25	A04_bin.93	d__Bacteria;p__Bacillota;c__Clostridia;o__Oscillospirales;f__Ruminococcaceae;g__Gemmiger;s__Gemmiger qucibialis	Gemmiger qucibialis	97.05	0.68	FALSE	TRUE	Predicted anaerobe	0.01656471765531915	0.012126142205555556	34	72.34042553191489	14	77.77777777777777	0.44967439911505747	0.32529637382791393	FALSE	0.458725982490848	0.888469277634779	-0.233265401580626	0.376192504182332	1.0	0.0882541746165474
A01_bin.28	A01_bin.28	d__Bacteria;p__Bacillota;c__Clostridia;o__Oscillospirales;f__Acutalibacteraceae;g__UMGS1623;s__UMGS1623 sp934647945	UMGS1623 sp934647945	89.35	4.62	FALSE	TRUE	Predicted anaerobe	0.015525765568085107	0.0022606532444444443	17	36.170212765957444	6	33.333333333333336	2.7744140246102904	1.003511455710105	FALSE	0.000179631151564138	0.0539104280935389	-1.75837237450633	0.666810099698565	1.0	-0.0372717593460683
A01_bin.29	A01_bin.29	d__Bacteria;p__Bacillota;c__Clostridia;o__Oscillospirales;f__Oscillospiraceae;g__Scatomorpha;s__Scatomorpha pullicola	Scatomorpha pullicola	94.16	1.34	FALSE	TRUE	Predicted anaerobe	0.011343262978723404	0.007422407416666666	5	10.638297872340425	4	22.22222222222222	0.611205502014386	0.06502186191642403	FALSE	0.62819643877085	0.943026319703049	-0.200726310314259	0.415150622714784	0.977617797876744	0.124548747849527
A01_bin.31	A01_bin.31	d__Bacteria;p__Bacillota;c__Clostridia;o__Lachnospirales;f__Lachnospiraceae;g__Mediterraneibacter;s__Mediterraneibacter torques	Mediterraneibacter torques	91.73	0	FALSE	TRUE	Predicted anaerobe	0.022507344240425532	0.010438965	27	57.4468085106383	8	44.44444444444444	1.107676635603437	0.6363248757721873	FALSE	0.994711933656509	1	-0.00236745145885448	0.540329294006926	1.0	-0.0897642123990905
A01_bin.32	F06_bin.75	d__Bacteria;p__Bacillota;c__Clostridia;o__Oscillospirales;f__Oscillospiraceae;g__Hominicoprocola;s__Hominicoprocola fusiformis	Hominicoprocola fusiformis	94.41	1.93	FALSE	TRUE	Predicted anaerobe	0.024683415440425533	0.022366732722222223	33	70.2127659574468	14	77.77777777777777	0.1421269944343202	0.09979129396452269	FALSE	0.868111664538316	0.984846414163431	-0.0559505734845891	0.138802497438511	0.944473895278779	0.144725439871667
A01_bin.34	B08_bin.66	d__Bacteria;p__Bacteroidota;c__Bacteroidia;o__Bacteroidales;f__Rikenellaceae;g__Alistipes;s__Alistipes communis	Alistipes communis	97.58	0.48	FALSE	TRUE	Predicted anaerobe	0.030389779936170213	0.017501762072222222	28	59.57446808510638	10	55.55555555555556	0.795736621805044	0.4740558597987496	FALSE	0.243475997903013	0.775741915017688	-0.401179655311821	0.738399786282661	1.0	-0.0365086481246918
A01_bin.40	B04_bin.18	d__Bacteria;p__Bacteroidota;c__Bacteroidia;o__Bacteroidales;f__Rikenellaceae;g__Alistipes;s__Alistipes onderdonkii	Alistipes onderdonkii	95.73	0.96	FALSE	TRUE	Predicted anaerobe	0.12378667248723405	0.09766467917222221	41	87.23404255319149	15	83.33333333333333	0.3419160203114063	0.29826716665463104	FALSE	0.824139720092045	0.983217763396128	-0.102659049426768	0.684932963688925	1.0	-0.0254039236856279
A01_bin.47	A01_bin.47	d__Bacteria;p__Bacillota;c__Clostridia;o__Christensenellales;f__Aristaeellaceae;g__Egerieenecus;s__Egerieenecus merdigallinarum	Egerieenecus merdigallinarum	93.01	0.81	FALSE	TRUE	Predicted anaerobe	0.014864770365957446	0.0068413160888888885	19	40.42553191489362	6	33.333333333333336	1.1184143453042883	0.45212494810173354	FALSE	0.275092575303329	0.796900983280593	-0.408924991897726	0.696460882994643	1.0	-0.0505146055318568
A01_bin.49	A01_bin.49	d__Bacteria;p__Bacillota;c__Clostridia;o__Oscillospirales;f__Oscillospiraceae;g__CAG-170;s__CAG-170 sp003516765	CAG-170 sp003516765	92.73	1.73	FALSE	TRUE	Predicted anaerobe	0.048493067680851064	0.022948616555555554	25	53.191489361702125	9	50.0	1.0790402860811168	0.5739575989793174	FALSE	0.315366197210943	0.826466231054012	-0.364591902298237	0.814778170029418	1.0	-0.00409987471343738
A01_bin.5	A04_bin.71	d__Bacteria;p__Bacteroidota;c__Bacteroidia;o__Bacteroidales;f__Rikenellaceae;g__Alistipes_A;s__Alistipes_A ihumii	Alistipes A ihumii	97.6	0.48	FALSE	TRUE	Predicted anaerobe	0.01844452625957447	0.011955485194444445	18	38.297872340425535	7	38.888888888888886	0.6250958044560935	0.2393983931959507	FALSE	0.320012324855017	0.826466231054012	-0.380279060661723	0.758366631304839	0.999714760746775	0.0294802422883208
A01_bin.53	E06_bin.85	d__Bacteria;p__Bacteroidota;c__Bacteroidia;o__Bacteroidales;f__Rikenellaceae;g__Alistipes;s__Alistipes shahii	Alistipes shahii	81.62	0	FALSE	TRUE	Predicted anaerobe	0.07106978090212766	0.03785872822222222	36	76.59574468085107	9	50.0	0.9084322636000287	0.6958204572255539	FALSE	0.551314491821879	0.934449157730506	0.190984397855334	0.0868080641249307	1.0	-0.240144013775819
A01_bin.54	E07_bin.69	d__Bacteria;p__Bacillota;c__Clostridia;o__Oscillospirales;f__Oscillospiraceae;g__Oscillibacter;s__Oscillibacter welbionis	Oscillibacter welbionis	96.31	2.35	FALSE	TRUE	Predicted anaerobe	0.027591208304255318	0.02368423461111111	42	89.36170212765957	13	72.22222222222223	0.22019536685975638	0.19677032783212273	FALSE	0.745397008828353	0.971644762115332	0.115151707854207	0.364355501510262	1.0	-0.0457713768286567
A01_bin.6	C02_bin.89	d__Bacteria;p__Bacillota;c__Clostridia;o__Oscillospirales;f__Acutalibacteraceae;g__Hominenteromicrobium;s__Hominenteromicrobium mulieris	Hominenteromicrobium mulieris	91.28	0	FALSE	TRUE	Predicted anaerobe	0.013764578591489362	0.010512984455555556	31	65.95744680851064	11	61.111111111111114	0.3884642530235552	0.2562211030580896	FALSE	0.0896643468512619	0.540417656615403	-0.598177414229769	0.618414278405789	1.0	-0.0818899963301712
A01_bin.61	D07_bin.75	d__Bacteria;p__Bacillota;c__Clostridia;o__Lachnospirales;f__Lachnospiraceae;g__Blautia_A;s__Blautia_A fusiformis	Blautia A fusiformis	85.23	5.91	FALSE	TRUE	Predicted anaerobe	0.041693933891489364	0.06522441737222222	43	91.48936170212765	16	88.88888888888889	-0.6454498463389768	-0.5905179445228937	FALSE	0.530322846061905	0.924015248743351	0.222612218876087	0.369867786252674	1.0	0.108525078068841
A01_bin.63	F02_bin.66	d__Bacteria;p__Bacteroidota;c__Bacteroidia;o__Bacteroidales;f__Rikenellaceae;g__Tidjanibacter;s__Tidjanibacter inops	Tidjanibacter inops	99.52	0.96	FALSE	TRUE	Predicted anaerobe	0.03379801312765958	0.03794912677777778	24	51.06382978723404	7	38.888888888888886	-0.1670815720016796	-0.08531824953277256	FALSE	0.0250170681827885	0.298525820328846	0.830315520290665	0.695873501025678	1.0	-0.0320165094355656
A01_bin.65	H01_bin.87	d__Bacteria;p__Bacillota;c__Clostridia;o__Lachnospirales;f__Lachnospiraceae;g__Acetatifactor;s__Acetatifactor intestinalis	Acetatifactor intestinalis	83.09	3.56	FALSE	TRUE	Predicted anaerobe	0.03285170734893617	0.030439261999999998	24	51.06382978723404	12	66.66666666666667	0.11000017639016553	0.05617030283753133	FALSE	0.895387173465858	0.988426013077921	0.0517588666926719	0.089169524013534	0.876688054985873	0.238857134052348
A01_bin.66	A01_bin.66	d__Bacteria;p__Bacillota;c__Clostridia;o__Christensenellales;f__Aristaeellaceae;g__Ventricola;s__Ventricola sp900542395	Ventricola sp900542395	97.98	0.27	FALSE	TRUE	Predicted anaerobe	0.01821902624468085	0.003368152966666667	22	46.808510638297875	5	27.77777777777778	2.431930936145426	1.1383506509616887	FALSE	0.00638080120129931	0.145449545332182	-1.06479288017799	0.238151560730144	1.0	-0.238898810452776
A01_bin.69	A01_bin.69	d__Bacteria;p__Actinomycetota;c__Coriobacteriia;o__Coriobacteriales;f__Eggerthellaceae;g__Anaerotardibacter;s__Anaerotardibacter sp000435675	Anaerotardibacter sp000435675	98.39	0.12	FALSE	TRUE	Predicted anaerobe	0.10967013781489361	0.013256176222222223	13	27.659574468085108	9	50.0	3.0474777886279574	0.8429193883439031	FALSE	0.72805847316631	0.968074598146667	0.137018724889049	0.102578128753928	0.850141835388893	0.329381757972808
A01_bin.72	A01_bin.72	d__Bacteria;p__Bacillota;c__Clostridia;o__Oscillospirales;f__Ruminococcaceae;g__Faecalibacterium;s__Faecalibacterium hattorii	Faecalibacterium hattorii	94.58	2.89	FALSE	TRUE	Predicted anaerobe	0.0447157514680851	0.013601833555555555	5	10.638297872340425	2	11.11111111111111	1.7162443068311863	0.18257918157778577	FALSE	0.000946756642574164	0.0731884048042115	-12.3326214594999	0.727862521091949	0.994654918986765	0.0274106387053851
A01_bin.77	A01_bin.77	d__Bacteria;p__Bacillota;c__Clostridia;o__Oscillospirales;f__Oscillospiraceae;g__Oscillibacter;s__Oscillibacter sp963557435	Oscillibacter sp963557435	92.56	4.7	FALSE	TRUE	Predicted anaerobe	0.009503159340425532	0.0017994440555555557	5	10.638297872340425	2	11.11111111111111	2.3943780396375987	0.25472106804655303	FALSE	0.0259880960188024	0.308045564809538	-2.31420538194261	0.73326922306176	0.995944323043011	0.0233195491713522
A01_bin.82	F03_bin.13	d__Bacteria;p__Bacteroidota;c__Bacteroidia;o__Bacteroidales;f__Rikenellaceae;g__Alistipes;s__Alistipes finegoldii	Alistipes finegoldii	99.42	0.1	FALSE	TRUE	Predicted anaerobe	0.04263648164255319	0.08528651725	31	65.95744680851064	13	72.22222222222223	-1.00006011258739	-0.6596141168129593	FALSE	0.957995864927612	0.997257990539399	-0.0211534406143937	0.665522460577228	1.0	-0.0209909657891114
A01_bin.83	D07_bin.25	d__Bacteria;p__Actinomycetota;c__Coriobacteriia;o__Coriobacteriales;f__Eggerthellaceae;g__Adlercreutzia;s__Adlercreutzia rubneri	Adlercreutzia rubneri	88.31	4.95	FALSE	TRUE	Predicted anaerobe	0.03270649197446808	0.014182921694444444	26	55.319148936170215	13	72.22222222222223	1.2048464565800523	0.6665108057676885	FALSE	0.353162677194854	0.834470369140725	0.336493380205072	0.0986040259766562	0.889624377824816	0.23515068230709
A01_bin.84	A08_bin.91	d__Bacteria;p__Bacillota;c__Clostridia;o__Lachnospirales;f__Lachnospiraceae;g__Anaerostipes;s__Anaerostipes amylophilus	Anaerostipes amylophilus	90.6	2.24	FALSE	TRUE	Predicted anaerobe	0.015594773657446808	0.010775972666666666	24	51.06382978723404	10	55.55555555555556	0.5328311485988104	0.27208399077386064	FALSE	0.270284404528908	0.794323423557682	-0.402735478309201	0.618676701823914	1.0	0.0750290776111589
A01_bin.85	B09_bin.61	d__Bacteria;p__Bacillota;c__Clostridia;o__Oscillospirales;f__Ruminococcaceae;g__Hominimerdicola;s__Hominimerdicola aceti	Hominimerdicola aceti	98.63	0	FALSE	TRUE	Predicted anaerobe	0.01810456664893617	0.009001592972222222	30	63.829787234042556	9	50.0	1.0072962351411272	0.6429550437071025	FALSE	0.861715102889437	0.984846414163431	-0.0634164443966694	0.501999564370251	1.0	-0.0723325493516931
A01_bin.86	A01_bin.86	d__Bacteria;p__Bacillota;c__Clostridia;o__Oscillospirales;f__Oscillospiraceae;g__HGM13006;s__HGM13006 sp965147785	HGM13006 sp965147785	90.65	9.12	FALSE	TRUE	Predicted anaerobe	0.03332767740425532	0.02975779538888889	42	89.36170212765957	17	94.44444444444444	0.16340121786240483	0.14601810957917027	FALSE	0.58586827451287	0.939278465232197	-0.158219827742817	0.359569613198646	1.0	0.109095324205421
A01_bin.87	B09_bin.106	d__Bacteria;p__Bacteroidota;c__Bacteroidia;o__Bacteroidales;f__Marinifilaceae;g__Butyricimonas;s__Butyricimonas virosa	Butyricimonas virosa	88.95	6.41	FALSE	TRUE	Predicted anaerobe	0.016377685989361703	0.008370062222222223	20	42.5531914893617	3	16.666666666666668	0.9675792930388278	0.4117358693782246	FALSE	0.064020963972012	0.482327431958633	0.703402221290723	0.132616363223761	1.0	-0.277862792985664
A01_bin.90	G08_bin.17	d__Bacteria;p__Bacillota;c__Clostridia;o__Oscillospirales;f__Oscillospiraceae;g__Hominicoprocola;s__Hominicoprocola sp900317525	Hominicoprocola sp900317525	94.97	2.01	FALSE	TRUE	Predicted anaerobe	0.024322285382978724	0.019673941333333334	32	68.08510638297872	11	61.111111111111114	0.30585270844418333	0.20824014191944396	FALSE	0.489435866339216	0.901779243887178	-0.240047855797814	0.657178717487739	1.0	-0.019557040438502
A01_bin.91	H05_bin.38	d__Bacteria;p__Bacteroidota;c__Bacteroidia;o__Bacteroidales;f__Tannerellaceae;g__Parabacteroides;s__Parabacteroides distasonis	Parabacteroides distasonis	90.85	0.72	FALSE	TRUE	Predicted anaerobe	0.015104976008510638	0.013553673744444444	35	74.46808510638297	12	66.66666666666667	0.15623070118222968	0.11634201151868166	FALSE	0.905305440468523	0.989325797881398	0.0403486893333228	0.756020535935227	1.0	0.0137086677386171
A01_bin.93	D04_bin.5	d__Bacteria;p__Bacillota;c__Clostridia;o__Oscillospirales;f__Oscillospiraceae;g__Flavonifractor;s__Flavonifractor plautii	Flavonifractor plautii	96.08	5.5	FALSE	TRUE	Predicted anaerobe	0.03827931559148936	0.0195269236	30	63.829787234042556	14	77.77777777777777	0.9707385628719517	0.6196203592799692	FALSE	0.231039620943252	0.764231036679804	-0.446810606883516	0.370527947541201	1.0	0.127639887144747
A02_bin.13	A01_bin.69	d__Bacteria;p__Actinomycetota;c__Coriobacteriia;o__Coriobacteriales;f__Eggerthellaceae;g__Anaerotardibacter;s__Anaerotardibacter sp000435675	Anaerotardibacter sp000435675	96.77	0.2	FALSE	TRUE	Predicted anaerobe	0.0330727743893617	0.013097258694444443	13	27.659574468085108	9	50.0	1.3357142409683564	0.3694528751614603	FALSE	0.262374526139122	0.787792906488093	0.446751499199415	0.0810023825885394	0.848630082054407	0.320358993366338
A02_bin.15	H04_bin.57	d__Bacteria;p__Bacillota;c__Clostridia;o__Oscillospirales;f__Ruminococcaceae;g__Gemmiger;s__Gemmiger formicilis	Gemmiger formicilis	90.48	0.34	FALSE	TRUE	Predicted anaerobe	0.025633299840425533	0.018130097083333335	38	80.85106382978724	14	77.77777777777777	0.4993997463151096	0.40377000765902477	FALSE	0.735444381539256	0.968956171401791	0.108127460598739	0.346654383536456	1.0	0.0976587659829951
A02_bin.17	F02_bin.63	d__Bacteria;p__Actinomycetota;c__Actinomycetes;o__Actinomycetales;f__Bifidobacteriaceae;g__Bifidobacterium;s__Bifidobacterium bifidum	Bifidobacterium bifidum	97.7	4.49	FALSE	TRUE	Predicted anaerobe	0.03546718836170213	0.003868791388888889	15	31.914893617021278	4	22.22222222222222	3.1932125863778458	1.0191103999078233	FALSE	0.0223392570741644	0.279712669562425	-0.983399137858533	0.477756673202345	1.0	-0.0816241897174414
A02_bin.20	C07_bin.89	d__Bacteria;p__Desulfobacterota;c__Desulfovibrionia;o__Desulfovibrionales;f__Desulfovibrionaceae;g__Bilophila;s__Bilophila wadsworthia	Bilophila wadsworthia	92.01	0	FALSE	TRUE	Predicted anaerobe	0.009132769936170213	0.006844593833333333	27	57.4468085106383	10	55.55555555555556	0.4155601349929917	0.23872603499597397	FALSE	0.942827429806462	0.99690442516441	0.0243666228756509	0.834766819243369	1.0	-0.0122287330704335
A02_bin.25	C07_bin.25	d__Bacteria;p__Bacillota;c__Clostridia;o__Lachnospirales;f__Lachnospiraceae;g__Anaerobutyricum;s__Anaerobutyricum hallii	Anaerobutyricum hallii	97.99	3.86	FALSE	TRUE	Predicted anaerobe	0.03316405131276596	0.03468905127777778	43	91.48936170212765	16	88.88888888888889	-0.06484100892608445	-0.05932262518769428	FALSE	0.705971346440217	0.965055671875703	0.117415108622018	0.429654403464124	1.0	0.0793866576182234
A02_bin.27	D01_bin.64	d__Bacteria;p__Bacteroidota;c__Bacteroidia;o__Bacteroidales;f__Bacteroidaceae;g__Bacteroides;s__Bacteroides uniformis	Bacteroides uniformis	87.9	1.3	FALSE	TRUE	Predicted anaerobe	0.15576441614893616	0.13396357116666666	45	95.74468085106383	18	100.0	0.2175098798809516	0.20825414031154943	FALSE	0.640708071687023	0.94770537460665	-0.170339898140993	0.31456630732139	1.0	0.0901957648711745
A02_bin.32	B04_bin.33	d__Bacteria;p__Bacillota;c__Clostridia;o__UBA1381;f__UBA1381;g__Hominilimicola;s__Hominilimicola fabiformis	Hominilimicola fabiformis	90.25	1.9	FALSE	TRUE	Predicted anaerobe	0.016260539614893616	0.018239561966666668	33	70.2127659574468	14	77.77777777777777	-0.16559973725912996	-0.11627215594789976	FALSE	0.797704867228705	0.980179166504932	-0.0856294250886281	0.269265984923599	0.998987734546633	0.135702887480971
A02_bin.41	F06_bin.46	d__Bacteria;p__Bacillota;c__Bacilli;o__Lactobacillales;f__Streptococcaceae;g__Streptococcus;s__Streptococcus thermophilus	Streptococcus thermophilus	85.25	1.06	FALSE	FALSE	Facultative/other	0.009330195170212765	0.004616871238888889	16	34.04255319148936	5	27.77777777777778	1.013415745689296	0.34499259427720713	FALSE	0.880761025175374	0.984846414163431	-0.0570250169240607	0.716160798772759	1.0	-0.0878861006283014
A02_bin.42	C03_bin.49	d__Bacteria;p__Actinomycetota;c__Actinomycetes;o__Actinomycetales;f__Bifidobacteriaceae;g__Bifidobacterium;s__Bifidobacterium longum	Bifidobacterium longum	84.52	2.34	FALSE	TRUE	Predicted anaerobe	0.02692760379787234	0.013509715605555556	41	87.23404255319149	12	66.66666666666667	0.9945567192286588	0.8675920316675535	FALSE	0.43027661022445	0.87232817899552	-0.249864608003822	0.164633754460429	1.0	-0.164776242273837
A02_bin.44	H05_bin.38	d__Bacteria;p__Bacteroidota;c__Bacteroidia;o__Bacteroidales;f__Tannerellaceae;g__Parabacteroides;s__Parabacteroides distasonis	Parabacteroides distasonis	80.19	0.38	FALSE	TRUE	Predicted anaerobe	0.017293285027659575	0.010809487	36	76.59574468085107	13	72.22222222222223	0.6774138632368485	0.5188701931175861	FALSE	0.25795216040909	0.787792906488093	-0.384693418157551	0.753578101707678	1.0	-0.0205401302665661
A02_bin.50	G07_bin.76	d__Bacteria;p__Bacteroidota;c__Bacteroidia;o__Bacteroidales;f__Bacteroidaceae;g__Phocaeicola;s__Phocaeicola coprocola	Phocaeicola coprocola	94.05	0.93	FALSE	TRUE	Predicted anaerobe	0.20485219178723404	0.006570380777777778	6	12.76595744680851	2	11.11111111111111	4.960338874204483	0.6332347498984446	FALSE	0.00357161872464244	0.117598853563227	-3.22069417086368	0.688240048672199	0.9974860301867	0.000870070556217922
A02_bin.54	F06_bin.75	d__Bacteria;p__Bacillota;c__Clostridia;o__Oscillospirales;f__Oscillospiraceae;g__Hominicoprocola;s__Hominicoprocola fusiformis	Hominicoprocola fusiformis	83.46	2.57	FALSE	TRUE	Predicted anaerobe	0.01629918815531915	0.013703897411111112	33	70.2127659574468	14	77.77777777777777	0.2500463337825768	0.1755644471239369	FALSE	0.735500253923182	0.968956171401791	-0.10843400935847	0.175332878539617	0.979148094746663	0.145114346686762
A02_bin.55	A06_bin.107	d__Bacteria;p__Bacteroidota;c__Bacteroidia;o__Bacteroidales;f__Marinifilaceae;g__Odoribacter;s__Odoribacter splanchnicus	Odoribacter splanchnicus	95.7	0.81	FALSE	TRUE	Predicted anaerobe	0.010904568119148935	0.010686665283333334	36	76.59574468085107	14	77.77777777777777	0.029093942829553313	0.02228472216731743	FALSE	0.839689832995383	0.983217763396128	-0.0616429089073896	0.540335696401326	1.0	0.059920441378141
A02_bin.58	D08_bin.97	d__Bacteria;p__Bacteroidota;c__Bacteroidia;o__Bacteroidales;f__Tannerellaceae;g__Parabacteroides;s__Parabacteroides merdae	Parabacteroides merdae	83.78	0.38	FALSE	TRUE	Predicted anaerobe	0.021923240359574468	0.027631701644444444	30	63.829787234042556	11	61.111111111111114	-0.3337274641278893	-0.21301753029439743	FALSE	0.827186245875097	0.983217763396128	-0.0759578730343051	0.85327854458053	1.0	0.0187855012988564
A02_bin.69	H05_bin.43	d__Bacteria;p__Bacillota;c__Clostridia;o__Lachnospirales;f__Lachnospiraceae;g__Roseburia;s__Roseburia rectalis	Roseburia rectalis	99.52	0.48	FALSE	TRUE	Predicted anaerobe	0.02700049440851064	0.025232669111111113	36	76.59574468085107	13	72.22222222222223	0.0976555814532091	0.07480001983650059	FALSE	0.580254150362434	0.936541020716014	0.196367641867243	0.635569494108639	1.0	0.0536960245921552
A02_bin.80	D01_bin.67	d__Bacteria;p__Actinomycetota;c__Coriobacteriia;o__Coriobacteriales;f__Coriobacteriaceae;g__Collinsella;s__Collinsella sp905215825	Collinsella sp905215825	94.35	0.81	FALSE	TRUE	Predicted anaerobe	0.036924888270212765	0.008083633316666667	28	59.57446808510638	6	33.333333333333336	2.190124819362698	1.3047552115352243	FALSE	0.703889560825555	0.964931101887307	-0.138112349020562	0.117309893899585	1.0	-0.300587709183606
A02_bin.81	G07_bin.107	d__Bacteria;p__Bacillota;c__Clostridia;o__Lachnospirales;f__Lachnospiraceae;g__Roseburia;s__Roseburia faecis	Roseburia faecis	82.76	6.9	FALSE	TRUE	Predicted anaerobe	0.04119718296808511	0.04723358627777778	32	68.08510638297872	11	61.111111111111114	-0.19722264385180896	-0.13427924687782739	FALSE	0.711024275682887	0.965572986119905	0.115933227290033	0.656678766635573	1.0	0.0395252771340055
A03_bin.12	H06_bin.61	d__Bacteria;p__Bacillota;c__Clostridia;o__Lachnospirales;f__Lachnospiraceae;g__Fusicatenibacter;s__Fusicatenibacter saccharivorans	Fusicatenibacter saccharivorans	95.15	2.11	FALSE	TRUE	Predicted anaerobe	0.021577851982978725	0.03709938886111111	43	91.48936170212765	17	94.44444444444444	-0.7815645414700466	-0.7150484102811064	FALSE	0.351732144061233	0.834470369140725	0.296877080463487	0.0456241375409212	0.831323577048969	0.263430642400857
A03_bin.14	G05_bin.13	d__Bacteria;p__Bacillota;c__Clostridia;o__Oscillospirales;f__Acutalibacteraceae;g__Ruminococcoides;s__Ruminococcoides intestinale	Ruminococcoides intestinale	98.66	1.01	FALSE	TRUE	Predicted anaerobe	0.03221970855744681	0.0797376205	29	61.702127659574465	12	66.66666666666667	-1.3070503299127416	-0.8064778631376491	FALSE	0.529272014276484	0.924015248743351	0.266259785847535	0.352159121556332	0.999487721785893	0.144650731932131
A03_bin.15	A03_bin.15	d__Bacteria;p__Pseudomonadota;c__Gammaproteobacteria;o__Burkholderiales;f__Burkholderiaceae_F;g__Mesosutterella;s__Mesosutterella massiliensis	Mesosutterella massiliensis	96.88	0	FALSE	TRUE	Predicted anaerobe	0.18195236882978724	0.04940442516666667	7	14.893617021276595	2	11.11111111111111	1.8806359581280736	0.28009471716801093	FALSE	0.0501073031890485	0.426271698900135	1.0869390021591	0.693698480462345	0.998972845555843	-0.0219699928312197
A03_bin.17	A03_bin.17	d__Bacteria;p__Bacillota;c__Clostridia;o__Lachnospirales;f__Lachnospiraceae;g__Eubacterium_G;s__Eubacterium_G ventriosum	Eubacterium G ventriosum	92.1	4.08	FALSE	TRUE	Predicted anaerobe	0.021867592263829786	0.07201682624444444	31	65.95744680851064	14	77.77777777777777	-1.7190803642548247	-1.1338615168489268	FALSE	0.326489882724431	0.827931171114453	0.357061342161319	0.0451221593649976	0.828176971312527	0.291448833275699
A03_bin.18	B04_bin.18	d__Bacteria;p__Bacteroidota;c__Bacteroidia;o__Bacteroidales;f__Rikenellaceae;g__Alistipes;s__Alistipes onderdonkii	Alistipes onderdonkii	95.77	0.58	FALSE	TRUE	Predicted anaerobe	0.13872076581489362	0.11113781111111111	41	87.23404255319149	15	83.33333333333333	0.3198082274124873	0.2789816451896166	FALSE	0.986392324379686	1	-0.00714181526668853	0.7075040749783	1.0	0.00258719790745109
A03_bin.19	H07_bin.23	d__Bacteria;p__Bacillota;c__Clostridia;o__Oscillospirales;f__Ruminococcaceae;g__Faecalibacterium;s__Faecalibacterium longum	Faecalibacterium longum	90.45	7.82	FALSE	TRUE	Predicted anaerobe	0.03180975985531915	0.09572917111111111	40	85.1063829787234	15	83.33333333333333	-1.5891863679249885	-1.3524990365319052	FALSE	0.976764634657815	1	0.0105694292414771	0.819450191413839	1.0	0.0415265398905918
A03_bin.2	A09_bin.36	d__Bacteria;p__Bacillota;c__Clostridia;o__Oscillospirales;f__Oscillospiraceae;g__Oscillibacter;s__Oscillibacter segnis	Oscillibacter segnis	91.95	0.4	FALSE	TRUE	Predicted anaerobe	0.021408427170212765	0.04055135991111111	34	72.34042553191489	16	88.88888888888889	-0.921253480907876	-0.6664386883163358	FALSE	0.730139502876648	0.968074598146667	0.114876432676888	0.0413135892072091	0.827560584818463	0.222278611013358
A03_bin.20	D01_bin.64	d__Bacteria;p__Bacteroidota;c__Bacteroidia;o__Bacteroidales;f__Bacteroidaceae;g__Bacteroides;s__Bacteroides uniformis	Bacteroides uniformis	93.57	0.46	FALSE	TRUE	Predicted anaerobe	0.13205337717021276	0.20946953994444445	45	95.74468085106383	18	100.0	-0.6655788968500371	-0.6372563906010994	FALSE	0.831873150796916	0.983217763396128	-0.0828027195638946	0.269811413995717	1.0	0.0907066810826171
A03_bin.21	A03_bin.21	d__Bacteria;p__Bacillota;c__Clostridia;o__Lachnospirales;f__Lachnospiraceae;g__Hominisplanchenecus;s__Hominisplanchenecus faecis	Hominisplanchenecus faecis	86.91	0.27	FALSE	TRUE	Predicted anaerobe	0.010620508893617021	0.05361695016666666	23	48.93617021276596	11	61.111111111111114	-2.3347475459321525	-1.1425360331157342	FALSE	0.0445685707237437	0.408242021214566	0.767033564842126	0.113914788224497	0.905239970160896	0.237501610976637
A03_bin.22	E06_bin.63	d__Bacteria;p__Bacillota;c__Clostridia;o__Lachnospirales;f__Lachnospiraceae;g__Eubacterium_F;s__Eubacterium_F sp003491505	Eubacterium F sp003491505	93.29	0	FALSE	TRUE	Predicted anaerobe	0.009845913731914893	0.027690138966666666	29	61.702127659574465	9	50.0	-1.4908316806392878	-0.9198748667774329	FALSE	0.186957162249738	0.702769206088869	0.507608407589353	0.712940096629303	1.0	-0.0398643482388757
A03_bin.28	C05_bin.117	d__Bacteria;p__Bacillota;c__Clostridia;o__Lachnospirales;f__Lachnospiraceae;g__Gallintestinimicrobium;s__Gallintestinimicrobium propionicum	Gallintestinimicrobium propionicum	96.22	1.34	FALSE	TRUE	Predicted anaerobe	0.01886687039574468	0.025468368294444446	33	70.2127659574468	12	66.66666666666667	-0.4326532868411207	-0.3037778396969571	FALSE	0.53060718164621	0.924015248743351	0.225347301539576	0.496341759173753	1.0	0.090650070335474
A03_bin.30	D07_bin.25	d__Bacteria;p__Actinomycetota;c__Coriobacteriia;o__Coriobacteriales;f__Eggerthellaceae;g__Adlercreutzia;s__Adlercreutzia rubneri	Adlercreutzia rubneri	95.56	5.91	FALSE	TRUE	Predicted anaerobe	0.010682733623404255	0.022915192094444446	27	57.4468085106383	14	77.77777777777777	-1.1003030937659992	-0.6320890113123826	FALSE	0.194093974083423	0.70862235301915	0.491566541321489	0.0222858814399198	0.773772220648994	0.335541893696114
A03_bin.31	C02_bin.32	d__Bacteria;p__Bacillota;c__Clostridia;o__Lachnospirales;f__Lachnospiraceae;g__Coprococcus_C;s__Coprococcus_C hominis	Coprococcus C hominis	88.59	0	FALSE	TRUE	Predicted anaerobe	0.010518395759574469	0.029020469277777777	11	23.404255319148938	9	50.0	-1.4632822676054817	-0.34247031795021915	FALSE	0.854954188691341	0.984846414163431	0.0722167579997792	0.103390593062737	0.883747700203263	0.312408350126608
A03_bin.33	G07_bin.107	d__Bacteria;p__Bacillota;c__Clostridia;o__Lachnospirales;f__Lachnospiraceae;g__Roseburia;s__Roseburia faecis	Roseburia faecis	98.01	2.73	FALSE	TRUE	Predicted anaerobe	0.018243195482978723	0.05638225277777778	29	61.702127659574465	11	61.111111111111114	-1.6273479268900817	-1.0041082953151568	FALSE	0.0442700085200325	0.408242021214566	0.716684970122812	0.277804369942722	0.995105564511511	0.143843028097578
A03_bin.40	F01_bin.44	d__Bacteria;p__Bacillota;c__Clostridia;o__Lachnospirales;f__Lachnospiraceae;g__Roseburia;s__Roseburia intestinalis	Roseburia intestinalis	91.3	2.05	FALSE	TRUE	Predicted anaerobe	0.05227965805957447	0.06909213905555556	27	57.4468085106383	11	61.111111111111114	-0.40220473397914314	-0.23105378334972054	FALSE	0.580458234981923	0.936541020716014	-0.227993213698531	0.722520958073395	1.0	0.0471945494671982
A03_bin.43	H05_bin.38	d__Bacteria;p__Bacteroidota;c__Bacteroidia;o__Bacteroidales;f__Tannerellaceae;g__Parabacteroides;s__Parabacteroides distasonis	Parabacteroides distasonis	88.44	0.38	FALSE	TRUE	Predicted anaerobe	0.021252424617021277	0.016948244016666666	32	68.08510638297872	12	66.66666666666667	0.3263193308149477	0.2221748635335814	FALSE	0.826426858615329	0.983217763396128	0.0800973708638845	0.838129211062921	1.0	0.00546217417996188
A03_bin.45	F07_bin.42	d__Bacteria;p__Bacillota;c__Clostridia;o__Lachnospirales;f__Lachnospiraceae;g__Lachnospira;s__Lachnospira eligens_A	Lachnospira eligens A	92.62	0	FALSE	TRUE	Predicted anaerobe	0.006853673834042553	0.04946433301666667	19	40.42553191489362	10	55.55555555555556	-2.8496273560205	-1.1519770162636063	FALSE	0.661860369550112	0.947865487459929	0.180862222689238	0.151006874675579	0.929065684508652	0.226435431930564
A03_bin.47	D08_bin.97	d__Bacteria;p__Bacteroidota;c__Bacteroidia;o__Bacteroidales;f__Tannerellaceae;g__Parabacteroides;s__Parabacteroides merdae	Parabacteroides merdae	93.04	6.9	FALSE	TRUE	Predicted anaerobe	0.01877539614893617	0.032966585444444446	30	63.829787234042556	11	61.111111111111114	-0.8118304828231837	-0.5181896698871385	FALSE	0.416327328426976	0.862738916017674	0.27074030703489	0.599096242668109	1.0	0.0337014124905574
A03_bin.59	A04_bin.93	d__Bacteria;p__Bacillota;c__Clostridia;o__Oscillospirales;f__Ruminococcaceae;g__Gemmiger;s__Gemmiger qucibialis	Gemmiger qucibialis	91.36	1.13	FALSE	TRUE	Predicted anaerobe	0.017164844789361703	0.024332498205555556	34	72.34042553191489	14	77.77777777777777	-0.5031801742516282	-0.3640026792458587	FALSE	0.872355818014883	0.984846414163431	-0.0531465497317172	0.206494541393214	0.989103304075481	0.0927519097646874
A03_bin.63	G05_bin.67	d__Bacteria;p__Bacteroidota;c__Bacteroidia;o__Bacteroidales;f__Marinifilaceae;g__Butyricimonas;s__Butyricimonas paravirosa	Butyricimonas paravirosa	88.48	0.54	FALSE	TRUE	Predicted anaerobe	0.006579097772340426	0.011118910444444444	12	25.53191489361702	5	27.77777777777778	-0.7561595157142187	-0.19306200401214094	FALSE	0.301903773238157	0.816149170582814	0.401775967503488	0.618209648667055	0.991632698343409	0.0691460229870469
A03_bin.66	C08_bin.68	d__Bacteria;p__Bacteroidota;c__Bacteroidia;o__Bacteroidales;f__Bacteroidaceae;g__Paraprevotella;s__Paraprevotella clara	Paraprevotella clara	96.65	0	FALSE	TRUE	Predicted anaerobe	0.00811847874468085	0.05042395583333333	8	17.02127659574468	4	22.22222222222222	-2.6333381084039504	-0.4482277631325873	FALSE	0.0511211149100916	0.430774134171293	0.921794784697101	0.489008528807008	0.986072076159182	0.0795596571248614
A03_bin.68	A03_bin.68	d__Bacteria;p__Bacillota;c__Clostridia;o__Lachnospirales;f__Lachnospiraceae;g__Roseburia;s__Roseburia hominis	Roseburia hominis	99.28	0.24	FALSE	TRUE	Predicted anaerobe	0.013410479559574468	0.07856005085	24	51.06382978723404	13	72.22222222222223	-2.549543269231581	-1.3018944353522965	FALSE	0.120147224637006	0.602133567284286	0.630432151361079	0.0378952280819782	0.808488496443686	0.339391680606472
A03_bin.7	B04_bin.33	d__Bacteria;p__Bacillota;c__Clostridia;o__UBA1381;f__UBA1381;g__Hominilimicola;s__Hominilimicola fabiformis	Hominilimicola fabiformis	80.26	0.81	FALSE	TRUE	Predicted anaerobe	0.011165223582978723	0.0191214515	33	70.2127659574468	14	77.77777777777777	-0.7756426391327784	-0.5446001508804614	FALSE	0.560215607417434	0.936541020716014	0.195036758184014	0.250639821896589	0.998478654683325	0.144165402600319
A03_bin.75	C06_bin.11	d__Bacteria;p__Bacillota;c__Clostridia;o__Lachnospirales;f__Lachnospiraceae;g__Anthropogastromicrobium;s__Anthropogastromicrobium aceti	Anthropogastromicrobium aceti	93.51	2.87	FALSE	TRUE	Predicted anaerobe	0.01074658780212766	0.023150769466666665	33	70.2127659574468	15	83.33333333333333	-1.106462684884889	-0.7768780553447093	FALSE	0.598084713955944	0.940772237633192	0.172082314152643	0.0448768410397272	0.830325061814736	0.257985997094706
A03_bin.77	D01_bin.36	d__Bacteria;p__Bacillota;c__Clostridia;o__Oscillospirales;f__Butyricicoccaceae;g__Agathobaculum;s__Agathobaculum butyriciproducens	Agathobaculum butyriciproducens	85.02	2.01	FALSE	TRUE	Predicted anaerobe	0.01782970479574468	0.021026381188888887	37	78.72340425531915	16	88.88888888888889	-0.2377948021460383	-0.18720016339156206	FALSE	0.987069412695268	1	0.00558806537266887	0.183264654470086	0.993281529702255	0.15299203504571
A04_bin.11	G08_bin.9	d__Bacteria;p__Bacillota;c__Clostridia;o__Oscillospirales;f__Ruminococcaceae;g__Faecalibacterium;s__Faecalibacterium taiwanense	Faecalibacterium taiwanense	87.11	4.6	FALSE	TRUE	Predicted anaerobe	0.07044648403191489	0.0627664786111111	45	95.74468085106383	18	100.0	0.16650837772878108	0.1594229148467053	FALSE	0.590064708740358	0.939278465232197	-0.196285522365252	0.424827406485671	1.0	0.108231397682417
A04_bin.15	H04_bin.57	d__Bacteria;p__Bacillota;c__Clostridia;o__Oscillospirales;f__Ruminococcaceae;g__Gemmiger;s__Gemmiger formicilis	Gemmiger formicilis	93.54	1.36	FALSE	TRUE	Predicted anaerobe	0.02018128064042553	0.020476367	37	78.72340425531915	13	72.22222222222223	-0.020931746069898297	-0.016478183076302916	FALSE	0.168978511499694	0.675154592014509	0.439017850627679	0.372094054061381	1.0	0.103675023569982
A04_bin.2	G08_bin.86	d__Bacteria;p__Bacillota;c__Clostridia;o__Oscillospirales;f__Oscillospiraceae;g__JAZOXB01;s__JAZOXB01 sp040096185	JAZOXB01 sp040096185	85.52	2.91	FALSE	TRUE	Predicted anaerobe	0.028618519034042552	0.019312715333333334	36	76.59574468085107	14	77.77777777777777	0.5671551972201959	0.4344167468069586	FALSE	0.220714985302553	0.754675468976807	-0.48336858804249	0.588035135366701	1.0	-0.0613886216261387
A04_bin.21	B01_bin.9	d__Bacteria;p__Verrucomicrobiota;c__Verrucomicrobiia;o__Verrucomicrobiales;f__Akkermansiaceae;g__Akkermansia;s__Akkermansia muciniphila	Akkermansia muciniphila	97.96	1.36	FALSE	TRUE	Predicted anaerobe	0.032325094734042555	0.04428566375	19	40.42553191489362	8	44.44444444444444	-0.4540646383307025	-0.1835580452826244	FALSE	0.102126876330229	0.576538602660287	-0.730740882082564	0.719769162175134	1.0	0.0619146400746988
A04_bin.22	G08_bin.17	d__Bacteria;p__Bacillota;c__Clostridia;o__Oscillospirales;f__Oscillospiraceae;g__Hominicoprocola;s__Hominicoprocola sp900317525	Hominicoprocola sp900317525	84.2	2.51	FALSE	TRUE	Predicted anaerobe	0.014254081012765958	0.054950962316666664	31	65.95744680851064	11	61.111111111111114	-1.9460204627835451	-1.2835454116231892	FALSE	0.964214084242326	0.997964486761695	0.0191233078667713	0.819296160532189	1.0	0.000730682672269771
A04_bin.29	B04_bin.53	d__Bacteria;p__Bacillota;c__Clostridia;o__Oscillospirales;f__Oscillospiraceae;g__Lawsonibacter;s__Lawsonibacter asaccharolyticus	Lawsonibacter asaccharolyticus	80.86	3.47	FALSE	TRUE	Predicted anaerobe	0.018306477489361702	0.01602543656111111	38	80.85106382978724	16	88.88888888888889	0.19187844864532533	0.1551357669898375	FALSE	0.986753981590316	1	0.00513058207746216	0.347402646153009	1.0	0.0996182505959288
A04_bin.3	D01_bin.67	d__Bacteria;p__Actinomycetota;c__Coriobacteriia;o__Coriobacteriales;f__Coriobacteriaceae;g__Collinsella;s__Collinsella sp905215825	Collinsella sp905215825	92.74	0.81	FALSE	TRUE	Predicted anaerobe	0.08369703554468086	0.0073734176666666665	29	61.702127659574465	7	38.888888888888886	3.5029882092406868	2.16141825676553	FALSE	0.395479680240293	0.856335508584847	-0.28550252887289	0.130178109334921	1.0	-0.246406075903259
A04_bin.35	D08_bin.21	d__Bacteria;p__Bacteroidota;c__Bacteroidia;o__Bacteroidales;f__Rikenellaceae;g__Alistipes;s__Alistipes putredinis	Alistipes putredinis	99.2	5.77	FALSE	TRUE	Predicted anaerobe	0.16026329493404254	0.14598414766666667	37	78.72340425531915	15	83.33333333333333	0.1346235224296547	0.10598021978504732	FALSE	0.65935155184596	0.947865487459929	0.15779660188609	0.41322271376003	1.0	0.0811532632114469
A04_bin.36	B02_bin.41	d__Bacteria;p__Bacillota;c__Clostridia;o__Lachnospirales;f__Lachnospiraceae;g__Dorea_A;s__Dorea_A longicatena	Dorea A longicatena	86.55	0.81	FALSE	TRUE	Predicted anaerobe	0.024731621529787234	0.040288158000000004	42	89.36170212765957	14	77.77777777777777	-0.7037738401596456	-0.6289042826958535	FALSE	0.234131842644858	0.764231036679804	0.398914644801987	0.493436452072161	1.0	0.0737329043909583
A04_bin.38	C07_bin.89	d__Bacteria;p__Desulfobacterota;c__Desulfovibrionia;o__Desulfovibrionales;f__Desulfovibrionaceae;g__Bilophila;s__Bilophila wadsworthia	Bilophila wadsworthia	96.75	0.61	FALSE	TRUE	Predicted anaerobe	0.007649663191489362	0.012547628094444445	24	51.06382978723404	10	55.55555555555556	-0.7132111304513692	-0.3641929176772949	FALSE	0.72673379763828	0.968074598146667	0.125834090242893	0.60769022587007	1.0	0.0848851395250609
A04_bin.39	A07_bin.65	d__Bacteria;p__Bacteroidota;c__Bacteroidia;o__Bacteroidales;f__Barnesiellaceae;g__Barnesiella;s__Barnesiella intestinihominis	Barnesiella intestinihominis	98.11	0.19	FALSE	TRUE	Predicted anaerobe	0.05310438704255319	0.04063234394444444	32	68.08510638297872	11	61.111111111111114	0.3861190870732582	0.2628895911988141	FALSE	0.677397618392126	0.954368435420919	-0.140543731542314	0.656561784733143	1.0	-0.00933006890957446
A04_bin.45	D08_bin.97	d__Bacteria;p__Bacteroidota;c__Bacteroidia;o__Bacteroidales;f__Tannerellaceae;g__Parabacteroides;s__Parabacteroides merdae	Parabacteroides merdae	96.15	3.08	FALSE	TRUE	Predicted anaerobe	0.028012899425531913	0.030903982972222223	30	63.829787234042556	12	66.66666666666667	-0.14165330988470465	-0.09041700630938596	FALSE	0.797381014588965	0.980179166504932	0.0873004045161678	0.479376445852445	1.0	0.0532348806809145
A04_bin.47	F06_bin.46	d__Bacteria;p__Bacillota;c__Bacilli;o__Lactobacillales;f__Streptococcaceae;g__Streptococcus;s__Streptococcus thermophilus	Streptococcus thermophilus	92.88	1.59	FALSE	FALSE	Facultative/other	0.008889600738297872	0.004713325083333333	17	36.170212765957444	5	27.77777777777778	0.9139377815394795	0.3305732401313011	FALSE	0.914821931439257	0.993011840109279	0.0406677388038697	0.670296624666115	1.0	-0.0784350209676734
A04_bin.50	F03_bin.40	d__Bacteria;p__Bacillota;c__Clostridia;o__Lachnospirales;f__Lachnospiraceae;g__Blautia_A;s__Blautia_A wexlerae	Blautia A wexlerae	96.15	5.33	FALSE	TRUE	Predicted anaerobe	0.04203964528723404	0.05574711422222222	45	95.74468085106383	18	100.0	-0.4070622641132789	-0.3897404656403734	FALSE	0.375679950429578	0.839386167024592	0.304072816444546	0.0548415045053174	0.863662809151186	0.315799936913401
A04_bin.62	H05_bin.43	d__Bacteria;p__Bacillota;c__Clostridia;o__Lachnospirales;f__Lachnospiraceae;g__Roseburia;s__Roseburia rectalis	Roseburia rectalis	92.51	0.36	FALSE	TRUE	Predicted anaerobe	0.061150594289361704	0.019579235277777777	34	72.34042553191489	11	61.111111111111114	1.6425413462942549	1.1882213994469077	FALSE	0.622470690954209	0.943026319703049	0.167139855250528	0.633420738509322	1.0	-0.0124669391520254
A04_bin.63	B04_bin.18	d__Bacteria;p__Bacteroidota;c__Bacteroidia;o__Bacteroidales;f__Rikenellaceae;g__Alistipes;s__Alistipes onderdonkii	Alistipes onderdonkii	87.82	3.85	FALSE	TRUE	Predicted anaerobe	0.13858602940425532	0.10520572633333333	41	87.23404255319149	15	83.33333333333333	0.39753556994086614	0.3467863482462875	FALSE	0.733055752222417	0.968513338673374	-0.13981103287659	0.662532226824891	1.0	-0.0299789870163429
A04_bin.71	A04_bin.71	d__Bacteria;p__Bacteroidota;c__Bacteroidia;o__Bacteroidales;f__Rikenellaceae;g__Alistipes_A;s__Alistipes_A ihumii	Alistipes A ihumii	100	0	FALSE	TRUE	Predicted anaerobe	0.022971043282978724	0.011302566222222222	18	38.297872340425535	7	38.888888888888886	1.0225180567249026	0.3916026600223031	FALSE	0.0489269817973858	0.426271698900135	-0.794403282355703	0.812585521021828	1.0	0.0344261950196487
A04_bin.72	A04_bin.72	d__Bacteria;p__Bacillota;c__Clostridia;o__Lachnospirales;f__Lachnospiraceae;g__Eubacterium_G;s__Eubacterium_G segne	Eubacterium G segne	80.77	0.89	FALSE	TRUE	Predicted anaerobe	0.013384716531914894	0.0015782843	18	38.297872340425535	4	22.22222222222222	3.0761229697154335	1.1780896479761234	FALSE	0.0151208679579651	0.227270472048368	-0.969463362144288	0.273471992315196	1.0	-0.195450554620703
A04_bin.76	C08_bin.68	d__Bacteria;p__Bacteroidota;c__Bacteroidia;o__Bacteroidales;f__Bacteroidaceae;g__Paraprevotella;s__Paraprevotella clara	Paraprevotella clara	99.26	0	FALSE	TRUE	Predicted anaerobe	0.010248037212765957	0.03435590988888889	8	17.02127659574468	4	22.22222222222222	-1.7442234473216847	-0.29688909741645697	FALSE	0.132546833292136	0.623377262822132	0.663769280372949	0.524174144281276	0.98707120610446	0.0891690639613035
A04_bin.8	A08_bin.91	d__Bacteria;p__Bacillota;c__Clostridia;o__Lachnospirales;f__Lachnospiraceae;g__Anaerostipes;s__Anaerostipes amylophilus	Anaerostipes amylophilus	89.49	3.36	FALSE	TRUE	Predicted anaerobe	0.015184768487234043	0.011746839755555556	24	51.06382978723404	10	55.55555555555556	0.37007437849357866	0.18897415072012524	FALSE	0.167850680707849	0.675126451127971	-0.514279396116426	0.694526541502975	1.0	0.0489522896070036
A04_bin.81	D05_bin.15	d__Bacteria;p__Bacteroidota;c__Bacteroidia;o__Bacteroidales;f__Coprobacteraceae;g__Coprobacter;s__Coprobacter fastidiosus	Coprobacter fastidiosus	94.96	1.13	FALSE	TRUE	Predicted anaerobe	0.010045702808510639	0.004988463611111112	19	40.42553191489362	4	22.22222222222222	1.0084572935883693	0.4076742250676386	FALSE	0.985984220278318	1	-0.00634554489541883	0.346250391437235	1.0	-0.180369976532215
A04_bin.91	A06_bin.107	d__Bacteria;p__Bacteroidota;c__Bacteroidia;o__Bacteroidales;f__Marinifilaceae;g__Odoribacter;s__Odoribacter splanchnicus	Odoribacter splanchnicus	99.19	0	FALSE	TRUE	Predicted anaerobe	0.009439906625531914	0.014556772322222222	37	78.72340425531915	14	77.77777777777777	-0.6243092639266163	-0.49147750564435755	FALSE	0.254235931504468	0.787792906488093	0.369557265618527	0.202889845099405	0.990033373786348	0.119579979146373
A04_bin.93	A04_bin.93	d__Bacteria;p__Bacillota;c__Clostridia;o__Oscillospirales;f__Ruminococcaceae;g__Gemmiger;s__Gemmiger qucibialis	Gemmiger qucibialis	99.32	0.68	FALSE	TRUE	Predicted anaerobe	0.02013230015319149	0.014196743333333333	34	72.34042553191489	14	77.77777777777777	0.5036525636215463	0.364344407726225	FALSE	0.139264121830617	0.631662266874586	-0.471630157132334	0.619968866575842	1.0	0.0384881347805862
A05_bin.1	F02_bin.31	d__Bacteria;p__Verrucomicrobiota;c__Verrucomicrobiia;o__Verrucomicrobiales;f__Akkermansiaceae;g__Akkermansia;s__Akkermansia massiliensis	Akkermansia massiliensis	80.9	0.68	FALSE	TRUE	Predicted anaerobe	0.027374556808510638	0.027108558055555555	8	17.02127659574468	4	22.22222222222222	0.014082062267822422	0.0023969467689910506	FALSE	0.132954300341765	0.623377262822132	-0.657550374019589	0.649192234303833	0.99199007667713	0.0672299528966518
A05_bin.101	G07_bin.85	d__Bacteria;p__Bacillota;c__Clostridia;o__Christensenellales;f__Aristaeellaceae;g__UBA11524;s__UBA11524 sp000437595	UBA11524 sp000437595	98.6	1.17	FALSE	TRUE	Predicted anaerobe	0.024063312872340425	0.009023158316666667	23	48.93617021276596	8	44.44444444444444	1.4141322943181758	0.6920221865812349	FALSE	0.0209885238892354	0.276426633148596	-0.866236049834979	0.732041194426812	1.0	-0.0212325101615867
A05_bin.102	A05_bin.102	d__Bacteria;p__Bacillota;c__Clostridia;o__Oscillospirales;f__Ruminococcaceae;g__Porcipelethomonas;s__Porcipelethomonas ammoniilytica	Porcipelethomonas ammoniilytica	97.99	0.67	FALSE	TRUE	Predicted anaerobe	0.010170176255319149	0.014395178694444444	7	14.893617021276595	5	27.77777777777778	-0.5008250172116434	-0.07459096001024476	FALSE	0.951366671532764	0.99690442516441	0.0249231548623489	0.314463982287473	0.961257467163573	0.133094712247807
A05_bin.109	A05_bin.109	d__Bacteria;p__Bacteroidota;c__Bacteroidia;o__Bacteroidales;f__Bacteroidaceae;g__Bacteroides;s__Bacteroides sp900755095	Bacteroides sp900755095	93.43	1.02	FALSE	TRUE	Predicted anaerobe	0.1653502168787234	0.18604664322222222	45	95.74468085106383	17	94.44444444444444	-0.1701297173022647	-0.16289015486387046	FALSE	0.68092032761778	0.955545653121084	0.173959130852101	0.478995242735033	1.0	0.141957755197557
A05_bin.111	H05_bin.38	d__Bacteria;p__Bacteroidota;c__Bacteroidia;o__Bacteroidales;f__Tannerellaceae;g__Parabacteroides;s__Parabacteroides distasonis	Parabacteroides distasonis	93.81	0	FALSE	TRUE	Predicted anaerobe	0.016315063893617022	0.008676250788888888	37	78.72340425531915	11	61.111111111111114	0.9102831263473876	0.7166058654224116	FALSE	0.370876276573923	0.837888208066626	-0.290874935742797	0.174079430596911	1.0	-0.142788964915029
A05_bin.113	C07_bin.25	d__Bacteria;p__Bacillota;c__Clostridia;o__Lachnospirales;f__Lachnospiraceae;g__Anaerobutyricum;s__Anaerobutyricum hallii	Anaerobutyricum hallii	97.32	2.37	FALSE	TRUE	Predicted anaerobe	0.0264291090893617	0.030115673666666665	43	91.48936170212765	16	88.88888888888889	-0.18831993946760553	-0.17229271057674547	FALSE	0.568923659096858	0.936541020716014	0.173298777694106	0.385657305621219	1.0	0.0880208100501039
A05_bin.117	F02_bin.63	d__Bacteria;p__Actinomycetota;c__Actinomycetes;o__Actinomycetales;f__Bifidobacteriaceae;g__Bifidobacterium;s__Bifidobacterium bifidum	Bifidobacterium bifidum	99.54	3.57	FALSE	TRUE	Predicted anaerobe	0.02076966619148936	0.003623287466666667	14	29.78723404255319	4	22.22222222222222	2.515825056905025	0.7493946978014968	FALSE	0.0020049176919478	0.0914036834944406	-1.46698730227056	0.559242398391164	1.0	-0.0468821552535004
A05_bin.119	A04_bin.93	d__Bacteria;p__Bacillota;c__Clostridia;o__Oscillospirales;f__Ruminococcaceae;g__Gemmiger;s__Gemmiger qucibialis	Gemmiger qucibialis	89.53	0.91	FALSE	TRUE	Predicted anaerobe	0.017075924374468084	0.01484403325	35	74.46808510638297	14	77.77777777777777	0.20195358904608127	0.15039097056623071	FALSE	0.28968281599488	0.809039733623089	-0.316340750066434	0.592445649622593	1.0	0.0812598864475352
A05_bin.12	F03_bin.13	d__Bacteria;p__Bacteroidota;c__Bacteroidia;o__Bacteroidales;f__Rikenellaceae;g__Alistipes;s__Alistipes finegoldii	Alistipes finegoldii	94.96	0	FALSE	TRUE	Predicted anaerobe	0.1140814465531915	0.043916194222222225	37	78.72340425531915	13	72.22222222222223	1.3770372222384988	1.084050579209031	FALSE	0.599615835451262	0.940772237633192	-0.175350695922777	0.561091137132594	1.0	-0.0264533678303812
A05_bin.123	E07_bin.94	d__Bacteria;p__Bacillota;c__Clostridia;o__Lachnospirales;f__Anaerotignaceae;g__Anaerotignum_A;s__Anaerotignum_A faecicola	Anaerotignum A faecicola	93.96	0	FALSE	TRUE	Predicted anaerobe	0.008091030789361702	0.015978560444444446	19	40.42553191489362	11	61.111111111111114	-0.9808626534787614	-0.3965189450233291	FALSE	0.573961919502546	0.936541020716014	0.198497020919981	0.05249346043382	0.8285213064303	0.353661796195827
A05_bin.15	A05_bin.15	d__Bacteria;p__Bacillota;c__Clostridia;o__Lachnospirales;f__Lachnospiraceae;g__Coprococcus_A;s__Coprococcus_A intestinihominis	Coprococcus A intestinihominis	97.32	0.67	FALSE	TRUE	Predicted anaerobe	0.057105636661702125	0.041417371055555555	42	89.36170212765957	16	88.88888888888889	0.46330149809446225	0.41401410468015776	FALSE	0.291823352308534	0.809446603353953	-0.3041702632877	0.900226668244047	1.0	0.0149598505737012
A05_bin.19	D08_bin.97	d__Bacteria;p__Bacteroidota;c__Bacteroidia;o__Bacteroidales;f__Tannerellaceae;g__Parabacteroides;s__Parabacteroides merdae	Parabacteroides merdae	98.28	9.66	FALSE	TRUE	Predicted anaerobe	0.025431295968085105	0.022780215	30	63.829787234042556	11	61.111111111111114	0.15875762785599376	0.1013346560782939	FALSE	0.822850637972972	0.983217763396128	-0.0763731530782075	0.798268390511282	1.0	0.0271845231774101
A05_bin.34	F03_bin.29	d__Bacteria;p__Bacteroidota;c__Bacteroidia;o__Bacteroidales;f__Bacteroidaceae;g__Bacteroides;s__Bacteroides cellulosilyticus	Bacteroides cellulosilyticus	81.04	0.56	FALSE	TRUE	Predicted anaerobe	0.06456338225531914	0.10619569499999999	29	61.702127659574465	9	50.0	-0.717849628585157	-0.44292849423339475	FALSE	0.0221057975511082	0.27910014822587	0.964700449696831	0.805695287854861	1.0	0.0325195233687201
A05_bin.35	E06_bin.63	d__Bacteria;p__Bacillota;c__Clostridia;o__Lachnospirales;f__Lachnospiraceae;g__Eubacterium_F;s__Eubacterium_F sp003491505	Eubacterium F sp003491505	97.15	0	FALSE	TRUE	Predicted anaerobe	0.017635279376595744	0.013747123138888888	30	63.829787234042556	9	50.0	0.3591034642180326	0.22921497716044634	FALSE	0.980109250866693	1	0.00901031155223297	0.499219290670126	1.0	-0.107146795526296
A05_bin.36	C03_bin.49	d__Bacteria;p__Actinomycetota;c__Actinomycetes;o__Actinomycetales;f__Bifidobacteriaceae;g__Bifidobacterium;s__Bifidobacterium longum	Bifidobacterium longum	97.5	1.76	FALSE	TRUE	Predicted anaerobe	0.02898144150212766	0.013688409788888889	41	87.23404255319149	12	66.66666666666667	1.0816186439864288	0.9435396681583741	FALSE	0.426454887780284	0.867547815186894	-0.253439315126787	0.169102435146949	1.0	-0.160594966698406
A05_bin.39	G06_bin.24	d__Bacteria;p__Bacillota;c__Clostridia;o__Oscillospirales;f__Oscillospiraceae;g__CAG-170;s__CAG-170 sp000432135	CAG-170 sp000432135	94.63	1.9	FALSE	TRUE	Predicted anaerobe	0.04307417934680851	0.014969866666666666	29	61.702127659574465	9	50.0	1.5241334215017794	0.9404227494372682	FALSE	0.342825380076657	0.831898310564131	-0.332769437052722	0.44045323083015	1.0	-0.0787553215951385
A05_bin.42	G04_bin.89	d__Bacteria;p__Bacillota_I;c__Bacilli_A;o__RF39;f__UBA660;g__CAG-302;s__CAG-302 sp934162325	CAG-302 sp934162325	92.13	3.37	FALSE	TRUE	Predicted anaerobe	0.01702133834680851	0.02123877438888889	12	25.53191489361702	5	27.77777777777778	-0.31918782173474597	-0.08149476299610535	FALSE	0.565300435801034	0.936541020716014	-0.244211100127215	0.670515813089724	0.999184409400274	0.0552642186244732
A05_bin.45	H05_bin.43	d__Bacteria;p__Bacillota;c__Clostridia;o__Lachnospirales;f__Lachnospiraceae;g__Roseburia;s__Roseburia rectalis	Roseburia rectalis	98.79	0	FALSE	TRUE	Predicted anaerobe	0.020145265085106383	0.020523947888888887	35	74.46808510638297	12	66.66666666666667	-0.02685427105782058	-0.0199978614260366	FALSE	0.504088196294594	0.912451072458387	0.228677653653418	0.818593638237345	1.0	0.0106966756571951
A05_bin.49	A05_bin.49	d__Bacteria;p__Bacillota;c__Bacilli;o__Lactobacillales;f__Streptococcaceae;g__Streptococcus;s__Streptococcus salivarius_D	Streptococcus salivarius D	96.27	2.06	FALSE	FALSE	Facultative/other	0.022146402087234042	0.0130997665	23	48.93617021276596	9	50.0	0.7570816356827481	0.37048675788730223	FALSE	0.758818207621231	0.972133645260907	0.124470638997365	0.815213122091312	1.0	0.0250642783894368
A05_bin.5	A05_bin.5	d__Archaea;p__Methanobacteriota;c__Methanobacteria;o__Methanobacteriales;f__Methanobacteriaceae;g__Methanocatella;s__Methanocatella smithii	Methanocatella smithii	100	0	FALSE	TRUE	Predicted anaerobe	0.015342743459574468	0.004277217444444445	13	27.659574468085108	3	16.666666666666668	1.8403829845935595	0.5090421021216228	FALSE	0.136817871509979	0.624767050010809	-0.595806231361256	0.521227600295265	1.0	-0.0877043864700344
A05_bin.50	D06_bin.80	d__Bacteria;p__Bacillota;c__Clostridia;o__Christensenellales;f__CAG-138;g__SFEL01;s__SFEL01 sp004557245	SFEL01 sp004557245	97.58	1.88	FALSE	TRUE	Predicted anaerobe	0.012709470161702128	0.002954579611111111	18	38.297872340425535	3	16.666666666666668	2.1011391307830234	0.804691582002009	FALSE	0.408173928332625	0.856335508584847	-0.307264478603574	0.187874348480767	1.0	-0.248738171119507
A05_bin.57	H06_bin.61	d__Bacteria;p__Bacillota;c__Clostridia;o__Lachnospirales;f__Lachnospiraceae;g__Fusicatenibacter;s__Fusicatenibacter saccharivorans	Fusicatenibacter saccharivorans	91.35	2.78	FALSE	TRUE	Predicted anaerobe	0.020481385878723404	0.026300645077777778	43	91.48936170212765	17	94.44444444444444	-0.36062906019758617	-0.3299372252871533	FALSE	0.566554805882339	0.936541020716014	0.171543153168708	0.103645794176184	0.892143305863819	0.242453850329264
A05_bin.58	H04_bin.32	d__Bacteria;p__Bacillota;c__Clostridia;o__Oscillospirales;f__Oscillospiraceae;g__Evtepia;s__Evtepia excrementipullorum	Evtepia excrementipullorum	80.86	6.01	FALSE	TRUE	Predicted anaerobe	0.011550929770212767	0.018054241944444445	10	21.27659574468085	5	27.77777777777778	-0.6438792851091291	-0.13699559257641045	FALSE	0.867107580994197	0.984846414163431	0.0630384181273416	0.538776175544789	0.992815159158699	0.0666035085713722
A05_bin.65	H04_bin.57	d__Bacteria;p__Bacillota;c__Clostridia;o__Oscillospirales;f__Ruminococcaceae;g__Gemmiger;s__Gemmiger formicilis	Gemmiger formicilis	91.71	5.3	FALSE	TRUE	Predicted anaerobe	0.020542742938297873	0.019251718083333334	39	82.97872340425532	14	77.77777777777777	0.09359455399539328	0.07766356608128379	FALSE	0.56492596409971	0.936541020716014	0.173457527645703	0.429987423963458	1.0	0.0851103673590812
A05_bin.79	A05_bin.79	d__Bacteria;p__Bacillota;c__Clostridia;o__Oscillospirales;f__Acutalibacteraceae;g__Fimenecus;s__Fimenecus sp000432435	Fimenecus sp000432435	97.99	0.34	FALSE	TRUE	Predicted anaerobe	0.14094240010638298	0.025955251111111112	16	34.04255319148936	3	16.666666666666668	2.4405539610360396	0.8308268803526944	FALSE	0.0505756776437559	0.428207404050467	-0.873125187915063	0.292346036403609	1.0	-0.11837303558269
A05_bin.88	H07_bin.23	d__Bacteria;p__Bacillota;c__Clostridia;o__Oscillospirales;f__Ruminococcaceae;g__Faecalibacterium;s__Faecalibacterium longum	Faecalibacterium longum	98.51	5.1	FALSE	TRUE	Predicted anaerobe	0.035641476921276595	0.026430022833333334	42	89.36170212765957	16	88.88888888888889	0.43123842118765726	0.38536199340173627	FALSE	0.717333274758785	0.967807090243617	-0.109564206465436	0.442613969643369	1.0	0.0931338926369201
A05_bin.89	A09_bin.36	d__Bacteria;p__Bacillota;c__Clostridia;o__Oscillospirales;f__Oscillospiraceae;g__Oscillibacter;s__Oscillibacter segnis	Oscillibacter segnis	93.59	4.81	FALSE	TRUE	Predicted anaerobe	0.029757313414893617	0.02470429522222222	35	74.46808510638297	13	72.22222222222223	0.2683832543840227	0.19985987028597435	FALSE	0.421310351490061	0.864450316653212	-0.276447258288182	0.844853125102097	1.0	0.0209260900343025
A05_bin.91	A05_bin.91	d__Bacteria;p__Bacillota;c__Clostridia;o__Peptostreptococcales;f__Anaerovoracaceae;g__CAG-238;s__CAG-238 sp900542245	CAG-238 sp900542245	92.86	2.48	FALSE	TRUE	Predicted anaerobe	0.022164161723404255	0.01617736986111111	30	63.829787234042556	10	55.55555555555556	0.4540109713636394	0.2897942370406209	FALSE	0.655664059491077	0.947865487459929	-0.149164693874734	0.662365814447482	1.0	0.0285466034233172
A05_bin.96	B04_bin.18	d__Bacteria;p__Bacteroidota;c__Bacteroidia;o__Bacteroidales;f__Rikenellaceae;g__Alistipes;s__Alistipes onderdonkii	Alistipes onderdonkii	97.68	0.48	FALSE	TRUE	Predicted anaerobe	0.09428179634468085	0.033452103794444445	33	70.2127659574468	7	38.888888888888886	1.4946041059317148	1.0494028828882254	FALSE	0.813152008586126	0.983217763396128	-0.0911821171861694	0.0574496778495284	1.0	-0.367643234835158
A06_bin.102	H05_bin.43	d__Bacteria;p__Bacillota;c__Clostridia;o__Lachnospirales;f__Lachnospiraceae;g__Roseburia;s__Roseburia rectalis	Roseburia rectalis	94.04	3.15	FALSE	TRUE	Predicted anaerobe	0.016796951495744682	0.03352437511111111	36	76.59574468085107	13	72.22222222222223	-0.9965826515430405	-0.7633399033095629	FALSE	0.317052427868994	0.826466231054012	0.414521045814694	0.55337059964949	1.0	0.0798679379970534
A06_bin.103	E08_bin.65	d__Bacteria;p__Bacillota_I;c__Bacilli_A;o__RFN20;f__CAG-288;g__CAG-345;s__CAG-345 sp000433315	CAG-345 sp000433315	97.75	0	FALSE	TRUE	Predicted anaerobe	0.027625774978723403	0.03199615	10	21.27659574468085	2	11.11111111111111	-0.211812076399782	-0.04506639923399617	FALSE	0.00147247644281579	0.0806621623298192	1.95001014663781	0.616365129340185	1.0	-0.0451708931428391
A06_bin.104	F03_bin.40	d__Bacteria;p__Bacillota;c__Clostridia;o__Lachnospirales;f__Lachnospiraceae;g__Blautia_A;s__Blautia_A wexlerae	Blautia A wexlerae	86.92	4.43	FALSE	TRUE	Predicted anaerobe	0.03815113274042553	0.05239498183333333	45	95.74468085106383	18	100.0	-0.457599971183429	-0.4381276319841342	FALSE	0.30829253063711	0.822194706915915	0.332182576447913	0.0351717047117785	0.838937256128169	0.348242889052348
A06_bin.106	C02_bin.32	d__Bacteria;p__Bacillota;c__Clostridia;o__Lachnospirales;f__Lachnospiraceae;g__Coprococcus_C;s__Coprococcus_C hominis	Coprococcus C hominis	97.99	0	FALSE	TRUE	Predicted anaerobe	0.009145939021276596	0.028188281111111112	11	23.404255319148938	9	50.0	-1.6228274629595285	-0.3798106828203152	FALSE	0.47156648233719	0.892521993822794	0.287542243917951	0.104382479165593	0.866411190557611	0.328394949794695
A06_bin.107	A06_bin.107	d__Bacteria;p__Bacteroidota;c__Bacteroidia;o__Bacteroidales;f__Marinifilaceae;g__Odoribacter;s__Odoribacter splanchnicus	Odoribacter splanchnicus	99.46	0	FALSE	TRUE	Predicted anaerobe	0.008743483657446809	0.016594761733333335	36	76.59574468085107	14	77.77777777777777	-0.9236678301156563	-0.7074902528545453	FALSE	0.205875994905403	0.736494903547362	0.428200943646664	0.125785149702674	0.929685334552661	0.158627780601904
A06_bin.108	A06_bin.108	d__Bacteria;p__Bacillota;c__Clostridia;o__Oscillospirales;f__Ruminococcaceae;g__Angelakisella;s__Angelakisella sp900547385	Angelakisella sp900547385	82.49	0	FALSE	TRUE	Predicted anaerobe	0.02006555065319149	0.0619046515	10	21.27659574468085	6	33.333333333333336	-1.624841289554758	-0.3457109126712251	FALSE	0.450241656337866	0.884830200132678	0.31207185209314	0.334040225070428	0.97110049679305	0.153519752112111
A06_bin.17	F06_bin.75	d__Bacteria;p__Bacillota;c__Clostridia;o__Oscillospirales;f__Oscillospiraceae;g__Hominicoprocola;s__Hominicoprocola fusiformis	Hominicoprocola fusiformis	96.64	2.01	FALSE	TRUE	Predicted anaerobe	0.022133388617021278	0.06499812811111111	34	72.34042553191489	14	77.77777777777777	-1.5537440972292882	-1.1239850916126766	FALSE	0.15447644455606	0.665824546740973	0.560300385009306	0.0497030291189662	0.835619547334204	0.22066234882927
A06_bin.22	F01_bin.44	d__Bacteria;p__Bacillota;c__Clostridia;o__Lachnospirales;f__Lachnospiraceae;g__Roseburia;s__Roseburia intestinalis	Roseburia intestinalis	88.31	0.6	FALSE	TRUE	Predicted anaerobe	0.05373350323404255	0.06918737311111112	26	55.319148936170215	11	61.111111111111114	-0.36462690541243503	-0.20170850086645342	FALSE	0.563476826549161	0.936541020716014	-0.239617786438266	0.5941884311871	1.0	0.0860224883038662
A06_bin.27	D01_bin.64	d__Bacteria;p__Bacteroidota;c__Bacteroidia;o__Bacteroidales;f__Bacteroidaceae;g__Bacteroides;s__Bacteroides uniformis	Bacteroides uniformis	87.98	1.12	FALSE	TRUE	Predicted anaerobe	0.1703628564468085	0.13937534455555556	45	95.74468085106383	18	100.0	0.2896166264507709	0.27729251468690835	FALSE	0.597685074976107	0.940772237633192	-0.203944454616003	0.414191737470507	1.0	0.099166920279917
A06_bin.30	A06_bin.30	d__Bacteria;p__Bacillota;c__Clostridia;o__Lachnospirales;f__Lachnospiraceae;g__Eubacterium_U;s__Eubacterium_U album	Eubacterium U album	98.66	1.34	FALSE	TRUE	Predicted anaerobe	0.007722038287234043	0.03217860088888889	18	38.297872340425535	7	38.888888888888886	-2.0576291833678626	-0.7880281978855644	FALSE	0.261964977186201	0.787792906488093	0.445867252926019	0.568075479051543	0.999512833175684	0.0838565133328251
A06_bin.31	A06_bin.31	d__Bacteria;p__Bacillota;c__Clostridia;o__Lachnospirales;f__Lachnospiraceae;g__Oliverpabstia;s__Oliverpabstia intestinalis	Oliverpabstia intestinalis	88.32	1.6	FALSE	TRUE	Predicted anaerobe	0.0809658871212766	0.06077644608333333	36	76.59574468085107	14	77.77777777777777	0.4137426951692373	0.3169092984275009	FALSE	0.242744483936279	0.774864797915088	-0.453528758937504	0.605669183618577	1.0	0.0808567806704408
A06_bin.37	A04_bin.71	d__Bacteria;p__Bacteroidota;c__Bacteroidia;o__Bacteroidales;f__Rikenellaceae;g__Alistipes_A;s__Alistipes_A ihumii	Alistipes A ihumii	83.97	2.52	FALSE	TRUE	Predicted anaerobe	0.013320838417021277	0.011887884722222223	18	38.297872340425535	7	38.888888888888886	0.16406241346820383	0.0628324136686738	FALSE	0.588427571022423	0.939278465232197	-0.208916328307709	0.735693674994045	0.998938934839957	0.061008641795654
A06_bin.42	B01_bin.9	d__Bacteria;p__Verrucomicrobiota;c__Verrucomicrobiia;o__Verrucomicrobiales;f__Akkermansiaceae;g__Akkermansia;s__Akkermansia muciniphila	Akkermansia muciniphila	96.6	0.85	FALSE	TRUE	Predicted anaerobe	0.020775603785106383	0.05707398242777778	19	40.42553191489362	7	38.888888888888886	-1.4575013307121405	-0.5892026656070355	FALSE	0.863178033338641	0.984846414163431	0.0774403773322257	0.796271248847333	1.0	0.0174467787913729
A06_bin.43	B04_bin.18	d__Bacteria;p__Bacteroidota;c__Bacteroidia;o__Bacteroidales;f__Rikenellaceae;g__Alistipes;s__Alistipes onderdonkii	Alistipes onderdonkii	81.19	1.44	FALSE	TRUE	Predicted anaerobe	0.13698412439787233	0.13259619905555556	41	87.23404255319149	15	83.33333333333333	0.046965798193747896	0.04097016438178008	FALSE	0.670541161229691	0.95248953603099	-0.185052069078727	0.642988441278309	1.0	-0.0469947375052734
A06_bin.44	C08_bin.86	d__Bacteria;p__Bacillota;c__Negativicutes;o__Acidaminococcales;f__Acidaminococcaceae;g__Phascolarctobacterium;s__Phascolarctobacterium faecium	Phascolarctobacterium faecium	99.38	2.1	FALSE	TRUE	Predicted anaerobe	0.04635417442553191	0.028871707777777776	12	25.53191489361702	3	16.666666666666668	0.6828544146583746	0.17434580799788285	FALSE	0.0529227587494415	0.437658907239567	0.831104346262678	0.650524552146436	1.0	-0.039056527025557
A06_bin.46	B09_bin.61	d__Bacteria;p__Bacillota;c__Clostridia;o__Oscillospirales;f__Ruminococcaceae;g__Hominimerdicola;s__Hominimerdicola aceti	Hominimerdicola aceti	98.63	0	FALSE	TRUE	Predicted anaerobe	0.013888353123404256	0.038636137277777774	27	57.4468085106383	9	50.0	-1.4754102806270104	-0.8475761186580699	FALSE	0.30448844571319	0.819032460632453	0.433132702377776	0.833018828769554	1.0	-0.0347693905956381
A06_bin.47	C05_bin.117	d__Bacteria;p__Bacillota;c__Clostridia;o__Lachnospirales;f__Lachnospiraceae;g__Gallintestinimicrobium;s__Gallintestinimicrobium propionicum	Gallintestinimicrobium propionicum	97	3.07	FALSE	TRUE	Predicted anaerobe	0.016299167704255317	0.01953321638888889	31	65.95744680851064	12	66.66666666666667	-0.260984763353702	-0.17213888646733536	FALSE	0.673408835210068	0.953830565934627	0.158289550179819	0.330908403311047	1.0	0.113413039403298
A06_bin.50	A04_bin.93	d__Bacteria;p__Bacillota;c__Clostridia;o__Oscillospirales;f__Ruminococcaceae;g__Gemmiger;s__Gemmiger qucibialis	Gemmiger qucibialis	96.37	1.36	FALSE	TRUE	Predicted anaerobe	0.01241148250212766	0.02830617848888889	34	72.34042553191489	14	77.77777777777777	-1.1887892052132971	-0.8599751697287682	FALSE	0.999268404320827	1	0.000343866827541791	0.286637393141119	0.999244017951872	0.125720372446539
A06_bin.57	G07_bin.85	d__Bacteria;p__Bacillota;c__Clostridia;o__Christensenellales;f__Aristaeellaceae;g__UBA11524;s__UBA11524 sp000437595	UBA11524 sp000437595	98.6	1.28	FALSE	TRUE	Predicted anaerobe	0.027717473712765957	0.016498838816666667	20	42.5531914893617	7	38.888888888888886	0.7480775276101526	0.3183308628128309	FALSE	0.941943317999394	0.99690442516441	-0.027375966024078	0.732468368790587	1.0	-0.0296052924448238
A06_bin.60	D01_bin.23	d__Bacteria;p__Bacillota;c__Clostridia;o__Lachnospirales;f__Lachnospiraceae;g__Anaerostipes;s__Anaerostipes hadrus	Anaerostipes hadrus	93.29	4.7	FALSE	TRUE	Predicted anaerobe	0.0295538708	0.0789775215	41	87.23404255319149	18	100.0	-1.4177895793610196	-1.2367951649745066	FALSE	0.16520222777797	0.67061543604847	0.58466153156169	0.00432399577803681	0.520213333863872	0.37086841200723
A06_bin.64	A09_bin.36	d__Bacteria;p__Bacillota;c__Clostridia;o__Oscillospirales;f__Oscillospiraceae;g__Oscillibacter;s__Oscillibacter segnis	Oscillibacter segnis	92.32	6.4	FALSE	TRUE	Predicted anaerobe	0.025454395361702128	0.03014207775	33	70.2127659574468	13	72.22222222222223	-0.24377595861753598	-0.17116184328465292	FALSE	0.712748173446488	0.965572986119905	-0.128804660216192	0.343629344357247	1.0	0.0778248340768596
A06_bin.67	C08_bin.28	d__Bacteria;p__Bacillota;c__Clostridia;o__Oscillospirales;f__Ruminococcaceae;g__Faecalibacterium;s__Faecalibacterium butyricigenerans	Faecalibacterium butyricigenerans	91.77	2.72	FALSE	TRUE	Predicted anaerobe	0.036119187893617025	0.05751299772222222	37	78.72340425531915	11	61.111111111111114	-0.6709740351057363	-0.5282136021045158	FALSE	0.18618343115998	0.701343518225518	0.481766444845043	0.520233368280598	1.0	0.00939199074988675
A06_bin.69	B06_bin.6	d__Bacteria;p__Cyanobacteriota;c__Vampirovibrionia;o__Gastranaerophilales;f__Gastranaerophilaceae;g__CAG-196;s__CAG-196 sp002102975	CAG-196 sp002102975	80.34	0	FALSE	TRUE	Predicted anaerobe	0.011569900736170213	0.06273235155555555	11	23.404255319148938	2	11.11111111111111	-2.4378167152826133	-0.570552848257633	FALSE	0.00029834928561318	0.0539104280935389	2.39038748215889	0.475913096530859	1.0	-0.129731853694452
A06_bin.76	D08_bin.97	d__Bacteria;p__Bacteroidota;c__Bacteroidia;o__Bacteroidales;f__Tannerellaceae;g__Parabacteroides;s__Parabacteroides merdae	Parabacteroides merdae	97.56	0.38	FALSE	TRUE	Predicted anaerobe	0.023490643334042553	0.03718371244444445	30	63.829787234042556	11	61.111111111111114	-0.6623585046107189	-0.4227820242196078	FALSE	0.622739982368051	0.943026319703049	0.183206187868854	0.654497761064638	1.0	0.0554313691897758
A06_bin.8	H03_bin.22	d__Bacteria;p__Bacillota;c__Clostridia;o__Oscillospirales;f__Oscillospiraceae;g__Faecousia;s__Faecousia sp000434635	Faecousia sp000434635	98.28	9.64	FALSE	TRUE	Predicted anaerobe	0.01855332701489362	0.03436464705555556	27	57.4468085106383	6	33.333333333333336	-0.888889599753089	-0.5106387062411363	FALSE	0.0159224293304715	0.232704162657595	0.90740979408457	0.230141844557888	1.0	-0.232566139184624
A06_bin.91	E06_bin.85	d__Bacteria;p__Bacteroidota;c__Bacteroidia;o__Bacteroidales;f__Rikenellaceae;g__Alistipes;s__Alistipes shahii	Alistipes shahii	83.41	0.64	FALSE	TRUE	Predicted anaerobe	0.06475586087234042	0.04814838011111111	36	76.59574468085107	9	50.0	0.4274466802746276	0.32740596786992754	FALSE	0.166188495449955	0.6724726001637	0.463470683759896	0.129058436549046	1.0	-0.139239577062846
A06_bin.92	D08_bin.21	d__Bacteria;p__Bacteroidota;c__Bacteroidia;o__Bacteroidales;f__Rikenellaceae;g__Alistipes;s__Alistipes putredinis	Alistipes putredinis	81.04	0.24	FALSE	TRUE	Predicted anaerobe	0.1269913740680851	0.15452102722222222	36	76.59574468085107	15	83.33333333333333	-0.2830524299730672	-0.21680611657511528	FALSE	0.126219026693326	0.608696219532762	0.533438542860596	0.0992606390630909	0.889444961724296	0.169321613533756
A06_bin.97	G01_bin.76	d__Bacteria;p__Pseudomonadota;c__Alphaproteobacteria;o__RF32;f__CAG-239;g__Scatacola_A;s__Scatacola_A faecigallinarum	Scatacola A faecigallinarum	87.1	0	FALSE	TRUE	Predicted anaerobe	0.0038620683723404256	0.2125467255	5	10.638297872340425	4	22.22222222222222	-5.7785996700309745	-0.614744645747976	FALSE	0.00149982748270043	0.0806621623298192	3.24154181971547	0.27097941077624	0.955126058405216	0.133018328078798
A07_bin.17	A04_bin.93	d__Bacteria;p__Bacillota;c__Clostridia;o__Oscillospirales;f__Ruminococcaceae;g__Gemmiger;s__Gemmiger qucibialis	Gemmiger qucibialis	82.53	0.85	FALSE	TRUE	Predicted anaerobe	0.01167992145106383	0.017483489694444444	37	78.72340425531915	15	83.33333333333333	-0.5815528785585645	-0.457818223546104	FALSE	0.979707562423134	1	0.00834659323066878	0.159565971575289	0.967386507566564	0.148099644541672
A07_bin.18	F02_bin.31	d__Bacteria;p__Verrucomicrobiota;c__Verrucomicrobiia;o__Verrucomicrobiales;f__Akkermansiaceae;g__Akkermansia;s__Akkermansia massiliensis	Akkermansia massiliensis	92.18	0	FALSE	TRUE	Predicted anaerobe	0.02654705825531915	0.028721054	8	17.02127659574468	4	22.22222222222222	-0.11351557201826372	-0.01932179949247042	FALSE	0.174768535023545	0.685005582842001	-0.582420852560392	0.6480142267201	0.992780966804448	0.0423348110280019
A07_bin.2	A01_bin.69	d__Bacteria;p__Actinomycetota;c__Coriobacteriia;o__Coriobacteriales;f__Eggerthellaceae;g__Anaerotardibacter;s__Anaerotardibacter sp000435675	Anaerotardibacter sp000435675	92.74	0.81	FALSE	TRUE	Predicted anaerobe	0.011861146670212765	0.033195438083333334	8	17.02127659574468	10	55.55555555555556	-1.4839602363183708	-0.2525889763946163	FALSE	0.729453622558669	0.968074598146667	-0.152920582394623	0.0130879964971552	0.572729472246608	0.54921122685047
A07_bin.20	D07_bin.25	d__Bacteria;p__Actinomycetota;c__Coriobacteriia;o__Coriobacteriales;f__Eggerthellaceae;g__Adlercreutzia;s__Adlercreutzia rubneri	Adlercreutzia rubneri	95.36	0	FALSE	TRUE	Predicted anaerobe	0.009219515657446808	0.027358076194444445	27	57.4468085106383	15	83.33333333333333	-1.5681671799374617	-0.9008619969853504	FALSE	0.175130300839923	0.685005582842001	0.545178911044985	0.00777482952844535	0.598859592179292	0.421419439144674
A07_bin.23	H06_bin.1	d__Bacteria;p__Bacillota;c__Clostridia;o__Oscillospirales;f__Oscillospiraceae;g__Vescimonas;s__Vescimonas sp000435975	Vescimonas sp000435975	83.9	1.79	FALSE	TRUE	Predicted anaerobe	0.01632610629787234	0.008152001222222222	10	21.27659574468085	2	11.11111111111111	1.0010693271264521	0.21299347385669196	FALSE	0.212226286495431	0.740829313404755	0.548972223674637	0.608455309468581	1.0	-0.070790429993691
A07_bin.24	E06_bin.85	d__Bacteria;p__Bacteroidota;c__Bacteroidia;o__Bacteroidales;f__Rikenellaceae;g__Alistipes;s__Alistipes shahii	Alistipes shahii	86.15	0.64	FALSE	TRUE	Predicted anaerobe	0.052813996265957446	0.05888628361111111	36	76.59574468085107	9	50.0	-0.1569831529712347	-0.12024241504179678	FALSE	0.13341588997214	0.623377262822132	0.521579715339274	0.14244852831134	1.0	-0.177401967001112
A07_bin.28	D08_bin.97	d__Bacteria;p__Bacteroidota;c__Bacteroidia;o__Bacteroidales;f__Tannerellaceae;g__Parabacteroides;s__Parabacteroides merdae	Parabacteroides merdae	98.27	0.38	FALSE	TRUE	Predicted anaerobe	0.018032865031914893	0.03051043761111111	30	63.829787234042556	11	61.111111111111114	-0.758347205352315	-0.48405140767169047	FALSE	0.455296319121722	0.885565788998121	0.25929787698354	0.528828185787106	1.0	0.0849357069372161
A07_bin.29	A05_bin.49	d__Bacteria;p__Bacillota;c__Bacilli;o__Lactobacillales;f__Streptococcaceae;g__Streptococcus;s__Streptococcus salivarius_D	Streptococcus salivarius D	81.61	7.01	FALSE	FALSE	Facultative/other	0.011721075506382978	0.016702437166666667	21	44.680851063829785	7	38.888888888888886	-0.5105868503832254	-0.22813455017122836	FALSE	0.6054902919671	0.941943598813799	0.215422371661473	0.822707593041377	1.0	-0.00954771805022085
A07_bin.3	B04_bin.18	d__Bacteria;p__Bacteroidota;c__Bacteroidia;o__Bacteroidales;f__Rikenellaceae;g__Alistipes;s__Alistipes onderdonkii	Alistipes onderdonkii	97.55	2.43	FALSE	TRUE	Predicted anaerobe	0.12216304263404255	0.10049889433333334	41	87.23404255319149	15	83.33333333333333	0.28160281551680905	0.24565351991891854	FALSE	0.951303447798454	0.99690442516441	-0.026711011560018	0.715970356131514	1.0	-0.00327629017011193
A07_bin.31	C07_bin.89	d__Bacteria;p__Desulfobacterota;c__Desulfovibrionia;o__Desulfovibrionales;f__Desulfovibrionaceae;g__Bilophila;s__Bilophila wadsworthia	Bilophila wadsworthia	91.66	0.59	FALSE	TRUE	Predicted anaerobe	0.0070900613872340425	0.012116270694444445	25	53.191489361702125	11	61.111111111111114	-0.7722325298108638	-0.4107619839419488	FALSE	0.337875077373998	0.831898310564131	0.338908767451309	0.409727428500977	0.997635165845365	0.143000844157101
A07_bin.37	G07_bin.76	d__Bacteria;p__Bacteroidota;c__Bacteroidia;o__Bacteroidales;f__Bacteroidaceae;g__Phocaeicola;s__Phocaeicola coprocola	Phocaeicola coprocola	85.67	0.93	FALSE	TRUE	Predicted anaerobe	0.03574223925531915	0.03707790136111112	6	12.76595744680851	3	16.666666666666668	-0.05291503002712277	-0.006755110216228439	FALSE	0.0112514302088155	0.186963017862374	-1.8691795299616	0.654380028802515	0.990400187595899	0.074920604152182
A07_bin.4	C02_bin.89	d__Bacteria;p__Bacillota;c__Clostridia;o__Oscillospirales;f__Acutalibacteraceae;g__Hominenteromicrobium;s__Hominenteromicrobium mulieris	Hominenteromicrobium mulieris	87.58	0.17	FALSE	TRUE	Predicted anaerobe	0.009781714438297872	0.022637562722222223	28	59.57446808510638	8	44.44444444444444	-1.2097224095892731	-0.7206856908191414	FALSE	0.281270710570204	0.801776611379208	0.402977990908714	0.596124269597465	1.0	-0.112091276111202
A07_bin.40	A07_bin.40	d__Bacteria;p__Bacillota;c__Clostridia;o__Oscillospirales;f__Butyricicoccaceae;g__Agathobaculum;s__Agathobaculum hominis	Agathobaculum hominis	92.62	0.22	FALSE	TRUE	Predicted anaerobe	0.017156709478723404	0.035119794555555556	24	51.06382978723404	11	61.111111111111114	-1.0330816099660034	-0.527531034876257	FALSE	0.756809274142556	0.972133645260907	0.118203395792551	0.290791983665775	0.992359260734283	0.115299467563607
A07_bin.44	B03_bin.77	d__Bacteria;p__Bacillota;c__Clostridia;o__Oscillospirales;f__Ruminococcaceae;g__Faecalibacterium;s__Faecalibacterium duncaniae	Faecalibacterium duncaniae	88	5.1	FALSE	TRUE	Predicted anaerobe	0.10457096665957447	0.15671239077777777	41	87.23404255319149	17	94.44444444444444	-0.5835910005601812	-0.5090900217652645	FALSE	0.500300367803388	0.912284011708043	0.277343103106687	0.0887821175729673	0.87025594700024	0.207927920418676
A07_bin.5	C04_bin.103	d__Bacteria;p__Bacillota;c__Clostridia;o__Oscillospirales;f__Acutalibacteraceae;g__CAG-177;s__CAG-177 sp003514385	CAG-177 sp003514385	90.11	0.36	FALSE	TRUE	Predicted anaerobe	0.0061243356297872335	0.027235337944444445	12	25.53191489361702	3	16.666666666666668	-2.1510303773650747	-0.5491992452846999	FALSE	0.000108768064394463	0.0539104280935389	2.39257371537892	0.805934988657742	0.99856434247619	-0.00951334602924105
A07_bin.50	A06_bin.107	d__Bacteria;p__Bacteroidota;c__Bacteroidia;o__Bacteroidales;f__Marinifilaceae;g__Odoribacter;s__Odoribacter splanchnicus	Odoribacter splanchnicus	97.31	0	FALSE	TRUE	Predicted anaerobe	0.010669598129787234	0.015876305327777777	37	78.72340425531915	14	77.77777777777777	-0.5729262767923547	-0.4510270689641942	FALSE	0.204876148605692	0.736494903547362	0.413420277815906	0.160876878921172	0.968401518890395	0.158797226230404
A07_bin.52	D01_bin.23	d__Bacteria;p__Bacillota;c__Clostridia;o__Lachnospirales;f__Lachnospiraceae;g__Anaerostipes;s__Anaerostipes hadrus	Anaerostipes hadrus	94.97	4.7	FALSE	TRUE	Predicted anaerobe	0.03402411717021277	0.0911483865	41	87.23404255319149	18	100.0	-1.42139370182919	-1.2399391867020595	FALSE	0.19352295663975	0.70862235301915	0.532237392233132	0.0048574341476776	0.524820416298996	0.333369238203758
A07_bin.55	F03_bin.40	d__Bacteria;p__Bacillota;c__Clostridia;o__Lachnospirales;f__Lachnospiraceae;g__Blautia_A;s__Blautia_A wexlerae	Blautia A wexlerae	89.24	1.27	FALSE	TRUE	Predicted anaerobe	0.0391964813	0.06832897866666666	45	95.74468085106383	18	100.0	-0.8016165179061745	-0.7675051767186778	FALSE	0.26684437522839	0.793393476849627	0.374016063072262	0.0300420416513172	0.829568536004938	0.282979818064385
A07_bin.60	A09_bin.36	d__Bacteria;p__Bacillota;c__Clostridia;o__Oscillospirales;f__Oscillospiraceae;g__Oscillibacter;s__Oscillibacter segnis	Oscillibacter segnis	94.3	8.85	FALSE	TRUE	Predicted anaerobe	0.014982945889361702	0.04195671761111111	31	65.95744680851064	15	83.33333333333333	-1.4849617494371332	-0.9794428560117261	FALSE	0.580324404524178	0.936541020716014	0.208174188217374	0.0208225156542687	0.773586613028174	0.247639832286848
A07_bin.61	H04_bin.57	d__Bacteria;p__Bacillota;c__Clostridia;o__Oscillospirales;f__Ruminococcaceae;g__Gemmiger;s__Gemmiger formicilis	Gemmiger formicilis	89.03	2.27	FALSE	TRUE	Predicted anaerobe	0.012362441768085106	0.060280346166666665	37	78.72340425531915	13	72.22222222222223	-2.2847967608057997	-1.7986697904215871	FALSE	0.0385171757052741	0.378428046778057	0.845040666237383	0.26829786163608	0.999624948387136	0.13098935217615
A07_bin.63	F06_bin.75	d__Bacteria;p__Bacillota;c__Clostridia;o__Oscillospirales;f__Oscillospiraceae;g__Hominicoprocola;s__Hominicoprocola fusiformis	Hominicoprocola fusiformis	89.93	3.19	FALSE	TRUE	Predicted anaerobe	0.01869200905319149	0.0628101491111111	34	72.34042553191489	15	83.33333333333333	-1.7480341082314528	-1.2645353123376468	FALSE	0.357778344501196	0.836841522175111	0.34073670206896	0.0465119257444778	0.831635651490333	0.22024068848809
A07_bin.64	B05_bin.33	d__Bacteria;p__Bacillota;c__Clostridia;o__Lachnospirales;f__Lachnospiraceae;g__Lachnospira;s__Lachnospira rogosae	Lachnospira rogosae	87.13	0.67	FALSE	TRUE	Predicted anaerobe	0.0071171497680851065	0.0165367483	19	40.42553191489362	8	44.44444444444444	-1.2151505860771477	-0.49123108798863413	FALSE	0.628035924324452	0.943026319703049	0.203715817191548	0.597076569486187	0.998753899012483	0.0955266735974011
A07_bin.65	A07_bin.65	d__Bacteria;p__Bacteroidota;c__Bacteroidia;o__Bacteroidales;f__Barnesiellaceae;g__Barnesiella;s__Barnesiella intestinihominis	Barnesiella intestinihominis	99.62	0	FALSE	TRUE	Predicted anaerobe	0.06625754105744681	0.05372426221111111	32	68.08510638297872	13	72.22222222222223	0.30246010994023054	0.20593028761888035	FALSE	0.225514068092643	0.764231036679804	-0.467463238115754	0.811139738213403	1.0	0.0138203693136391
A07_bin.69	D08_bin.102	d__Bacteria;p__Pseudomonadota;c__Gammaproteobacteria;o__Burkholderiales;f__Burkholderiaceae_F;g__Sutterella;s__Sutterella wadsworthensis_A	Sutterella wadsworthensis A	80.12	0.93	FALSE	TRUE	Predicted anaerobe	0.024811804276595743	0.08625894844444444	11	23.404255319148938	4	22.22222222222222	-1.7972333830854264	-0.42062908965829127	FALSE	0.00299753134458183	0.10659221461333	1.4934101975385	0.72597094722494	0.999129401132244	0.0261188669693659
A07_bin.74	G07_bin.85	d__Bacteria;p__Bacillota;c__Clostridia;o__Christensenellales;f__Aristaeellaceae;g__UBA11524;s__UBA11524 sp000437595	UBA11524 sp000437595	98.6	1.17	FALSE	TRUE	Predicted anaerobe	0.0115654178	0.021331626705555554	18	38.297872340425535	8	44.44444444444444	-0.8826058790610254	-0.33801927283188204	FALSE	0.853513727329179	0.984846414163431	-0.0717808733686082	0.638610246808694	1.0	0.0509024783616109
A07_bin.75	A07_bin.75	d__Bacteria;p__Actinomycetota;c__Coriobacteriia;o__Coriobacteriales;f__Eggerthellaceae;g__Slackia;s__Slackia isoflavoniconvertens	Slackia isoflavoniconvertens	100	0	FALSE	TRUE	Predicted anaerobe	0.00509738170212766	0.055298212	11	23.404255319148938	7	38.888888888888886	-3.436837914904956	-0.8043663205096706	FALSE	0.00849559742586319	0.161486168340678	1.27569439955369	0.165371853421438	0.915593208738267	0.258254332071736
A07_bin.77	A07_bin.77	d__Bacteria;p__Bacillota;c__Clostridia;o__Oscillospirales;f__CAG-382;g__UMGS882;s__UMGS882 sp900757905	UMGS882 sp900757905	85.97	1.01	FALSE	TRUE	Predicted anaerobe	0.013799758659574468	0.02209863427777778	13	27.659574468085108	7	38.888888888888886	-0.6789218007786848	-0.18778688106644473	FALSE	0.21558031714487	0.745723353859101	-0.498037711795967	0.473914913920498	0.988902151890461	0.125029414705976
A07_bin.79	H05_bin.38	d__Bacteria;p__Bacteroidota;c__Bacteroidia;o__Bacteroidales;f__Tannerellaceae;g__Parabacteroides;s__Parabacteroides distasonis	Parabacteroides distasonis	99.18	0.38	FALSE	TRUE	Predicted anaerobe	0.01568149321276596	0.01963017147222222	32	68.08510638297872	10	55.55555555555556	-0.3238248787856952	-0.22047651321579248	FALSE	0.102901539562708	0.577157531048882	0.577992129989012	0.738737137896119	1.0	0.00148542847175498
A07_bin.8	H07_bin.23	d__Bacteria;p__Bacillota;c__Clostridia;o__Oscillospirales;f__Ruminococcaceae;g__Faecalibacterium;s__Faecalibacterium longum	Faecalibacterium longum	92.57	5.91	FALSE	TRUE	Predicted anaerobe	0.023529585185106384	0.04530485837777778	43	91.48936170212765	16	88.88888888888889	-0.9448952785404221	-0.8644786590901734	FALSE	0.808600365878095	0.981995841667439	0.0869186135685207	0.311629303608104	1.0	0.118911269621268
A07_bin.85	A07_bin.85	d__Bacteria;p__Bacteroidota;c__Bacteroidia;o__Bacteroidales;f__Bacteroidaceae;g__Phocaeicola;s__Phocaeicola plebeius	Phocaeicola plebeius	98.79	2.27	FALSE	TRUE	Predicted anaerobe	0.05524825161702128	0.29230377044444444	3	6.382978723404255	4	22.22222222222222	-2.4032559730478766	-0.15339931742858787	FALSE	0.102148709790014	0.576538602660287	-1.22395029154458	0.216286751815975	0.91414915468319	0.159646284976306
A07_bin.87	C04_bin.18	d__Bacteria;p__Bacillota_I;c__Bacilli_A;o__Erysipelotrichales;f__Erysipelotrichaceae;g__Holdemanella;s__Holdemanella sp900556915	Holdemanella sp900556915	89.42	0.71	FALSE	TRUE	Predicted anaerobe	0.0011682731489361703	0.019472688872222223	3	6.382978723404255	5	27.77777777777778	-4.047446871772359	-0.25834767266632075	FALSE	0.0159673272464717	0.232704162657595	-1.91967871613568	0.135959083494993	0.90558528763127	0.253917824914311
A07_bin.89	D01_bin.67	d__Bacteria;p__Actinomycetota;c__Coriobacteriia;o__Coriobacteriales;f__Coriobacteriaceae;g__Collinsella;s__Collinsella sp905215825	Collinsella sp905215825	91.13	0.81	FALSE	TRUE	Predicted anaerobe	0.015555868174468085	0.08762681331111111	28	59.57446808510638	8	44.44444444444444	-2.4931509810907815	-1.4852814355434443	FALSE	0.185748039519202	0.701343518225518	0.592474831320121	0.46915168666111	1.0	-0.124249525007264
A07_bin.90	C05_bin.117	d__Bacteria;p__Bacillota;c__Clostridia;o__Lachnospirales;f__Lachnospiraceae;g__Gallintestinimicrobium;s__Gallintestinimicrobium propionicum	Gallintestinimicrobium propionicum	89.88	2.85	FALSE	TRUE	Predicted anaerobe	0.01668012389787234	0.02662062712777778	34	72.34042553191489	14	77.77777777777777	-0.674091738666389	-0.48764083222674953	FALSE	0.526843221532955	0.921389677105633	0.232873276416994	0.204491615984827	0.992568843834529	0.16515605497156
A08_bin.1	H02_bin.18	d__Bacteria;p__Actinomycetota;c__Actinomycetes;o__Actinomycetales;f__Bifidobacteriaceae;g__Bifidobacterium;s__Bifidobacterium adolescentis	Bifidobacterium adolescentis	94.39	2.39	FALSE	TRUE	Predicted anaerobe	0.13788607083829788	0.09415972775	39	82.97872340425532	12	66.66666666666667	0.5502460859500342	0.4565871777032199	FALSE	0.66754856328042	0.951283547365845	-0.166643750122538	0.300405394352531	1.0	-0.0723897379222803
A08_bin.10	B04_bin.18	d__Bacteria;p__Bacteroidota;c__Bacteroidia;o__Bacteroidales;f__Rikenellaceae;g__Alistipes;s__Alistipes onderdonkii	Alistipes onderdonkii	95.03	4.62	FALSE	TRUE	Predicted anaerobe	0.154871800106383	0.07552070400000001	41	87.23404255319149	15	83.33333333333333	1.0360324864723582	0.9037730201141849	FALSE	0.384617368241109	0.850559304393896	-0.348031661904978	0.547655352984977	1.0	-0.0661669286414685
A08_bin.101	F03_bin.40	d__Bacteria;p__Bacillota;c__Clostridia;o__Lachnospirales;f__Lachnospiraceae;g__Blautia_A;s__Blautia_A wexlerae	Blautia A wexlerae	89.49	6.74	FALSE	TRUE	Predicted anaerobe	0.03859710059148936	0.05044123988888889	46	97.87234042553192	18	100.0	-0.3860235140379215	-0.3778102477817955	FALSE	0.364109721115496	0.837128877065693	0.291339357463204	0.0663255832495854	0.853094986236677	0.313733081330289
A08_bin.103	A04_bin.93	d__Bacteria;p__Bacillota;c__Clostridia;o__Oscillospirales;f__Ruminococcaceae;g__Gemmiger;s__Gemmiger qucibialis	Gemmiger qucibialis	96.26	1.7	FALSE	TRUE	Predicted anaerobe	0.012961089393617021	0.01018742248888889	31	65.95744680851064	14	77.77777777777777	0.3470951100996768	0.22893507261893575	FALSE	0.412214084195579	0.858216208079319	-0.256201498233213	0.346116445946759	1.0	0.101098856494509
A08_bin.14	C08_bin.68	d__Bacteria;p__Bacteroidota;c__Bacteroidia;o__Bacteroidales;f__Bacteroidaceae;g__Paraprevotella;s__Paraprevotella clara	Paraprevotella clara	95.17	0	FALSE	TRUE	Predicted anaerobe	0.015639850340425532	0.015553675500000001	7	14.893617021276595	4	22.22222222222222	0.007966054936495326	0.0011864337139461123	FALSE	0.831286968403805	0.983217763396128	-0.084803770159126	0.476663006702406	0.983680906345417	0.100587313857684
A08_bin.19	B06_bin.6	d__Bacteria;p__Cyanobacteriota;c__Vampirovibrionia;o__Gastranaerophilales;f__Gastranaerophilaceae;g__CAG-196;s__CAG-196 sp002102975	CAG-196 sp002102975	86.7	1.14	FALSE	TRUE	Predicted anaerobe	0.015489144523404256	0.007405651111111112	12	25.53191489361702	1	5.555555555555555	1.0635433127471199	0.27154297346734974	FALSE	0.00101357787262392	0.075089227396889	1.90213509559401	0.233040759276657	1.0	-0.213214400199651
A08_bin.2	A08_bin.2	d__Bacteria;p__Actinomycetota;c__Coriobacteriia;o__Coriobacteriales;f__Eggerthellaceae;g__Anaerotardibacter;s__Anaerotardibacter sp000436075	Anaerotardibacter sp000436075	85.48	0.81	FALSE	TRUE	Predicted anaerobe	0.017565117263829786	0.032135219300000004	20	42.5531914893617	7	38.888888888888886	-0.871069877864697	-0.3706680331339136	FALSE	0.0934172575957105	0.556350357713063	0.658099098229228	0.785618699361339	1.0	0.0500815922605568
A08_bin.27	G03_bin.17	d__Bacteria;p__Bacillota;c__Clostridia;o__Oscillospirales;f__Oscillospiraceae;g__Vescimonas;s__Vescimonas sp900545585	Vescimonas sp900545585	80.82	8.72	FALSE	TRUE	Predicted anaerobe	0.037389239127659575	0.020720373444444447	17	36.170212765957444	3	16.666666666666668	0.8512628134547879	0.30790357082407227	FALSE	0.808322569087521	0.981995841667439	-0.0964044595215318	0.245737387548168	1.0	-0.226151091518774
A08_bin.30	H06_bin.64	d__Bacteria;p__Bacillota;c__Clostridia;o__Oscillospirales;f__Ruminococcaceae;g__Ruminiclostridium_E;s__Ruminiclostridium_E siraeum	Ruminiclostridium E siraeum	98.66	0.94	FALSE	TRUE	Predicted anaerobe	0.010599724721276595	0.008487251572222222	13	27.659574468085108	3	16.666666666666668	0.3203190412329714	0.08859888374528996	FALSE	0.364608676971518	0.837128877065693	0.363689945395855	0.578037301667966	1.0	-0.122460593661379
A08_bin.31	G08_bin.17	d__Bacteria;p__Bacillota;c__Clostridia;o__Oscillospirales;f__Oscillospiraceae;g__Hominicoprocola;s__Hominicoprocola sp900317525	Hominicoprocola sp900317525	92.79	2.92	FALSE	TRUE	Predicted anaerobe	0.015181765572340425	0.032362279611111114	32	68.08510638297872	10	55.55555555555556	-1.0914694135017577	-0.7431281113203457	FALSE	0.471369558127641	0.892521993822794	0.272027385170108	0.623954315440771	1.0	-0.0512223672871308
A08_bin.32	C07_bin.89	d__Bacteria;p__Desulfobacterota;c__Desulfovibrionia;o__Desulfovibrionales;f__Desulfovibrionaceae;g__Bilophila;s__Bilophila wadsworthia	Bilophila wadsworthia	97.34	0	FALSE	TRUE	Predicted anaerobe	0.010641814585106383	0.007476576888888889	28	59.57446808510638	10	55.55555555555556	0.5087210944920109	0.3030678860803469	FALSE	0.956542026156428	0.99690442516441	0.0182021306420695	0.866821335793398	1.0	-0.00720857471731727
A08_bin.36	F07_bin.74	d__Bacteria;p__Bacillota;c__Clostridia;o__Lachnospirales;f__Lachnospiraceae;g__Coprococcus;s__Coprococcus aceti	Coprococcus aceti	92.62	2.91	FALSE	TRUE	Predicted anaerobe	0.013688002668085106	0.006641953872222222	13	27.659574468085108	6	33.333333333333336	1.0421154769569967	0.28824470639236077	FALSE	0.227456585801116	0.764231036679804	-0.476066187142655	0.66327394665437	0.99635999918286	0.0390558906957698
A08_bin.37	B01_bin.9	d__Bacteria;p__Verrucomicrobiota;c__Verrucomicrobiia;o__Verrucomicrobiales;f__Akkermansiaceae;g__Akkermansia;s__Akkermansia muciniphila	Akkermansia muciniphila	97.96	0	FALSE	TRUE	Predicted anaerobe	0.021158744978723405	0.014702122038888888	19	40.42553191489362	6	33.333333333333336	0.5249303872611963	0.21220590123324956	FALSE	0.108880720951506	0.586899738179697	-0.649258980337725	0.681202594262467	1.0	-0.0706696007281775
A08_bin.59	F07_bin.6	d__Bacteria;p__Bacillota;c__Clostridia;o__Oscillospirales;f__Acutalibacteraceae;g__CAG-217;s__CAG-217 sp000436335	CAG-217 sp000436335	86.52	0	FALSE	TRUE	Predicted anaerobe	0.010796196340425532	0.004995394388888888	14	29.78723404255319	2	11.11111111111111	1.1103031474043024	0.33072859709915386	FALSE	0.10102754651354	0.576431275410287	-0.66986961639561	0.273724025040331	0.999265711957604	-0.17192226734387
A08_bin.6	G05_bin.13	d__Bacteria;p__Bacillota;c__Clostridia;o__Oscillospirales;f__Acutalibacteraceae;g__Ruminococcoides;s__Ruminococcoides intestinale	Ruminococcoides intestinale	99.33	1.9	FALSE	TRUE	Predicted anaerobe	0.03190963136170213	0.04965781588888889	28	59.57446808510638	12	66.66666666666667	-0.6378673165183757	-0.38000606090456424	FALSE	0.770237539470194	0.973335000126514	-0.120926288994419	0.482771244797765	1.0	0.119019935601071
A08_bin.63	H05_bin.38	d__Bacteria;p__Bacteroidota;c__Bacteroidia;o__Bacteroidales;f__Tannerellaceae;g__Parabacteroides;s__Parabacteroides distasonis	Parabacteroides distasonis	98.65	0.13	FALSE	TRUE	Predicted anaerobe	0.018972456429787236	0.014869418766666666	37	78.72340425531915	13	72.22222222222223	0.35134852508613	0.27659351974865554	FALSE	0.97824710837874	1	-0.00873656053169768	0.767152987807781	1.0	0.015181075449206
A08_bin.69	F06_bin.75	d__Bacteria;p__Bacillota;c__Clostridia;o__Oscillospirales;f__Oscillospiraceae;g__Hominicoprocola;s__Hominicoprocola fusiformis	Hominicoprocola fusiformis	95.25	7.07	FALSE	TRUE	Predicted anaerobe	0.020447662772340426	0.024117620972222222	33	70.2127659574468	14	77.77777777777777	-0.23804433934078495	-0.16713751485629583	FALSE	0.876284839655408	0.984846414163431	0.0552769032980867	0.264363865522204	0.999831130515204	0.109514503250977
A08_bin.7	F03_bin.1	d__Bacteria;p__Bacillota;c__Clostridia;o__Lachnospirales;f__Lachnospiraceae;g__Acetatifactor;s__Acetatifactor acetigignens	Acetatifactor acetigignens	95.07	1.77	FALSE	TRUE	Predicted anaerobe	0.018996569357446806	0.03630841153888889	28	59.57446808510638	15	83.33333333333333	-0.9342029524364589	-0.5565464397493798	FALSE	0.388830502988517	0.854052279529052	0.352922685522786	0.00625982082253975	0.572082246739644	0.367466015777107
A08_bin.78	H05_bin.43	d__Bacteria;p__Bacillota;c__Clostridia;o__Lachnospirales;f__Lachnospiraceae;g__Roseburia;s__Roseburia rectalis	Roseburia rectalis	92.16	0.97	FALSE	TRUE	Predicted anaerobe	0.017762897346808512	0.019428574244444444	35	74.46808510638297	13	72.22222222222223	-0.12924351646102825	-0.09624517183268061	FALSE	0.694165691565904	0.962481766538651	0.136369190570837	0.721512509163902	1.0	0.0381811986006639
A08_bin.8	A06_bin.107	d__Bacteria;p__Bacteroidota;c__Bacteroidia;o__Bacteroidales;f__Marinifilaceae;g__Odoribacter;s__Odoribacter splanchnicus	Odoribacter splanchnicus	91.4	0.54	FALSE	TRUE	Predicted anaerobe	0.011776838525531914	0.008103910416666667	34	72.34042553191489	15	83.33333333333333	0.5387075301156705	0.38970331965814464	FALSE	0.396283059627748	0.856335508584847	-0.263364791952661	0.423024754847513	1.0	0.0362451917830312
A08_bin.80	D08_bin.21	d__Bacteria;p__Bacteroidota;c__Bacteroidia;o__Bacteroidales;f__Rikenellaceae;g__Alistipes;s__Alistipes putredinis	Alistipes putredinis	82.85	2.16	FALSE	TRUE	Predicted anaerobe	0.15134445250425532	0.15415778483333334	36	76.59574468085107	15	83.33333333333333	-0.026570212096658063	-0.020351651818716815	FALSE	0.665577854266746	0.951283547365845	0.15604838615905	0.336920273525473	1.0	0.0777518211264089
A08_bin.84	E07_bin.69	d__Bacteria;p__Bacillota;c__Clostridia;o__Oscillospirales;f__Oscillospiraceae;g__Oscillibacter;s__Oscillibacter welbionis	Oscillibacter welbionis	94.76	6.77	FALSE	TRUE	Predicted anaerobe	0.021061815787234043	0.01979426676111111	40	85.1063829787234	12	66.66666666666667	0.08950335104629732	0.07617306472025304	FALSE	0.419833984799126	0.864450316653212	0.270776805803412	0.376911673401913	1.0	-0.0468195240745517
A08_bin.86	G04_bin.79	d__Bacteria;p__Pseudomonadota;c__Gammaproteobacteria;o__Burkholderiales;f__Burkholderiaceae_F;g__Parasutterella;s__Parasutterella excrementihominis	Parasutterella excrementihominis	96.85	1.04	FALSE	TRUE	Predicted anaerobe	0.012835637791489362	0.0028018464444444446	21	44.680851063829785	5	27.77777777777778	2.19168880667237	0.9792652114919099	FALSE	0.0116362809741888	0.1915676627047	-0.959755978080303	0.26378841068517	1.0	-0.195833502310686
A08_bin.88	F08_bin.12	d__Bacteria;p__Bacteroidota;c__Bacteroidia;o__Bacteroidales;f__Rikenellaceae;g__Alistipes_A;s__Alistipes_A hominis	Alistipes A hominis	87.28	4.85	FALSE	TRUE	Predicted anaerobe	0.009016106474468086	0.018008192288888888	20	42.5531914893617	6	33.333333333333336	-0.9972785749553806	-0.4243738616831407	FALSE	0.362297159663264	0.837128877065693	0.36746571234778	0.586331325753624	1.0	-0.0934552534326235
A08_bin.90	G07_bin.85	d__Bacteria;p__Bacillota;c__Clostridia;o__Christensenellales;f__Aristaeellaceae;g__UBA11524;s__UBA11524 sp000437595	UBA11524 sp000437595	97.9	0.93	FALSE	TRUE	Predicted anaerobe	0.01738626185106383	0.0065176892222222225	20	42.5531914893617	6	33.333333333333336	1.4141330511706258	0.6017587451789898	FALSE	0.0626244423517923	0.475838711544815	-0.68461514974039	0.493757495691457	1.0	-0.131346220841204
A08_bin.91	A08_bin.91	d__Bacteria;p__Bacillota;c__Clostridia;o__Lachnospirales;f__Lachnospiraceae;g__Anaerostipes;s__Anaerostipes amylophilus	Anaerostipes amylophilus	96.98	2.35	FALSE	TRUE	Predicted anaerobe	0.020984799214893615	0.008534769311111112	24	51.06382978723404	9	50.0	1.2969185428018553	0.6622562771754154	FALSE	0.0585506178241513	0.462679993294849	-0.730699103683843	0.79480580554505	1.0	-0.0392046831511151
A08_bin.93	G07_bin.76	d__Bacteria;p__Bacteroidota;c__Bacteroidia;o__Bacteroidales;f__Bacteroidaceae;g__Phocaeicola;s__Phocaeicola coprocola	Phocaeicola coprocola	86.12	0.56	FALSE	TRUE	Predicted anaerobe	0.06239567680851064	0.003636181777777778	6	12.76595744680851	2	11.11111111111111	4.097218878761768	0.523049218565332	FALSE	0.00388145873138027	0.125476974988984	-3.23265179222359	0.671876480754261	0.99394258721658	0.00156641456672118
A09_bin.11	C02_bin.89	d__Bacteria;p__Bacillota;c__Clostridia;o__Oscillospirales;f__Acutalibacteraceae;g__Hominenteromicrobium;s__Hominenteromicrobium mulieris	Hominenteromicrobium mulieris	97.87	0.69	FALSE	TRUE	Predicted anaerobe	0.01416553209787234	0.009713017322222222	32	68.08510638297872	11	61.111111111111114	0.5439268929519425	0.3703332037119609	FALSE	0.116516020466605	0.602133567284286	-0.56259695835817	0.46740386376514	1.0	-0.123063608104337
A09_bin.16	A09_bin.16	d__Bacteria;p__Bacillota;c__Clostridia;o__Oscillospirales;f__Oscillospiraceae;g__CAG-103;s__CAG-103 sp900317855	CAG-103 sp900317855	91.28	0.22	FALSE	TRUE	Predicted anaerobe	0.04005008609361702	0.0014420907777777778	22	46.808510638297875	2	11.11111111111111	4.785961970000614	2.240237517872628	FALSE	0.481464624855454	0.900238809691037	-0.257386759773018	0.011173650937001	0.95828462158733	-0.465391521144925
A09_bin.17	A01_bin.31	d__Bacteria;p__Bacillota;c__Clostridia;o__Lachnospirales;f__Lachnospiraceae;g__Mediterraneibacter;s__Mediterraneibacter torques	Mediterraneibacter torques	87.1	1.75	FALSE	TRUE	Predicted anaerobe	0.020296359470212764	0.009012171722222222	23	48.93617021276596	8	44.44444444444444	1.1703849652851832	0.572741578756579	FALSE	0.52517053039387	0.921389677105633	-0.234220981088431	0.791470120664484	1.0	-0.00333798942994296
A09_bin.21	A09_bin.21	d__Bacteria;p__Bacillota;c__Clostridia;o__Oscillospirales;f__Oscillospiraceae;g__CAG-170;s__CAG-170 sp900545925	CAG-170 sp900545925	93.96	1.34	FALSE	TRUE	Predicted anaerobe	0.037464436212765954	0.02593505488888889	28	59.57446808510638	10	55.55555555555556	0.5304471855729194	0.31601108927748384	FALSE	0.427037652750169	0.867740510388344	-0.277410946308255	0.817816735148917	1.0	-0.0124990331968919
A09_bin.24	H05_bin.34	d__Bacteria;p__Pseudomonadota;c__Gammaproteobacteria;o__Enterobacterales;f__Enterobacteriaceae;g__Escherichia;s__Escherichia coli	Escherichia coli	97.6	1.19	FALSE	FALSE	Facultative/other	0.023322100989361702	0.0008184550555555555	15	31.914893617021278	1	5.555555555555555	4.815748981488847	1.536941164304951	FALSE	0.0796084065323032	0.527337961563962	-0.763568104036431	0.1153664772507	1.0	-0.226936817849159
A09_bin.31	B04_bin.18	d__Bacteria;p__Bacteroidota;c__Bacteroidia;o__Bacteroidales;f__Rikenellaceae;g__Alistipes;s__Alistipes onderdonkii	Alistipes onderdonkii	88.33	1.92	FALSE	TRUE	Predicted anaerobe	0.11672765003404255	0.09768777773888888	40	85.1063829787234	15	83.33333333333333	0.2568722799832593	0.21861470636873132	FALSE	0.398595864433909	0.856335508584847	-0.388279181186896	0.378801010305797	1.0	-0.109815997454844
A09_bin.32	F05_bin.48	d__Bacteria;p__Pseudomonadota;c__Gammaproteobacteria;o__Burkholderiales;f__Burkholderiaceae_F;g__Sutterella;s__Sutterella wadsworthensis	Sutterella wadsworthensis	99.38	1.24	FALSE	TRUE	Predicted anaerobe	0.049436902672340424	0.04256881836666667	22	46.808510638297875	6	33.333333333333336	0.21574424101681713	0.10098666600787186	FALSE	0.76934245392387	0.973335000126514	-0.114754693143025	0.543047647892556	1.0	-0.141697948391683
A09_bin.34	H02_bin.18	d__Bacteria;p__Actinomycetota;c__Actinomycetes;o__Actinomycetales;f__Bifidobacteriaceae;g__Bifidobacterium;s__Bifidobacterium adolescentis	Bifidobacterium adolescentis	95.18	1.97	FALSE	TRUE	Predicted anaerobe	0.1413555475638298	0.09346657908333333	39	82.97872340425532	12	66.66666666666667	0.5967537187475718	0.4951786176841553	FALSE	0.716459659405107	0.967807090243617	-0.143989441351305	0.328454288014646	1.0	-0.0751604285130932
A09_bin.36	A09_bin.36	d__Bacteria;p__Bacillota;c__Clostridia;o__Oscillospirales;f__Oscillospiraceae;g__Oscillibacter;s__Oscillibacter segnis	Oscillibacter segnis	98.66	0.13	FALSE	TRUE	Predicted anaerobe	0.059989732893617025	0.05622966211111111	39	82.97872340425532	16	88.88888888888889	0.09336815145690308	0.07747570014508978	FALSE	0.456216889039294	0.885565788998121	-0.235465823248197	0.42374457370052	1.0	0.0619648678209011
A09_bin.38	A04_bin.93	d__Bacteria;p__Bacillota;c__Clostridia;o__Oscillospirales;f__Ruminococcaceae;g__Gemmiger;s__Gemmiger qucibialis	Gemmiger qucibialis	96.26	1.7	FALSE	TRUE	Predicted anaerobe	0.02506560891489362	0.01994163663888889	38	80.85106382978724	15	83.33333333333333	0.32977763843019875	0.26662872894356493	FALSE	0.850244972389259	0.984846414163431	-0.0561663974437798	0.154724167896676	0.961486444248608	0.130911128852872
A09_bin.39	D01_bin.67	d__Bacteria;p__Actinomycetota;c__Coriobacteriia;o__Coriobacteriales;f__Coriobacteriaceae;g__Collinsella;s__Collinsella sp905215825	Collinsella sp905215825	90.51	8.67	FALSE	TRUE	Predicted anaerobe	0.02122059184042553	0.005917399944444445	30	63.829787234042556	6	33.333333333333336	1.840673279409544	1.1748978379209856	FALSE	0.698251961231146	0.963021664355409	-0.127383167958267	0.0591812106378407	1.0	-0.402560615979137
A09_bin.42	G07_bin.85	d__Bacteria;p__Bacillota;c__Clostridia;o__Christensenellales;f__Aristaeellaceae;g__UBA11524;s__UBA11524 sp000437595	UBA11524 sp000437595	98.6	1.17	FALSE	TRUE	Predicted anaerobe	0.029236878114893616	0.024707966055555555	23	48.93617021276596	7	38.888888888888886	0.24272260161641	0.1187791454718602	FALSE	0.321102564097034	0.826466231054012	-0.364539416653154	0.531869929028097	1.0	-0.107412862438281
A09_bin.47	B08_bin.66	d__Bacteria;p__Bacteroidota;c__Bacteroidia;o__Bacteroidales;f__Rikenellaceae;g__Alistipes;s__Alistipes communis	Alistipes communis	85.02	0	FALSE	TRUE	Predicted anaerobe	0.05320002213829787	0.03373357735	30	63.829787234042556	11	61.111111111111114	0.6570850736594757	0.41941600446349514	FALSE	0.953168358633263	0.99690442516441	-0.0218104518237124	0.819326775144177	1.0	-0.0238944015879551
A09_bin.48	F02_bin.66	d__Bacteria;p__Bacteroidota;c__Bacteroidia;o__Bacteroidales;f__Rikenellaceae;g__Tidjanibacter;s__Tidjanibacter inops	Tidjanibacter inops	93.75	0.48	FALSE	TRUE	Predicted anaerobe	0.02388243250425532	0.037680999222222226	24	51.06382978723404	7	38.888888888888886	-0.6576662996477476	-0.3358295998201264	FALSE	0.0423120065234599	0.400163551056977	0.820523245929071	0.705973392747072	1.0	-0.0522776945119353
A09_bin.53	H05_bin.43	d__Bacteria;p__Bacillota;c__Clostridia;o__Lachnospirales;f__Lachnospiraceae;g__Roseburia;s__Roseburia rectalis	Roseburia rectalis	96.14	0.16	FALSE	TRUE	Predicted anaerobe	0.04839161955319149	0.037916818722222224	38	80.85106382978724	12	66.66666666666667	0.3518369575753696	0.28446392314604346	FALSE	0.242329433485007	0.774864797915088	0.391181387019695	0.548528690181444	1.0	-0.000606921761097945
A09_bin.58	A09_bin.58	d__Bacteria;p__Bacillota;c__Clostridia;o__Peptostreptococcales;f__Anaerovoracaceae;g__Fimisoma;s__Fimisoma sp000435715	Fimisoma sp000435715	97.16	0.71	FALSE	TRUE	Predicted anaerobe	0.03289728572340425	0.017654133111111112	9	19.148936170212767	6	33.333333333333336	0.8975840852683228	0.17187780356201926	FALSE	0.244462939654374	0.775741915017688	0.470755431342745	0.294685619585766	0.946936810027176	0.199762203749003
A09_bin.62	A09_bin.62	d__Bacteria;p__Bacillota;c__Clostridia;o__Oscillospirales;f__Ruminococcaceae;g__Ruthenibacterium;s__Ruthenibacterium lactatiformans	Ruthenibacterium lactatiformans	95.92	0	FALSE	TRUE	Predicted anaerobe	0.03353129854255319	0.015573391322222222	41	87.23404255319149	17	94.44444444444444	1.1059293106992052	0.964746845503562	FALSE	0.129594586339905	0.614700919466969	-0.526424053123684	0.744530156075549	1.0	0.0028928904616442
A09_bin.9	D01_bin.28	d__Bacteria;p__Bacteroidota;c__Bacteroidia;o__Bacteroidales;f__Bacteroidaceae;g__Bacteroides;s__Bacteroides faecis	Bacteroides faecis	80.52	0.86	FALSE	TRUE	Predicted anaerobe	0.03026578179787234	0.022384595555555557	8	17.02127659574468	2	11.11111111111111	0.43501360298248204	0.0740448685927629	FALSE	0.0278137945597642	0.312501239588281	1.14572641945612	0.722518938178012	0.999745359367697	-0.0371208087679013
B01_bin.1	G02_bin.41	d__Bacteria;p__Bacteroidota;c__Bacteroidia;o__Bacteroidales;f__Rikenellaceae;g__Alistipes_A;s__Alistipes_A indistinctus	Alistipes A indistinctus	96.39	0.24	FALSE	TRUE	Predicted anaerobe	0.018729050363829786	0.009526158527777778	30	63.829787234042556	8	44.44444444444444	0.974567719325213	0.6220645016969445	FALSE	0.352279995120199	0.834470369140725	-0.316212375434658	0.285348113692128	1.0	-0.214255691757987
B01_bin.11	E06_bin.85	d__Bacteria;p__Bacteroidota;c__Bacteroidia;o__Bacteroidales;f__Rikenellaceae;g__Alistipes;s__Alistipes shahii	Alistipes shahii	98.94	0.11	FALSE	TRUE	Predicted anaerobe	0.07825815135106383	0.03581648566666667	36	76.59574468085107	10	55.55555555555556	1.1273988376798592	0.8635395352441474	FALSE	0.80451301152847	0.981759872681963	-0.0813926775946415	0.080329746002207	1.0	-0.186131393713865
B01_bin.12	H05_bin.43	d__Bacteria;p__Bacillota;c__Clostridia;o__Lachnospirales;f__Lachnospiraceae;g__Roseburia;s__Roseburia rectalis	Roseburia rectalis	93.66	0.56	FALSE	TRUE	Predicted anaerobe	0.02880630770638298	0.018951850611111112	35	74.46808510638297	11	61.111111111111114	0.6037857186702207	0.44962766283952604	FALSE	0.390023489602128	0.854052279529052	0.294475544996862	0.572361527379445	1.0	-0.00506904666687742
B01_bin.15	D01_bin.67	d__Bacteria;p__Actinomycetota;c__Coriobacteriia;o__Coriobacteriales;f__Coriobacteriaceae;g__Collinsella;s__Collinsella sp905215825	Collinsella sp905215825	98.39	0.81	FALSE	TRUE	Predicted anaerobe	0.0320761179787234	0.002794954238888889	26	55.319148936170215	4	22.22222222222222	3.515900112565894	1.9449660197173033	FALSE	0.105881088562767	0.584680612402369	-0.57085028121144	0.0232924412548246	0.99553781539642	-0.425956083434223
B01_bin.20	B01_bin.20	d__Bacteria;p__Bacteroidota;c__Bacteroidia;o__Bacteroidales;f__Rikenellaceae;g__Alistipes;s__Alistipes dispar	Alistipes dispar	94.81	0.72	FALSE	TRUE	Predicted anaerobe	0.02243580544680851	0.13558512444444445	5	10.638297872340425	3	16.666666666666668	-2.59478753276724	-0.2760412268901319	FALSE	0.323891591596371	0.826466231054012	-0.477363989464977	0.463227712169741	0.969245097765141	0.090153598625185
B01_bin.23	H07_bin.23	d__Bacteria;p__Bacillota;c__Clostridia;o__Oscillospirales;f__Ruminococcaceae;g__Faecalibacterium;s__Faecalibacterium longum	Faecalibacterium longum	85.11	6.03	FALSE	TRUE	Predicted anaerobe	0.030298074476595747	0.028303946	42	89.36170212765957	16	88.88888888888889	0.09818937234805471	0.08774369443868718	FALSE	0.58002888137814	0.936541020716014	-0.165362864931902	0.592195063706542	1.0	0.0480863490252863
B01_bin.26	G08_bin.11	d__Bacteria;p__Bacillota;c__Clostridia;o__UBA1212;f__UBA1255;g__Egerieisoma;s__Egerieisoma faecipullorum	Egerieisoma faecipullorum	82.27	1.05	FALSE	TRUE	Predicted anaerobe	0.012160369670212766	0.0	9	19.148936170212767	0	0.0	10.24915727467617	1.962604584512458	TRUE				0.170429819921708	1.0	-0.148039377830283
B01_bin.27	B04_bin.18	d__Bacteria;p__Bacteroidota;c__Bacteroidia;o__Bacteroidales;f__Rikenellaceae;g__Alistipes;s__Alistipes onderdonkii	Alistipes onderdonkii	94.71	4.38	FALSE	TRUE	Predicted anaerobe	0.19643365731914894	0.09221182944444445	41	87.23404255319149	15	83.33333333333333	1.090935396972591	0.9516670484228986	FALSE	0.364845183236422	0.837128877065693	-0.349515720278227	0.563089869769043	1.0	-0.0608187811838246
B01_bin.28	H06_bin.61	d__Bacteria;p__Bacillota;c__Clostridia;o__Lachnospirales;f__Lachnospiraceae;g__Fusicatenibacter;s__Fusicatenibacter saccharivorans	Fusicatenibacter saccharivorans	93.62	1.42	FALSE	TRUE	Predicted anaerobe	0.020969648889361703	0.02522834985	43	91.48936170212765	17	94.44444444444444	-0.2666270526895095	-0.2439353886308278	FALSE	0.562149853133884	0.936541020716014	0.178942723510959	0.080947976584602	0.863641180197017	0.256273770228432
B01_bin.3	G05_bin.10	d__Bacteria;p__Bacillota;c__Clostridia;o__Christensenellales;f__CAG-138;g__Phil1;s__Phil1 sp001940855	Phil1 sp001940855	98.39	0	FALSE	TRUE	Predicted anaerobe	0.01811160029787234	0.0036709433611111114	10	21.27659574468085	4	22.22222222222222	2.2995629075917856	0.48926870374293313	FALSE	0.00542140821998104	0.137317697544445	-1.36048548298916	0.827806452664081	0.999945653245582	-0.0121463458282392
B01_bin.31	A09_bin.21	d__Bacteria;p__Bacillota;c__Clostridia;o__Oscillospirales;f__Oscillospiraceae;g__CAG-170;s__CAG-170 sp900545925	CAG-170 sp900545925	80.01	9.06	FALSE	TRUE	Predicted anaerobe	0.02862070119148936	0.020766515972222222	33	70.2127659574468	11	61.111111111111114	0.46260925562873234	0.3248107539520887	FALSE	0.255075606449921	0.787792906488093	-0.378111809552858	0.526923813364601	1.0	-0.0305668922735489
B01_bin.41	F06_bin.75	d__Bacteria;p__Bacillota;c__Clostridia;o__Oscillospirales;f__Oscillospiraceae;g__Hominicoprocola;s__Hominicoprocola fusiformis	Hominicoprocola fusiformis	91.28	1.16	FALSE	TRUE	Predicted anaerobe	0.021818252282978724	0.01833373896111111	36	76.59574468085107	15	83.33333333333333	0.25090889302422803	0.19218553508238742	FALSE	0.808811866806529	0.981995841667439	0.0802024542273685	0.0412145730441043	0.826365051495149	0.184489428342227
B01_bin.43	C07_bin.89	d__Bacteria;p__Desulfobacterota;c__Desulfovibrionia;o__Desulfovibrionales;f__Desulfovibrionaceae;g__Bilophila;s__Bilophila wadsworthia	Bilophila wadsworthia	96.27	0.24	FALSE	TRUE	Predicted anaerobe	0.008553288321276597	0.007305178194444445	26	55.319148936170215	10	55.55555555555556	0.22727189285177918	0.1257248768967289	FALSE	0.981729806082884	1	0.0076938812787375	0.755764895690531	1.0	0.0496523290824505
B01_bin.44	D06_bin.80	d__Bacteria;p__Bacillota;c__Clostridia;o__Christensenellales;f__CAG-138;g__SFEL01;s__SFEL01 sp004557245	SFEL01 sp004557245	99.19	1.88	FALSE	TRUE	Predicted anaerobe	0.013708886778723403	0.0032776531111111114	18	38.297872340425535	3	16.666666666666668	2.0610334289080963	0.7893319514967178	FALSE	0.538538010912739	0.931555522488562	-0.225356618833329	0.163636973893446	1.0	-0.265975815204405
B01_bin.48	H06_bin.57	d__Bacteria;p__Bacillota;c__Clostridia;o__Oscillospirales;f__UBA644;g__UBA644;s__UBA644 sp900547165	UBA644 sp900547165	89.17	1.81	FALSE	TRUE	Predicted anaerobe	0.011210640795744681	0.0030875295	11	23.404255319148938	4	22.22222222222222	1.8569651413121206	0.43460886286028355	FALSE	0.103710606524536	0.579866221385615	-0.678815284443556	0.843978091262731	1.0	-0.0215241411998809
B01_bin.49	B01_bin.49	d__Bacteria;p__Bacillota;c__Clostridia;o__Oscillospirales;f__Oscillospiraceae;g__Lawsonibacter_A;s__Lawsonibacter_A hominis	Lawsonibacter A hominis	92.62	4.52	FALSE	TRUE	Predicted anaerobe	0.02582764199361702	0.004687873355555556	14	29.78723404255319	7	38.888888888888886	2.4593946850949995	0.7325856508793616	FALSE	0.00209363954492208	0.09242452263905	-1.44633795768519	0.500959399979602	0.995072545193503	0.102442543537721
B01_bin.53	C02_bin.89	d__Bacteria;p__Bacillota;c__Clostridia;o__Oscillospirales;f__Acutalibacteraceae;g__Hominenteromicrobium;s__Hominenteromicrobium mulieris	Hominenteromicrobium mulieris	93.29	0.34	FALSE	TRUE	Predicted anaerobe	0.012593455282978724	0.0078043114611111115	28	59.57446808510638	9	50.0	0.6896286436273571	0.41084259620353186	FALSE	0.0738918180949242	0.518849370364329	-0.626801310999225	0.41755487936255	1.0	-0.0968950011360951
B01_bin.55	C07_bin.75	d__Bacteria;p__Bacillota;c__Clostridia;o__Christensenellales;f__CAG-314;g__CAG-314;s__CAG-314 sp000437915	CAG-314 sp000437915	93.95	0.81	FALSE	TRUE	Predicted anaerobe	0.018809335127659574	0.0064020399444444445	13	27.659574468085108	4	22.22222222222222	1.5533603416370192	0.42965286045279255	FALSE	0.150362514698912	0.659966931203704	-0.55976633245663	0.683293715617338	1.0	-0.0836966871861567
B01_bin.56	B09_bin.93	d__Bacteria;p__Bacillota;c__Clostridia;o__Oscillospirales;f__Oscillospiraceae;g__CAG-103;s__CAG-103 sp000432375	CAG-103 sp000432375	86.78	8.78	FALSE	TRUE	Predicted anaerobe	0.014017911178723405	0.010968430405555556	24	51.06382978723404	9	50.0	0.35362839505036725	0.18057620172784708	FALSE	0.873287485738746	0.984846414163431	-0.0564420868055581	0.879685962438004	1.0	0.0159788716325757
B01_bin.60	A07_bin.65	d__Bacteria;p__Bacteroidota;c__Bacteroidia;o__Bacteroidales;f__Barnesiellaceae;g__Barnesiella;s__Barnesiella intestinihominis	Barnesiella intestinihominis	91.7	0	FALSE	TRUE	Predicted anaerobe	0.06972354444468086	0.04029739505555555	32	68.08510638297872	12	66.66666666666667	0.7908082641672814	0.538422647943681	FALSE	0.274201756401712	0.796900983280593	-0.385156618881117	0.811311581955634	1.0	-0.0244659757173272
B01_bin.61	A04_bin.93	d__Bacteria;p__Bacillota;c__Clostridia;o__Oscillospirales;f__Ruminococcaceae;g__Gemmiger;s__Gemmiger qucibialis	Gemmiger qucibialis	97.28	2.04	FALSE	TRUE	Predicted anaerobe	0.022871453634042554	0.016452932972222223	37	78.72340425531915	14	77.77777777777777	0.47495732428102055	0.37390257443399494	FALSE	0.47282992536575	0.892521993822794	-0.23813965261331	0.520050116330051	1.0	0.071620875604954
B01_bin.63	B01_bin.63	d__Bacteria;p__Bacillota;c__Clostridia;o__Christensenellales;f__CAG-917;g__CAG-349;s__CAG-349 sp003539515	CAG-349 sp003539515	97.55	0.81	FALSE	TRUE	Predicted anaerobe	0.14689828461702129	0.003792589722222222	5	10.638297872340425	2	11.11111111111111	5.27178965725695	0.5608286869422288	FALSE	0.00462479841853567	0.128482681064944	-5.57894047954688	0.740787970256279	0.994888010852602	0.0290312162532789
B01_bin.64	F07_bin.105	d__Bacteria;p__Bacillota;c__Clostridia;o__Oscillospirales;f__Oscillospiraceae;g__F23-B02;s__F23-B02 sp001916715	F23-B02 sp001916715	87.92	2.01	FALSE	TRUE	Predicted anaerobe	0.035182744031914896	0.0028085397777777776	8	17.02127659574468	2	11.11111111111111	3.642258174255228	0.6199588381711026	FALSE	0.462341339020932	0.889810609339414	-0.302804676098624	0.644977171926876	0.998700439808484	-0.0517604128198764
B01_bin.65	G08_bin.17	d__Bacteria;p__Bacillota;c__Clostridia;o__Oscillospirales;f__Oscillospiraceae;g__Hominicoprocola;s__Hominicoprocola sp900317525	Hominicoprocola sp900317525	93.29	2.77	FALSE	TRUE	Predicted anaerobe	0.03443664562765957	0.031053687222222223	32	68.08510638297872	11	61.111111111111114	0.1491344158344231	0.10153832567450084	FALSE	0.799403043084954	0.980547866156647	0.0913547869659422	0.752451824455898	1.0	0.0129475556659976
B01_bin.67	F02_bin.66	d__Bacteria;p__Bacteroidota;c__Bacteroidia;o__Bacteroidales;f__Rikenellaceae;g__Tidjanibacter;s__Tidjanibacter inops	Tidjanibacter inops	99.04	0.11	FALSE	TRUE	Predicted anaerobe	0.03765122840425532	0.025202690722222223	22	46.808510638297875	7	38.888888888888886	0.5789299652157264	0.27098849435629746	FALSE	0.122265909519877	0.606530912345466	0.573601824667101	0.778996102816477	1.0	-0.00546997483754694
B01_bin.68	B01_bin.68	d__Bacteria;p__Actinomycetota;c__Coriobacteriia;o__Coriobacteriales;f__QAMH01;g__QAMH01;s__QAMH01 sp900544245	QAMH01 sp900544245	98.92	0.27	FALSE	TRUE	Predicted anaerobe	0.009477079378723404	0.009629156833333333	14	29.78723404255319	6	33.333333333333336	-0.022942936710609704	-0.006834066254224167	FALSE	0.747364889369346	0.971644762115332	0.118179942907059	0.670798750871872	0.996323012199231	0.0565363833223942
B01_bin.71	F07_bin.93	d__Bacteria;p__Bacillota;c__Clostridia;o__Oscillospirales;f__Acutalibacteraceae;g__Pseudoruminococcus;s__Pseudoruminococcus massiliensis	Pseudoruminococcus massiliensis	94.63	1.01	FALSE	TRUE	Predicted anaerobe	0.02478005704255319	0.0006638796111111111	10	21.27659574468085	1	5.555555555555555	5.201126904557874	1.1066227456506115	FALSE	0.0354670332295999	0.360345057612735	-1.00995818997634	0.186929697319901	1.0	-0.157927712767936
B01_bin.75	H05_bin.38	d__Bacteria;p__Bacteroidota;c__Bacteroidia;o__Bacteroidales;f__Tannerellaceae;g__Parabacteroides;s__Parabacteroides distasonis	Parabacteroides distasonis	99.42	0.51	FALSE	TRUE	Predicted anaerobe	0.0198602146	0.016193755544444445	32	68.08510638297872	10	55.55555555555556	0.29427922860397965	0.20036032585802868	FALSE	0.328530190241488	0.829416654904531	0.332254891854402	0.626662114416585	1.0	0.00530573180802681
B01_bin.9	B01_bin.9	d__Bacteria;p__Verrucomicrobiota;c__Verrucomicrobiia;o__Verrucomicrobiales;f__Akkermansiaceae;g__Akkermansia;s__Akkermansia muciniphila	Akkermansia muciniphila	97.96	0	FALSE	TRUE	Predicted anaerobe	0.029526970408510638	0.043775263833333335	19	40.42553191489362	7	38.888888888888886	-0.5679235474976461	-0.2295861149458569	FALSE	0.45740419609809	0.886875311518434	-0.327088570560899	0.835418920534484	0.999752330200614	-0.0106655461706244
B02_bin.101	B01_bin.9	d__Bacteria;p__Verrucomicrobiota;c__Verrucomicrobiia;o__Verrucomicrobiales;f__Akkermansiaceae;g__Akkermansia;s__Akkermansia muciniphila	Akkermansia muciniphila	92.52	0	FALSE	TRUE	Predicted anaerobe	0.0201634971	0.14461158933333332	19	40.42553191489362	7	38.888888888888886	-2.841749832436393	-1.1487924854530098	FALSE	0.948241643476983	0.99690442516441	-0.0302519191898955	0.766389463335257	1.0	0.0462536497132017
B02_bin.103	G08_bin.17	d__Bacteria;p__Bacillota;c__Clostridia;o__Oscillospirales;f__Oscillospiraceae;g__Hominicoprocola;s__Hominicoprocola sp900317525	Hominicoprocola sp900317525	91.72	6.29	FALSE	TRUE	Predicted anaerobe	0.017240957642553192	0.049285516055555555	33	70.2127659574468	12	66.66666666666667	-1.5147799726997495	-1.0635689170019518	FALSE	0.969308491774287	0.998940635718584	0.0148276376493979	0.753367318459762	1.0	0.0410914499754501
B02_bin.11	B08_bin.39	d__Bacteria;p__Bacillota;c__Clostridia;o__Oscillospirales;f__Oscillospiraceae;g__Vescimonas;s__Vescimonas sanitatis	Vescimonas sanitatis	87.35	6.77	FALSE	TRUE	Predicted anaerobe	0.034981221489361704	0.17465327508333334	21	44.680851063829785	7	38.888888888888886	-2.319511364474239	-1.0363774181693408	FALSE	0.93286556257105	0.996775823468346	-0.0350245267261819	0.765455016675048	1.0	-0.0260231477851814
B02_bin.24	B02_bin.24	d__Bacteria;p__Bacillota;c__Clostridia;o__Christensenellales;f__Aristaeellaceae;g__SFMI01;s__SFMI01 sp004556155	SFMI01 sp004556155	96.37	1.48	FALSE	TRUE	Predicted anaerobe	0.007184103446808511	0.03495511	7	14.893617021276595	3	16.666666666666668	-2.281029234096343	-0.33972775826966806	FALSE	0.149949209031744	0.659966931203704	0.675755837768043	0.652110903508334	0.989902638187326	0.0208570730991717
B02_bin.31	G07_bin.85	d__Bacteria;p__Bacillota;c__Clostridia;o__Christensenellales;f__Aristaeellaceae;g__UBA11524;s__UBA11524 sp000437595	UBA11524 sp000437595	97.9	1.86	FALSE	TRUE	Predicted anaerobe	0.017659502574468085	0.021046731583333332	25	53.191489361702125	7	38.888888888888886	-0.25302009302292416	-0.13458515586325753	FALSE	0.769114335576917	0.973335000126514	0.113468903125206	0.493025495916131	1.0	-0.100104707029328
B02_bin.41	B02_bin.41	d__Bacteria;p__Bacillota;c__Clostridia;o__Lachnospirales;f__Lachnospiraceae;g__Dorea_A;s__Dorea_A longicatena	Dorea A longicatena	94.15	0.29	FALSE	TRUE	Predicted anaerobe	0.033970710659574466	0.05924351288888889	42	89.36170212765957	18	100.0	-0.8021846629929364	-0.7168458690575177	FALSE	0.643733006655272	0.947865487459929	0.149185018938625	0.00706538035355481	0.568144764464095	0.342887921303975
B02_bin.43	D01_bin.64	d__Bacteria;p__Bacteroidota;c__Bacteroidia;o__Bacteroidales;f__Bacteroidaceae;g__Bacteroides;s__Bacteroides uniformis	Bacteroides uniformis	98.88	1.49	FALSE	TRUE	Predicted anaerobe	0.1605842749680851	0.13972022392222222	45	95.74468085106383	18	100.0	0.20077635080098163	0.19223267629881222	FALSE	0.556945379153559	0.936541020716014	-0.228595666987858	0.450227317972115	1.0	0.114440940623578
B02_bin.44	H06_bin.61	d__Bacteria;p__Bacillota;c__Clostridia;o__Lachnospirales;f__Lachnospiraceae;g__Fusicatenibacter;s__Fusicatenibacter saccharivorans	Fusicatenibacter saccharivorans	94.51	1.77	FALSE	TRUE	Predicted anaerobe	0.026183157665957447	0.044106744333333336	43	91.48936170212765	17	94.44444444444444	-0.7521363373278505	-0.6881247341510122	FALSE	0.209174480260054	0.736494903547362	0.384648148721575	0.0443241757439413	0.830635053187209	0.30152237679617
B02_bin.49	D01_bin.67	d__Bacteria;p__Actinomycetota;c__Coriobacteriia;o__Coriobacteriales;f__Coriobacteriaceae;g__Collinsella;s__Collinsella sp905215825	Collinsella sp905215825	96.1	7.66	FALSE	TRUE	Predicted anaerobe	0.016667825778723402	0.018617767666666667	29	61.702127659574465	7	38.888888888888886	-0.15952357081221583	-0.09842943730966508	FALSE	0.389716599804693	0.854052279529052	0.310390247788715	0.245238322928047	1.0	-0.200742435470602
B02_bin.54	A04_bin.93	d__Bacteria;p__Bacillota;c__Clostridia;o__Oscillospirales;f__Ruminococcaceae;g__Gemmiger;s__Gemmiger qucibialis	Gemmiger qucibialis	85.69	1.95	FALSE	TRUE	Predicted anaerobe	0.014587509074468085	0.015207778594444445	35	74.46808510638297	14	77.77777777777777	-0.0600355697446246	-0.044707339171528956	FALSE	0.871323368512959	0.984846414163431	-0.0552023469638229	0.318783094486434	1.0	0.0945063260356496
B02_bin.55	C02_bin.89	d__Bacteria;p__Bacillota;c__Clostridia;o__Oscillospirales;f__Acutalibacteraceae;g__Hominenteromicrobium;s__Hominenteromicrobium mulieris	Hominenteromicrobium mulieris	93.96	0.71	FALSE	TRUE	Predicted anaerobe	0.009281222889361703	0.026624908038888888	31	65.95744680851064	9	50.0	-1.5193779013645397	-1.0021428711127813	FALSE	0.226865889966968	0.764231036679804	0.459754540582854	0.60835254922315	1.0	-0.0845409334947717
B02_bin.57	D01_bin.36	d__Bacteria;p__Bacillota;c__Clostridia;o__Oscillospirales;f__Butyricicoccaceae;g__Agathobaculum;s__Agathobaculum butyriciproducens	Agathobaculum butyriciproducens	80.47	3.33	FALSE	TRUE	Predicted anaerobe	0.012686851346808511	0.01938221857222222	36	76.59574468085107	16	88.88888888888889	-0.6110070929824529	-0.4680054329227299	FALSE	0.868368509410809	0.984846414163431	0.0556970788304344	0.0958566244613731	0.88253362980089	0.222697042753723
B02_bin.6	D02_bin.11	d__Bacteria;p__Bacteroidota;c__Bacteroidia;o__Bacteroidales;f__Bacteroidaceae;g__Phocaeicola;s__Phocaeicola vulgatus	Phocaeicola vulgatus	97.56	5.64	FALSE	TRUE	Predicted anaerobe	0.2342966295744681	0.2801281738888889	46	97.87234042553192	17	94.44444444444444	-0.257740815055901	-0.25225696792705204	FALSE	0.613738530888032	0.943026319703049	0.206695480443542	0.599684935941621	1.0	0.0699929734734805
B02_bin.60	D08_bin.21	d__Bacteria;p__Bacteroidota;c__Bacteroidia;o__Bacteroidales;f__Rikenellaceae;g__Alistipes;s__Alistipes putredinis	Alistipes putredinis	99.52	4.01	FALSE	TRUE	Predicted anaerobe	0.10817806003617021	0.1176530875	36	76.59574468085107	15	83.33333333333333	-0.12112051069964794	-0.09277315713164523	FALSE	0.46492354110029	0.889810609339414	0.246026757381569	0.163407449707387	0.976520228062634	0.125777753568529
B02_bin.74	A01_bin.66	d__Bacteria;p__Bacillota;c__Clostridia;o__Christensenellales;f__Aristaeellaceae;g__Ventricola;s__Ventricola sp900542395	Ventricola sp900542395	83.91	3.09	FALSE	TRUE	Predicted anaerobe	0.010378488793617021	0.010481901333333333	22	46.808510638297875	4	22.22222222222222	-0.014290343920312745	-0.006689097154188944	FALSE	0.890819932964245	0.988426013077921	-0.0506916543030433	0.177471533804965	1.0	-0.266897049663933
B02_bin.78	G05_bin.10	d__Bacteria;p__Bacillota;c__Clostridia;o__Christensenellales;f__CAG-138;g__Phil1;s__Phil1 sp001940855	Phil1 sp001940855	94.5	0.81	FALSE	TRUE	Predicted anaerobe	0.005952671574468085	0.016180096638888888	10	21.27659574468085	4	22.22222222222222	-1.4410808170933194	-0.3066129398070892	FALSE	0.190237412288612	0.706142210958563	-0.530672303435752	0.775533662587843	0.99808302634749	0.00476025031364265
B02_bin.81	F08_bin.12	d__Bacteria;p__Bacteroidota;c__Bacteroidia;o__Bacteroidales;f__Rikenellaceae;g__Alistipes_A;s__Alistipes_A hominis	Alistipes A hominis	92.4	0.96	FALSE	TRUE	Predicted anaerobe	0.010141767280851064	0.020087106405555555	20	42.5531914893617	6	33.333333333333336	-0.9852568938622741	-0.4192582527073507	FALSE	0.35192536562548	0.834470369140725	0.368908535022826	0.586731750110016	1.0	-0.0770553448584745
B02_bin.84	A04_bin.71	d__Bacteria;p__Bacteroidota;c__Bacteroidia;o__Bacteroidales;f__Rikenellaceae;g__Alistipes_A;s__Alistipes_A ihumii	Alistipes A ihumii	92.55	3.94	FALSE	TRUE	Predicted anaerobe	0.01152191705106383	0.015262500616666666	19	40.42553191489362	7	38.888888888888886	-0.4053039339754365	-0.16384627118155942	FALSE	0.556296702721018	0.936541020716014	-0.23683111278767	0.850972000613887	1.0	0.00238889574887323
B02_bin.88	A07_bin.65	d__Bacteria;p__Bacteroidota;c__Bacteroidia;o__Bacteroidales;f__Barnesiellaceae;g__Barnesiella;s__Barnesiella intestinihominis	Barnesiella intestinihominis	99.62	3.02	FALSE	TRUE	Predicted anaerobe	0.04424084444680851	0.06094676344444445	32	68.08510638297872	11	61.111111111111114	-0.4620813169746595	-0.31460855623806605	FALSE	0.696690307440658	0.962482802353916	0.138393437847646	0.775133360471148	1.0	0.0139714036469297
B02_bin.91	E06_bin.85	d__Bacteria;p__Bacteroidota;c__Bacteroidia;o__Bacteroidales;f__Rikenellaceae;g__Alistipes;s__Alistipes shahii	Alistipes shahii	93.89	8.27	FALSE	TRUE	Predicted anaerobe	0.06452976923404255	0.06869945566666667	36	76.59574468085107	10	55.55555555555556	-0.0903202343086277	-0.06918145606618292	FALSE	0.462947605610969	0.889810609339414	0.280566073936825	0.207464235531638	1.0	-0.150544046593252
B02_bin.95	H04_bin.57	d__Bacteria;p__Bacillota;c__Clostridia;o__Oscillospirales;f__Ruminococcaceae;g__Gemmiger;s__Gemmiger formicilis	Gemmiger formicilis	92.02	4.31	FALSE	TRUE	Predicted anaerobe	0.013295671238297871	0.024303759555555554	37	78.72340425531915	13	72.22222222222223	-0.869731697135656	-0.6846823998727505	FALSE	0.101696296709944	0.576538602660287	0.547088784456097	0.323901090964506	0.999909897476868	0.110539873755477
B02_bin.96	B09_bin.93	d__Bacteria;p__Bacillota;c__Clostridia;o__Oscillospirales;f__Oscillospiraceae;g__CAG-103;s__CAG-103 sp000432375	CAG-103 sp000432375	92.62	0	FALSE	TRUE	Predicted anaerobe	0.006904489217021277	0.028966938444444444	22	46.808510638297875	8	44.44444444444444	-2.0672105886189525	-0.9676304882897224	FALSE	0.124891876434289	0.606715181147994	0.638866023000463	0.773673627938765	1.0	0.0246453414990932
B03_bin.10	G08_bin.17	d__Bacteria;p__Bacillota;c__Clostridia;o__Oscillospirales;f__Oscillospiraceae;g__Hominicoprocola;s__Hominicoprocola sp900317525	Hominicoprocola sp900317525	92.62	0	FALSE	TRUE	Predicted anaerobe	0.046786249638297875	0.02789936161111111	33	70.2127659574468	11	61.111111111111114	0.7456437883776905	0.5235371280098678	FALSE	0.949494635500491	0.99690442516441	-0.0223603469676819	0.617166298122902	1.0	0.00375968729785496
B03_bin.11	D05_bin.15	d__Bacteria;p__Bacteroidota;c__Bacteroidia;o__Bacteroidales;f__Coprobacteraceae;g__Coprobacter;s__Coprobacter fastidiosus	Coprobacter fastidiosus	90.75	3.02	FALSE	TRUE	Predicted anaerobe	0.00942091244680851	0.005149897388888889	17	36.170212765957444	3	16.666666666666668	0.8700549832095401	0.31470073860770603	FALSE	0.0111655815988907	0.186963017862374	1.03061398405952	0.307322537898043	1.0	-0.176428365582389
B03_bin.16	G05_bin.67	d__Bacteria;p__Bacteroidota;c__Bacteroidia;o__Bacteroidales;f__Marinifilaceae;g__Butyricimonas;s__Butyricimonas paravirosa	Butyricimonas paravirosa	84.49	0.72	FALSE	TRUE	Predicted anaerobe	0.006668588936170213	0.00990594561111111	12	25.53191489361702	5	27.77777777777778	-0.5702070384841704	-0.14558477578319243	FALSE	0.471621763805137	0.892521993822794	0.275288785442153	0.636665856822679	0.992773118481632	0.0719499699106817
B03_bin.17	E06_bin.63	d__Bacteria;p__Bacillota;c__Clostridia;o__Lachnospirales;f__Lachnospiraceae;g__Eubacterium_F;s__Eubacterium_F sp003491505	Eubacterium F sp003491505	82.47	3.38	FALSE	TRUE	Predicted anaerobe	0.016289342534042555	0.013725357916666667	31	65.95744680851064	9	50.0	0.24691926696967934	0.16286164417149063	FALSE	0.820616227034717	0.983217763396128	-0.0784749253110905	0.39811899897877	1.0	-0.0943694387580625
B03_bin.22	C05_bin.117	d__Bacteria;p__Bacillota;c__Clostridia;o__Lachnospirales;f__Lachnospiraceae;g__Gallintestinimicrobium;s__Gallintestinimicrobium propionicum	Gallintestinimicrobium propionicum	94.06	0.19	FALSE	TRUE	Predicted anaerobe	0.01835884288297872	0.012370204944444444	29	61.702127659574465	12	66.66666666666667	0.5692255515365492	0.35122427647999843	FALSE	0.59718045367865	0.940772237633192	-0.189763687006102	0.459045725113637	0.999969352534912	0.108844629661506
B03_bin.24	G02_bin.41	d__Bacteria;p__Bacteroidota;c__Bacteroidia;o__Bacteroidales;f__Rikenellaceae;g__Alistipes_A;s__Alistipes_A indistinctus	Alistipes A indistinctus	91.68	3.12	FALSE	TRUE	Predicted anaerobe	0.011868598489361702	0.006494802216666666	29	61.702127659574465	8	44.44444444444444	0.8687875315706729	0.5360603918202024	FALSE	0.250296334880704	0.787449742781504	-0.395633535605171	0.342149089712632	1.0	-0.150391646160698
B03_bin.27	D06_bin.80	d__Bacteria;p__Bacillota;c__Clostridia;o__Christensenellales;f__CAG-138;g__SFEL01;s__SFEL01 sp004557245	SFEL01 sp004557245	99.19	1.08	FALSE	TRUE	Predicted anaerobe	0.01193485050212766	0.002518022111111111	18	38.297872340425535	3	16.666666666666668	2.240307810523003	0.857990225306682	FALSE	0.147944178348627	0.657611872759645	-0.545579787275535	0.183287819629918	1.0	-0.263213708143898
B03_bin.29	B08_bin.39	d__Bacteria;p__Bacillota;c__Clostridia;o__Oscillospirales;f__Oscillospiraceae;g__Vescimonas;s__Vescimonas sanitatis	Vescimonas sanitatis	85.23	1.38	FALSE	TRUE	Predicted anaerobe	0.041566646670212766	0.06422679183333334	20	42.5531914893617	7	38.888888888888886	-0.627626438870363	-0.2670750803703672	FALSE	0.281388417041972	0.801776611379208	-0.427942150332091	0.841263645205511	1.0	-0.0173730454304156
B03_bin.30	A05_bin.109	d__Bacteria;p__Bacteroidota;c__Bacteroidia;o__Bacteroidales;f__Bacteroidaceae;g__Bacteroides;s__Bacteroides sp900755095	Bacteroides sp900755095	83.05	6.51	FALSE	TRUE	Predicted anaerobe	0.17288264068085107	0.15464439041666667	45	95.74468085106383	17	94.44444444444444	0.16082867071727422	0.15398489749526256	FALSE	0.86917480331396	0.984846414163431	-0.05809983625674	0.657891161389964	1.0	0.0771047620891152
B03_bin.34	B02_bin.24	d__Bacteria;p__Bacillota;c__Clostridia;o__Christensenellales;f__Aristaeellaceae;g__SFMI01;s__SFMI01 sp004556155	SFMI01 sp004556155	91.53	2.28	FALSE	TRUE	Predicted anaerobe	0.033812599070212765	0.008338430444444444	7	14.893617021276595	3	16.666666666666668	2.0184106339631604	0.3006143497391941	FALSE	0.508212383099247	0.914731164555467	-0.285672937818073	0.720620670871359	0.99229762892499	0.00195553939814204
B03_bin.36	B03_bin.36	d__Bacteria;p__Bacillota;c__Clostridia;o__Oscillospirales;f__Acutalibacteraceae;g__Ruminococcoides;s__Ruminococcoides bromii	Ruminococcoides bromii	98.29	2.01	FALSE	TRUE	Predicted anaerobe	0.016589116872340427	0.021670620833333334	22	46.808510638297875	8	44.44444444444444	-0.38529958194978087	-0.18035299580628042	FALSE	0.296798507306098	0.813109007689126	0.392936972497399	0.71661332912315	1.0	0.0574769770738362
B03_bin.37	F08_bin.12	d__Bacteria;p__Bacteroidota;c__Bacteroidia;o__Bacteroidales;f__Rikenellaceae;g__Alistipes_A;s__Alistipes_A hominis	Alistipes A hominis	97.12	0	FALSE	TRUE	Predicted anaerobe	0.011464897859574469	0.02640998817222222	21	44.680851063829785	6	33.333333333333336	-1.2031485087439353	-0.5375769932685668	FALSE	0.302039456829861	0.816149170582814	0.423848683499026	0.551414479220375	1.0	-0.146177373376128
B03_bin.39	B06_bin.86	d__Bacteria;p__Bacillota;c__Clostridia;o__Oscillospirales;f__Ruminococcaceae;g__Huintestinicola;s__Huintestinicola butyrica	Huintestinicola butyrica	95.99	0	FALSE	TRUE	Predicted anaerobe	0.04766719240425532	0.009300741611111111	7	14.893617021276595	2	11.11111111111111	2.3563312916767334	0.35094295833483263	FALSE	0.0853567691703207	0.536188191314732	-0.96972472240296	0.68080991591889	0.997555365186452	-0.0156023924600943
B03_bin.4	E06_bin.85	d__Bacteria;p__Bacteroidota;c__Bacteroidia;o__Bacteroidales;f__Rikenellaceae;g__Alistipes;s__Alistipes shahii	Alistipes shahii	82.76	4.31	FALSE	TRUE	Predicted anaerobe	0.11041204923404256	0.037289153	36	76.59574468085107	9	50.0	1.565813505481304	1.1993465148367435	FALSE	0.800188765183421	0.980547866156647	-0.0845416638382017	0.0307912798738459	1.0	-0.250207733195567
B03_bin.40	A06_bin.107	d__Bacteria;p__Bacteroidota;c__Bacteroidia;o__Bacteroidales;f__Marinifilaceae;g__Odoribacter;s__Odoribacter splanchnicus	Odoribacter splanchnicus	92.11	0	FALSE	TRUE	Predicted anaerobe	0.008775439470212766	0.01453846375	36	76.59574468085107	14	77.77777777777777	-0.7276804588434493	-0.5573722663481739	FALSE	0.237934053286685	0.767779939643785	0.374552132615284	0.172117413529266	0.970053409657128	0.134846728356217
B03_bin.44	H05_bin.38	d__Bacteria;p__Bacteroidota;c__Bacteroidia;o__Bacteroidales;f__Tannerellaceae;g__Parabacteroides;s__Parabacteroides distasonis	Parabacteroides distasonis	96.86	0.38	FALSE	TRUE	Predicted anaerobe	0.026577259844680852	0.019687298611111112	36	76.59574468085107	13	72.22222222222223	0.43273731215555716	0.33145836675744805	FALSE	0.676479383376583	0.953830565934627	-0.137679922667851	0.799102231669865	1.0	0.0108126362213978
B03_bin.45	B08_bin.66	d__Bacteria;p__Bacteroidota;c__Bacteroidia;o__Bacteroidales;f__Rikenellaceae;g__Alistipes;s__Alistipes communis	Alistipes communis	94.23	0.48	FALSE	TRUE	Predicted anaerobe	0.044937866259574466	0.03778067580555556	30	63.829787234042556	11	61.111111111111114	0.25022231218919416	0.15971636948246437	FALSE	0.912386354946518	0.990973084358528	0.038860478633448	0.877685908737774	1.0	0.010097904784889
B03_bin.46	A04_bin.93	d__Bacteria;p__Bacillota;c__Clostridia;o__Oscillospirales;f__Ruminococcaceae;g__Gemmiger;s__Gemmiger qucibialis	Gemmiger qucibialis	99.32	0.68	FALSE	TRUE	Predicted anaerobe	0.02722328424680851	0.01275810046111111	37	78.72340425531915	14	77.77777777777777	1.0928270692383637	0.8603106715280736	FALSE	0.533573556305749	0.928271803436029	-0.200755996364467	0.484784737929611	1.0	0.0656501872059017
B03_bin.47	H05_bin.34	d__Bacteria;p__Pseudomonadota;c__Gammaproteobacteria;o__Enterobacterales;f__Enterobacteriaceae;g__Escherichia;s__Escherichia coli	Escherichia coli	96.61	1.9	FALSE	FALSE	Facultative/other	0.02593376929787234	0.0019843395555555554	19	40.42553191489362	3	16.666666666666668	3.701405131440596	1.496312712710028	FALSE	0.0172973281758864	0.242162594462409	-1.0590194534099	0.124451017050454	1.0	-0.250466358132444
B03_bin.49	B03_bin.49	d__Bacteria;p__Bacillota;c__Clostridia;o__Oscillospirales;f__Acutalibacteraceae;g__Eubacterium_R;s__Eubacterium_R sp000433975	Eubacterium R sp000433975	83.22	1.34	FALSE	TRUE	Predicted anaerobe	0.0723090024893617	0.20255095555555555	6	12.76595744680851	1	5.555555555555555	-1.4859094320071025	-0.18969056578814072	FALSE	0.0824940225253096	0.535307927189783	1.29252504551843	0.728681823985074	0.998316715068407	-0.0177284787000639
B03_bin.55	H07_bin.63	d__Bacteria;p__Bacteroidota;c__Bacteroidia;o__Bacteroidales;f__Bacteroidaceae;g__Bacteroides;s__Bacteroides thetaiotaomicron	Bacteroides thetaiotaomicron	85.52	2.59	FALSE	TRUE	Predicted anaerobe	0.127580099106383	0.09076331616666666	43	91.48936170212765	14	77.77777777777777	0.491176212841043	0.44937398196095424	FALSE	0.831726211015145	0.983217763396128	-0.0746332853090039	0.340090123630438	1.0	-0.0577543646472873
B03_bin.58	G01_bin.80	d__Bacteria;p__Bacillota;c__Clostridia;o__Lachnospirales;f__Lachnospiraceae;g__Suilimivivens;s__Suilimivivens sp000438155	Suilimivivens sp000438155	93.24	2.03	FALSE	TRUE	Predicted anaerobe	0.014085862893617022	0.016897779666666668	14	29.78723404255319	5	27.77777777777778	-0.26241542039566623	-0.07816629543700696	FALSE	0.599697446538002	0.940772237633192	-0.193748185418252	0.813173875888547	0.999532557427756	-0.0248162659884608
B03_bin.63	B03_bin.63	d__Bacteria;p__Bacillota;c__Clostridia;o__Oscillospirales;f__Oscillospiraceae;g__Intestinimonas;s__Intestinimonas massiliensis	Intestinimonas massiliensis	97.36	6.85	FALSE	TRUE	Predicted anaerobe	0.02525454550212766	0.008710985277777777	22	46.808510638297875	8	44.44444444444444	1.5345511849084532	0.7183005546379994	FALSE	0.142715814658664	0.640779592078545	-0.571995291439363	0.819381900185871	1.0	-0.00056412302025824
B03_bin.66	G07_bin.85	d__Bacteria;p__Bacillota;c__Clostridia;o__Christensenellales;f__Aristaeellaceae;g__UBA11524;s__UBA11524 sp000437595	UBA11524 sp000437595	99.3	2.56	FALSE	TRUE	Predicted anaerobe	0.032429826531914896	0.010039695333333333	24	51.06382978723404	7	38.888888888888886	1.6906143396274451	0.8632924287459294	FALSE	0.0876135862857229	0.536188191314732	-0.620160511235264	0.460932846385729	1.0	-0.105048614777383
B03_bin.70	A03_bin.68	d__Bacteria;p__Bacillota;c__Clostridia;o__Lachnospirales;f__Lachnospiraceae;g__Roseburia;s__Roseburia hominis	Roseburia hominis	99.4	0.48	FALSE	TRUE	Predicted anaerobe	0.01580217530425532	0.029205573066666667	23	48.93617021276596	13	72.22222222222223	-0.8857017331495567	-0.43342850771148517	FALSE	0.317330147243713	0.826466231054012	0.39430925899431	0.0368572796383958	0.811170419825367	0.353155472432822
B03_bin.74	C07_bin.75	d__Bacteria;p__Bacillota;c__Clostridia;o__Christensenellales;f__CAG-314;g__CAG-314;s__CAG-314 sp000437915	CAG-314 sp000437915	85.48	0.81	FALSE	TRUE	Predicted anaerobe	0.022028527936170213	0.008105975666666666	10	21.27659574468085	3	16.666666666666668	1.441191417565953	0.3066364718225432	FALSE	0.0607590575713818	0.473814054218934	-0.816880283413603	0.705840524919583	0.997906683464342	-0.0370541922794227
B03_bin.75	F03_bin.40	d__Bacteria;p__Bacillota;c__Clostridia;o__Lachnospirales;f__Lachnospiraceae;g__Blautia_A;s__Blautia_A wexlerae	Blautia A wexlerae	97.15	1.9	FALSE	TRUE	Predicted anaerobe	0.046728519419148934	0.05573790911111111	45	95.74468085106383	18	100.0	-0.25430566291352824	-0.24348414534273982	FALSE	0.374437287491051	0.839386167024592	0.300482091322303	0.041434036263642	0.849867984280687	0.37048615433857
B03_bin.76	F02_bin.66	d__Bacteria;p__Bacteroidota;c__Bacteroidia;o__Bacteroidales;f__Rikenellaceae;g__Tidjanibacter;s__Tidjanibacter inops	Tidjanibacter inops	81.73	0.16	FALSE	TRUE	Predicted anaerobe	0.01923595293617021	0.037736068472222224	24	51.06382978723404	7	38.888888888888886	-0.9717712791492084	-0.4962236319059787	FALSE	0.0190389174826998	0.260393809878771	0.955008119022033	0.730245937672071	1.0	-0.026246471025294
B03_bin.77	B03_bin.77	d__Bacteria;p__Bacillota;c__Clostridia;o__Oscillospirales;f__Ruminococcaceae;g__Faecalibacterium;s__Faecalibacterium duncaniae	Faecalibacterium duncaniae	90.41	1.53	FALSE	TRUE	Predicted anaerobe	0.15062824394680852	0.1153736343888889	40	85.1063829787234	18	100.0	0.3846494753861284	0.32736125564776886	FALSE	0.444683589905691	0.884393090438835	-0.312447206513444	0.0270329005943146	0.930243226529888	0.187141689066567
B04_bin.11	H04_bin.57	d__Bacteria;p__Bacillota;c__Clostridia;o__Oscillospirales;f__Ruminococcaceae;g__Gemmiger;s__Gemmiger formicilis	Gemmiger formicilis	95.92	4.08	FALSE	TRUE	Predicted anaerobe	0.027197649614893616	0.017993354611111113	39	82.97872340425532	13	72.22222222222223	0.5957465793264374	0.494342906249597	FALSE	0.403174707364251	0.856335508584847	0.260271814084475	0.510814160750339	1.0	0.074001330986542
B04_bin.15	C08_bin.28	d__Bacteria;p__Bacillota;c__Clostridia;o__Oscillospirales;f__Ruminococcaceae;g__Faecalibacterium;s__Faecalibacterium butyricigenerans	Faecalibacterium butyricigenerans	88.84	5.06	FALSE	TRUE	Predicted anaerobe	0.03894217993404255	0.03217579738888889	32	68.08510638297872	11	61.111111111111114	0.2752798586374952	0.18742458460425204	FALSE	0.600549206813089	0.940772237633192	0.201855705265824	0.771439116140776	1.0	0.0520528818938654
B04_bin.17	D01_bin.64	d__Bacteria;p__Bacteroidota;c__Bacteroidia;o__Bacteroidales;f__Bacteroidaceae;g__Bacteroides;s__Bacteroides uniformis	Bacteroides uniformis	95.17	1.57	FALSE	TRUE	Predicted anaerobe	0.17431442093617022	0.17096010094444444	45	95.74468085106383	18	100.0	0.028030639034581	0.0268378458841733	FALSE	0.841409404011488	0.983217763396128	-0.0741383314406441	0.247004590246686	1.0	0.130400041328243
B04_bin.18	B04_bin.18	d__Bacteria;p__Bacteroidota;c__Bacteroidia;o__Bacteroidales;f__Rikenellaceae;g__Alistipes;s__Alistipes onderdonkii	Alistipes onderdonkii	99.28	0.48	FALSE	TRUE	Predicted anaerobe	0.17890127420212767	0.08840442973888889	41	87.23404255319149	16	88.88888888888889	1.0168905525555119	0.8870747373356593	FALSE	0.168782744761705	0.675154592014509	-0.5232160211426	0.466738058045176	1.0	-0.05859658281162
B04_bin.3	A03_bin.21	d__Bacteria;p__Bacillota;c__Clostridia;o__Lachnospirales;f__Lachnospiraceae;g__Hominisplanchenecus;s__Hominisplanchenecus faecis	Hominisplanchenecus faecis	94.94	3.16	FALSE	TRUE	Predicted anaerobe	0.02144267425106383	0.06728986011111111	30	63.829787234042556	12	66.66666666666667	-1.6494460034101106	-1.0528378745170919	FALSE	0.178317612108292	0.685005582842001	0.498255015392927	0.188031471275464	0.971325737426286	0.197885888922446
B04_bin.30	B04_bin.30	d__Bacteria;p__Bacillota;c__Clostridia;o__Oscillospirales;f__Ruminococcaceae;g__Negativibacillus;s__Negativibacillus massiliensis	Negativibacillus massiliensis	95.97	3.91	FALSE	TRUE	Predicted anaerobe	0.010979116908510639	0.005622018555555555	9	19.148936170212767	4	22.22222222222222	0.9643514628994113	0.1846630460871213	FALSE	0.605367346160327	0.941943598813799	-0.205898722582215	0.671998482129106	0.997054818220792	0.0515416134832988
B04_bin.32	A04_bin.93	d__Bacteria;p__Bacillota;c__Clostridia;o__Oscillospirales;f__Ruminococcaceae;g__Gemmiger;s__Gemmiger qucibialis	Gemmiger qucibialis	91.88	0.68	FALSE	TRUE	Predicted anaerobe	0.01810168755957447	0.014279937566666666	35	74.46808510638297	14	77.77777777777777	0.34192136265450646	0.25462229133846226	FALSE	0.421650804092209	0.864450316653212	-0.256339549729525	0.407364240106471	1.0	0.0818546092630713
B04_bin.33	B04_bin.33	d__Bacteria;p__Bacillota;c__Clostridia;o__UBA1381;f__UBA1381;g__Hominilimicola;s__Hominilimicola fabiformis	Hominilimicola fabiformis	96.64	0.67	FALSE	TRUE	Predicted anaerobe	0.018301775482978722	0.017545946444444446	33	70.2127659574468	14	77.77777777777777	0.06081190523704132	0.04269772069834816	FALSE	0.898973878297439	0.988426013077921	-0.0411721970978825	0.247524201925468	0.998442359270948	0.141229617276882
B04_bin.34	F07_bin.6	d__Bacteria;p__Bacillota;c__Clostridia;o__Oscillospirales;f__Acutalibacteraceae;g__CAG-217;s__CAG-217 sp000436335	CAG-217 sp000436335	88.59	0	FALSE	TRUE	Predicted anaerobe	0.028375419276595745	0.007528233944444444	14	29.78723404255319	2	11.11111111111111	1.9128515776322492	0.5697855763159891	FALSE	0.28318818601926	0.803044010753182	-0.426383150990682	0.231095715552429	1.0	-0.217863872904363
B04_bin.43	F03_bin.29	d__Bacteria;p__Bacteroidota;c__Bacteroidia;o__Bacteroidales;f__Bacteroidaceae;g__Bacteroides;s__Bacteroides cellulosilyticus	Bacteroides cellulosilyticus	96.65	2.06	FALSE	TRUE	Predicted anaerobe	0.09390764439361703	0.09458456022222222	27	57.4468085106383	9	50.0	-0.010360998200950985	-0.005952062796290992	FALSE	0.192962956116607	0.70862235301915	0.518853890020439	0.824686593894495	1.0	0.0111948210495608
B04_bin.49	F02_bin.66	d__Bacteria;p__Bacteroidota;c__Bacteroidia;o__Bacteroidales;f__Rikenellaceae;g__Tidjanibacter;s__Tidjanibacter inops	Tidjanibacter inops	88.89	1.2	FALSE	TRUE	Predicted anaerobe	0.018985719521276596	0.034672223833333335	24	51.06382978723404	7	38.888888888888886	-0.8685220479639447	-0.4435006202369079	FALSE	0.0315055320067409	0.335430155137637	0.858333661755759	0.713562371249842	1.0	-0.0507372085380633
B04_bin.52	H05_bin.38	d__Bacteria;p__Bacteroidota;c__Bacteroidia;o__Bacteroidales;f__Tannerellaceae;g__Parabacteroides;s__Parabacteroides distasonis	Parabacteroides distasonis	95.19	0	FALSE	TRUE	Predicted anaerobe	0.01871346344468085	0.016165267244444444	35	74.46808510638297	12	66.66666666666667	0.2110577793461943	0.15717068674716594	FALSE	0.877182502365684	0.984846414163431	-0.0560511131090244	0.675498974087649	1.0	-0.00396157543623658
B04_bin.53	B04_bin.53	d__Bacteria;p__Bacillota;c__Clostridia;o__Oscillospirales;f__Oscillospiraceae;g__Lawsonibacter;s__Lawsonibacter asaccharolyticus	Lawsonibacter asaccharolyticus	95.85	1.7	FALSE	TRUE	Predicted anaerobe	0.01996754924468085	0.018603207055555557	39	82.97872340425532	15	83.33333333333333	0.10205295751913107	0.08468224134566195	FALSE	0.922652750762472	0.996153363714411	0.0303576264847952	0.486254621620232	1.0	0.109896448584288
B04_bin.7	F06_bin.75	d__Bacteria;p__Bacillota;c__Clostridia;o__Oscillospirales;f__Oscillospiraceae;g__Hominicoprocola;s__Hominicoprocola fusiformis	Hominicoprocola fusiformis	91.64	0.67	FALSE	TRUE	Predicted anaerobe	0.06222785786170213	0.03593809177777778	35	74.46808510638297	15	83.33333333333333	0.7918772151420702	0.5896957985100523	FALSE	0.964762522232537	0.997964486761695	-0.0166882459869567	0.0254324002265464	0.801648620657526	0.20171751818494
B04_bin.77	H05_bin.43	d__Bacteria;p__Bacillota;c__Clostridia;o__Lachnospirales;f__Lachnospiraceae;g__Roseburia;s__Roseburia rectalis	Roseburia rectalis	98.07	0.48	FALSE	TRUE	Predicted anaerobe	0.019240246727659574	0.019986459055555555	35	74.46808510638297	12	66.66666666666667	-0.054867615494596414	-0.040858862602359027	FALSE	0.504465356707871	0.912451072458387	0.220836114197752	0.762500144907904	1.0	0.0231567436913156
B04_bin.79	D04_bin.5	d__Bacteria;p__Bacillota;c__Clostridia;o__Oscillospirales;f__Oscillospiraceae;g__Flavonifractor;s__Flavonifractor plautii	Flavonifractor plautii	92.12	1.14	FALSE	TRUE	Predicted anaerobe	0.03074098494468085	0.014684195794444445	29	61.702127659574465	13	72.22222222222223	1.065386217060512	0.6573659637181882	FALSE	0.234604740181535	0.764231036679804	-0.441815133565577	0.571900314127943	1.0	0.0720095310997611
B04_bin.80	D02_bin.11	d__Bacteria;p__Bacteroidota;c__Bacteroidia;o__Bacteroidales;f__Bacteroidaceae;g__Phocaeicola;s__Phocaeicola vulgatus	Phocaeicola vulgatus	88.35	3.97	FALSE	TRUE	Predicted anaerobe	0.2244301905106383	0.2424191913888889	45	95.74468085106383	17	94.44444444444444	-0.11123238457813338	-0.10649909161736175	FALSE	0.540759698276078	0.931555522488562	0.251895907112166	0.396604075488495	1.0	0.109960391924
B05_bin.10	F05_bin.48	d__Bacteria;p__Pseudomonadota;c__Gammaproteobacteria;o__Burkholderiales;f__Burkholderiaceae_F;g__Sutterella;s__Sutterella wadsworthensis	Sutterella wadsworthensis	98.14	0	FALSE	TRUE	Predicted anaerobe	0.03655813825744681	0.020812481311111113	18	38.297872340425535	6	33.333333333333336	0.8124451809864011	0.31114921825011105	FALSE	0.778777613598506	0.973995429764571	-0.112872740786246	0.785785400498992	1.0	-0.0411020634462194
B05_bin.100	E01_bin.44	d__Bacteria;p__Bacillota;c__Clostridia;o__Lachnospirales;f__Lachnospiraceae;g__Roseburia_C;s__Roseburia_C amylophila	Roseburia C amylophila	87.31	1.95	FALSE	TRUE	Predicted anaerobe	0.013852996868085107	0.006168565083333334	12	25.53191489361702	5	27.77777777777778	1.1658954403266772	0.29767543157276866	FALSE	0.0419395718633005	0.398762346379402	-0.854927166593356	0.752343630133704	0.99816092938667	0.0279339745153867
B05_bin.103	C02_bin.89	d__Bacteria;p__Bacillota;c__Clostridia;o__Oscillospirales;f__Acutalibacteraceae;g__Hominenteromicrobium;s__Hominenteromicrobium mulieris	Hominenteromicrobium mulieris	92.28	0.22	FALSE	TRUE	Predicted anaerobe	0.01207573634680851	0.01782954556111111	31	65.95744680851064	9	50.0	-0.5617734902127484	-0.3705314509913872	FALSE	0.63056706021234	0.943026319703049	0.177694687420116	0.552107026339312	1.0	-0.100717110766978
B05_bin.104	B08_bin.66	d__Bacteria;p__Bacteroidota;c__Bacteroidia;o__Bacteroidales;f__Rikenellaceae;g__Alistipes;s__Alistipes communis	Alistipes communis	92.55	0.48	FALSE	TRUE	Predicted anaerobe	0.039932829138297876	0.03048752065	29	61.702127659574465	11	61.111111111111114	0.389244561054635	0.24017217596988116	FALSE	0.820159991665666	0.983217763396128	-0.0831872608742226	0.892423154237183	1.0	0.0145557337230334
B05_bin.113	B05_bin.113	d__Bacteria;p__Actinomycetota;c__Coriobacteriia;o__Coriobacteriales;f__Eggerthellaceae;g__Ellagibacter;s__Ellagibacter isourolithinifaciens	Ellagibacter isourolithinifaciens	97.98	1.21	FALSE	TRUE	Predicted anaerobe	0.011145076755319148	0.001100249888888889	10	21.27659574468085	1	5.555555555555555	3.3287441084070544	0.7082434273206498	FALSE	0.00131964757751237	0.0806621623298192	-2.14143062261227	0.307178724674405	1.0	-0.131758321107145
B05_bin.16	G05_bin.13	d__Bacteria;p__Bacillota;c__Clostridia;o__Oscillospirales;f__Acutalibacteraceae;g__Ruminococcoides;s__Ruminococcoides intestinale	Ruminococcoides intestinale	96.09	1.01	FALSE	TRUE	Predicted anaerobe	0.03340351024680851	0.05252489927777778	28	59.57446808510638	12	66.66666666666667	-0.652844580468922	-0.3889286862368046	FALSE	0.722317215271811	0.967807090243617	-0.145041994255238	0.459003805701548	0.999624545906685	0.137120380892747
B05_bin.18	G07_bin.107	d__Bacteria;p__Bacillota;c__Clostridia;o__Lachnospirales;f__Lachnospiraceae;g__Roseburia;s__Roseburia faecis	Roseburia faecis	96.46	2.73	FALSE	TRUE	Predicted anaerobe	0.0330271324787234	0.04783586433333333	28	59.57446808510638	12	66.66666666666667	-0.5343057567479945	-0.3183098125307201	FALSE	0.675297799642731	0.953830565934627	0.137299072406331	0.239644448225248	0.991450398416311	0.146019899078545
B05_bin.2	B05_bin.2	d__Bacteria;p__Pseudomonadota;c__Gammaproteobacteria;o__Enterobacterales;f__Pasteurellaceae;g__Haemophilus_D;s__Haemophilus_D sp048377755	Haemophilus D sp048377755	98.29	5.55	FALSE	FALSE	Facultative/other	0.014278427142553191	0.002317077361111111	15	31.914893617021278	5	27.77777777777778	2.618256037124499	0.8356136288695211	FALSE	0.0492582078826403	0.426271698900135	-0.772500257326547	0.620776782292305	1.0	-0.0803101897544665
B05_bin.20	H05_bin.38	d__Bacteria;p__Bacteroidota;c__Bacteroidia;o__Bacteroidales;f__Tannerellaceae;g__Parabacteroides;s__Parabacteroides distasonis	Parabacteroides distasonis	95.52	2.12	FALSE	TRUE	Predicted anaerobe	0.015960708636170214	0.017723952072222222	32	68.08510638297872	11	61.111111111111114	-0.151085753641125	-0.10286689609608511	FALSE	0.62159922919876	0.943026319703049	0.193236871822246	0.804687720261049	1.0	-0.00569941972409233
B05_bin.23	B04_bin.18	d__Bacteria;p__Bacteroidota;c__Bacteroidia;o__Bacteroidales;f__Rikenellaceae;g__Alistipes;s__Alistipes onderdonkii	Alistipes onderdonkii	85.67	0.99	FALSE	TRUE	Predicted anaerobe	0.11980270422978723	0.09692758213888888	41	87.23404255319149	15	83.33333333333333	0.30565288736589186	0.26663336982982055	FALSE	0.509104563016143	0.914731164555467	-0.293174006470284	0.547258276165673	1.0	-0.0670822444739552
B05_bin.25	C02_bin.12	d__Bacteria;p__Bacteroidota;c__Bacteroidia;o__Bacteroidales;f__Bacteroidaceae;g__Prevotella;s__Prevotella copri_B	Prevotella copri B	92.21	1.97	FALSE	TRUE	Predicted anaerobe	0.5441681997872341	0.2991106152222222	9	19.148936170212767	5	27.77777777777778	0.8633518186278367	0.16532268867341554	FALSE	0.446759078433832	0.88456307511732	-0.325840987841829	0.551839950163609	0.993473343361103	0.0494649103762989
B05_bin.26	D05_bin.15	d__Bacteria;p__Bacteroidota;c__Bacteroidia;o__Bacteroidales;f__Coprobacteraceae;g__Coprobacter;s__Coprobacter fastidiosus	Coprobacter fastidiosus	97.74	0.57	FALSE	TRUE	Predicted anaerobe	0.009834619236170213	0.0067340035	17	36.170212765957444	3	16.666666666666668	0.5457301225686817	0.19739174646101254	FALSE	0.00854965135718044	0.161486168340678	1.08316892936295	0.306306259004662	1.0	-0.200279537393473
B05_bin.27	D01_bin.64	d__Bacteria;p__Bacteroidota;c__Bacteroidia;o__Bacteroidales;f__Bacteroidaceae;g__Bacteroides;s__Bacteroides uniformis	Bacteroides uniformis	80.69	8.62	FALSE	TRUE	Predicted anaerobe	0.1653555914468085	0.16486909705555555	45	95.74468085106383	18	100.0	0.00425056679381437	0.004069691611098865	FALSE	0.81395297409579	0.983217763396128	-0.079372148886332	0.241383721971359	1.0	0.143132690601016
B05_bin.3	C04_bin.103	d__Bacteria;p__Bacillota;c__Clostridia;o__Oscillospirales;f__Acutalibacteraceae;g__CAG-177;s__CAG-177 sp003514385	CAG-177 sp003514385	87.92	0	FALSE	TRUE	Predicted anaerobe	0.01583048300851064	0.014776571388888889	13	27.659574468085108	3	16.666666666666668	0.09932875803754891	0.02747391179761991	FALSE	0.159196791293908	0.665824546740973	0.58189226442608	0.649525209304932	1.0	-0.0419437730642019
B05_bin.33	B05_bin.33	d__Bacteria;p__Bacillota;c__Clostridia;o__Lachnospirales;f__Lachnospiraceae;g__Lachnospira;s__Lachnospira rogosae	Lachnospira rogosae	95.3	0	FALSE	TRUE	Predicted anaerobe	0.015312032234042552	0.015370814	24	51.06382978723404	9	50.0	-0.005524195718571895	-0.0028208658988452227	FALSE	0.884512578233121	0.986614406586255	0.0587249213729985	0.844406529104199	1.0	0.018962261164769
B05_bin.36	B07_bin.55	d__Bacteria;p__Bacillota;c__Clostridia;o__Lachnospirales;f__Lachnospiraceae;g__Coprococcus;s__Coprococcus ammoniilyticus	Coprococcus ammoniilyticus	91.28	0	FALSE	TRUE	Predicted anaerobe	0.014204709687234043	0.009681741666666667	8	17.02127659574468	2	11.11111111111111	0.5525567791877599	0.0940522177340868	FALSE	0.11288618721154	0.592385875459096	-0.797526548704379	0.711248080175335	0.999127330803491	-0.0259845896848127
B05_bin.38	G08_bin.17	d__Bacteria;p__Bacillota;c__Clostridia;o__Oscillospirales;f__Oscillospiraceae;g__Hominicoprocola;s__Hominicoprocola sp900317525	Hominicoprocola sp900317525	95.08	9.31	FALSE	TRUE	Predicted anaerobe	0.025398239882978724	0.022326737333333332	32	68.08510638297872	11	61.111111111111114	0.18587796769993845	0.1265552120510219	FALSE	0.679957130917641	0.955545653121084	-0.137706337795089	0.692019696623566	1.0	0.0301476171357919
B05_bin.39	A09_bin.21	d__Bacteria;p__Bacillota;c__Clostridia;o__Oscillospirales;f__Oscillospiraceae;g__CAG-170;s__CAG-170 sp900545925	CAG-170 sp900545925	87.95	3.46	FALSE	TRUE	Predicted anaerobe	0.02864178393617021	0.020108439055555555	28	59.57446808510638	9	50.0	0.5101065937822027	0.30389328991280157	FALSE	0.301693369061014	0.816149170582814	-0.370021324044715	0.573229889213684	1.0	-0.0740205974482536
B05_bin.40	D08_bin.97	d__Bacteria;p__Bacteroidota;c__Bacteroidia;o__Bacteroidales;f__Tannerellaceae;g__Parabacteroides;s__Parabacteroides merdae	Parabacteroides merdae	91.35	1.09	FALSE	TRUE	Predicted anaerobe	0.028230415319148938	0.029480254	30	63.829787234042556	12	66.66666666666667	-0.06247694257179783	-0.03987889951391351	FALSE	0.712778160372765	0.965572986119905	-0.123923224548673	0.597553660126431	1.0	0.0352057512618613
B05_bin.45	B05_bin.45	d__Bacteria;p__Bacillota;c__Clostridia;o__Christensenellales;f__Aristaeellaceae;g__Limiplasma;s__Limiplasma sp900548145	Limiplasma sp900548145	87.22	9.62	FALSE	TRUE	Predicted anaerobe	0.03151816814893617	0.010997427127777779	19	40.42553191489362	8	44.44444444444444	1.5181640556583507	0.6137258948406098	FALSE	0.00148186535672607	0.0806621623298192	-1.31848855731626	0.799798357336281	1.0	-0.00721402065945502
B05_bin.46	H05_bin.43	d__Bacteria;p__Bacillota;c__Clostridia;o__Lachnospirales;f__Lachnospiraceae;g__Roseburia;s__Roseburia rectalis	Roseburia rectalis	99.28	1.21	FALSE	TRUE	Predicted anaerobe	0.04528112795744681	0.03552641552222222	38	80.85106382978724	14	77.77777777777777	0.34993030225618743	0.2829223720369175	FALSE	0.627148751319684	0.943026319703049	0.166052652880532	0.619711891749062	1.0	0.052569766981333
B05_bin.47	B05_bin.47	d__Bacteria;p__Bacillota;c__Clostridia;o__Oscillospirales;f__Oscillospiraceae;g__CAG-170;s__CAG-170 sp002404795	CAG-170 sp002404795	92.58	5.54	FALSE	TRUE	Predicted anaerobe	0.044676100680851066	0.0157032515	31	65.95744680851064	8	44.44444444444444	1.5078444158846793	0.9945356785622352	FALSE	0.262752909403974	0.787792906488093	0.42150207377814	0.263014603949757	1.0	-0.176830301735989
B05_bin.48	B05_bin.48	d__Bacteria;p__Bacillota;c__Clostridia;o__Oscillospirales;f__Acutalibacteraceae;g__UBA737;s__UBA737 sp900549055	UBA737 sp900549055	93.29	4.7	FALSE	TRUE	Predicted anaerobe	0.018915198276595744	0.008751501333333333	13	27.659574468085108	5	27.77777777777778	1.1110584050359682	0.3073140269248423	FALSE	0.594438851878903	0.940772237633192	0.200296174385836	0.749420615826044	0.999483798682871	0.0501703781648535
B05_bin.49	D08_bin.21	d__Bacteria;p__Bacteroidota;c__Bacteroidia;o__Bacteroidales;f__Rikenellaceae;g__Alistipes;s__Alistipes putredinis	Alistipes putredinis	91.38	8.13	FALSE	TRUE	Predicted anaerobe	0.11068243563829787	0.14614715227777778	36	76.59574468085107	15	83.33333333333333	-0.40096379352616734	-0.307121203551958	FALSE	0.44568054443326	0.884397330359749	0.269680771095243	0.168788534375467	0.982722468003606	0.142656516618421
B05_bin.59	B05_bin.59	d__Bacteria;p__Bacillota_I;c__Bacilli_A;o__ML615J-28;f__CAG-313;g__CAG-313;s__CAG-313 sp003539625	CAG-313 sp003539625	100	1.44	FALSE	TRUE	Predicted anaerobe	0.041838398438297876	0.015861341166666668	6	12.76595744680851	3	16.666666666666668	1.3987483665428087	0.17856362126078407	FALSE	0.00905054048133548	0.167623551831401	-1.90122825313094	0.637488563487977	0.996859915062157	0.0168877534044302
B05_bin.6	F06_bin.75	d__Bacteria;p__Bacillota;c__Clostridia;o__Oscillospirales;f__Oscillospiraceae;g__Hominicoprocola;s__Hominicoprocola fusiformis	Hominicoprocola fusiformis	85.12	5.65	FALSE	TRUE	Predicted anaerobe	0.022364747957446807	0.02187806527777778	32	68.08510638297872	14	77.77777777777777	0.03172699312972994	0.02160135702449698	FALSE	0.961883476726405	0.997964486761695	-0.015505559044236	0.155733019310224	0.956251175306038	0.146247045594818
B05_bin.64	A06_bin.107	d__Bacteria;p__Bacteroidota;c__Bacteroidia;o__Bacteroidales;f__Marinifilaceae;g__Odoribacter;s__Odoribacter splanchnicus	Odoribacter splanchnicus	96.24	0	FALSE	TRUE	Predicted anaerobe	0.020805183717021277	0.00986305325	35	74.46808510638297	15	83.33333333333333	1.0760680784668666	0.8013272924753262	FALSE	0.268556449585865	0.793489111384863	-0.354633539775936	0.556382642984742	1.0	0.0337769086504948
B05_bin.71	H07_bin.23	d__Bacteria;p__Bacillota;c__Clostridia;o__Oscillospirales;f__Ruminococcaceae;g__Faecalibacterium;s__Faecalibacterium longum	Faecalibacterium longum	93.69	4.29	FALSE	TRUE	Predicted anaerobe	0.03759047979787234	0.025199241194444444	40	85.1063829787234	15	83.33333333333333	0.5767983781073807	0.4908922366871325	FALSE	0.335161524610747	0.831125789062634	-0.311654131698028	0.810938903953453	1.0	-0.0142445648041086
B05_bin.76	B05_bin.76	d__Bacteria;p__Bacillota_I;c__Bacilli_A;o__RF39;f__UBA660;g__CAG-433;s__CAG-433 sp000433675	CAG-433 sp000433675	92.7	0.56	FALSE	TRUE	Predicted anaerobe	0.009540265234042554	0.008737744666666667	5	10.638297872340425	4	22.22222222222222	0.12662968991595913	0.013471243608080758	FALSE	0.410090833609773	0.856805525450266	-0.349543417318278	0.419515437447142	0.98601405206855	0.103721101672973
B05_bin.78	D01_bin.36	d__Bacteria;p__Bacillota;c__Clostridia;o__Oscillospirales;f__Butyricicoccaceae;g__Agathobaculum;s__Agathobaculum butyriciproducens	Agathobaculum butyriciproducens	84.44	2.24	FALSE	TRUE	Predicted anaerobe	0.014403079634042554	0.012107206194444444	36	76.59574468085107	16	88.88888888888889	0.2503215262878749	0.19173563715667014	FALSE	0.707849005367792	0.965149947503017	-0.116711630491953	0.218807087817757	0.999232158846774	0.164400041607387
B05_bin.80	H02_bin.18	d__Bacteria;p__Actinomycetota;c__Actinomycetes;o__Actinomycetales;f__Bifidobacteriaceae;g__Bifidobacterium;s__Bifidobacterium adolescentis	Bifidobacterium adolescentis	89.75	4	FALSE	TRUE	Predicted anaerobe	0.14505811538297872	0.09179671305555555	39	82.97872340425532	12	66.66666666666667	0.6600589085423192	0.5477084560244776	FALSE	0.516992457019659	0.919212588580954	-0.250661374048107	0.300779619983129	1.0	-0.0681486483218567
B05_bin.85	B09_bin.61	d__Bacteria;p__Bacillota;c__Clostridia;o__Oscillospirales;f__Ruminococcaceae;g__Hominimerdicola;s__Hominimerdicola aceti	Hominimerdicola aceti	89.5	0.51	FALSE	TRUE	Predicted anaerobe	0.013746788717021277	0.009147685322222222	25	53.191489361702125	9	50.0	0.5870888404150002	0.3122812980930852	FALSE	0.823348738272167	0.983217763396128	0.0822192265422974	0.871071483685436	1.0	0.000403912803625588
B05_bin.87	H06_bin.61	d__Bacteria;p__Bacillota;c__Clostridia;o__Lachnospirales;f__Lachnospiraceae;g__Fusicatenibacter;s__Fusicatenibacter saccharivorans	Fusicatenibacter saccharivorans	94.51	3.48	FALSE	TRUE	Predicted anaerobe	0.020660126387234044	0.027853814277777778	43	91.48936170212765	17	94.44444444444444	-0.4308455518628347	-0.39417784532131683	FALSE	0.506135810663338	0.914542145690463	0.201005351419904	0.0728677113937495	0.858287105726278	0.265979007623729
B05_bin.9	B05_bin.9	d__Bacteria;p__Bacillota;c__Clostridia;o__Oscillospirales;f__CAG-272;g__UMGS902;s__UMGS902 sp900761025	UMGS902 sp900761025	90.38	0.12	FALSE	TRUE	Predicted anaerobe	0.019029802121276595	0.0011681881944444444	5	10.638297872340425	2	11.11111111111111	4.014376577581793	0.42706133804061625	FALSE	0.00862833857838268	0.161486168340678	-4.0456017858652	0.766960194145249	0.998268815392109	0.013973977320189
B05_bin.91	B09_bin.93	d__Bacteria;p__Bacillota;c__Clostridia;o__Oscillospirales;f__Oscillospiraceae;g__CAG-103;s__CAG-103 sp000432375	CAG-103 sp000432375	86.03	0	FALSE	TRUE	Predicted anaerobe	0.011983227827659575	0.01416114025	22	46.808510638297875	9	50.0	-0.24073585186162644	-0.11268486682884642	FALSE	0.928553218015496	0.996153363714411	0.0321447579394989	0.65095115678251	0.999938210065385	0.0813449208870284
B06_bin.1	E03_bin.16	d__Bacteria;p__Pseudomonadota;c__Alphaproteobacteria;o__RF32;f__CAG-239;g__Scatocola;s__Scatocola faecipullorum	Scatocola faecipullorum	90.86	0	FALSE	TRUE	Predicted anaerobe	0.08148220323404255	0.05145356722222222	10	21.27659574468085	2	11.11111111111111	0.6631105744616839	0.14108735626844338	FALSE	0.619632895447168	0.943026319703049	0.205850775108912	0.476757298881215	1.0	-0.0554086170249228
B06_bin.101	A04_bin.71	d__Bacteria;p__Bacteroidota;c__Bacteroidia;o__Bacteroidales;f__Rikenellaceae;g__Alistipes_A;s__Alistipes_A ihumii	Alistipes A ihumii	98.56	0	FALSE	TRUE	Predicted anaerobe	0.012642583521276595	0.014096817022222222	19	40.42553191489362	7	38.888888888888886	-0.15696050579065488	-0.06345211936217962	FALSE	0.276957084158089	0.798103234413423	-0.440172212606232	0.862282763651138	1.0	-0.0396703850034255
B06_bin.102	D06_bin.25	d__Bacteria;p__Bacillota;c__Clostridia;o__Oscillospirales;f__Ruminococcaceae;g__CAG-115;s__CAG-115 sp003531585	CAG-115 sp003531585	94.63	0	FALSE	TRUE	Predicted anaerobe	0.01951640240425532	0.017899256483333334	17	36.170212765957444	11	61.111111111111114	0.12472072381454942	0.045111751166964684	FALSE	0.389978957121402	0.854052279529052	-0.3503318700017	0.106503601309485	0.889656555306413	0.288712256574479
B06_bin.103	A09_bin.36	d__Bacteria;p__Bacillota;c__Clostridia;o__Oscillospirales;f__Oscillospiraceae;g__Oscillibacter;s__Oscillibacter segnis	Oscillibacter segnis	83.11	3.58	FALSE	TRUE	Predicted anaerobe	0.028070087085106384	0.021475250777777777	31	65.95744680851064	13	72.22222222222223	0.38620079342032804	0.2547281828942589	FALSE	0.511649358543293	0.914731164555467	-0.215776063803743	0.306445739096805	0.999407895652085	0.0864356247984866
B06_bin.108	B06_bin.108	d__Bacteria;p__Bacillota;c__Clostridia;o__Lachnospirales;f__Lachnospiraceae;g__Coprococcus;s__Coprococcus eutactus	Coprococcus eutactus	93.13	0.67	FALSE	TRUE	Predicted anaerobe	0.008495538085106382	0.004841663888888889	6	12.76595744680851	1	5.555555555555555	0.8099229002403214	0.10339441279663678	FALSE	0.107230695571773	0.584834897934392	1.05988793779968	0.627491811853157	0.998738923893869	-0.0283715602503285
B06_bin.110	B01_bin.9	d__Bacteria;p__Verrucomicrobiota;c__Verrucomicrobiia;o__Verrucomicrobiales;f__Akkermansiaceae;g__Akkermansia;s__Akkermansia muciniphila	Akkermansia muciniphila	91.95	1.06	FALSE	TRUE	Predicted anaerobe	0.0158061124893617	0.020088711166666665	19	40.42553191489362	6	33.333333333333336	-0.3457079541660685	-0.1397542793437298	FALSE	0.178455102135386	0.685005582842001	-0.538027138736481	0.720368314726584	1.0	-0.0461636718281984
B06_bin.15	B06_bin.15	d__Bacteria;p__Verrucomicrobiota;c__Lentisphaeria;o__Victivallales;f__Victivallaceae;g__Victivallis;s__Victivallis vadensis	Victivallis vadensis	90.54	3.76	FALSE	TRUE	Predicted anaerobe	0.009587413757446808	0.0008242551666666667	7	14.893617021276595	1	5.555555555555555	3.524085069670348	0.5248637337806901	FALSE	0.323985918472804	0.826466231054012	-0.445714291083257	0.475237582120449	1.0	-0.101383790099708
B06_bin.17	H03_bin.66	d__Bacteria;p__Bacillota;c__Clostridia;o__Christensenellales;f__Borkfalkiaceae;g__UMGS621;s__UMGS621 sp900543915	UMGS621 sp900543915	91.18	1.83	FALSE	TRUE	Predicted anaerobe	0.006653010323404256	0.00486483425	11	23.404255319148938	4	22.22222222222222	0.4508209624653675	0.10551128908763921	FALSE	0.117661480380079	0.602133567284286	-0.654657299445283	0.793733041955391	0.995235977823491	0.00774909275294763
B06_bin.18	B06_bin.18	d__Bacteria;p__Bacteroidota;c__Bacteroidia;o__Bacteroidales;f__Bacteroidaceae;g__Bacteroides;s__Bacteroides clarus	Bacteroides clarus	94.56	1.98	FALSE	TRUE	Predicted anaerobe	0.028765493914893615	0.0657014048888889	5	10.638297872340425	2	11.11111111111111	-1.1913030952087496	-0.12673437183071803	FALSE	0.0622628929413881	0.475121989913253	1.52253340621703	0.733126905937114	0.992933371540206	0.0170199696889903
B06_bin.23	C04_bin.103	d__Bacteria;p__Bacillota;c__Clostridia;o__Oscillospirales;f__Acutalibacteraceae;g__CAG-177;s__CAG-177 sp003514385	CAG-177 sp003514385	89.43	0.89	FALSE	TRUE	Predicted anaerobe	0.011851889923404255	0.014833485222222222	13	27.659574468085108	3	16.666666666666668	-0.3234959848316067	-0.08947761282576355	FALSE	0.240112489829322	0.772007245780352	0.477988103140961	0.602393617073278	1.0	-0.0551359609463211
B06_bin.24	D08_bin.51	d__Bacteria;p__Pseudomonadota;c__Alphaproteobacteria;o__RF32;f__CAG-239;g__JAFUYI01;s__JAFUYI01 sp001917175	JAFUYI01 sp001917175	96.77	0	FALSE	TRUE	Predicted anaerobe	0.020251600927659576	0.011019560833333334	6	12.76595744680851	3	16.666666666666668	0.8773728222095231	0.11200504113313059	FALSE	0.928267594372487	0.996153363714411	-0.0360909931592311	0.668154832360093	0.9905688216581	0.0439525074608082
B06_bin.27	B08_bin.39	d__Bacteria;p__Bacillota;c__Clostridia;o__Oscillospirales;f__Oscillospiraceae;g__Vescimonas;s__Vescimonas sanitatis	Vescimonas sanitatis	84.1	7.05	FALSE	TRUE	Predicted anaerobe	0.04722993134042553	0.071668516	24	51.06382978723404	7	38.888888888888886	-0.601533900899258	-0.3071662472677062	FALSE	0.570786659071609	0.936541020716014	-0.210288189411402	0.578588505846529	1.0	-0.0604026387500732
B06_bin.28	A06_bin.107	d__Bacteria;p__Bacteroidota;c__Bacteroidia;o__Bacteroidales;f__Marinifilaceae;g__Odoribacter;s__Odoribacter splanchnicus	Odoribacter splanchnicus	99.46	0	FALSE	TRUE	Predicted anaerobe	0.010319148534042553	0.013092785483333334	37	78.72340425531915	14	77.77777777777777	-0.34315220977124294	-0.2701411013092764	FALSE	0.391671102608506	0.854467755138557	0.265220372220216	0.264425473335342	0.999720333094352	0.10677997213019
B06_bin.34	C07_bin.38	d__Bacteria;p__Bacillota;c__Clostridia;o__Oscillospirales;f__Ruminococcaceae;g__Ruminococcus_C;s__Ruminococcus_C sp000433635	Ruminococcus C sp000433635	96.2	0.67	FALSE	TRUE	Predicted anaerobe	0.024076279265957446	0.029911918	15	31.914893617021278	6	33.333333333333336	-0.31299110507663264	-0.0998907782159466	FALSE	0.580465806990465	0.936541020716014	0.213500254988443	0.748785823633386	0.99952019559295	0.0468547275696866
B06_bin.36	F07_bin.6	d__Bacteria;p__Bacillota;c__Clostridia;o__Oscillospirales;f__Acutalibacteraceae;g__CAG-217;s__CAG-217 sp000436335	CAG-217 sp000436335	95.97	0	FALSE	TRUE	Predicted anaerobe	0.012278817574468085	0.009456547222222222	14	29.78723404255319	2	11.11111111111111	0.37643588092387664	0.11212983687094197	FALSE	0.635970170916155	0.946460869698857	-0.181698569974582	0.312082914893949	1.0	-0.181405145111922
B06_bin.48	D01_bin.23	d__Bacteria;p__Bacillota;c__Clostridia;o__Lachnospirales;f__Lachnospiraceae;g__Anaerostipes;s__Anaerostipes hadrus	Anaerostipes hadrus	85.41	2.01	FALSE	TRUE	Predicted anaerobe	0.027619991274468084	0.06535184847222222	42	89.36170212765957	18	100.0	-1.2422136777919788	-1.1100632865375128	FALSE	0.208474170680645	0.736494903547362	0.498752453124947	0.00921727665277836	0.622193724623866	0.315474820735306
B06_bin.51	B06_bin.51	d__Bacteria;p__Bacteroidota;c__Bacteroidia;o__Bacteroidales;f__Bacteroidaceae;g__Bacteroides;s__Bacteroides salyersiae	Bacteroides salyersiae	97.86	1.63	FALSE	TRUE	Predicted anaerobe	0.042470036106382975	0.07463558555555555	6	12.76595744680851	2	11.11111111111111	-0.8132719513658879	-0.10382195123819846	FALSE	0.0214846778140664	0.276809834445001	1.67396765035547	0.726698036079667	0.99172571182955	0.00613571068705429
B06_bin.56	F02_bin.66	d__Bacteria;p__Bacteroidota;c__Bacteroidia;o__Bacteroidales;f__Rikenellaceae;g__Tidjanibacter;s__Tidjanibacter inops	Tidjanibacter inops	89.42	0.8	FALSE	TRUE	Predicted anaerobe	0.02312505155106383	0.033422166555555556	24	51.06382978723404	7	38.888888888888886	-0.5311565375305614	-0.2712288702283717	FALSE	0.084005792349379	0.536188191314732	0.669284614150121	0.685851916476698	1.0	-0.0420983454188268
B06_bin.58	F05_bin.48	d__Bacteria;p__Pseudomonadota;c__Gammaproteobacteria;o__Burkholderiales;f__Burkholderiaceae_F;g__Sutterella;s__Sutterella wadsworthensis	Sutterella wadsworthensis	98.2	1.24	FALSE	TRUE	Predicted anaerobe	0.045868063091489365	0.04072398185	22	46.808510638297875	6	33.333333333333336	0.17157163571316303	0.08031012735509759	FALSE	0.733194012291542	0.968513338673374	-0.133024460257347	0.52643976786962	1.0	-0.128124460823956
B06_bin.59	C05_bin.117	d__Bacteria;p__Bacillota;c__Clostridia;o__Lachnospirales;f__Lachnospiraceae;g__Gallintestinimicrobium;s__Gallintestinimicrobium propionicum	Gallintestinimicrobium propionicum	92.44	0.77	FALSE	TRUE	Predicted anaerobe	0.019375187053191488	0.02012010061111111	34	72.34042553191489	14	77.77777777777777	-0.054399726797673874	-0.03935299385363642	FALSE	0.750708620764897	0.971644762115332	0.106241457037944	0.283738379861284	0.998517510837371	0.130157915697749
B06_bin.6	B06_bin.6	d__Bacteria;p__Cyanobacteriota;c__Vampirovibrionia;o__Gastranaerophilales;f__Gastranaerophilaceae;g__CAG-196;s__CAG-196 sp002102975	CAG-196 sp002102975	84.62	0	FALSE	TRUE	Predicted anaerobe	0.015312719465957447	0.030200849944444448	12	25.53191489361702	2	11.11111111111111	-0.9793944045218725	-0.25005814583537167	FALSE	0.000665581334242437	0.0690240485449429	1.95448134040629	0.429118692463761	1.0	-0.133260924478355
B06_bin.61	G01_bin.80	d__Bacteria;p__Bacillota;c__Clostridia;o__Lachnospirales;f__Lachnospiraceae;g__Suilimivivens;s__Suilimivivens sp000438155	Suilimivivens sp000438155	92.16	3	FALSE	TRUE	Predicted anaerobe	0.008042575380851064	0.010356410222222221	13	27.659574468085108	5	27.77777777777778	-0.3643942246836591	-0.10078989193377806	FALSE	0.833383782192859	0.983217763396128	0.0774933427806706	0.740404596585493	0.998550672792694	0.0167184588025181
B06_bin.62	B06_bin.62	d__Bacteria;p__Bacillota;c__Clostridia;o__Christensenellales;f__Borkfalkiaceae;g__Scatosoma;s__Scatosoma sp900552625	Scatosoma sp900552625	92.25	4.64	FALSE	TRUE	Predicted anaerobe	0.012772924574468086	0.023268539533333334	14	29.78723404255319	6	33.333333333333336	-0.8647826034239811	-0.25759481804118584	FALSE	0.569978504885771	0.936541020716014	0.223497431897374	0.649337115109783	0.998162190787412	0.0617547341214007
B06_bin.67	G07_bin.107	d__Bacteria;p__Bacillota;c__Clostridia;o__Lachnospirales;f__Lachnospiraceae;g__Roseburia;s__Roseburia faecis	Roseburia faecis	98.31	4.18	FALSE	TRUE	Predicted anaerobe	0.03298772374468085	0.05148551227777778	29	61.702127659574465	11	61.111111111111114	-0.642080202392789	-0.39617714615725275	FALSE	0.426360201901149	0.867547815186894	0.255430121014718	0.40342321210832	0.999159311590604	0.0864436809096127
B06_bin.69	D08_bin.21	d__Bacteria;p__Bacteroidota;c__Bacteroidia;o__Bacteroidales;f__Rikenellaceae;g__Alistipes;s__Alistipes putredinis	Alistipes putredinis	92.07	0.48	FALSE	TRUE	Predicted anaerobe	0.11250069895531914	0.12199424655555556	37	78.72340425531915	15	83.33333333333333	-0.11686916615143463	-0.09200338611921449	FALSE	0.305648036474254	0.820164417796528	0.332926007932251	0.183285863705344	0.992077057499859	0.112081847757216
B06_bin.7	B06_bin.7	d__Bacteria;p__Bacteroidota;c__Bacteroidia;o__Bacteroidales;f__Rikenellaceae;g__Alistipes;s__Alistipes senegalensis	Alistipes senegalensis	91.78	1.46	FALSE	TRUE	Predicted anaerobe	0.03045734663191489	0.04765051722222222	23	48.93617021276596	7	38.888888888888886	-0.645530745298245	-0.31589802429488584	FALSE	0.0396445268298223	0.383086786431652	0.801391280759124	0.755824611404252	1.0	-0.00224926347511495
B06_bin.73	C08_bin.14	d__Bacteria;p__Bacillota;c__Clostridia;o__Christensenellales;f__Borkfalkiaceae;g__Scatosoma;s__Scatosoma sp003150575	Scatosoma sp003150575	92.74	0.81	FALSE	TRUE	Predicted anaerobe	0.024943562031914893	0.019308863111111112	17	36.170212765957444	6	33.333333333333336	0.36923557380474215	0.13355329265277907	FALSE	0.62286816848029	0.943026319703049	0.200524090491015	0.842205793689175	1.0	-0.00056436053465344
B06_bin.74	H06_bin.61	d__Bacteria;p__Bacillota;c__Clostridia;o__Lachnospirales;f__Lachnospiraceae;g__Fusicatenibacter;s__Fusicatenibacter saccharivorans	Fusicatenibacter saccharivorans	96.18	9.02	FALSE	TRUE	Predicted anaerobe	0.020936719829787235	0.026640779166666666	43	91.48936170212765	17	94.44444444444444	-0.3474533709767271	-0.31788287131913334	FALSE	0.526336307169056	0.921389677105633	0.190223332058131	0.0882487938205925	0.872828394287015	0.229686622750637
B06_bin.76	D01_bin.64	d__Bacteria;p__Bacteroidota;c__Bacteroidia;o__Bacteroidales;f__Bacteroidaceae;g__Bacteroides;s__Bacteroides uniformis	Bacteroides uniformis	95.24	5.58	FALSE	TRUE	Predicted anaerobe	0.15177954109574468	0.16202951105555555	45	95.74468085106383	18	100.0	-0.09427325015772484	-0.09026162249143868	FALSE	0.854771685453755	0.984846414163431	-0.0641773128944489	0.241569443860673	1.0	0.135866909565486
B06_bin.8	A04_bin.93	d__Bacteria;p__Bacillota;c__Clostridia;o__Oscillospirales;f__Ruminococcaceae;g__Gemmiger;s__Gemmiger qucibialis	Gemmiger qucibialis	98.64	3.4	FALSE	TRUE	Predicted anaerobe	0.016891350817021276	0.013633326994444445	37	78.72340425531915	14	77.77777777777777	0.3089430607527704	0.24321049463515967	FALSE	0.583662380545431	0.937445088175046	-0.17250028644244	0.638877849263769	1.0	0.0370229146991475
B06_bin.86	B06_bin.86	d__Bacteria;p__Bacillota;c__Clostridia;o__Oscillospirales;f__Ruminococcaceae;g__Huintestinicola;s__Huintestinicola butyrica	Huintestinicola butyrica	97.99	0	FALSE	TRUE	Predicted anaerobe	0.061227722	0.008782866927777778	7	14.893617021276595	2	11.11111111111111	2.800015076479584	0.4170235220288742	FALSE	0.109726622414784	0.586899738179697	-0.858657681310131	0.67407791743828	0.999192150197589	-0.0102263620077662
B06_bin.95	E01_bin.5	d__Bacteria;p__Bacillota;c__Clostridia;o__Oscillospirales;f__Ruminococcaceae;g__Faecalibacterium;s__Faecalibacterium prausnitzii_E	Faecalibacterium prausnitzii E	92.16	2.61	FALSE	TRUE	Predicted anaerobe	0.07455192486170213	0.011453680277777777	13	27.659574468085108	3	16.666666666666668	2.701368826041426	0.7471871220965647	FALSE	0.0610597585815064	0.474079697632832	-0.777695882193868	0.454049705785458	1.0	-0.143151152011678
B07_bin.10	E07_bin.94	d__Bacteria;p__Bacillota;c__Clostridia;o__Lachnospirales;f__Anaerotignaceae;g__Anaerotignum_A;s__Anaerotignum_A faecicola	Anaerotignum A faecicola	94.63	0	FALSE	TRUE	Predicted anaerobe	0.008479605993617021	0.030705989333333333	19	40.42553191489362	11	61.111111111111114	-1.8552203475829203	-0.7499826937037337	FALSE	0.556849301630231	0.936541020716014	0.203741639882945	0.0387323298459851	0.788783902354555	0.385236685202327
B07_bin.16	C07_bin.89	d__Bacteria;p__Desulfobacterota;c__Desulfovibrionia;o__Desulfovibrionales;f__Desulfovibrionaceae;g__Bilophila;s__Bilophila wadsworthia	Bilophila wadsworthia	90.59	2.66	FALSE	TRUE	Predicted anaerobe	0.008120918610638298	0.004857012883333333	18	38.297872340425535	4	22.22222222222222	0.7403817600092697	0.2835504612801458	FALSE	0.334573070134634	0.83082530544606	-0.382556089336828	0.337261820646761	1.0	-0.153268707073113
B07_bin.20	A09_bin.21	d__Bacteria;p__Bacillota;c__Clostridia;o__Oscillospirales;f__Oscillospiraceae;g__CAG-170;s__CAG-170 sp900545925	CAG-170 sp900545925	87.18	9.94	FALSE	TRUE	Predicted anaerobe	0.028945335978723404	0.023615249777777778	31	65.95744680851064	10	55.55555555555556	0.2934996547146611	0.19358487864158497	FALSE	0.3220993614774	0.826466231054012	-0.33863333868278	0.594187661052704	1.0	-0.0348487269117987
B07_bin.24	F03_bin.13	d__Bacteria;p__Bacteroidota;c__Bacteroidia;o__Bacteroidales;f__Rikenellaceae;g__Alistipes;s__Alistipes finegoldii	Alistipes finegoldii	96.01	3.37	FALSE	TRUE	Predicted anaerobe	0.07764259342340425	0.04521261302777778	37	78.72340425531915	13	72.22222222222223	0.7799897527161279	0.6140344861807816	FALSE	0.864391790157769	0.984846414163431	-0.058178988752675	0.635323099142348	1.0	-0.039885439521335
B07_bin.30	F06_bin.75	d__Bacteria;p__Bacillota;c__Clostridia;o__Oscillospirales;f__Oscillospiraceae;g__Hominicoprocola;s__Hominicoprocola fusiformis	Hominicoprocola fusiformis	94.8	1.36	FALSE	TRUE	Predicted anaerobe	0.024671654338297874	0.05780055183333334	34	72.34042553191489	14	77.77777777777777	-1.2278937464234327	-0.8882635612424833	FALSE	0.768772581762357	0.973335000126514	0.096405797946028	0.114992957333311	0.910858068290234	0.161472572996637
B07_bin.31	A09_bin.36	d__Bacteria;p__Bacillota;c__Clostridia;o__Oscillospirales;f__Oscillospiraceae;g__Oscillibacter;s__Oscillibacter segnis	Oscillibacter segnis	93.29	0.67	FALSE	TRUE	Predicted anaerobe	0.02847641039361702	0.06217420341666667	34	72.34042553191489	15	83.33333333333333	-1.1262743032960139	-0.8147516236609462	FALSE	0.86490366114636	0.984846414163431	-0.0621514358186028	0.18573947427666	0.989316160441235	0.117760395124476
B07_bin.5	C02_bin.89	d__Bacteria;p__Bacillota;c__Clostridia;o__Oscillospirales;f__Acutalibacteraceae;g__Hominenteromicrobium;s__Hominenteromicrobium mulieris	Hominenteromicrobium mulieris	93.73	6.33	FALSE	TRUE	Predicted anaerobe	0.01299904074680851	0.009297120155555555	30	63.829787234042556	10	55.55555555555556	0.48310784758638814	0.30836671122535414	FALSE	0.0620516396654852	0.475121989913253	-0.644997574928443	0.470405204864882	1.0	-0.0967577962021092
B07_bin.52	A06_bin.107	d__Bacteria;p__Bacteroidota;c__Bacteroidia;o__Bacteroidales;f__Marinifilaceae;g__Odoribacter;s__Odoribacter splanchnicus	Odoribacter splanchnicus	95.16	0	FALSE	TRUE	Predicted anaerobe	0.010528557155319149	0.010774371322222222	36	76.59574468085107	15	83.33333333333333	-0.03326471702485995	-0.02547935772116932	FALSE	0.661860200451572	0.947865487459929	-0.134844951093942	0.508527248023945	1.0	0.0660538485519794
B07_bin.55	B07_bin.55	d__Bacteria;p__Bacillota;c__Clostridia;o__Lachnospirales;f__Lachnospiraceae;g__Coprococcus;s__Coprococcus ammoniilyticus	Coprococcus ammoniilyticus	99.33	0	FALSE	TRUE	Predicted anaerobe	0.011050577446808511	0.027792939722222222	8	17.02127659574468	2	11.11111111111111	-1.329810725989256	-0.22635076187051165	FALSE	0.19782997318935	0.720782156415296	0.593586783137807	0.802479048975561	0.999674506993494	0.00379753697607427
B07_bin.56	H06_bin.61	d__Bacteria;p__Bacillota;c__Clostridia;o__Lachnospirales;f__Lachnospiraceae;g__Fusicatenibacter;s__Fusicatenibacter saccharivorans	Fusicatenibacter saccharivorans	92.01	8.65	FALSE	TRUE	Predicted anaerobe	0.023305437970212766	0.029790647649999998	43	91.48936170212765	17	94.44444444444444	-0.3540581544355702	-0.3239255455474366	FALSE	0.463963035495563	0.889810609339414	0.224599148271761	0.0388807930626766	0.822728029056898	0.29138997846287
B07_bin.6	F03_bin.1	d__Bacteria;p__Bacillota;c__Clostridia;o__Lachnospirales;f__Lachnospiraceae;g__Acetatifactor;s__Acetatifactor acetigignens	Acetatifactor acetigignens	91.87	1.69	FALSE	TRUE	Predicted anaerobe	0.01377963534468085	0.05339837531666667	29	61.702127659574465	16	88.88888888888889	-1.9534816916011146	-1.2053397671581345	FALSE	0.376260278469404	0.839386167024592	0.394104119251928	0.0030041249824956	0.459940375503036	0.510522983223038
B07_bin.67	G01_bin.80	d__Bacteria;p__Bacillota;c__Clostridia;o__Lachnospirales;f__Lachnospiraceae;g__Suilimivivens;s__Suilimivivens sp000438155	Suilimivivens sp000438155	94.88	6.86	FALSE	TRUE	Predicted anaerobe	0.01387482385106383	0.028198012888888888	18	38.297872340425535	6	33.333333333333336	-1.0225961643575552	-0.39163257358374454	FALSE	0.967725086250915	0.998782306736552	0.0143574899186664	0.816462580661883	1.0	-0.0060719290768459
B07_bin.89	C06_bin.29	d__Bacteria;p__Bacillota;c__Clostridia;o__Oscillospirales;f__Oscillospiraceae;g__Vescimonas;s__Vescimonas coprocola	Vescimonas coprocola	86.18	1.2	FALSE	TRUE	Predicted anaerobe	0.02730612600425532	0.01846147635	25	53.191489361702125	9	50.0	0.5644537142453903	0.30024133736456926	FALSE	0.0869805007955896	0.536188191314732	-0.6859906655805	0.726263387473755	1.0	0.0447659870333603
B07_bin.91	G02_bin.41	d__Bacteria;p__Bacteroidota;c__Bacteroidia;o__Bacteroidales;f__Rikenellaceae;g__Alistipes_A;s__Alistipes_A indistinctus	Alistipes A indistinctus	82.69	7.21	FALSE	TRUE	Predicted anaerobe	0.014645296602127659	0.0156788855	31	65.95744680851064	8	44.44444444444444	-0.09832070402797598	-0.06484982606100542	FALSE	0.34520161303982	0.832730125672402	-0.318793221467877	0.197264969236775	1.0	-0.213574153440258
B07_bin.96	A09_bin.16	d__Bacteria;p__Bacillota;c__Clostridia;o__Oscillospirales;f__Oscillospiraceae;g__CAG-103;s__CAG-103 sp900317855	CAG-103 sp900317855	90.6	0.89	FALSE	TRUE	Predicted anaerobe	0.01254354424893617	0.031375916777777776	17	36.170212765957444	3	16.666666666666668	-1.322022611878714	-0.4781783915305987	FALSE	0.622471350577936	0.943026319703049	-0.184602523970374	0.316814312998454	1.0	-0.15480709208198
B08_bin.10	F03_bin.13	d__Bacteria;p__Bacteroidota;c__Bacteroidia;o__Bacteroidales;f__Rikenellaceae;g__Alistipes;s__Alistipes finegoldii	Alistipes finegoldii	87.98	0.48	FALSE	TRUE	Predicted anaerobe	0.08380454613191489	0.05057103752222222	37	78.72340425531915	13	72.22222222222223	0.7286040174210446	0.5735818860548649	FALSE	0.741598538941574	0.970581684045969	0.115166044848951	0.616374755584599	1.0	-0.0370901404042985
B08_bin.11	C07_bin.89	d__Bacteria;p__Desulfobacterota;c__Desulfovibrionia;o__Desulfovibrionales;f__Desulfovibrionaceae;g__Bilophila;s__Bilophila wadsworthia	Bilophila wadsworthia	97.01	0	FALSE	TRUE	Predicted anaerobe	0.007305745342553191	0.010680435077777778	27	57.4468085106383	10	55.55555555555556	-0.5472438072685029	-0.31437410204786337	FALSE	0.301874984808843	0.816149170582814	0.35076122672035	0.674237372726374	1.0	0.0813870889900598
B08_bin.12	H06_bin.61	d__Bacteria;p__Bacillota;c__Clostridia;o__Lachnospirales;f__Lachnospiraceae;g__Fusicatenibacter;s__Fusicatenibacter saccharivorans	Fusicatenibacter saccharivorans	97.05	1.48	FALSE	TRUE	Predicted anaerobe	0.02103192349148936	0.030100088816666665	43	91.48936170212765	17	94.44444444444444	-0.5169803728417371	-0.47298204323818505	FALSE	0.445435594432047	0.884397330359749	0.226803074098221	0.0618199886889236	0.847724110960764	0.250205115191581
B08_bin.13	D08_bin.21	d__Bacteria;p__Bacteroidota;c__Bacteroidia;o__Bacteroidales;f__Rikenellaceae;g__Alistipes;s__Alistipes putredinis	Alistipes putredinis	98.08	4.81	FALSE	TRUE	Predicted anaerobe	0.2651536852553191	0.28761499555555553	42	89.36170212765957	15	83.33333333333333	-0.11730584740827285	-0.10482650193930765	FALSE	0.405709103059249	0.856335508584847	0.273815973700774	0.608151765995678	1.0	0.0280269114899764
B08_bin.14	F05_bin.48	d__Bacteria;p__Pseudomonadota;c__Gammaproteobacteria;o__Burkholderiales;f__Burkholderiaceae_F;g__Sutterella;s__Sutterella wadsworthensis	Sutterella wadsworthensis	85.71	0	FALSE	TRUE	Predicted anaerobe	0.03483303428723404	0.021517877833333334	17	36.170212765957444	6	33.333333333333336	0.6946641566524869	0.2512615034700485	FALSE	0.803286598643053	0.981610702671717	-0.100902247543852	0.851361145566575	1.0	0.0288395323711807
B08_bin.17	E01_bin.44	d__Bacteria;p__Bacillota;c__Clostridia;o__Lachnospirales;f__Lachnospiraceae;g__Roseburia_C;s__Roseburia_C amylophila	Roseburia C amylophila	89.37	0.74	FALSE	TRUE	Predicted anaerobe	0.01124924779574468	0.021462236305555556	12	25.53191489361702	5	27.77777777777778	-0.931362006313675	-0.2377945548034915	FALSE	0.651415865862364	0.947865487459929	0.18355690869959	0.716495117414398	0.997238787944977	0.0137629947795684
B08_bin.25	H05_bin.38	d__Bacteria;p__Bacteroidota;c__Bacteroidia;o__Bacteroidales;f__Tannerellaceae;g__Parabacteroides;s__Parabacteroides distasonis	Parabacteroides distasonis	97.88	0.51	FALSE	TRUE	Predicted anaerobe	0.014258685089361702	0.02200376406111111	37	78.72340425531915	13	72.22222222222223	-0.6255534565978469	-0.49245697647064546	FALSE	0.995272437338749	1	0.00202864285326505	0.681718309367832	1.0	0.0290344126432879
B08_bin.29	C07_bin.75	d__Bacteria;p__Bacillota;c__Clostridia;o__Christensenellales;f__CAG-314;g__CAG-314;s__CAG-314 sp000437915	CAG-314 sp000437915	91.34	0.81	FALSE	TRUE	Predicted anaerobe	0.01254661625531915	0.008307528944444444	12	25.53191489361702	4	22.22222222222222	0.5942208538417313	0.1517159626829952	FALSE	0.18956580296163	0.706142210958563	-0.521831098520348	0.764300458694168	1.0	-0.0363403689226855
B08_bin.3	B05_bin.47	d__Bacteria;p__Bacillota;c__Clostridia;o__Oscillospirales;f__Oscillospiraceae;g__CAG-170;s__CAG-170 sp002404795	CAG-170 sp002404795	87.01	6.04	FALSE	TRUE	Predicted anaerobe	0.030609959278723405	0.038417807444444445	32	68.08510638297872	8	44.44444444444444	-0.3276782994347486	-0.22310011876408414	FALSE	0.122615905689197	0.606530912345466	0.606316451581086	0.261902193532628	1.0	-0.156982648604803
B08_bin.32	H03_bin.18	d__Bacteria;p__Bacillota_I;c__Bacilli_A;o__ML615J-28;f__CAG-313;g__CAG-313;s__CAG-313 sp000433035	CAG-313 sp000433035	92.67	0.78	FALSE	TRUE	Predicted anaerobe	0.009537036525531915	0.008945665055555555	11	23.404255319148938	4	22.22222222222222	0.09225240687415265	0.02159098884288679	FALSE	0.280761120412288	0.801776611379208	-0.433291218034066	0.776829193743747	0.999412952164027	0.0215688337073741
B08_bin.33	A06_bin.107	d__Bacteria;p__Bacteroidota;c__Bacteroidia;o__Bacteroidales;f__Marinifilaceae;g__Odoribacter;s__Odoribacter splanchnicus	Odoribacter splanchnicus	99.46	0	FALSE	TRUE	Predicted anaerobe	0.012043619838297872	0.015375051183333334	36	76.59574468085107	15	83.33333333333333	-0.3520627741155545	-0.2696651035778715	FALSE	0.872241706102103	0.984846414163431	0.0497976066127973	0.343739071182015	1.0	0.117867013699481
B08_bin.35	G05_bin.22	d__Bacteria;p__Bacillota;c__Clostridia;o__Christensenellales;f__CAG-138;g__PeH17;s__PeH17 sp000435055	PeH17 sp000435055	94.08	1.47	FALSE	TRUE	Predicted anaerobe	0.019973663093617023	0.0133534164	20	42.5531914893617	6	33.333333333333336	0.5805321751852115	0.2470349681639198	FALSE	0.164926687687927	0.67061543604847	-0.5769867825099	0.617706548379125	1.0	-0.0757060243700771
B08_bin.38	D03_bin.84	d__Bacteria;p__Actinomycetota;c__Actinomycetes;o__Actinomycetales;f__Bifidobacteriaceae;g__Bifidobacterium;s__Bifidobacterium catenulatum	Bifidobacterium catenulatum	86.09	10	FALSE	TRUE	Predicted anaerobe	0.06459533491489362	0.012687116	17	36.170212765957444	3	16.666666666666668	2.347152460209104	0.8489700387990377	FALSE	0.00316425340935253	0.110314560035859	-1.3116514473099	0.195742057928288	1.0	-0.171843779324005
B08_bin.39	B08_bin.39	d__Bacteria;p__Bacillota;c__Clostridia;o__Oscillospirales;f__Oscillospiraceae;g__Vescimonas;s__Vescimonas sanitatis	Vescimonas sanitatis	88.59	1.41	FALSE	TRUE	Predicted anaerobe	0.029023737510638296	0.08613972622222223	20	42.5531914893617	7	38.888888888888886	-1.5691159097409053	-0.6677088977620874	FALSE	0.939096358985079	0.99690442516441	-0.028941274796713	0.87805220539404	1.0	0.00433676679645446
B08_bin.42	F07_bin.42	d__Bacteria;p__Bacillota;c__Clostridia;o__Lachnospirales;f__Lachnospiraceae;g__Lachnospira;s__Lachnospira eligens_A	Lachnospira eligens A	90.77	2.91	FALSE	TRUE	Predicted anaerobe	0.012564258361702128	0.021332453922222223	26	55.319148936170215	10	55.55555555555556	-0.7632527531288651	-0.42222492726277644	FALSE	0.488742166291455	0.901435240317642	0.300041716845098	0.434128522690759	0.998841257162553	0.108431420500218
B08_bin.44	A04_bin.93	d__Bacteria;p__Bacillota;c__Clostridia;o__Oscillospirales;f__Ruminococcaceae;g__Gemmiger;s__Gemmiger qucibialis	Gemmiger qucibialis	97.96	1.13	FALSE	TRUE	Predicted anaerobe	0.014062374719148936	0.026039144827777777	36	76.59574468085107	15	83.33333333333333	-0.8883702062643606	-0.6804537750109996	FALSE	0.874937557015494	0.984846414163431	0.0519644810231826	0.0937007026217356	0.878321946641367	0.195086768395684
B08_bin.45	F03_bin.1	d__Bacteria;p__Bacillota;c__Clostridia;o__Lachnospirales;f__Lachnospiraceae;g__Acetatifactor;s__Acetatifactor acetigignens	Acetatifactor acetigignens	94.1	7.2	FALSE	TRUE	Predicted anaerobe	0.021150436080851064	0.07217651238888889	32	68.08510638297872	17	94.44444444444444	-1.7703599442253004	-1.2053514513874386	FALSE	0.392332570293654	0.854859425691186	0.35668940724311	0.00108492559639731	0.348916538872374	0.498551927367643
B08_bin.46	B03_bin.77	d__Bacteria;p__Bacillota;c__Clostridia;o__Oscillospirales;f__Ruminococcaceae;g__Faecalibacterium;s__Faecalibacterium duncaniae	Faecalibacterium duncaniae	93.31	8.13	FALSE	TRUE	Predicted anaerobe	0.13125615472340427	0.171099405	41	87.23404255319149	17	94.44444444444444	-0.3824240755389533	-0.3336039807892997	FALSE	0.792331873992308	0.980179166504932	0.104416137789242	0.101204170347942	0.888865206551792	0.183830795311769
B08_bin.47	B08_bin.47	d__Bacteria;p__Bacteroidota;c__Bacteroidia;o__Bacteroidales;f__Bacteroidaceae;g__Bacteroides;s__Bacteroides finegoldii	Bacteroides finegoldii	88.82	1.3	FALSE	TRUE	Predicted anaerobe	0.053562176680851066	0.09404751538888889	19	40.42553191489362	7	38.888888888888886	-0.8120593075400607	-0.32827929453747134	FALSE	0.702378351591208	0.964931101887307	0.15263538186652	0.844285576345283	1.0	0.00550571190576376
B08_bin.49	G08_bin.9	d__Bacteria;p__Bacillota;c__Clostridia;o__Oscillospirales;f__Ruminococcaceae;g__Faecalibacterium;s__Faecalibacterium taiwanense	Faecalibacterium taiwanense	89.26	5.48	FALSE	TRUE	Predicted anaerobe	0.07481156231914894	0.1086982575	46	97.87234042553192	18	100.0	-0.538935536263764	-0.5274688227262371	FALSE	0.928232302292854	0.996153363714411	0.0325400944106434	0.253380435869404	1.0	0.183165008612611
B08_bin.5	A03_bin.68	d__Bacteria;p__Bacillota;c__Clostridia;o__Lachnospirales;f__Lachnospiraceae;g__Roseburia;s__Roseburia hominis	Roseburia hominis	87.28	2.82	FALSE	TRUE	Predicted anaerobe	0.012438025906382977	0.03392618827222222	24	51.06382978723404	15	83.33333333333333	-1.446907561906136	-0.7388464145903673	FALSE	0.368460635765838	0.837434938010914	0.358262702517616	0.0066693172241304	0.564128182507379	0.49281682959024
B08_bin.50	F07_bin.74	d__Bacteria;p__Bacillota;c__Clostridia;o__Lachnospirales;f__Lachnospiraceae;g__Coprococcus;s__Coprococcus aceti	Coprococcus aceti	97.72	0	FALSE	TRUE	Predicted anaerobe	0.010634575176595745	0.01377208411111111	13	27.659574468085108	6	33.333333333333336	-0.3726756940493803	-0.10308051112004135	FALSE	0.724211602555353	0.968074598146667	-0.136254162604902	0.595872336103857	0.993708476616198	0.078028881797348
B08_bin.51	G08_bin.17	d__Bacteria;p__Bacillota;c__Clostridia;o__Oscillospirales;f__Oscillospiraceae;g__Hominicoprocola;s__Hominicoprocola sp900317525	Hominicoprocola sp900317525	90.6	1.34	FALSE	TRUE	Predicted anaerobe	0.019036238265957448	0.08112919383333334	33	70.2127659574468	11	61.111111111111114	-2.0908928827150555	-1.4680737261616348	FALSE	0.15382231259612	0.665440563980297	0.541002507271584	0.560122756094672	1.0	0.0604121196975995
B08_bin.6	F03_bin.29	d__Bacteria;p__Bacteroidota;c__Bacteroidia;o__Bacteroidales;f__Bacteroidaceae;g__Bacteroides;s__Bacteroides cellulosilyticus	Bacteroides cellulosilyticus	95.42	0.74	FALSE	TRUE	Predicted anaerobe	0.05876693117446809	0.12963565005555555	29	61.702127659574465	9	50.0	-1.1412518599317711	-0.7041766795323694	FALSE	0.0109983171206676	0.186963017862374	1.0886813422877	0.814199074144442	1.0	0.0290850221046375
B08_bin.60	A05_bin.79	d__Bacteria;p__Bacillota;c__Clostridia;o__Oscillospirales;f__Acutalibacteraceae;g__Fimenecus;s__Fimenecus sp000432435	Fimenecus sp000432435	84.23	0	FALSE	TRUE	Predicted anaerobe	0.18133902908510638	0.25140869751666667	16	34.04255319148936	4	22.22222222222222	-0.4713229227950118	-0.16045035669617422	FALSE	0.694208070235211	0.962481766538651	-0.184085274622275	0.588522773228193	1.0	-0.0497064822152799
B08_bin.62	E03_bin.16	d__Bacteria;p__Pseudomonadota;c__Alphaproteobacteria;o__RF32;f__CAG-239;g__Scatocola;s__Scatocola faecipullorum	Scatocola faecipullorum	86.02	0	FALSE	TRUE	Predicted anaerobe	0.0753166545319149	0.07095069233333333	10	21.27659574468085	2	11.11111111111111	0.08614037114824452	0.018327738542179686	FALSE	0.25469803662945	0.787792906488093	0.494940232242907	0.577303078795865	1.0	-0.0708655135886985
B08_bin.66	B08_bin.66	d__Bacteria;p__Bacteroidota;c__Bacteroidia;o__Bacteroidales;f__Rikenellaceae;g__Alistipes;s__Alistipes communis	Alistipes communis	99.04	0.48	FALSE	TRUE	Predicted anaerobe	0.03758889914893617	0.04849122288888889	29	61.702127659574465	11	61.111111111111114	-0.367330701122319	-0.22665085813930322	FALSE	0.695115711534009	0.962481766538651	0.147610251415049	0.785848105345297	1.0	0.0372361826132238
B08_bin.67	H05_bin.43	d__Bacteria;p__Bacillota;c__Clostridia;o__Lachnospirales;f__Lachnospiraceae;g__Roseburia;s__Roseburia rectalis	Roseburia rectalis	92.93	0.97	FALSE	TRUE	Predicted anaerobe	0.032841783799999996	0.041690747888888886	35	74.46808510638297	11	61.111111111111114	-0.34410154941462273	-0.25624583467046375	FALSE	0.123784433652175	0.606530912345466	0.567934894528143	0.632637364778226	1.0	-0.010647960518073
B08_bin.69	G06_bin.24	d__Bacteria;p__Bacillota;c__Clostridia;o__Oscillospirales;f__Oscillospiraceae;g__CAG-170;s__CAG-170 sp000432135	CAG-170 sp000432135	84.19	8.86	FALSE	TRUE	Predicted anaerobe	0.025038940534042552	0.023042710166666668	29	61.702127659574465	10	55.55555555555556	0.11981321522314697	0.07392730301002685	FALSE	0.909345790166366	0.989877810111322	0.039575395233196	0.790614746039182	1.0	0.0023436608187802
B08_bin.7	G05_bin.67	d__Bacteria;p__Bacteroidota;c__Bacteroidia;o__Bacteroidales;f__Marinifilaceae;g__Butyricimonas;s__Butyricimonas paravirosa	Butyricimonas paravirosa	98.41	1.08	FALSE	TRUE	Predicted anaerobe	0.0051124858723404255	0.01373635738888889	11	23.404255319148938	5	27.77777777777778	-1.4241333678677144	-0.33330780950095446	FALSE	0.649302964205188	0.947865487459929	0.175263967256047	0.568112966570331	0.990483287512025	0.0776105833578961
B08_bin.70	F02_bin.63	d__Bacteria;p__Actinomycetota;c__Actinomycetes;o__Actinomycetales;f__Bifidobacteriaceae;g__Bifidobacterium;s__Bifidobacterium bifidum	Bifidobacterium bifidum	89.2	5.41	FALSE	TRUE	Predicted anaerobe	0.017338686502127658	0.007371468538888888	15	31.914893617021278	4	22.22222222222222	1.2328466648041945	0.39346170153325355	FALSE	0.263188406329543	0.787792906488093	-0.43995174862539	0.561095929403053	1.0	-0.12348687794452
B08_bin.76	D01_bin.64	d__Bacteria;p__Bacteroidota;c__Bacteroidia;o__Bacteroidales;f__Bacteroidaceae;g__Bacteroides;s__Bacteroides uniformis	Bacteroides uniformis	96.77	8.55	FALSE	TRUE	Predicted anaerobe	0.19818578074468085	0.25201102633333333	45	95.74468085106383	18	100.0	-0.34661785375132953	-0.3318681578470177	FALSE	0.757762652989362	0.972133645260907	-0.11437738967455	0.272739496084002	1.0	0.0924456225407401
B08_bin.79	E06_bin.85	d__Bacteria;p__Bacteroidota;c__Bacteroidia;o__Bacteroidales;f__Rikenellaceae;g__Alistipes;s__Alistipes shahii	Alistipes shahii	95.67	3.04	FALSE	TRUE	Predicted anaerobe	0.06936813289361703	0.05938394394444445	36	76.59574468085107	11	61.111111111111114	0.22416518000496696	0.17170098893997468	FALSE	0.796902395400407	0.980179166504932	-0.0910017151874773	0.174206884512599	1.0	-0.162078602262969
B08_bin.80	C02_bin.89	d__Bacteria;p__Bacillota;c__Clostridia;o__Oscillospirales;f__Acutalibacteraceae;g__Hominenteromicrobium;s__Hominenteromicrobium mulieris	Hominenteromicrobium mulieris	97.32	0.89	FALSE	TRUE	Predicted anaerobe	0.011977507161702127	0.029382718444444445	32	68.08510638297872	10	55.55555555555556	-1.2939271185471153	-0.8809716551810146	FALSE	0.359752060716774	0.837128877065693	0.318780840114194	0.645593582595523	1.0	-0.0214044589091099
B08_bin.83	D01_bin.67	d__Bacteria;p__Actinomycetota;c__Coriobacteriia;o__Coriobacteriales;f__Coriobacteriaceae;g__Collinsella;s__Collinsella sp905215825	Collinsella sp905215825	97.58	3.15	FALSE	TRUE	Predicted anaerobe	0.018117132814893615	0.015733876483333332	27	57.4468085106383	7	38.888888888888886	0.20335994339248883	0.11682379726802551	FALSE	0.99289567023449	1	0.00313109327992677	0.285340808750708	1.0	-0.175694887980875
B08_bin.85	B09_bin.61	d__Bacteria;p__Bacillota;c__Clostridia;o__Oscillospirales;f__Ruminococcaceae;g__Hominimerdicola;s__Hominimerdicola aceti	Hominimerdicola aceti	97.09	0.23	FALSE	TRUE	Predicted anaerobe	0.015860795361702127	0.020332504055555554	28	59.57446808510638	9	50.0	-0.3581228479639648	-0.21334978176576627	FALSE	0.566029514028229	0.936541020716014	0.221908084821054	0.76513754359137	1.0	-0.0198345875175803
B08_bin.9	D06_bin.25	d__Bacteria;p__Bacillota;c__Clostridia;o__Oscillospirales;f__Ruminococcaceae;g__CAG-115;s__CAG-115 sp003531585	CAG-115 sp003531585	83.89	0	FALSE	TRUE	Predicted anaerobe	0.017417640517021278	0.043894702833333334	17	36.170212765957444	11	61.111111111111114	-1.3329982217449827	-0.4821482929715895	FALSE	0.899104563894352	0.988426013077921	-0.0524227355515434	0.0955098458522911	0.870180678689211	0.292546993295765
B08_bin.90	D02_bin.11	d__Bacteria;p__Bacteroidota;c__Bacteroidia;o__Bacteroidales;f__Bacteroidaceae;g__Phocaeicola;s__Phocaeicola vulgatus	Phocaeicola vulgatus	89.61	3.76	FALSE	TRUE	Predicted anaerobe	0.19540303336170212	0.32634154572222224	45	95.74468085106383	17	94.44444444444444	-0.7399001792601352	-0.7084150652490656	FALSE	0.498659849541144	0.911220156715472	0.272802733728978	0.490155467549219	1.0	0.113644740079273
B08_bin.91	D08_bin.97	d__Bacteria;p__Bacteroidota;c__Bacteroidia;o__Bacteroidales;f__Tannerellaceae;g__Parabacteroides;s__Parabacteroides merdae	Parabacteroides merdae	96.15	0.38	FALSE	TRUE	Predicted anaerobe	0.033817936489361704	0.06288087033333334	30	63.829787234042556	12	66.66666666666667	-0.894635425734951	-0.5710438887669901	FALSE	0.994933654080618	1	0.0022637774047068	0.604536048625561	1.0	0.0480692533203328
B08_bin.92	H04_bin.57	d__Bacteria;p__Bacillota;c__Clostridia;o__Oscillospirales;f__Ruminococcaceae;g__Gemmiger;s__Gemmiger formicilis	Gemmiger formicilis	91.84	0.68	FALSE	TRUE	Predicted anaerobe	0.018289581680851062	0.03292756796666667	39	82.97872340425532	13	72.22222222222223	-0.8479233641440409	-0.7035959830131403	FALSE	0.150466903740504	0.659966931203704	0.473475148486271	0.512468828652834	1.0	0.0754996893662505
B09_bin.10	C07_bin.38	d__Bacteria;p__Bacillota;c__Clostridia;o__Oscillospirales;f__Ruminococcaceae;g__Ruminococcus_C;s__Ruminococcus_C sp000433635	Ruminococcus C sp000433635	82.21	0	FALSE	TRUE	Predicted anaerobe	0.010263318170212766	0.061614682294444445	16	34.04255319148936	6	33.333333333333336	-2.5846060719500557	-0.8798658968340615	FALSE	0.237877782617685	0.767779939643785	0.487042615883705	0.678683895574995	1.0	0.0362775408080342
B09_bin.102	B04_bin.18	d__Bacteria;p__Bacteroidota;c__Bacteroidia;o__Bacteroidales;f__Rikenellaceae;g__Alistipes;s__Alistipes onderdonkii	Alistipes onderdonkii	90.74	3.63	FALSE	TRUE	Predicted anaerobe	0.1281957495212766	0.10096162680555555	41	87.23404255319149	15	83.33333333333333	0.34451101235106873	0.3005308831147621	FALSE	0.439035153185567	0.878070306371135	-0.345076606874242	0.559462593163769	1.0	-0.0873258728020469
B09_bin.104	D08_bin.97	d__Bacteria;p__Bacteroidota;c__Bacteroidia;o__Bacteroidales;f__Tannerellaceae;g__Parabacteroides;s__Parabacteroides merdae	Parabacteroides merdae	93.46	2.69	FALSE	TRUE	Predicted anaerobe	0.0214026319	0.037462943166666665	30	63.829787234042556	12	66.66666666666667	-0.8073871597754075	-0.5153535062396218	FALSE	0.84012705412356	0.983217763396128	-0.071773280136418	0.649226005528633	1.0	0.0489920270373542
B09_bin.106	B09_bin.106	d__Bacteria;p__Bacteroidota;c__Bacteroidia;o__Bacteroidales;f__Marinifilaceae;g__Butyricimonas;s__Butyricimonas virosa	Butyricimonas virosa	97.31	0.18	FALSE	TRUE	Predicted anaerobe	0.013326350380851063	0.011534971111111111	21	44.680851063829785	4	22.22222222222222	0.2080993502396029	0.09298056074535449	FALSE	0.241229935971944	0.774200047216817	0.446503124995627	0.223021166968144	1.0	-0.25094157670943
B09_bin.12	F06_bin.75	d__Bacteria;p__Bacillota;c__Clostridia;o__Oscillospirales;f__Oscillospiraceae;g__Hominicoprocola;s__Hominicoprocola fusiformis	Hominicoprocola fusiformis	95.3	1.34	FALSE	TRUE	Predicted anaerobe	0.02480780434893617	0.0450967195	33	70.2127659574468	14	77.77777777777777	-0.8619668815089481	-0.6052107891445806	FALSE	0.78732608645337	0.976877726248494	0.0915344603843287	0.0983996893919908	0.891123542899157	0.172418738263638
B09_bin.18	H04_bin.57	d__Bacteria;p__Bacillota;c__Clostridia;o__Oscillospirales;f__Ruminococcaceae;g__Gemmiger;s__Gemmiger formicilis	Gemmiger formicilis	92.86	0	FALSE	TRUE	Predicted anaerobe	0.014501598161702128	0.02091934046111111	38	80.85106382978724	13	72.22222222222223	-0.5283204370732819	-0.42715269380393	FALSE	0.220681423404713	0.754675468976807	0.393970546853968	0.434249342287405	1.0	0.0979706054960571
B09_bin.2	G07_bin.107	d__Bacteria;p__Bacillota;c__Clostridia;o__Lachnospirales;f__Lachnospiraceae;g__Roseburia;s__Roseburia faecis	Roseburia faecis	98.33	3.4	FALSE	TRUE	Predicted anaerobe	0.02050772044680851	0.06761879333333333	31	65.95744680851064	11	61.111111111111114	-1.7207671586989264	-1.1349740833971642	FALSE	0.049665257189733	0.426271698900135	0.672124551931974	0.386132022311495	0.999805892123645	0.120765261770904
B09_bin.25	B09_bin.25	d__Bacteria;p__Actinomycetota;c__Coriobacteriia;o__Coriobacteriales;f__Coriobacteriaceae;g__Collinsella;s__	Collinsella	94.52	6.95	FALSE	TRUE	Predicted anaerobe	0.015413797206382978	0.020708044977777777	27	57.4468085106383	5	27.77777777777778	-0.4257298839354003	-0.2445682311969321	FALSE	0.811181497077584	0.983149762647542	0.085873976752365	0.0783992658076846	1.0	-0.343516468016604
B09_bin.33	G01_bin.30	d__Bacteria;p__Bacillota;c__Clostridia;o__Oscillospirales;f__Ruminococcaceae;g__Faecalibacterium;s__Faecalibacterium sp900539945	Faecalibacterium sp900539945	89.03	4.54	FALSE	TRUE	Predicted anaerobe	0.09775025076595745	0.06276369144444445	39	82.97872340425532	14	77.77777777777777	0.6390879358754928	0.5303070106200898	FALSE	0.271853582182165	0.796302585041003	-0.349740939969467	0.634041078382839	1.0	0.0100449204787072
B09_bin.35	H05_bin.43	d__Bacteria;p__Bacillota;c__Clostridia;o__Lachnospirales;f__Lachnospiraceae;g__Roseburia;s__Roseburia rectalis	Roseburia rectalis	98.71	0.29	FALSE	TRUE	Predicted anaerobe	0.019708669748936168	0.09417337437222223	36	76.59574468085107	14	77.77777777777777	-2.2559101833608866	-1.7279312042764237	FALSE	0.308230920259624	0.822194706915915	0.421942136849928	0.486122416460729	1.0	0.0990118119649207
B09_bin.49	B09_bin.49	d__Bacteria;p__Bacillota;c__Clostridia;o__Lachnospirales;f__Lachnospiraceae;g__Enterocloster;s__Enterocloster sp000431375	Enterocloster sp000431375	80.6	1.9	FALSE	TRUE	Predicted anaerobe	0.030636649789361703	0.05477742991111111	38	80.85106382978724	16	88.88888888888889	-0.8381155571965484	-0.6776253441163582	FALSE	0.260133574066601	0.787792906488093	0.433144129535188	0.0157671481504728	0.757672112211479	0.2982736493649
B09_bin.55	H08_bin.15	d__Bacteria;p__Bacillota;c__Clostridia;o__Lachnospirales;f__Lachnospiraceae;g__Otoolea;s__Otoolea fessa	Otoolea fessa	85.09	2.85	FALSE	TRUE	Predicted anaerobe	0.014921151719148935	0.02409894826111111	37	78.72340425531915	16	88.88888888888889	-0.6912432630719427	-0.5441702283757848	FALSE	0.751100612136539	0.971644762115332	-0.0999191505603526	0.093136807753379	0.877751866156265	0.209142512460256
B09_bin.57	C07_bin.89	d__Bacteria;p__Desulfobacterota;c__Desulfovibrionia;o__Desulfovibrionales;f__Desulfovibrionaceae;g__Bilophila;s__Bilophila wadsworthia	Bilophila wadsworthia	100	1.22	FALSE	TRUE	Predicted anaerobe	0.006563176406382979	0.013222026777777778	26	55.319148936170215	11	61.111111111111114	-1.009371450482641	-0.5583756960116738	FALSE	0.43536386222553	0.874659618371966	0.28787024317925	0.439623564308103	0.9992325533257	0.137193725155518
B09_bin.58	A03_bin.21	d__Bacteria;p__Bacillota;c__Clostridia;o__Lachnospirales;f__Lachnospiraceae;g__Hominisplanchenecus;s__Hominisplanchenecus faecis	Hominisplanchenecus faecis	89.82	1.27	FALSE	TRUE	Predicted anaerobe	0.01261628860212766	0.05790336957777778	27	57.4468085106383	12	66.66666666666667	-2.197465807080444	-1.262373974280255	FALSE	0.119052370218111	0.602133567284286	0.584782491499366	0.0932330634962318	0.884227608570817	0.28728501128511
B09_bin.60	C04_bin.18	d__Bacteria;p__Bacillota_I;c__Bacilli_A;o__Erysipelotrichales;f__Erysipelotrichaceae;g__Holdemanella;s__Holdemanella sp900556915	Holdemanella sp900556915	88.95	0.84	FALSE	TRUE	Predicted anaerobe	0.0015154514680851064	0.022304948444444445	4	8.51063829787234	5	27.77777777777778	-3.8707022867266585	-0.3294214712107794	FALSE	0.967886341117592	0.998782306736552	-0.0165700556966346	0.150969327489166	0.902133900355774	0.23167254394834
B09_bin.61	B09_bin.61	d__Bacteria;p__Bacillota;c__Clostridia;o__Oscillospirales;f__Ruminococcaceae;g__Hominimerdicola;s__Hominimerdicola aceti	Hominimerdicola aceti	98.63	0	FALSE	TRUE	Predicted anaerobe	0.023310738889361703	0.03292020088888889	28	59.57446808510638	9	50.0	-0.49779781373497844	-0.29656039967190206	FALSE	0.406780940340445	0.856335508584847	0.343435738801453	0.80055161149128	1.0	0.00622118377582946
B09_bin.66	A08_bin.91	d__Bacteria;p__Bacillota;c__Clostridia;o__Lachnospirales;f__Lachnospiraceae;g__Anaerostipes;s__Anaerostipes amylophilus	Anaerostipes amylophilus	90.32	3.24	FALSE	TRUE	Predicted anaerobe	0.013556323793617021	0.013419168138888889	24	51.06382978723404	10	55.55555555555556	0.014659891068077243	0.0074859018219968895	FALSE	0.40723369962251	0.856335508584847	-0.309404067220061	0.643386185521188	0.999196728140084	0.0622958635980808
B09_bin.73	H05_bin.38	d__Bacteria;p__Bacteroidota;c__Bacteroidia;o__Bacteroidales;f__Tannerellaceae;g__Parabacteroides;s__Parabacteroides distasonis	Parabacteroides distasonis	99.04	0.77	FALSE	TRUE	Predicted anaerobe	0.01985440660212766	0.0322851721	35	74.46808510638297	12	66.66666666666667	-0.7011328110459301	-0.5221201784384585	FALSE	0.610606821917895	0.943026319703049	0.177336918559437	0.8088770201502	1.0	0.0219206681937802
B09_bin.74	A04_bin.93	d__Bacteria;p__Bacillota;c__Clostridia;o__Oscillospirales;f__Ruminococcaceae;g__Gemmiger;s__Gemmiger qucibialis	Gemmiger qucibialis	95.2	2.04	FALSE	TRUE	Predicted anaerobe	0.017865029223404254	0.023464433333333333	38	80.85106382978724	14	77.77777777777777	-0.39314473150306395	-0.31786169781098783	FALSE	0.994372044307992	1	-0.00212822097367906	0.573227303735379	1.0	0.0605885788023282
B09_bin.75	D05_bin.15	d__Bacteria;p__Bacteroidota;c__Bacteroidia;o__Bacteroidales;f__Coprobacteraceae;g__Coprobacter;s__Coprobacter fastidiosus	Coprobacter fastidiosus	87.94	2.34	FALSE	TRUE	Predicted anaerobe	0.0069246543489361705	0.008616188944444445	17	36.170212765957444	3	16.666666666666668	-0.3148993419912724	-0.11389976199684322	FALSE	0.00238676219534968	0.0943036262962607	1.30666810965655	0.308907885009713	1.0	-0.221821613620203
B09_bin.76	D02_bin.11	d__Bacteria;p__Bacteroidota;c__Bacteroidia;o__Bacteroidales;f__Bacteroidaceae;g__Phocaeicola;s__Phocaeicola vulgatus	Phocaeicola vulgatus	86.8	1.16	FALSE	TRUE	Predicted anaerobe	0.2625357914468085	0.40892465744444445	46	97.87234042553192	17	94.44444444444444	-0.639301267512889	-0.6256991128849552	FALSE	0.789279791723789	0.97725589810926	0.116802025115561	0.813238401446622	1.0	0.00867744024709928
B09_bin.83	D08_bin.21	d__Bacteria;p__Bacteroidota;c__Bacteroidia;o__Bacteroidales;f__Rikenellaceae;g__Alistipes;s__Alistipes putredinis	Alistipes putredinis	99.2	1.44	FALSE	TRUE	Predicted anaerobe	0.10236599215106383	0.16146130044444446	37	78.72340425531915	15	83.33333333333333	-0.6574003327966724	-0.5175279215633379	FALSE	0.0643827354843325	0.483006344688368	0.625503634557655	0.0745236954510776	0.858756993777729	0.169136755937214
B09_bin.86	E07_bin.94	d__Bacteria;p__Bacillota;c__Clostridia;o__Lachnospirales;f__Anaerotignaceae;g__Anaerotignum_A;s__Anaerotignum_A faecicola	Anaerotignum A faecicola	92.23	0.22	FALSE	TRUE	Predicted anaerobe	0.006060999961702128	0.018441889833333332	19	40.42553191489362	11	61.111111111111114	-1.6037625147575776	-0.648329527242425	FALSE	0.405821958635351	0.856335508584847	0.295896949510171	0.0420652935201961	0.803065681614871	0.361501740494009
B09_bin.93	B09_bin.93	d__Bacteria;p__Bacillota;c__Clostridia;o__Oscillospirales;f__Oscillospiraceae;g__CAG-103;s__CAG-103 sp000432375	CAG-103 sp000432375	93.29	0	FALSE	TRUE	Predicted anaerobe	0.010890328559574468	0.024179270833333332	25	53.191489361702125	9	50.0	-1.1499956594395202	-0.6116998188508086	FALSE	0.580186503536454	0.936541020716014	0.198729215603463	0.818805485890942	1.0	0.0202562873882045
B09_bin.97	E03_bin.35	d__Bacteria;p__Bacillota;c__Clostridia;o__Lachnospirales;f__Lachnospiraceae;g__Pilosibacter;s__Pilosibacter fragilis	Pilosibacter fragilis	95.02	5.03	FALSE	TRUE	Predicted anaerobe	0.015237137040425532	0.026342786	31	65.95744680851064	15	83.33333333333333	-0.7894171179223708	-0.5206793756509254	FALSE	0.514826125664172	0.917195241914728	-0.226936027507191	0.0889490607408818	0.877069327799914	0.250549940757588
B09_bin.99	A06_bin.107	d__Bacteria;p__Bacteroidota;c__Bacteroidia;o__Bacteroidales;f__Marinifilaceae;g__Odoribacter;s__Odoribacter splanchnicus	Odoribacter splanchnicus	99.46	0	FALSE	TRUE	Predicted anaerobe	0.008188418185106383	0.014524272994444445	36	76.59574468085107	14	77.77777777777777	-0.8260414235672566	-0.6327125797536434	FALSE	0.208396853626457	0.736494903547362	0.397890156578537	0.123020825793488	0.923628617998851	0.140995594441036
C01_bin.10	F03_bin.1	d__Bacteria;p__Bacillota;c__Clostridia;o__Lachnospirales;f__Lachnospiraceae;g__Acetatifactor;s__Acetatifactor acetigignens	Acetatifactor acetigignens	97.85	3.38	FALSE	TRUE	Predicted anaerobe	0.021686085229787235	0.07138363263888889	36	76.59574468085107	16	88.88888888888889	-1.718360659802856	-1.3161911436787834	FALSE	0.258368364788741	0.787792906488093	0.477883401704668	0.0147280084972329	0.740744248122022	0.2822190772393
C01_bin.16	H05_bin.38	d__Bacteria;p__Bacteroidota;c__Bacteroidia;o__Bacteroidales;f__Tannerellaceae;g__Parabacteroides;s__Parabacteroides distasonis	Parabacteroides distasonis	92.5	2.31	FALSE	TRUE	Predicted anaerobe	0.016194977161702127	0.027533464777777777	32	68.08510638297872	10	55.55555555555556	-0.7652730645561989	-0.5210369801233695	FALSE	0.14357572873256	0.642982071593091	0.537627633552116	0.622756474515796	1.0	0.00155418976535823
C01_bin.21	C01_bin.21	d__Bacteria;p__Bacillota;c__Clostridia;o__Oscillospirales;f__Acutalibacteraceae;g__Eubacterium_R;s__Eubacterium_R sp000434995	Eubacterium R sp000434995	98.66	0	FALSE	TRUE	Predicted anaerobe	0.032926818623404255	0.03725471111111111	10	21.27659574468085	1	5.555555555555555	-0.17810886396025505	-0.03789550297026703	FALSE	0.00182092568107701	0.0899334961376369	2.28389849361012	0.335621140086847	1.0	-0.096613146061022
C01_bin.23	H02_bin.14	d__Bacteria;p__Bacillota;c__Clostridia;o__Oscillospirales;f__Oscillospiraceae;g__Vescimonas;s__Vescimonas sp900547745	Vescimonas sp900547745	88.19	8.05	FALSE	TRUE	Predicted anaerobe	0.06748581448936171	0.023999891111111112	8	17.02127659574468	1	5.555555555555555	1.4911691806644367	0.2538160307513935	FALSE	0.00220778301223542	0.0934628141846326	2.65574421107854	0.453037109354819	1.0	-0.0824356424451998
C01_bin.25	C01_bin.25	d__Bacteria;p__Actinomycetota;c__Coriobacteriia;o__Coriobacteriales;f__Coriobacteriaceae;g__Collinsella;s__Collinsella sp902461405	Collinsella sp902461405	81.05	9.34	FALSE	TRUE	Predicted anaerobe	0.01023058750851064	0.014311489961111111	20	42.5531914893617	4	22.22222222222222	-0.4838831077247814	-0.20590770541480058	FALSE	0.403489854146869	0.856335508584847	0.324834922704327	0.261044508893255	1.0	-0.202851809274303
C01_bin.30	A04_bin.71	d__Bacteria;p__Bacteroidota;c__Bacteroidia;o__Bacteroidales;f__Rikenellaceae;g__Alistipes_A;s__Alistipes_A ihumii	Alistipes A ihumii	91.35	2.88	FALSE	TRUE	Predicted anaerobe	0.011969857472340426	0.03159685038888889	19	40.42553191489362	8	44.44444444444444	-1.3996265342813552	-0.5658064713052287	FALSE	0.314513513995042	0.826466231054012	-0.427792114461109	0.671975029152213	0.999488811751926	0.0719387496386261
C01_bin.32	G07_bin.107	d__Bacteria;p__Bacillota;c__Clostridia;o__Lachnospirales;f__Lachnospiraceae;g__Roseburia;s__Roseburia faecis	Roseburia faecis	85.19	2.24	FALSE	TRUE	Predicted anaerobe	0.017734979936170212	0.05537611280555556	27	57.4468085106383	11	61.111111111111114	-1.642113345405007	-0.9433417090624509	FALSE	0.117010036169618	0.602133567284286	0.573300716467149	0.266842890901769	0.989368645533897	0.181417274082519
C01_bin.33	F07_bin.74	d__Bacteria;p__Bacillota;c__Clostridia;o__Lachnospirales;f__Lachnospiraceae;g__Coprococcus;s__Coprococcus aceti	Coprococcus aceti	91.13	0.45	FALSE	TRUE	Predicted anaerobe	0.01030630375106383	0.012618178311111112	13	27.659574468085108	6	33.333333333333336	-0.2917203796297132	-0.0806886156422611	FALSE	0.814413238314882	0.983217763396128	-0.0894079897847706	0.622997703033518	0.995379284892665	0.0658697660310942
C01_bin.34	B02_bin.41	d__Bacteria;p__Bacillota;c__Clostridia;o__Lachnospirales;f__Lachnospiraceae;g__Dorea_A;s__Dorea_A longicatena	Dorea A longicatena	82.46	1.75	FALSE	TRUE	Predicted anaerobe	0.02200350650851064	0.045158735722222225	42	89.36170212765957	15	83.33333333333333	-1.036935564227254	-0.9266232701605248	FALSE	0.269554270546713	0.79402625796039	0.391605745680448	0.285358640445095	1.0	0.117056308815196
C01_bin.35	G05_bin.13	d__Bacteria;p__Bacillota;c__Clostridia;o__Oscillospirales;f__Acutalibacteraceae;g__Ruminococcoides;s__Ruminococcoides intestinale	Ruminococcoides intestinale	97.99	0.67	FALSE	TRUE	Predicted anaerobe	0.031452308468085104	0.06458067583333334	28	59.57446808510638	12	66.66666666666667	-1.03770138692209	-0.6182050815706067	FALSE	0.43590644394202	0.874659618371966	0.306026521440852	0.221227714078102	0.984354048848085	0.162652797341221
C01_bin.37	H06_bin.61	d__Bacteria;p__Bacillota;c__Clostridia;o__Lachnospirales;f__Lachnospiraceae;g__Fusicatenibacter;s__Fusicatenibacter saccharivorans	Fusicatenibacter saccharivorans	99.29	1.27	FALSE	TRUE	Predicted anaerobe	0.0218619647	0.033976332722222224	43	91.48936170212765	17	94.44444444444444	-0.6358718773726428	-0.5817551218515669	FALSE	0.209552298831514	0.736494903547362	0.385436405265602	0.0327744673233087	0.815703469337593	0.324063927199575
C01_bin.43	H05_bin.34	d__Bacteria;p__Pseudomonadota;c__Gammaproteobacteria;o__Enterobacterales;f__Enterobacteriaceae;g__Escherichia;s__Escherichia coli	Escherichia coli	90.87	1.26	FALSE	FALSE	Facultative/other	0.0223795704106383	0.006609110277777778	16	34.04255319148936	2	11.11111111111111	1.7581176352630443	0.5985081311533768	FALSE	0.675816995892218	0.953830565934627	0.17260990846305	0.143845447655804	1.0	-0.200989384758876
C01_bin.44	C02_bin.32	d__Bacteria;p__Bacillota;c__Clostridia;o__Lachnospirales;f__Lachnospiraceae;g__Coprococcus_C;s__Coprococcus_C hominis	Coprococcus C hominis	83.51	1.33	FALSE	TRUE	Predicted anaerobe	0.01049851570212766	0.020406433055555555	11	23.404255319148938	9	50.0	-0.9581719285975345	-0.22425300456538041	FALSE	0.869949533232277	0.984846414163431	0.0633569483914057	0.104741606540868	0.874194770787623	0.297959803748714
C01_bin.45	G08_bin.17	d__Bacteria;p__Bacillota;c__Clostridia;o__Oscillospirales;f__Oscillospiraceae;g__Hominicoprocola;s__Hominicoprocola sp900317525	Hominicoprocola sp900317525	84.97	2.82	FALSE	TRUE	Predicted anaerobe	0.024798603208510638	0.02357477368333333	31	65.95744680851064	11	61.111111111111114	0.07298475287746789	0.048138879557478816	FALSE	0.87007018718006	0.984846414163431	-0.0621043319706615	0.805559049491022	1.0	0.0206708840673391
C01_bin.46	D01_bin.36	d__Bacteria;p__Bacillota;c__Clostridia;o__Oscillospirales;f__Butyricicoccaceae;g__Agathobaculum;s__Agathobaculum butyriciproducens	Agathobaculum butyriciproducens	90.26	2.35	FALSE	TRUE	Predicted anaerobe	0.016555341265957448	0.02833832875	38	80.85106382978724	16	88.88888888888889	-0.7750957599189647	-0.6266731675940566	FALSE	0.562790959244656	0.936541020716014	0.191876434211957	0.09741518674895	0.885567567860784	0.161405348080832
C01_bin.49	A04_bin.93	d__Bacteria;p__Bacillota;c__Clostridia;o__Oscillospirales;f__Ruminococcaceae;g__Gemmiger;s__Gemmiger qucibialis	Gemmiger qucibialis	99.32	1.5	FALSE	TRUE	Predicted anaerobe	0.01478694615106383	0.018869972316666667	36	76.59574468085107	14	77.77777777777777	-0.3515571915140844	-0.26927784881929867	FALSE	0.885601487528801	0.986697300179625	-0.0520911761378325	0.398745393803576	1.0	0.0949578290505901
C01_bin.5	G07_bin.85	d__Bacteria;p__Bacillota;c__Clostridia;o__Christensenellales;f__Aristaeellaceae;g__UBA11524;s__UBA11524 sp000437595	UBA11524 sp000437595	95.8	1.17	FALSE	TRUE	Predicted anaerobe	0.017074533055319148	0.05850697472222222	22	46.808510638297875	7	38.888888888888886	-1.7761643679081547	-0.8313960871059448	FALSE	0.577848504405448	0.936541020716014	0.2323713246662	0.686361829742761	1.0	-0.0371621336515719
C01_bin.51	D07_bin.25	d__Bacteria;p__Actinomycetota;c__Coriobacteriia;o__Coriobacteriales;f__Eggerthellaceae;g__Adlercreutzia;s__Adlercreutzia rubneri	Adlercreutzia rubneri	96.77	2.15	FALSE	TRUE	Predicted anaerobe	0.011390883695744682	0.026900476316666668	30	63.829787234042556	14	77.77777777777777	-1.2390222732794889	-0.790865280816695	FALSE	0.118198933116497	0.602133567284286	0.60694827416223	0.0573810285635485	0.841105868618601	0.271544904836851
C01_bin.54	B09_bin.93	d__Bacteria;p__Bacillota;c__Clostridia;o__Oscillospirales;f__Oscillospiraceae;g__CAG-103;s__CAG-103 sp000432375	CAG-103 sp000432375	87.58	6.04	FALSE	TRUE	Predicted anaerobe	0.007135026810638298	0.04521822735555556	24	51.06382978723404	10	55.55555555555556	-2.662212123127156	-1.3594274671287603	FALSE	0.21020607358915	0.737172384302779	0.529516353673289	0.473830497490262	1.0	0.108985884889928
C01_bin.55	A06_bin.107	d__Bacteria;p__Bacteroidota;c__Bacteroidia;o__Bacteroidales;f__Marinifilaceae;g__Odoribacter;s__Odoribacter splanchnicus	Odoribacter splanchnicus	92.96	4.35	FALSE	TRUE	Predicted anaerobe	0.009040309227659575	0.013188787322222222	37	78.72340425531915	14	77.77777777777777	-0.5443663921540718	-0.4285437555255459	FALSE	0.28115676033619	0.801776611379208	0.338329835828234	0.177020154529675	0.979711745642267	0.1450480040426
C01_bin.56	H07_bin.23	d__Bacteria;p__Bacillota;c__Clostridia;o__Oscillospirales;f__Ruminococcaceae;g__Faecalibacterium;s__Faecalibacterium longum	Faecalibacterium longum	83.56	7.55	FALSE	TRUE	Predicted anaerobe	0.02484753054042553	0.031093651833333333	44	93.61702127659575	15	83.33333333333333	-0.32340099531650257	-0.30275837859417265	FALSE	0.525050192658547	0.921389677105633	0.205291382145058	0.615688490813654	1.0	0.0715426348132942
C01_bin.57	C01_bin.57	d__Bacteria;p__Pseudomonadota;c__Gammaproteobacteria;o__Burkholderiales;f__Burkholderiaceae_F;g__Parasutterella;s__Parasutterella gallistercoris	Parasutterella gallistercoris	90.42	0.21	FALSE	TRUE	Predicted anaerobe	0.005677538723404255	0.010892876483333334	9	19.148936170212767	3	16.666666666666668	-0.9388324405843451	-0.17977642479274694	FALSE	0.363569780607725	0.837128877065693	0.378097444731988	0.713202496325918	0.991003864261568	0.0244834946024422
C01_bin.60	B08_bin.39	d__Bacteria;p__Bacillota;c__Clostridia;o__Oscillospirales;f__Oscillospiraceae;g__Vescimonas;s__Vescimonas sanitatis	Vescimonas sanitatis	84.02	2.01	FALSE	TRUE	Predicted anaerobe	0.07083093904255319	0.09070542644444445	21	44.680851063829785	7	38.888888888888886	-0.35676457038484344	-0.15940544634216408	FALSE	0.551086917091992	0.934449157730506	-0.259909615662614	0.745536016900523	1.0	-0.0409602501288603
C01_bin.65	F02_bin.66	d__Bacteria;p__Bacteroidota;c__Bacteroidia;o__Bacteroidales;f__Rikenellaceae;g__Tidjanibacter;s__Tidjanibacter inops	Tidjanibacter inops	99.52	0	FALSE	TRUE	Predicted anaerobe	0.01998009600851064	0.039674268166666665	25	53.191489361702125	7	38.888888888888886	-0.989281799335145	-0.5262137230506091	FALSE	0.0155209665402488	0.229968987571353	0.986218705930706	0.672162793685726	1.0	-0.0652348530168618
C01_bin.67	F06_bin.75	d__Bacteria;p__Bacillota;c__Clostridia;o__Oscillospirales;f__Oscillospiraceae;g__Hominicoprocola;s__Hominicoprocola fusiformis	Hominicoprocola fusiformis	83.74	2.35	FALSE	TRUE	Predicted anaerobe	0.020166550968085107	0.052981068605555556	35	74.46808510638297	14	77.77777777777777	-1.3930696432357461	-1.0373922875159811	FALSE	0.545392586682574	0.932687625987914	0.2225843388938	0.144679292694035	0.953928484907887	0.140146146991486
C01_bin.72	D06_bin.25	d__Bacteria;p__Bacillota;c__Clostridia;o__Oscillospirales;f__Ruminococcaceae;g__CAG-115;s__CAG-115 sp003531585	CAG-115 sp003531585	97.25	0.34	FALSE	TRUE	Predicted anaerobe	0.016823908378723405	0.027313947983333333	17	36.170212765957444	11	61.111111111111114	-0.6987957804800864	-0.2527559205991802	FALSE	0.989524002705941	1	-0.00559793825244143	0.0731653957701141	0.8411927529907	0.341328970395536
C01_bin.83	B05_bin.47	d__Bacteria;p__Bacillota;c__Clostridia;o__Oscillospirales;f__Oscillospiraceae;g__CAG-170;s__CAG-170 sp002404795	CAG-170 sp002404795	93.08	6.94	FALSE	TRUE	Predicted anaerobe	0.0286225005	0.046042503666666665	32	68.08510638297872	8	44.44444444444444	-0.6856259236706215	-0.46680913952042313	FALSE	0.0886610395087352	0.536188191314732	0.691305509291909	0.272049679787332	1.0	-0.167522157575963
C01_bin.85	A01_bin.69	d__Bacteria;p__Actinomycetota;c__Coriobacteriia;o__Coriobacteriales;f__Eggerthellaceae;g__Anaerotardibacter;s__Anaerotardibacter sp000435675	Anaerotardibacter sp000435675	85.54	0.92	FALSE	TRUE	Predicted anaerobe	0.010702586425531915	0.024236956827777777	8	17.02127659574468	9	50.0	-1.1784968462136425	-0.2005952078661519	FALSE	0.890246314810473	0.988426013077921	0.0605733038561472	0.0294998264174748	0.68917730680566	0.469985744351967
C01_bin.9	B01_bin.20	d__Bacteria;p__Bacteroidota;c__Bacteroidia;o__Bacteroidales;f__Rikenellaceae;g__Alistipes;s__Alistipes dispar	Alistipes dispar	85.3	7.21	FALSE	TRUE	Predicted anaerobe	0.024897346	0.25801725711111106	7	14.893617021276595	4	22.22222222222222	-3.3728802663945485	-0.5023438694630178	FALSE	0.0739435849361974	0.518849370364329	-0.885991419254078	0.445253293270991	0.969858900726639	0.0944883352017998
C02_bin.10	E06_bin.85	d__Bacteria;p__Bacteroidota;c__Bacteroidia;o__Bacteroidales;f__Rikenellaceae;g__Alistipes;s__Alistipes shahii	Alistipes shahii	93.64	0.64	FALSE	TRUE	Predicted anaerobe	0.07203359078723404	0.03667529327777778	36	76.59574468085107	9	50.0	0.9736682709325439	0.7457884628419486	FALSE	0.825947439984759	0.983217763396128	0.0712064115499509	0.064688878720023	1.0	-0.196875207320954
C02_bin.12	C02_bin.12	d__Bacteria;p__Bacteroidota;c__Bacteroidia;o__Bacteroidales;f__Bacteroidaceae;g__Prevotella;s__Prevotella copri_B	Prevotella copri B	92.57	0.84	FALSE	TRUE	Predicted anaerobe	0.49236122578723407	0.2199808133888889	9	19.148936170212767	6	33.333333333333336	1.1623031736663914	0.22256869282973452	FALSE	0.00555506518046387	0.137317697544445	-1.5310858809268	0.431846111768396	0.991497041677817	0.0816687643145493
C02_bin.28	H01_bin.87	d__Bacteria;p__Bacillota;c__Clostridia;o__Lachnospirales;f__Lachnospiraceae;g__Acetatifactor;s__Acetatifactor intestinalis	Acetatifactor intestinalis	86.59	3.16	FALSE	TRUE	Predicted anaerobe	0.03048544916170213	0.029997496483333334	25	53.191489361702125	12	66.66666666666667	0.023271004911634384	0.012378194101933183	FALSE	0.722922480630398	0.967888682651241	0.142584789524261	0.107088240777915	0.898322919590224	0.241421185046318
C02_bin.30	D08_bin.97	d__Bacteria;p__Bacteroidota;c__Bacteroidia;o__Bacteroidales;f__Tannerellaceae;g__Parabacteroides;s__Parabacteroides merdae	Parabacteroides merdae	84.71	2.37	FALSE	TRUE	Predicted anaerobe	0.0248184183	0.02268940477777778	30	63.829787234042556	11	61.111111111111114	0.12933788946584307	0.08255609965904877	FALSE	0.72190481633932	0.967807090243617	-0.122553263512276	0.860962002528226	1.0	0.0365888344224787
C02_bin.31	D01_bin.64	d__Bacteria;p__Bacteroidota;c__Bacteroidia;o__Bacteroidales;f__Bacteroidaceae;g__Bacteroides;s__Bacteroides uniformis	Bacteroides uniformis	97.8	2.1	FALSE	TRUE	Predicted anaerobe	0.17316866610638298	0.1629540885	45	95.74468085106383	18	100.0	0.08770713458640056	0.08397491609336225	FALSE	0.871306864542379	0.984846414163431	-0.0582051827502107	0.250276665126265	1.0	0.143502788624882
C02_bin.32	C02_bin.32	d__Bacteria;p__Bacillota;c__Clostridia;o__Lachnospirales;f__Lachnospiraceae;g__Coprococcus_C;s__Coprococcus_C hominis	Coprococcus C hominis	98.66	0	FALSE	TRUE	Predicted anaerobe	0.01562654154255319	0.0180600265	11	23.404255319148938	9	50.0	-0.208677166274448	-0.048839336787636765	FALSE	0.713589934624047	0.965572986119905	-0.144321201354797	0.101312490097976	0.879531680114054	0.296302556730983
C02_bin.33	C08_bin.68	d__Bacteria;p__Bacteroidota;c__Bacteroidia;o__Bacteroidales;f__Bacteroidaceae;g__Paraprevotella;s__Paraprevotella clara	Paraprevotella clara	98.17	0	FALSE	TRUE	Predicted anaerobe	0.01410406555319149	0.023502029444444444	7	14.893617021276595	4	22.22222222222222	-0.7362654550515626	-0.1096565571353391	FALSE	0.951582326546671	0.99690442516441	0.0242318917522214	0.455232818619579	0.987998500063347	0.102051887618869
C02_bin.39	D02_bin.11	d__Bacteria;p__Bacteroidota;c__Bacteroidia;o__Bacteroidales;f__Bacteroidaceae;g__Phocaeicola;s__Phocaeicola vulgatus	Phocaeicola vulgatus	96.47	3.07	FALSE	TRUE	Predicted anaerobe	0.21958052265957448	0.27881402883333334	46	97.87234042553192	17	94.44444444444444	-0.3445391066823937	-0.3372084873912789	FALSE	0.831602193724355	0.983217763396128	0.0944104546094277	0.805008690149597	1.0	0.0242584769973729
C02_bin.43	F06_bin.75	d__Bacteria;p__Bacillota;c__Clostridia;o__Oscillospirales;f__Oscillospiraceae;g__Hominicoprocola;s__Hominicoprocola fusiformis	Hominicoprocola fusiformis	89.93	1.34	FALSE	TRUE	Predicted anaerobe	0.04387647406382979	0.03191656072222222	34	72.34042553191489	14	77.77777777777777	0.45901921809928287	0.33205645564628977	FALSE	0.926358455198454	0.996153363714411	0.0314296741617714	0.121827983631813	0.922744153105896	0.177941465927211
C02_bin.44	F08_bin.12	d__Bacteria;p__Bacteroidota;c__Bacteroidia;o__Bacteroidales;f__Rikenellaceae;g__Alistipes_A;s__Alistipes_A hominis	Alistipes A hominis	95.6	0.24	FALSE	TRUE	Predicted anaerobe	0.010186914123404256	0.015980757055555555	20	42.5531914893617	5	27.77777777777778	-0.6491056247668573	-0.27621515947525843	FALSE	0.411141470746243	0.857992411956362	0.317087183072561	0.444198485739294	1.0	-0.190820405264934
C02_bin.45	H05_bin.43	d__Bacteria;p__Bacillota;c__Clostridia;o__Lachnospirales;f__Lachnospiraceae;g__Roseburia;s__Roseburia rectalis	Roseburia rectalis	96.26	0.97	FALSE	TRUE	Predicted anaerobe	0.021073350759574467	0.024408216805555556	35	74.46808510638297	13	72.22222222222223	-0.21185367663462593	-0.15776337621727463	FALSE	0.561474379695232	0.936541020716014	0.199920838845039	0.651994405687793	1.0	0.0579018166232682
C02_bin.46	H05_bin.38	d__Bacteria;p__Bacteroidota;c__Bacteroidia;o__Bacteroidales;f__Tannerellaceae;g__Parabacteroides;s__Parabacteroides distasonis	Parabacteroides distasonis	86.3	0.38	FALSE	TRUE	Predicted anaerobe	0.018249525055319148	0.011458695583333333	37	78.72340425531915	12	66.66666666666667	0.6709479274990202	0.5281930493077394	FALSE	0.320542808964643	0.826466231054012	-0.318261389675688	0.233993267507734	1.0	-0.157069000868578
C02_bin.5	A04_bin.93	d__Bacteria;p__Bacillota;c__Clostridia;o__Oscillospirales;f__Ruminococcaceae;g__Gemmiger;s__Gemmiger qucibialis	Gemmiger qucibialis	89.5	1.36	FALSE	TRUE	Predicted anaerobe	0.015897148970212768	0.012897686994444445	31	65.95744680851064	14	77.77777777777777	0.3014447867177338	0.1988252848563776	FALSE	0.0979045519919165	0.567017242480871	-0.529591507995154	0.414806711920308	1.0	0.0794181831087612
C02_bin.54	A09_bin.21	d__Bacteria;p__Bacillota;c__Clostridia;o__Oscillospirales;f__Oscillospiraceae;g__CAG-170;s__CAG-170 sp900545925	CAG-170 sp900545925	82.11	5.03	FALSE	TRUE	Predicted anaerobe	0.02434231489574468	0.019346353388888887	27	57.4468085106383	9	50.0	0.3312517354779324	0.19029355016817395	FALSE	0.234738911982735	0.764231036679804	-0.422952361495744	0.66425236241748	1.0	-0.0575199915559303
C02_bin.56	G08_bin.17	d__Bacteria;p__Bacillota;c__Clostridia;o__Oscillospirales;f__Oscillospiraceae;g__Hominicoprocola;s__Hominicoprocola sp900317525	Hominicoprocola sp900317525	86.49	4.7	FALSE	TRUE	Predicted anaerobe	0.016859928380851062	0.018399146322222223	33	70.2127659574468	12	66.66666666666667	-0.12596887803238532	-0.08844623351210033	FALSE	0.928553171606428	0.996153363714411	-0.0315969734703794	0.815009352269262	1.0	0.0352136205182763
C02_bin.67	E07_bin.94	d__Bacteria;p__Bacillota;c__Clostridia;o__Lachnospirales;f__Anaerotignaceae;g__Anaerotignum_A;s__Anaerotignum_A faecicola	Anaerotignum A faecicola	87.83	2.01	FALSE	TRUE	Predicted anaerobe	0.007824583121276596	0.013006215444444445	17	36.170212765957444	11	61.111111111111114	-0.7323816198668093	-0.2649039901645906	FALSE	0.846166196481871	0.983322547284161	-0.0689601411167762	0.0427671998969135	0.795058533772309	0.341135957260802
C02_bin.70	D08_bin.21	d__Bacteria;p__Bacteroidota;c__Bacteroidia;o__Bacteroidales;f__Rikenellaceae;g__Alistipes;s__Alistipes putredinis	Alistipes putredinis	93.43	0.96	FALSE	TRUE	Predicted anaerobe	0.12682137996382978	0.12388668994444445	36	76.59574468085107	16	88.88888888888889	0.033774089199184024	0.02586951513128989	FALSE	0.82848003100243	0.983217763396128	-0.085465791111142	0.105213531196686	0.895903083626816	0.170077816256204
C02_bin.79	A06_bin.107	d__Bacteria;p__Bacteroidota;c__Bacteroidia;o__Bacteroidales;f__Marinifilaceae;g__Odoribacter;s__Odoribacter splanchnicus	Odoribacter splanchnicus	98.48	0	FALSE	TRUE	Predicted anaerobe	0.012158032980851064	0.010696801622222222	36	76.59574468085107	15	83.33333333333333	0.18456839160988642	0.14137153399906194	FALSE	0.906937653131447	0.989877810111322	-0.0355625919200677	0.296965406632289	1.0	0.103722782877168
C02_bin.82	E01_bin.44	d__Bacteria;p__Bacillota;c__Clostridia;o__Lachnospirales;f__Lachnospiraceae;g__Roseburia_C;s__Roseburia_C amylophila	Roseburia C amylophila	91.3	1.75	FALSE	TRUE	Predicted anaerobe	0.015534956080851064	0.006155364538888888	13	27.659574468085108	5	27.77777777777778	1.3341884362926422	0.3690308440809436	FALSE	0.171286451846939	0.67979310576754	-0.549371689390838	0.807413588731047	0.997876410370405	0.0156119635351389
C02_bin.89	C02_bin.89	d__Bacteria;p__Bacillota;c__Clostridia;o__Oscillospirales;f__Acutalibacteraceae;g__Hominenteromicrobium;s__Hominenteromicrobium mulieris	Hominenteromicrobium mulieris	98.66	0	FALSE	TRUE	Predicted anaerobe	0.016642768425531914	0.01653442897777778	27	57.4468085106383	9	50.0	0.009416538209929822	0.005409500673789472	FALSE	0.518690088867444	0.91947256032534	-0.242111064217873	0.788863837795662	1.0	-0.0204589207904061
C02_bin.95	F02_bin.66	d__Bacteria;p__Bacteroidota;c__Bacteroidia;o__Bacteroidales;f__Rikenellaceae;g__Tidjanibacter;s__Tidjanibacter inops	Tidjanibacter inops	96.79	0	FALSE	TRUE	Predicted anaerobe	0.023297513189361702	0.030803591777777778	24	51.06382978723404	7	38.888888888888886	-0.4027717761564183	-0.20567069420753273	FALSE	0.099250484951639	0.569741128318348	0.639618937894527	0.671628420155682	1.0	-0.0650385382097218
C02_bin.97	F03_bin.13	d__Bacteria;p__Bacteroidota;c__Bacteroidia;o__Bacteroidales;f__Rikenellaceae;g__Alistipes;s__Alistipes finegoldii	Alistipes finegoldii	97.1	0.72	FALSE	TRUE	Predicted anaerobe	0.0727489175319149	0.04215839811111111	37	78.72340425531915	13	72.22222222222223	0.7869618618042358	0.6195231678033346	FALSE	0.881654533900181	0.984846414163431	-0.0514148607514848	0.646476301108393	1.0	-0.0431308232859802
C03_bin.1	D07_bin.75	d__Bacteria;p__Bacillota;c__Clostridia;o__Lachnospirales;f__Lachnospiraceae;g__Blautia_A;s__Blautia_A fusiformis	Blautia A fusiformis	81.8	3.54	FALSE	TRUE	Predicted anaerobe	0.049026214274468086	0.07318921497222222	44	93.61702127659575	16	88.88888888888889	-0.5779805729020182	-0.5410881959082724	FALSE	0.599344431777588	0.940772237633192	0.184999716302735	0.332640368097246	1.0	0.111434680993007
C03_bin.10	D01_bin.23	d__Bacteria;p__Bacillota;c__Clostridia;o__Lachnospirales;f__Lachnospiraceae;g__Anaerostipes;s__Anaerostipes hadrus	Anaerostipes hadrus	81.85	3.5	FALSE	TRUE	Predicted anaerobe	0.02945504739787234	0.06852460575	41	87.23404255319149	18	100.0	-1.2178280571595677	-1.0623606456072825	FALSE	0.252210844881756	0.787792906488093	0.462807822750008	0.00706820203322973	0.570690456680332	0.319069315888149
C03_bin.11	G08_bin.9	d__Bacteria;p__Bacillota;c__Clostridia;o__Oscillospirales;f__Ruminococcaceae;g__Faecalibacterium;s__Faecalibacterium taiwanense	Faecalibacterium taiwanense	93.03	6.38	FALSE	TRUE	Predicted anaerobe	0.1474089390638298	0.08453127388888888	46	97.87234042553192	18	100.0	0.802194124334337	0.785126164242117	FALSE	0.753052014732805	0.971644762115332	-0.103771847865277	0.314963324235217	1.0	0.138325160305387
C03_bin.13	C08_bin.28	d__Bacteria;p__Bacillota;c__Clostridia;o__Oscillospirales;f__Ruminococcaceae;g__Faecalibacterium;s__Faecalibacterium butyricigenerans	Faecalibacterium butyricigenerans	83.57	5.9	FALSE	TRUE	Predicted anaerobe	0.08095317293617021	0.039081274388888886	37	78.72340425531915	11	61.111111111111114	1.0504192124256544	0.8269257629733875	FALSE	0.541206141643215	0.931555522488562	0.204069954921237	0.402356002798117	1.0	0.0144250662560897
C03_bin.15	A07_bin.40	d__Bacteria;p__Bacillota;c__Clostridia;o__Oscillospirales;f__Butyricicoccaceae;g__Agathobaculum;s__Agathobaculum hominis	Agathobaculum hominis	93.5	3.26	FALSE	TRUE	Predicted anaerobe	0.022525429978723404	0.01475853	24	51.06382978723404	10	55.55555555555556	0.6096687439167547	0.31132020965961943	FALSE	0.691881286344735	0.962481766538651	-0.138168443590931	0.490635244268441	0.998530386484001	0.0808797443310553
C03_bin.17	G07_bin.107	d__Bacteria;p__Bacillota;c__Clostridia;o__Lachnospirales;f__Lachnospiraceae;g__Roseburia;s__Roseburia faecis	Roseburia faecis	88.41	1.21	FALSE	TRUE	Predicted anaerobe	0.024186717127659574	0.05353203127777778	28	59.57446808510638	11	61.111111111111114	-1.1458605488306004	-0.6826403269629109	FALSE	0.392812233290045	0.854859425691186	0.289621952200292	0.32206725254384	0.99632722027647	0.126793409593232
C03_bin.20	B04_bin.53	d__Bacteria;p__Bacillota;c__Clostridia;o__Oscillospirales;f__Oscillospiraceae;g__Lawsonibacter;s__Lawsonibacter asaccharolyticus	Lawsonibacter asaccharolyticus	82.55	3.69	FALSE	TRUE	Predicted anaerobe	0.022387807157446808	0.01681727126111111	38	80.85106382978724	15	83.33333333333333	0.41255624733284535	0.33355611486485365	FALSE	0.77238890839606	0.973859377503757	-0.091292702597849	0.543615805535019	1.0	0.0588106344800677
C03_bin.22	C03_bin.22	d__Bacteria;p__Bacillota;c__Clostridia;o__Lachnospirales;f__Lachnospiraceae;g__Enterocloster;s__Enterocloster sp001517625	Enterocloster sp001517625	85.5	3.92	FALSE	TRUE	Predicted anaerobe	0.012476761410638299	0.0033622435555555556	7	14.893617021276595	3	16.666666666666668	1.8886187036482351	0.28128363671356693	FALSE	0.0055606716665917	0.137317697544445	-1.82243042793802	0.64152918492377	0.984074786771626	0.0583226533335214
C03_bin.24	D01_bin.64	d__Bacteria;p__Bacteroidota;c__Bacteroidia;o__Bacteroidales;f__Bacteroidaceae;g__Bacteroides;s__Bacteroides uniformis	Bacteroides uniformis	96.52	1.3	FALSE	TRUE	Predicted anaerobe	0.1635764059361702	0.14756538166666666	45	95.74468085106383	18	100.0	0.14860079204869697	0.14227735408917797	FALSE	0.596665033056369	0.940772237633192	-0.206131085366266	0.38104718415916	1.0	0.110992828094173
C03_bin.35	B09_bin.93	d__Bacteria;p__Bacillota;c__Clostridia;o__Oscillospirales;f__Oscillospiraceae;g__CAG-103;s__CAG-103 sp000432375	CAG-103 sp000432375	91.21	0.06	FALSE	TRUE	Predicted anaerobe	0.013135700382978724	0.011243288044444445	22	46.808510638297875	9	50.0	0.22424441140189405	0.10496546916684403	FALSE	0.939475852946963	0.99690442516441	0.027314406208738	0.718302768554756	1.0	0.0411114782893437
C03_bin.37	H06_bin.61	d__Bacteria;p__Bacillota;c__Clostridia;o__Lachnospirales;f__Lachnospiraceae;g__Fusicatenibacter;s__Fusicatenibacter saccharivorans	Fusicatenibacter saccharivorans	93.43	1.58	FALSE	TRUE	Predicted anaerobe	0.023617740874468086	0.031068411777777777	43	91.48936170212765	17	94.44444444444444	-0.3954310834392067	-0.361777374210338	FALSE	0.460777305406834	0.889810609339414	0.221342826584806	0.0432625109337778	0.82714364060712	0.2700817397517
C03_bin.41	C03_bin.41	d__Bacteria;p__Bacillota;c__Clostridia;o__Lachnospirales;f__Lachnospiraceae;g__Pilosibacter;s__Pilosibacter sp900066055	Pilosibacter sp900066055	89.14	7.17	FALSE	TRUE	Predicted anaerobe	0.018087376263829787	0.010610950916666667	30	63.829787234042556	13	72.22222222222223	0.7688676127245013	0.4907665613135115	FALSE	0.452627194539749	0.884830200132678	-0.237970532205763	0.194713555920827	0.97523527452165	0.166365013515745
C03_bin.42	H05_bin.43	d__Bacteria;p__Bacillota;c__Clostridia;o__Lachnospirales;f__Lachnospiraceae;g__Roseburia;s__Roseburia rectalis	Roseburia rectalis	93.42	0.16	FALSE	TRUE	Predicted anaerobe	0.02413969909574468	0.02531690368888889	35	74.46808510638297	13	72.22222222222223	-0.06866549957664962	-0.051133882663462485	FALSE	0.954253946221641	0.99690442516441	0.0187566676302624	0.638364655090168	1.0	0.0456585000736513
C03_bin.45	F03_bin.13	d__Bacteria;p__Bacteroidota;c__Bacteroidia;o__Bacteroidales;f__Rikenellaceae;g__Alistipes;s__Alistipes finegoldii	Alistipes finegoldii	100	0	FALSE	TRUE	Predicted anaerobe	0.11720716318085107	0.042521762944444444	37	78.72340425531915	13	72.22222222222223	1.4625712665132076	1.1513858906593337	FALSE	0.559569405859701	0.936541020716014	-0.196226386769857	0.547827417946652	1.0	-0.0567989504472898
C03_bin.49	C03_bin.49	d__Bacteria;p__Actinomycetota;c__Actinomycetes;o__Actinomycetales;f__Bifidobacteriaceae;g__Bifidobacterium;s__Bifidobacterium longum	Bifidobacterium longum	99.6	0	FALSE	TRUE	Predicted anaerobe	0.025463792678723403	0.012354280694444443	42	89.36170212765957	12	66.66666666666667	1.0428354601899725	0.9318955176165712	FALSE	0.440725666715608	0.879472767026207	-0.246449274334315	0.12575432081865	1.0	-0.179330723454772
C03_bin.52	C03_bin.52	d__Bacteria;p__Actinomycetota;c__Coriobacteriia;o__Coriobacteriales;f__Eggerthellaceae;g__Eggerthella;s__Eggerthella lenta	Eggerthella lenta	96.26	0.4	FALSE	TRUE	Predicted anaerobe	0.021588382814893618	0.013020526055555556	20	42.5531914893617	9	50.0	0.7290279660837002	0.31022466641859586	FALSE	0.109982984543643	0.586899738179697	-0.624804799086361	0.698544945419212	0.99993634404357	0.0525063418790972
C03_bin.54	H04_bin.57	d__Bacteria;p__Bacillota;c__Clostridia;o__Oscillospirales;f__Ruminococcaceae;g__Gemmiger;s__Gemmiger formicilis	Gemmiger formicilis	93.65	2.04	FALSE	TRUE	Predicted anaerobe	0.02289649196170213	0.014914982916666666	38	80.85106382978724	14	77.77777777777777	0.6180272523784269	0.49968160830596214	FALSE	0.898794045308191	0.988426013077921	0.0392935277543042	0.507674578245082	1.0	0.0492910949584904
C03_bin.57	E06_bin.85	d__Bacteria;p__Bacteroidota;c__Bacteroidia;o__Bacteroidales;f__Rikenellaceae;g__Alistipes;s__Alistipes shahii	Alistipes shahii	97.23	0.48	FALSE	TRUE	Predicted anaerobe	0.07115006828510638	0.035247670055555555	36	76.59574468085107	9	50.0	1.013130755306508	0.7760150466177509	FALSE	0.709750104672112	0.965520800387922	0.11960538744955	0.0654146473353159	1.0	-0.222897759050414
C03_bin.61	A03_bin.15	d__Bacteria;p__Pseudomonadota;c__Gammaproteobacteria;o__Burkholderiales;f__Burkholderiaceae_F;g__Mesosutterella;s__Mesosutterella massiliensis	Mesosutterella massiliensis	85	0.52	FALSE	TRUE	Predicted anaerobe	0.17516424940425532	0.035662488444444446	7	14.893617021276595	2	11.11111111111111	2.2959069504403757	0.3419435883634602	FALSE	0.0758253373241094	0.523553926500856	0.934512248613007	0.717135076495932	0.997309682172433	-0.0154680082983595
C04_bin.10	C04_bin.10	d__Bacteria;p__Bacillota;c__Clostridia;o__Oscillospirales;f__Oscillospiraceae;g__Evtepia;s__Evtepia sp004556345	Evtepia sp004556345	87.93	4.08	FALSE	TRUE	Predicted anaerobe	0.019765207680851063	0.017267960555555555	8	17.02127659574468	2	11.11111111111111	0.1947599104081776	0.03315062304820044	FALSE	0.628849247106981	0.943026319703049	-0.195031541289571	0.67912591075616	0.998729871910618	-0.0338792181366024
C04_bin.100	C02_bin.89	d__Bacteria;p__Bacillota;c__Clostridia;o__Oscillospirales;f__Acutalibacteraceae;g__Hominenteromicrobium;s__Hominenteromicrobium mulieris	Hominenteromicrobium mulieris	95	0	FALSE	TRUE	Predicted anaerobe	0.019700268929787233	0.020014034694444446	30	63.829787234042556	8	44.44444444444444	-0.02278523495477575	-0.014543766992410053	FALSE	0.597476798748637	0.940772237633192	0.184915867398324	0.391419283030004	1.0	-0.0956964876000832
C04_bin.101	E06_bin.85	d__Bacteria;p__Bacteroidota;c__Bacteroidia;o__Bacteroidales;f__Rikenellaceae;g__Alistipes;s__Alistipes shahii	Alistipes shahii	81.22	0	FALSE	TRUE	Predicted anaerobe	0.07004369207446809	0.038544478	36	76.59574468085107	9	50.0	0.8615626526706968	0.6599203297052145	FALSE	0.645346501127964	0.947865487459929	0.151264606749853	0.0947174279827668	1.0	-0.188738870421335
C04_bin.103	C04_bin.103	d__Bacteria;p__Bacillota;c__Clostridia;o__Oscillospirales;f__Acutalibacteraceae;g__CAG-177;s__CAG-177 sp003514385	CAG-177 sp003514385	97.27	0	FALSE	TRUE	Predicted anaerobe	0.021439251425531915	0.014690627983333333	13	27.659574468085108	3	16.666666666666668	0.5450495132309275	0.1507583760000438	FALSE	0.630165834492679	0.943026319703049	0.193905276590043	0.543469181535681	1.0	-0.0807382155827892
C04_bin.11	A01_bin.66	d__Bacteria;p__Bacillota;c__Clostridia;o__Christensenellales;f__Aristaeellaceae;g__Ventricola;s__Ventricola sp900542395	Ventricola sp900542395	80.54	0	FALSE	TRUE	Predicted anaerobe	0.01878425208510638	0.002834215	22	46.808510638297875	4	22.22222222222222	2.7241890742096997	1.2751523326087957	FALSE	0.00251094206748029	0.0949884041697864	-1.19098831200406	0.141286923239089	1.0	-0.32555126417408
C04_bin.12	D06_bin.25	d__Bacteria;p__Bacillota;c__Clostridia;o__Oscillospirales;f__Ruminococcaceae;g__CAG-115;s__CAG-115 sp003531585	CAG-115 sp003531585	85.23	0	FALSE	TRUE	Predicted anaerobe	0.025640687965957445	0.017743421127777777	17	36.170212765957444	11	61.111111111111114	0.5309004579692005	0.19202782522290232	FALSE	0.390273058702963	0.854052279529052	-0.357759365521979	0.0953825225875845	0.869788017762889	0.334563259104023
C04_bin.16	D08_bin.21	d__Bacteria;p__Bacteroidota;c__Bacteroidia;o__Bacteroidales;f__Rikenellaceae;g__Alistipes;s__Alistipes putredinis	Alistipes putredinis	88.94	4.81	FALSE	TRUE	Predicted anaerobe	0.15228272261702128	0.142752488	37	78.72340425531915	15	83.33333333333333	0.09323005422253158	0.07339387247305679	FALSE	0.779762769789795	0.973995429764571	0.10093607043532	0.53006878326063	1.0	0.058051580525721
C04_bin.18	C04_bin.18	d__Bacteria;p__Bacillota_I;c__Bacilli_A;o__Erysipelotrichales;f__Erysipelotrichaceae;g__Holdemanella;s__Holdemanella sp900556915	Holdemanella sp900556915	94.47	0.13	FALSE	TRUE	Predicted anaerobe	0.004875360127659574	0.00872540638888889	4	8.51063829787234	5	27.77777777777778	-0.8384099064493883	-0.0713540345914373	FALSE	0.295464524444139	0.812123094651397	-0.464396721013824	0.207746362130097	0.920130406383144	0.202594274273719
C04_bin.29	H05_bin.43	d__Bacteria;p__Bacillota;c__Clostridia;o__Lachnospirales;f__Lachnospiraceae;g__Roseburia;s__Roseburia rectalis	Roseburia rectalis	99.28	0.97	FALSE	TRUE	Predicted anaerobe	0.021735066810638297	0.023613780155555555	35	74.46808510638297	13	72.22222222222223	-0.1195516944148069	-0.0890278575429413	FALSE	0.779704129189326	0.973995429764571	0.0995506624376936	0.723760517275073	1.0	0.0447905854520277
C04_bin.31	F03_bin.13	d__Bacteria;p__Bacteroidota;c__Bacteroidia;o__Bacteroidales;f__Rikenellaceae;g__Alistipes;s__Alistipes finegoldii	Alistipes finegoldii	83.69	4.9	FALSE	TRUE	Predicted anaerobe	0.1145708844468085	0.04163619861111111	37	78.72340425531915	13	72.22222222222223	1.4601096589037357	1.1494480293497493	FALSE	0.707029695798743	0.965055671875703	-0.12951471293963	0.580057174226346	1.0	-0.071348863442437
C04_bin.34	G07_bin.107	d__Bacteria;p__Bacillota;c__Clostridia;o__Lachnospirales;f__Lachnospiraceae;g__Roseburia;s__Roseburia faecis	Roseburia faecis	95.57	1.95	FALSE	TRUE	Predicted anaerobe	0.025487958929787235	0.04016709533333333	28	59.57446808510638	11	61.111111111111114	-0.6559914996105638	-0.39080344657650606	FALSE	0.289753677783498	0.809039733623089	0.36176018642755	0.340077395846426	0.997115931234317	0.120987935800926
C04_bin.35	F02_bin.29	d__Bacteria;p__Bacillota;c__Clostridia;o__Oscillospirales;f__Oscillospiraceae;g__Vescimonas;s__Vescimonas cirricatena	Vescimonas cirricatena	89.82	3.52	FALSE	TRUE	Predicted anaerobe	0.026490420340425532	0.014454545833333334	21	44.680851063829785	6	33.333333333333336	0.8734942180265253	0.3902846506075964	FALSE	0.841083180730394	0.983217763396128	0.0731256570210345	0.627042934590528	1.0	-0.0656309913206044
C04_bin.37	F02_bin.66	d__Bacteria;p__Bacteroidota;c__Bacteroidia;o__Bacteroidales;f__Rikenellaceae;g__Tidjanibacter;s__Tidjanibacter inops	Tidjanibacter inops	99.04	0	FALSE	TRUE	Predicted anaerobe	0.02057306155319149	0.030118923166666665	22	46.808510638297875	7	38.888888888888886	-0.5496915240476106	-0.2573024155116475	FALSE	0.0842118249492714	0.536188191314732	0.650789549615381	0.793595447392151	1.0	-0.00592018367440646
C04_bin.38	F03_bin.40	d__Bacteria;p__Bacillota;c__Clostridia;o__Lachnospirales;f__Lachnospiraceae;g__Blautia_A;s__Blautia_A wexlerae	Blautia A wexlerae	92.04	5.7	FALSE	TRUE	Predicted anaerobe	0.045654630268085104	0.0529237205	44	93.61702127659575	18	100.0	-0.21310990652017311	-0.19950714652952378	FALSE	0.511051085965683	0.914731164555467	0.219631860303619	0.0324083305288955	0.858478423817216	0.281702158554263
C04_bin.39	C04_bin.39	d__Bacteria;p__Bacillota;c__Clostridia;o__Oscillospirales;f__Ruminococcaceae;g__Faecalibacterium;s__Faecalibacterium prausnitzii	Faecalibacterium prausnitzii	80.52	7.14	FALSE	TRUE	Predicted anaerobe	0.10202038330425532	0.08715805961111112	36	76.59574468085107	17	94.44444444444444	0.22712733157411286	0.1739698709929375	FALSE	0.714751752925314	0.966409594449588	-0.137616428887003	0.0363485880759071	0.834674498649208	0.235929885654122
C04_bin.40	H05_bin.38	d__Bacteria;p__Bacteroidota;c__Bacteroidia;o__Bacteroidales;f__Tannerellaceae;g__Parabacteroides;s__Parabacteroides distasonis	Parabacteroides distasonis	91.73	0.79	FALSE	TRUE	Predicted anaerobe	0.019207324319148938	0.010687167955555556	37	78.72340425531915	12	66.66666666666667	0.8451785818853775	0.6653533516969994	FALSE	0.337626286418299	0.831898310564131	-0.317396469985397	0.283382782156591	1.0	-0.108586585885397
C04_bin.44	A06_bin.107	d__Bacteria;p__Bacteroidota;c__Bacteroidia;o__Bacteroidales;f__Marinifilaceae;g__Odoribacter;s__Odoribacter splanchnicus	Odoribacter splanchnicus	81.15	1.61	FALSE	TRUE	Predicted anaerobe	0.008526162485106382	0.012210548227777777	36	76.59574468085107	14	77.77777777777777	-0.5176494644485832	-0.39649746213082965	FALSE	0.421284218682811	0.864450316653212	0.252365099028744	0.216013383243736	0.992927121722827	0.100170192888418
C04_bin.50	C05_bin.117	d__Bacteria;p__Bacillota;c__Clostridia;o__Lachnospirales;f__Lachnospiraceae;g__Gallintestinimicrobium;s__Gallintestinimicrobium propionicum	Gallintestinimicrobium propionicum	94.64	3.88	FALSE	TRUE	Predicted anaerobe	0.02753460260851064	0.025174673405555556	34	72.34042553191489	14	77.77777777777777	0.12922362673227963	0.09348092146590442	FALSE	0.843164870642223	0.983217763396128	-0.0666680691199843	0.314450080231768	1.0	0.108144125077958
C04_bin.51	B01_bin.9	d__Bacteria;p__Verrucomicrobiota;c__Verrucomicrobiia;o__Verrucomicrobiales;f__Akkermansiaceae;g__Akkermansia;s__Akkermansia muciniphila	Akkermansia muciniphila	93.2	1.5	FALSE	TRUE	Predicted anaerobe	0.01566308914893617	0.014896253611111111	19	40.42553191489362	6	33.333333333333336	0.07237185085281785	0.029256705663905085	FALSE	0.0619457087161735	0.475121989913253	-0.73661155790723	0.659343323635986	1.0	-0.0887383399701343
C04_bin.56	F02_bin.63	d__Bacteria;p__Actinomycetota;c__Actinomycetes;o__Actinomycetales;f__Bifidobacteriaceae;g__Bifidobacterium;s__Bifidobacterium bifidum	Bifidobacterium bifidum	98.85	6.12	FALSE	TRUE	Predicted anaerobe	0.027691443125531914	0.005562784	15	31.914893617021278	4	22.22222222222222	2.3134909953728853	0.738348190012623	FALSE	0.00807439147909194	0.161486168340678	-1.18963486478817	0.482120478112061	1.0	-0.0928455369587453
C04_bin.63	C04_bin.63	d__Bacteria;p__Bacteroidota;c__Bacteroidia;o__Bacteroidales;f__Marinifilaceae;g__Butyricimonas;s__Butyricimonas faecihominis	Butyricimonas faecihominis	94.07	3.05	FALSE	TRUE	Predicted anaerobe	0.010023366819148935	0.009792547222222222	6	12.76595744680851	1	5.555555555555555	0.033577209361399164	0.004286452258902021	FALSE	0.136885590007951	0.624767050010809	1.73990127268654	0.626577537888749	0.997663475576275	-0.063845600686668
C04_bin.64	C01_bin.21	d__Bacteria;p__Bacillota;c__Clostridia;o__Oscillospirales;f__Acutalibacteraceae;g__Eubacterium_R;s__Eubacterium_R sp000434995	Eubacterium R sp000434995	95.97	1.74	FALSE	TRUE	Predicted anaerobe	0.017073574904255318	0.007735523888888889	10	21.27659574468085	1	5.555555555555555	1.1411751766207676	0.24280322906824844	FALSE	0.755347209737446	0.971972917985348	-0.123556373780268	0.357609011983365	1.0	-0.105651905890519
C04_bin.66	A07_bin.65	d__Bacteria;p__Bacteroidota;c__Bacteroidia;o__Bacteroidales;f__Barnesiellaceae;g__Barnesiella;s__Barnesiella intestinihominis	Barnesiella intestinihominis	99.62	0	FALSE	TRUE	Predicted anaerobe	0.06942994198510638	0.0688899318888889	32	68.08510638297872	11	61.111111111111114	0.011263185704095761	0.0076685519687460495	FALSE	0.969708058300945	0.998940635718584	-0.0143007808034245	0.726322700088051	1.0	-0.0357119488003253
C04_bin.67	A04_bin.93	d__Bacteria;p__Bacillota;c__Clostridia;o__Oscillospirales;f__Ruminococcaceae;g__Gemmiger;s__Gemmiger qucibialis	Gemmiger qucibialis	94.78	0.68	FALSE	TRUE	Predicted anaerobe	0.0182399559	0.016295227766666667	36	76.59574468085107	14	77.77777777777777	0.16255838366443662	0.12451280450893018	FALSE	0.357629974952605	0.836841522175111	-0.296889725665741	0.52853483065571	1.0	0.0751436216281189
C04_bin.69	G06_bin.24	d__Bacteria;p__Bacillota;c__Clostridia;o__Oscillospirales;f__Oscillospiraceae;g__CAG-170;s__CAG-170 sp000432135	CAG-170 sp000432135	90.6	3.69	FALSE	TRUE	Predicted anaerobe	0.030787510731914894	0.013684370594444445	27	57.4468085106383	9	50.0	1.169230787019916	0.6716857712667602	FALSE	0.329807410021093	0.829416654904531	-0.352918938509305	0.618542776244872	1.0	-0.0516540909698607
C04_bin.78	C04_bin.78	d__Archaea;p__Methanobacteriota;c__Methanobacteria;o__Methanobacteriales;f__Methanobacteriaceae;g__Methanocatella;s__Methanocatella intestini	Methanocatella intestini	96.46	0	FALSE	TRUE	Predicted anaerobe	0.009759718489361703	0.0012488999999999998	6	12.76595744680851	2	11.11111111111111	2.956153304141579	0.3773812728691377	FALSE	0.00833318638040237	0.161486168340678	-2.35214362463263	0.747863443985302	1.0	-0.0143404070174997
C04_bin.79	A08_bin.91	d__Bacteria;p__Bacillota;c__Clostridia;o__Lachnospirales;f__Lachnospiraceae;g__Anaerostipes;s__Anaerostipes amylophilus	Anaerostipes amylophilus	93.29	2.35	FALSE	TRUE	Predicted anaerobe	0.017560898021276597	0.010361219366666667	23	48.93617021276596	10	55.55555555555556	0.760602402234855	0.3722096862000354	FALSE	0.0543233310028498	0.442546829057653	-0.734504417804822	0.652029123797106	0.999468222350067	0.0745835166240122
C04_bin.8	G05_bin.13	d__Bacteria;p__Bacillota;c__Clostridia;o__Oscillospirales;f__Acutalibacteraceae;g__Ruminococcoides;s__Ruminococcoides intestinale	Ruminococcoides intestinale	98.66	1.03	FALSE	TRUE	Predicted anaerobe	0.04778335409787234	0.054266756477777775	28	59.57446808510638	12	66.66666666666667	-0.18352449110905172	-0.10933373938411592	FALSE	0.639175073797046	0.94770537460665	-0.191847044505655	0.390784222341065	0.999804681966708	0.140997860571098
C04_bin.86	F07_bin.74	d__Bacteria;p__Bacillota;c__Clostridia;o__Lachnospirales;f__Lachnospiraceae;g__Coprococcus;s__Coprococcus aceti	Coprococcus aceti	98.66	0.67	FALSE	TRUE	Predicted anaerobe	0.015095930170212766	0.007298092861111111	13	27.659574468085108	6	33.333333333333336	1.0475481519403245	0.2897473611749834	FALSE	0.140131590619674	0.633979562650841	-0.602371256670998	0.642242154821653	0.998479105409816	0.0708328341303221
C04_bin.87	B08_bin.66	d__Bacteria;p__Bacteroidota;c__Bacteroidia;o__Bacteroidales;f__Rikenellaceae;g__Alistipes;s__Alistipes communis	Alistipes communis	93.17	0.9	FALSE	TRUE	Predicted anaerobe	0.028832740219148938	0.01701082331111111	28	59.57446808510638	10	55.55555555555556	0.7609074120154897	0.45330654332837683	FALSE	0.263736442590357	0.788106546093536	-0.382929856388217	0.662628260222996	1.0	-0.0404076043578759
C04_bin.88	H04_bin.57	d__Bacteria;p__Bacillota;c__Clostridia;o__Oscillospirales;f__Ruminococcaceae;g__Gemmiger;s__Gemmiger formicilis	Gemmiger formicilis	95.24	1.36	FALSE	TRUE	Predicted anaerobe	0.02163087684680851	0.018849697983333333	38	80.85106382978724	13	72.22222222222223	0.19845238251036718	0.16045086245519047	FALSE	0.599618004699809	0.940772237633192	0.16647597175603	0.694295306190306	1.0	0.0642025754392961
C04_bin.9	F06_bin.75	d__Bacteria;p__Bacillota;c__Clostridia;o__Oscillospirales;f__Oscillospiraceae;g__Hominicoprocola;s__Hominicoprocola fusiformis	Hominicoprocola fusiformis	97.32	1.34	FALSE	TRUE	Predicted anaerobe	0.026451825878723405	0.02763212091111111	33	70.2127659574468	14	77.77777777777777	-0.06295570266793374	-0.04420294017110241	FALSE	0.839560852103327	0.983217763396128	-0.0700027885661045	0.154394878551431	0.956617114970782	0.167102442061356
C04_bin.92	G08_bin.17	d__Bacteria;p__Bacillota;c__Clostridia;o__Oscillospirales;f__Oscillospiraceae;g__Hominicoprocola;s__Hominicoprocola sp900317525	Hominicoprocola sp900317525	90.1	2.35	FALSE	TRUE	Predicted anaerobe	0.017692093738297873	0.029748328461111112	32	68.08510638297872	11	61.111111111111114	-0.7493734848392724	-0.5102117343586535	FALSE	0.896403081307752	0.988426013077921	0.0489198748825231	0.766372271085551	1.0	-0.00545562383917452
C04_bin.93	B09_bin.93	d__Bacteria;p__Bacillota;c__Clostridia;o__Oscillospirales;f__Oscillospiraceae;g__CAG-103;s__CAG-103 sp000432375	CAG-103 sp000432375	88.59	0.67	FALSE	TRUE	Predicted anaerobe	0.011550970659574469	0.011051032233333332	22	46.808510638297875	9	50.0	0.0637765051803907	0.029852832212097776	FALSE	0.784509168104566	0.975393965439562	-0.0991640154828807	0.709388635736354	1.0	0.043899860822495
C04_bin.99	G01_bin.30	d__Bacteria;p__Bacillota;c__Clostridia;o__Oscillospirales;f__Ruminococcaceae;g__Faecalibacterium;s__Faecalibacterium sp900539945	Faecalibacterium sp900539945	83.04	3.59	FALSE	TRUE	Predicted anaerobe	0.10176454029787234	0.05176897177777778	39	82.97872340425532	14	77.77777777777777	0.9749384833049561	0.8089915074232614	FALSE	0.087845456146569	0.536188191314732	-0.543506516044709	0.567910517055629	1.0	-0.0106431899253877
C05_bin.1	G07_bin.85	d__Bacteria;p__Bacillota;c__Clostridia;o__Christensenellales;f__Aristaeellaceae;g__UBA11524;s__UBA11524 sp000437595	UBA11524 sp000437595	99.3	2.21	FALSE	TRUE	Predicted anaerobe	0.03121057344255319	0.012579176722222222	20	42.5531914893617	7	38.888888888888886	1.310313096081051	0.5575800408855536	FALSE	0.779122369979749	0.973995429764571	-0.103547835191514	0.740482766341254	1.0	-0.0517881175649302
C05_bin.108	A08_bin.91	d__Bacteria;p__Bacillota;c__Clostridia;o__Lachnospirales;f__Lachnospiraceae;g__Anaerostipes;s__Anaerostipes amylophilus	Anaerostipes amylophilus	95.61	6.22	FALSE	TRUE	Predicted anaerobe	0.01503236874042553	0.012366561755555555	26	55.319148936170215	11	61.111111111111114	0.2814211824980919	0.15567980308405083	FALSE	0.47324085371688	0.892521993822794	-0.258256272175654	0.640631364971241	1.0	0.0562594570788085
C05_bin.109	D08_bin.21	d__Bacteria;p__Bacteroidota;c__Bacteroidia;o__Bacteroidales;f__Rikenellaceae;g__Alistipes;s__Alistipes putredinis	Alistipes putredinis	98.56	0.96	FALSE	TRUE	Predicted anaerobe	0.11284763025531915	0.11542736138888889	36	76.59574468085107	15	83.33333333333333	-0.03260626708468992	-0.024975013086145473	FALSE	0.549463622592883	0.934449157730506	0.202491456319288	0.168401761486879	0.981214176713993	0.150274847631803
C05_bin.11	A03_bin.68	d__Bacteria;p__Bacillota;c__Clostridia;o__Lachnospirales;f__Lachnospiraceae;g__Roseburia;s__Roseburia hominis	Roseburia hominis	96.7	2.33	FALSE	TRUE	Predicted anaerobe	0.015609821872340427	0.026769340283333335	25	53.191489361702125	13	72.22222222222223	-0.7777424187448814	-0.41369277592812836	FALSE	0.155850275288127	0.665824546740973	0.546283430667218	0.0493520440213281	0.828944911252716	0.34505094009985
C05_bin.117	C05_bin.117	d__Bacteria;p__Bacillota;c__Clostridia;o__Lachnospirales;f__Lachnospiraceae;g__Gallintestinimicrobium;s__Gallintestinimicrobium propionicum	Gallintestinimicrobium propionicum	98.66	0.19	FALSE	TRUE	Predicted anaerobe	0.039963617380851066	0.011348699244444444	30	63.829787234042556	11	61.111111111111114	1.815250501924628	1.1586705331433795	FALSE	0.470077368332476	0.892521993822794	-0.268865120121381	0.841717964467061	1.0	0.00472374055510397
C05_bin.119	E06_bin.63	d__Bacteria;p__Bacillota;c__Clostridia;o__Lachnospirales;f__Lachnospiraceae;g__Eubacterium_F;s__Eubacterium_F sp003491505	Eubacterium F sp003491505	85.51	0.15	FALSE	TRUE	Predicted anaerobe	0.012187958829787234	0.020947965683333333	28	59.57446808510638	8	44.44444444444444	-0.780858934612882	-0.4651925567906531	FALSE	0.0719849498475018	0.518849370364329	0.666857994948685	0.565598846491232	1.0	-0.0776297633723095
C05_bin.123	A04_bin.71	d__Bacteria;p__Bacteroidota;c__Bacteroidia;o__Bacteroidales;f__Rikenellaceae;g__Alistipes_A;s__Alistipes_A ihumii	Alistipes A ihumii	93.3	2.18	FALSE	TRUE	Predicted anaerobe	0.011092709723404256	0.02612392297222222	18	38.297872340425535	7	38.888888888888886	-1.235011881175246	-0.47298327364158355	FALSE	0.287824947834671	0.809039733623089	-0.455618247086267	0.805091957242178	1.0	0.00986438215948251
C05_bin.14	B06_bin.7	d__Bacteria;p__Bacteroidota;c__Bacteroidia;o__Bacteroidales;f__Rikenellaceae;g__Alistipes;s__Alistipes senegalensis	Alistipes senegalensis	85.82	1.68	FALSE	TRUE	Predicted anaerobe	0.03665981407446808	0.041512828	21	44.680851063829785	7	38.888888888888886	-0.1793117536107032	-0.08011801757073972	FALSE	0.16401106908205	0.67061543604847	0.548963049077833	0.823720542071859	1.0	-0.00572398560776452
C05_bin.19	D06_bin.25	d__Bacteria;p__Bacillota;c__Clostridia;o__Oscillospirales;f__Ruminococcaceae;g__CAG-115;s__CAG-115 sp003531585	CAG-115 sp003531585	96	0.18	FALSE	TRUE	Predicted anaerobe	0.039507780878723406	0.016774575183333335	17	36.170212765957444	11	61.111111111111114	1.2353659116804314	0.44683447869292203	FALSE	0.336287724250282	0.831898310564131	-0.394426788823797	0.102573483034413	0.893324879995073	0.270853123608789
C05_bin.26	F03_bin.29	d__Bacteria;p__Bacteroidota;c__Bacteroidia;o__Bacteroidales;f__Bacteroidaceae;g__Bacteroides;s__Bacteroides cellulosilyticus	Bacteroides cellulosilyticus	88.85	6.39	FALSE	TRUE	Predicted anaerobe	0.09248717969148937	0.1342437333888889	28	59.57446808510638	9	50.0	-0.5374809253321187	-0.32020140232551747	FALSE	0.020606844729855	0.273425148728971	0.948947408691923	0.810128361780649	1.0	0.043949797865589
C05_bin.29	C02_bin.89	d__Bacteria;p__Bacillota;c__Clostridia;o__Oscillospirales;f__Acutalibacteraceae;g__Hominenteromicrobium;s__Hominenteromicrobium mulieris	Hominenteromicrobium mulieris	93.96	0.67	FALSE	TRUE	Predicted anaerobe	0.01421464150425532	0.011551634588888889	32	68.08510638297872	11	61.111111111111114	0.29904691244146187	0.20360640847078254	FALSE	0.219171115785641	0.754675468976807	-0.432289400075812	0.552257992438525	1.0	-0.065497751426856
C05_bin.36	G01_bin.76	d__Bacteria;p__Pseudomonadota;c__Alphaproteobacteria;o__RF32;f__CAG-239;g__Scatacola_A;s__Scatacola_A faecigallinarum	Scatacola A faecigallinarum	87.1	1.08	FALSE	TRUE	Predicted anaerobe	0.01579165110638298	0.027470182333333332	8	17.02127659574468	5	27.77777777777778	-0.7983162638511793	-0.13588361937892413	FALSE	0.760522145967305	0.972133645260907	0.120921501458761	0.432974632394081	0.980183611392108	0.125498660019963
C05_bin.38	G05_bin.13	d__Bacteria;p__Bacillota;c__Clostridia;o__Oscillospirales;f__Acutalibacteraceae;g__Ruminococcoides;s__Ruminococcoides intestinale	Ruminococcoides intestinale	91.01	0.34	FALSE	TRUE	Predicted anaerobe	0.04315217200212766	0.08444171429444444	29	61.702127659574465	12	66.66666666666667	-0.9683592429502437	-0.5974982562884482	FALSE	0.848727459359383	0.984395296096654	-0.0771002999349192	0.576501959129191	1.0	0.101163231462469
C05_bin.49	C05_bin.49	d__Bacteria;p__Bacillota;c__Clostridia;o__CAKSNL01;f__HGM11501;g__HGM11501;s__HGM11501 sp900766735	HGM11501 sp900766735	91.4	0.67	FALSE	TRUE	Predicted anaerobe	0.007531044617021277	0.006311032777777777	7	14.893617021276595	1	5.555555555555555	0.2546040894793978	0.03791975800756988	FALSE	0.00768942320164394	0.161486168340678	2.42467469536737	0.563578168316213	1.0	-0.107127779227706
C05_bin.51	C07_bin.25	d__Bacteria;p__Bacillota;c__Clostridia;o__Lachnospirales;f__Lachnospiraceae;g__Anaerobutyricum;s__Anaerobutyricum hallii	Anaerobutyricum hallii	98.25	7.46	FALSE	TRUE	Predicted anaerobe	0.019976560580851063	0.025146596722222223	41	87.23404255319149	16	88.88888888888889	-0.3319065373126966	-0.28953548999618217	FALSE	0.546019420795411	0.932687625987914	0.186002837863424	0.27738451836658	1.0	0.142675059588644
C05_bin.52	D01_bin.67	d__Bacteria;p__Actinomycetota;c__Coriobacteriia;o__Coriobacteriales;f__Coriobacteriaceae;g__Collinsella;s__Collinsella sp905215825	Collinsella sp905215825	89.74	3.23	FALSE	TRUE	Predicted anaerobe	0.014547849731914893	0.00314489735	28	59.57446808510638	5	27.77777777777778	2.206132307388431	1.3142915873803418	FALSE	0.54285903987506	0.931555522488562	-0.204083642680814	0.040379863971076	1.0	-0.44138306168772
C05_bin.53	H06_bin.61	d__Bacteria;p__Bacillota;c__Clostridia;o__Lachnospirales;f__Lachnospiraceae;g__Fusicatenibacter;s__Fusicatenibacter saccharivorans	Fusicatenibacter saccharivorans	91.73	3.16	FALSE	TRUE	Predicted anaerobe	0.01959219885106383	0.025908934427777777	43	91.48936170212765	17	94.44444444444444	-0.4029909119028866	-0.36869381301753457	FALSE	0.58036412244404	0.936541020716014	0.164822306051123	0.107525466867394	0.898534702793954	0.230922775656694
C05_bin.55	A06_bin.107	d__Bacteria;p__Bacteroidota;c__Bacteroidia;o__Bacteroidales;f__Marinifilaceae;g__Odoribacter;s__Odoribacter splanchnicus	Odoribacter splanchnicus	97.31	0	FALSE	TRUE	Predicted anaerobe	0.01609371300638298	0.010599942927777778	34	72.34042553191489	15	83.33333333333333	0.6019764706604216	0.4354723404777518	FALSE	0.202312258138708	0.735605715686345	-0.388463525199598	0.482056382712232	1.0	0.0294563161277836
C05_bin.6	F08_bin.12	d__Bacteria;p__Bacteroidota;c__Bacteroidia;o__Bacteroidales;f__Rikenellaceae;g__Alistipes_A;s__Alistipes_A hominis	Alistipes A hominis	88.86	0.96	FALSE	TRUE	Predicted anaerobe	0.009231242678723404	0.018370563544444444	19	40.42553191489362	5	27.77777777777778	-0.9920222296717741	-0.4010302630588023	FALSE	0.122747137161019	0.606530912345466	0.634476255548412	0.486257581030618	1.0	-0.122618322466765
C05_bin.60	C05_bin.60	d__Bacteria;p__Bacillota;c__Clostridia;o__Lachnospirales;f__Lachnospiraceae;g__Blautia_A;s__Blautia_A intestinihominis	Blautia A intestinihominis	98.18	2.85	FALSE	TRUE	Predicted anaerobe	0.03982235324042553	0.016464622888888888	18	38.297872340425535	7	38.888888888888886	1.2736952729413222	0.48779818963710214	FALSE	0.354492773178969	0.834818742665175	0.359259214197178	0.783043451109625	1.0	0.0247743311379909
C05_bin.61	H05_bin.43	d__Bacteria;p__Bacillota;c__Clostridia;o__Lachnospirales;f__Lachnospiraceae;g__Roseburia;s__Roseburia rectalis	Roseburia rectalis	99.28	0.97	FALSE	TRUE	Predicted anaerobe	0.051098684423404254	0.024730103444444446	38	80.85106382978724	11	61.111111111111114	1.0467169231542301	0.8462817676566116	FALSE	0.38028170805011	0.846233888501997	0.285579937120037	0.329054379368528	1.0	-0.0612458319867805
C05_bin.62	G04_bin.50	d__Bacteria;p__Bacillota;c__Clostridia;o__Lachnospirales;f__Lachnospiraceae;g__Butyribacter;s__Butyribacter sp003529475	Butyribacter sp003529475	80.87	0.73	FALSE	TRUE	Predicted anaerobe	0.011239304240425532	0.012274422855555555	24	51.06382978723404	7	38.888888888888886	-0.12699430408312012	-0.06484815527648687	FALSE	0.964477703179892	0.997964486761695	0.0177851511965462	0.624085737017979	1.0	-0.0675180635744338
C05_bin.65	B06_bin.18	d__Bacteria;p__Bacteroidota;c__Bacteroidia;o__Bacteroidales;f__Bacteroidaceae;g__Bacteroides;s__Bacteroides clarus	Bacteroides clarus	93.72	2.97	FALSE	TRUE	Predicted anaerobe	0.04359568894680851	0.04201743072222222	6	12.76595744680851	2	11.11111111111111	0.0531851037937454	0.006789587718350476	FALSE	0.0766838083882801	0.523553926500856	1.02769059231288	0.719858554919045	0.994133215798838	0.0201088583946961
C05_bin.68	B08_bin.66	d__Bacteria;p__Bacteroidota;c__Bacteroidia;o__Bacteroidales;f__Rikenellaceae;g__Alistipes;s__Alistipes communis	Alistipes communis	93.75	5.29	FALSE	TRUE	Predicted anaerobe	0.04821392519787234	0.03670405505555556	30	63.829787234042556	11	61.111111111111114	0.3934166157855741	0.2511169887993026	FALSE	0.813724150315478	0.983217763396128	0.0832944530654159	0.842374024945335	1.0	0.0138024362779421
C05_bin.76	F02_bin.66	d__Bacteria;p__Bacteroidota;c__Bacteroidia;o__Bacteroidales;f__Rikenellaceae;g__Tidjanibacter;s__Tidjanibacter inops	Tidjanibacter inops	95.19	0	FALSE	TRUE	Predicted anaerobe	0.023140959265957446	0.03203207041111111	23	48.93617021276596	8	44.44444444444444	-0.46889539790733237	-0.22945945003975837	FALSE	0.187903467220711	0.704836212486128	0.511494737628096	0.811883909466364	1.0	-0.0462836562683635
C05_bin.77	F06_bin.75	d__Bacteria;p__Bacillota;c__Clostridia;o__Oscillospirales;f__Oscillospiraceae;g__Hominicoprocola;s__Hominicoprocola fusiformis	Hominicoprocola fusiformis	81.18	5.17	FALSE	TRUE	Predicted anaerobe	0.015236399068085106	0.02498629108888889	36	76.59574468085107	15	83.33333333333333	-0.7132455022471413	-0.5463157038488742	FALSE	0.314940208630961	0.826466231054012	0.351675391869214	0.019957420185643	0.77694108430765	0.241815492589145
C05_bin.79	G08_bin.17	d__Bacteria;p__Bacillota;c__Clostridia;o__Oscillospirales;f__Oscillospiraceae;g__Hominicoprocola;s__Hominicoprocola sp900317525	Hominicoprocola sp900317525	93.06	2.87	FALSE	TRUE	Predicted anaerobe	0.019060169342553192	0.019873047605555555	33	70.2127659574468	12	66.66666666666667	-0.060221250414398506	-0.04228300561010959	FALSE	0.57047455854304	0.936541020716014	-0.211368142148622	0.797267836031208	1.0	-0.0282871284717397
C05_bin.81	A03_bin.21	d__Bacteria;p__Bacillota;c__Clostridia;o__Lachnospirales;f__Lachnospiraceae;g__Hominisplanchenecus;s__Hominisplanchenecus faecis	Hominisplanchenecus faecis	85.96	8.77	FALSE	TRUE	Predicted anaerobe	0.020941977338297873	0.06224844962777778	31	65.95744680851064	13	72.22222222222223	-1.571183246597209	-1.0363123541385846	FALSE	0.106772579391378	0.584834897934392	0.580172875592383	0.104651482021738	0.895580568299485	0.240102952626524
C05_bin.83	F03_bin.13	d__Bacteria;p__Bacteroidota;c__Bacteroidia;o__Bacteroidales;f__Rikenellaceae;g__Alistipes;s__Alistipes finegoldii	Alistipes finegoldii	90.21	0.48	FALSE	TRUE	Predicted anaerobe	0.10514460268085106	0.036532264333333335	37	78.72340425531915	13	72.22222222222223	1.5248740609630282	1.2004327713964265	FALSE	0.484800564474446	0.900238809691037	-0.24064717435752	0.507010066357253	1.0	-0.10027069648205
C05_bin.87	H02_bin.14	d__Bacteria;p__Bacillota;c__Clostridia;o__Oscillospirales;f__Oscillospiraceae;g__Vescimonas;s__Vescimonas sp900547745	Vescimonas sp900547745	83.89	6.27	FALSE	TRUE	Predicted anaerobe	0.10946786863829787	0.004830187	10	21.27659574468085	1	5.555555555555555	4.499432655949763	0.9573260970105878	FALSE	0.492761468563335	0.903226691861454	0.278686726319354	0.208134426186129	1.0	-0.146058503370412
C05_bin.9	G06_bin.14	d__Bacteria;p__Bacillota;c__Clostridia;o__Oscillospirales;f__Acutalibacteraceae;g__Eubacterium_R;s__Eubacterium_R sp000436835	Eubacterium R sp000436835	90.11	1.44	FALSE	TRUE	Predicted anaerobe	0.009142646531914893	0.02385482488888889	7	14.893617021276595	6	33.333333333333336	-1.382624879408617	-0.20592285438000676	FALSE	0.273642674993172	0.796900983280593	0.439737397480268	0.203673161463528	0.923529643830003	0.227772384893107
C05_bin.90	C05_bin.90	d__Bacteria;p__Bacillota;c__Clostridia;o__Oscillospirales;f__CAG-272;g__UBA11512;s__UBA11512 sp003522145	UBA11512 sp003522145	91.5	1.34	FALSE	TRUE	Predicted anaerobe	0.01767876995744681	0.0016937629444444444	9	19.148936170212767	1	5.555555555555555	3.37603720616813	0.6464752096917695	FALSE	0.226317480596913	0.764231036679804	-0.519051362009923	0.329673262936899	1.0	-0.121820410357429
C05_bin.92	B01_bin.68	d__Bacteria;p__Actinomycetota;c__Coriobacteriia;o__Coriobacteriales;f__QAMH01;g__QAMH01;s__QAMH01 sp900544245	QAMH01 sp900544245	99.19	0.81	FALSE	TRUE	Predicted anaerobe	0.009259861917021276	0.009360100366666667	14	29.78723404255319	6	33.333333333333336	-0.015516652452853998	-0.0046219815817011905	FALSE	0.900723026666679	0.988426013077921	-0.0456953883662658	0.682033944669592	0.994507880133439	0.0738029103544925
C06_bin.10	C06_bin.10	d__Bacteria;p__Bacillota;c__Clostridia;o__Oscillospirales;f__Oscillospiraceae;g__Intestinimonas;s__Intestinimonas butyriciproducens	Intestinimonas butyriciproducens	90.58	6.32	FALSE	TRUE	Predicted anaerobe	0.024966710976595745	0.07712445087222222	31	65.95744680851064	15	83.33333333333333	-1.6267918506427916	-1.072990369572905	FALSE	0.308890939140111	0.822194706915915	0.43854441688258	0.0716938845410687	0.858414623067001	0.283812282929147
C06_bin.11	C06_bin.11	d__Bacteria;p__Bacillota;c__Clostridia;o__Lachnospirales;f__Lachnospiraceae;g__Anthropogastromicrobium;s__Anthropogastromicrobium aceti	Anthropogastromicrobium aceti	95.38	1.94	FALSE	TRUE	Predicted anaerobe	0.009378938423404256	0.019537877294444443	33	70.2127659574468	15	83.33333333333333	-1.0579780022708822	-0.7428356186157259	FALSE	0.568685989078389	0.936541020716014	0.194163644222915	0.0497295980341161	0.835304829923567	0.212902670914464
C06_bin.18	G08_bin.9	d__Bacteria;p__Bacillota;c__Clostridia;o__Oscillospirales;f__Ruminococcaceae;g__Faecalibacterium;s__Faecalibacterium taiwanense	Faecalibacterium taiwanense	89.08	0.4	FALSE	TRUE	Predicted anaerobe	0.07289228418723405	0.1578759356111111	46	97.87234042553192	18	100.0	-1.1148467393236343	-1.0911265959337697	FALSE	0.94139403462815	0.99690442516441	0.0305708932761601	0.382726980185826	1.0	0.117295973960861
C06_bin.2	A06_bin.107	d__Bacteria;p__Bacteroidota;c__Bacteroidia;o__Bacteroidales;f__Marinifilaceae;g__Odoribacter;s__Odoribacter splanchnicus	Odoribacter splanchnicus	99.46	0	FALSE	TRUE	Predicted anaerobe	0.00895841	0.016208265988888887	36	76.59574468085107	14	77.77777777777777	-0.8546954398915628	-0.6546603369382183	FALSE	0.234406514668127	0.764231036679804	0.392586050709227	0.177107951919798	0.980832839892115	0.128471219955565
C06_bin.20	A03_bin.21	d__Bacteria;p__Bacillota;c__Clostridia;o__Lachnospirales;f__Lachnospiraceae;g__Hominisplanchenecus;s__Hominisplanchenecus faecis	Hominisplanchenecus faecis	89.69	1.8	FALSE	TRUE	Predicted anaerobe	0.013718908206382979	0.05507998153888889	26	55.319148936170215	12	66.66666666666667	-2.0045730799506822	-1.1089127676322923	FALSE	0.108582577573614	0.586899738179697	0.620352781923992	0.106764390689715	0.899528935751804	0.210457068573104
C06_bin.21	G07_bin.107	d__Bacteria;p__Bacillota;c__Clostridia;o__Lachnospirales;f__Lachnospiraceae;g__Roseburia;s__Roseburia faecis	Roseburia faecis	95.89	3.04	FALSE	TRUE	Predicted anaerobe	0.017572083593617022	0.055689901111111106	27	57.4468085106383	11	61.111111111111114	-1.6635687166736817	-0.955667135110413	FALSE	0.130314150389483	0.616219572852396	0.565235056621664	0.2746928054832	0.992902542823743	0.151361869504958
C06_bin.22	F06_bin.53	d__Bacteria;p__Bacillota;c__Clostridia;o__Oscillospirales;f__Ruminococcaceae;g__Faecalibacterium;s__Faecalibacterium tardum	Faecalibacterium tardum	88.61	3.71	FALSE	TRUE	Predicted anaerobe	0.032633751638297875	0.10940468455555555	36	76.59574468085107	16	88.88888888888889	-1.7449275992528954	-1.3365402887894517	FALSE	0.726115177325727	0.968074598146667	0.135336040500029	0.0838679574486819	0.867670423128366	0.170448441911576
C06_bin.29	C06_bin.29	d__Bacteria;p__Bacillota;c__Clostridia;o__Oscillospirales;f__Oscillospiraceae;g__Vescimonas;s__Vescimonas coprocola	Vescimonas coprocola	90.27	0.71	FALSE	TRUE	Predicted anaerobe	0.03283078351914894	0.02639222086111111	27	57.4468085106383	11	61.111111111111114	0.3148292584343801	0.1808593612282609	FALSE	0.752947336880027	0.971644762115332	0.136642260981811	0.44120598092987	0.99900381608175	0.0863943879986176
C06_bin.30	C07_bin.89	d__Bacteria;p__Desulfobacterota;c__Desulfovibrionia;o__Desulfovibrionales;f__Desulfovibrionaceae;g__Bilophila;s__Bilophila wadsworthia	Bilophila wadsworthia	97.63	0.03	FALSE	TRUE	Predicted anaerobe	0.006866971289361702	0.012609929733333334	26	55.319148936170215	11	61.111111111111114	-0.8758586499259988	-0.484517551022893	FALSE	0.590043823159923	0.939278465232197	0.197108578893013	0.539406918994879	1.0	0.120433220266502
C06_bin.35	H07_bin.48	d__Bacteria;p__Bacillota;c__Clostridia;o__Lachnospirales;f__Lachnospiraceae;g__Mediterraneibacter;s__Mediterraneibacter faecis	Mediterraneibacter faecis	94.35	8.97	FALSE	TRUE	Predicted anaerobe	0.051444511880851064	0.06480691357777778	41	87.23404255319149	18	100.0	-0.3330727367374668	-0.29055281289864127	FALSE	0.815186227009452	0.983217763396128	0.0861869033266328	0.024455012822653	0.906577220885357	0.188802757309975
C06_bin.37	F06_bin.46	d__Bacteria;p__Bacillota;c__Bacilli;o__Lactobacillales;f__Streptococcaceae;g__Streptococcus;s__Streptococcus thermophilus	Streptococcus thermophilus	92.12	0.36	FALSE	FALSE	Facultative/other	0.008168789478723404	0.0056878295	17	36.170212765957444	4	22.22222222222222	0.5214748778715236	0.18861857284714684	FALSE	0.0857762922158953	0.536188191314732	0.657157207008809	0.506731094067235	1.0	-0.131139947041853
C06_bin.41	C06_bin.41	d__Bacteria;p__Bacillota;c__Clostridia;o__Lachnospirales;f__Lachnospiraceae;g__Lachnospira;s__Lachnospira intestinalis	Lachnospira intestinalis	96.64	0	FALSE	TRUE	Predicted anaerobe	0.012378354870212766	0.041521160405555556	26	55.319148936170215	12	66.66666666666667	-1.7452095667008725	-0.9654350794515465	FALSE	0.322348585115817	0.826466231054012	0.400992414589834	0.133806384133153	0.92855375923317	0.218645430397068
C06_bin.42	E03_bin.35	d__Bacteria;p__Bacillota;c__Clostridia;o__Lachnospirales;f__Lachnospiraceae;g__Pilosibacter;s__Pilosibacter fragilis	Pilosibacter fragilis	94.01	8.5	FALSE	TRUE	Predicted anaerobe	0.015541184229787234	0.02535422745	31	65.95744680851064	15	83.33333333333333	-0.7057707727450138	-0.4655083820233069	FALSE	0.633394041278763	0.945612827369833	-0.175694774493884	0.100232055149726	0.891831072984061	0.207796211174734
C06_bin.43	C02_bin.32	d__Bacteria;p__Bacillota;c__Clostridia;o__Lachnospirales;f__Lachnospiraceae;g__Coprococcus_C;s__Coprococcus_C hominis	Coprococcus C hominis	98.25	9.41	FALSE	TRUE	Predicted anaerobe	0.010093534531914894	0.03394354286111111	11	23.404255319148938	9	50.0	-1.7487020383740801	-0.4092706898322315	FALSE	0.401425832630422	0.856335508584847	0.330276042191517	0.0970602100284744	0.845695005738334	0.337272877773033
C06_bin.44	B04_bin.33	d__Bacteria;p__Bacillota;c__Clostridia;o__UBA1381;f__UBA1381;g__Hominilimicola;s__Hominilimicola fabiformis	Hominilimicola fabiformis	95.64	1.68	FALSE	TRUE	Predicted anaerobe	0.014617186255319149	0.029298195483333334	38	80.85106382978724	15	83.33333333333333	-1.0026518699680096	-0.8106547033783906	FALSE	0.128730144312357	0.614700919466969	0.52692777590769	0.210915481322545	0.997583334745405	0.173735323817
C06_bin.46	B02_bin.41	d__Bacteria;p__Bacillota;c__Clostridia;o__Lachnospirales;f__Lachnospiraceae;g__Dorea_A;s__Dorea_A longicatena	Dorea A longicatena	89.24	2.62	FALSE	TRUE	Predicted anaerobe	0.0218356545	0.04317849769444444	42	89.36170212765957	16	88.88888888888889	-0.9833008036325679	-0.878694335161018	FALSE	0.478418020499775	0.899183129438266	0.265430835934964	0.185550518114938	0.994120466867001	0.157778516274115
C06_bin.52	A04_bin.93	d__Bacteria;p__Bacillota;c__Clostridia;o__Oscillospirales;f__Ruminococcaceae;g__Gemmiger;s__Gemmiger qucibialis	Gemmiger qucibialis	89.87	2.27	FALSE	TRUE	Predicted anaerobe	0.00923262685106383	0.013467925883333334	31	65.95744680851064	14	77.77777777777777	-0.5442236533777312	-0.35895602669595034	FALSE	0.838176887871579	0.983217763396128	0.0672395585230761	0.235758839042504	0.996198264595984	0.151513215792287
C06_bin.54	H06_bin.61	d__Bacteria;p__Bacillota;c__Clostridia;o__Lachnospirales;f__Lachnospiraceae;g__Fusicatenibacter;s__Fusicatenibacter saccharivorans	Fusicatenibacter saccharivorans	82.1	5.06	FALSE	TRUE	Predicted anaerobe	0.02079258664042553	0.028396753444444443	43	91.48936170212765	17	94.44444444444444	-0.4494710305212662	-0.4112181768598818	FALSE	0.279148862105554	0.801776611379208	0.328562373473901	0.0536557155755236	0.840872465395928	0.267051139423639
C06_bin.55	E07_bin.69	d__Bacteria;p__Bacillota;c__Clostridia;o__Oscillospirales;f__Oscillospiraceae;g__Oscillibacter;s__Oscillibacter welbionis	Oscillibacter welbionis	95.3	3.52	FALSE	TRUE	Predicted anaerobe	0.027847218319148936	0.03807343901111111	41	87.23404255319149	16	88.88888888888889	-0.4511125578860343	-0.3935237207090938	FALSE	0.879701296661595	0.984846414163431	-0.0586560219285704	0.786438298849422	1.0	0.0154761915032638
C06_bin.58	H07_bin.23	d__Bacteria;p__Bacillota;c__Clostridia;o__Oscillospirales;f__Ruminococcaceae;g__Faecalibacterium;s__Faecalibacterium longum	Faecalibacterium longum	94.97	4.59	FALSE	TRUE	Predicted anaerobe	0.02974509574680851	0.059957312722222225	42	89.36170212765957	15	83.33333333333333	-1.0110395635039406	-0.9034821631311809	FALSE	0.649048649923911	0.947865487459929	0.17609355088285	0.852802941842093	1.0	0.0241451380123394
C06_bin.63	F03_bin.40	d__Bacteria;p__Bacillota;c__Clostridia;o__Lachnospirales;f__Lachnospiraceae;g__Blautia_A;s__Blautia_A wexlerae	Blautia A wexlerae	96.84	8.86	FALSE	TRUE	Predicted anaerobe	0.04347852524042553	0.06366949025	46	97.87234042553192	18	100.0	-0.5501940015218237	-0.5384877461702956	FALSE	0.333651036889931	0.829841389701096	0.323918525234707	0.0937644152568609	0.878029161156704	0.283394408040613
C07_bin.10	H06_bin.61	d__Bacteria;p__Bacillota;c__Clostridia;o__Lachnospirales;f__Lachnospiraceae;g__Fusicatenibacter;s__Fusicatenibacter saccharivorans	Fusicatenibacter saccharivorans	88.19	2.22	FALSE	TRUE	Predicted anaerobe	0.02214728490212766	0.028325897722222222	43	91.48936170212765	17	94.44444444444444	-0.35484980183520437	-0.32464981870029336	FALSE	0.680567743570653	0.955545653121084	0.122887155011199	0.146107098737508	0.962912167494098	0.212622434715088
C07_bin.13	D08_bin.97	d__Bacteria;p__Bacteroidota;c__Bacteroidia;o__Bacteroidales;f__Tannerellaceae;g__Parabacteroides;s__Parabacteroides merdae	Parabacteroides merdae	92.31	0.79	FALSE	TRUE	Predicted anaerobe	0.020408425070212767	0.021179337783333335	30	63.829787234042556	11	61.111111111111114	-0.05346690936464857	-0.03412781448807355	FALSE	0.944640249054797	0.99690442516441	-0.0241459321746678	0.788818292007915	1.0	0.0319562921440021
C07_bin.14	A09_bin.21	d__Bacteria;p__Bacillota;c__Clostridia;o__Oscillospirales;f__Oscillospiraceae;g__CAG-170;s__CAG-170 sp900545925	CAG-170 sp900545925	89.06	4.73	FALSE	TRUE	Predicted anaerobe	0.04060666317021277	0.02555266975	28	59.57446808510638	10	55.55555555555556	0.6680332026699656	0.39797722712253264	FALSE	0.180752996791656	0.68879819256539	-0.470070177096715	0.799387109805982	1.0	-0.0236100615566092
C07_bin.15	B04_bin.18	d__Bacteria;p__Bacteroidota;c__Bacteroidia;o__Bacteroidales;f__Rikenellaceae;g__Alistipes;s__Alistipes onderdonkii	Alistipes onderdonkii	93.73	0.48	FALSE	TRUE	Predicted anaerobe	0.12238052763617022	0.09618940806666666	41	87.23404255319149	15	83.33333333333333	0.34739198361320045	0.3030440708115153	FALSE	0.752431831356331	0.971644762115332	-0.151072550776265	0.635904804362755	1.0	-0.0522739075060712
C07_bin.16	B08_bin.66	d__Bacteria;p__Bacteroidota;c__Bacteroidia;o__Bacteroidales;f__Rikenellaceae;g__Alistipes;s__Alistipes communis	Alistipes communis	94.23	0.96	FALSE	TRUE	Predicted anaerobe	0.03152980479361702	0.02210623898333333	29	61.702127659574465	11	61.111111111111114	0.512067664677976	0.3159566441630065	FALSE	0.876540436708066	0.984846414163431	-0.0564681297867741	0.865146650064264	1.0	0.00167270466761634
C07_bin.18	B09_bin.106	d__Bacteria;p__Bacteroidota;c__Bacteroidia;o__Bacteroidales;f__Marinifilaceae;g__Butyricimonas;s__Butyricimonas virosa	Butyricimonas virosa	95.16	0	FALSE	TRUE	Predicted anaerobe	0.019418040878723404	0.005976924411111111	20	42.5531914893617	4	22.22222222222222	1.6982534665784461	0.7226610496078494	FALSE	0.616926466534794	0.943026319703049	0.18566585187028	0.258808505681773	1.0	-0.216631642564006
C07_bin.25	C07_bin.25	d__Bacteria;p__Bacillota;c__Clostridia;o__Lachnospirales;f__Lachnospiraceae;g__Anaerobutyricum;s__Anaerobutyricum hallii	Anaerobutyricum hallii	93.06	0.8	FALSE	TRUE	Predicted anaerobe	0.024766270819148936	0.03200211555555556	43	91.48936170212765	16	88.88888888888889	-0.36965896439557194	-0.3381986270002041	FALSE	0.352881551661821	0.834470369140725	0.282210761912407	0.318630119685441	1.0	0.112636007332518
C07_bin.29	H05_bin.34	d__Bacteria;p__Pseudomonadota;c__Gammaproteobacteria;o__Enterobacterales;f__Enterobacteriaceae;g__Escherichia;s__Escherichia coli	Escherichia coli	85.15	0.08	FALSE	FALSE	Facultative/other	0.03377661058085107	0.0019437636222222221	16	34.04255319148936	3	16.666666666666668	4.112123791611579	1.399871929059261	FALSE	0.00720035736598645	0.160027942459049	-1.28870253272883	0.206793795875173	1.0	-0.147145473967936
C07_bin.3	B09_bin.93	d__Bacteria;p__Bacillota;c__Clostridia;o__Oscillospirales;f__Oscillospiraceae;g__CAG-103;s__CAG-103 sp000432375	CAG-103 sp000432375	88.59	2.01	FALSE	TRUE	Predicted anaerobe	0.012650272727659574	0.010973112427777779	23	48.93617021276596	9	50.0	0.2050215360572917	0.10032968785782359	FALSE	0.654909744855971	0.947865487459929	-0.163235169128916	0.832202449227025	1.0	-0.01569287105996
C07_bin.30	H06_bin.64	d__Bacteria;p__Bacillota;c__Clostridia;o__Oscillospirales;f__Ruminococcaceae;g__Ruminiclostridium_E;s__Ruminiclostridium_E siraeum	Ruminiclostridium E siraeum	90.72	0	FALSE	TRUE	Predicted anaerobe	0.026060305682978725	0.012062183122222223	25	53.191489361702125	8	44.44444444444444	1.1107209037525565	0.5908089913577428	FALSE	0.685928433944633	0.958298854207417	0.148156430213078	0.651517272038115	1.0	-0.0574390596695234
C07_bin.33	A01_bin.31	d__Bacteria;p__Bacillota;c__Clostridia;o__Lachnospirales;f__Lachnospiraceae;g__Mediterraneibacter;s__Mediterraneibacter torques	Mediterraneibacter torques	90.35	1.46	FALSE	TRUE	Predicted anaerobe	0.018766191072340427	0.007026031833333333	24	51.06382978723404	7	38.888888888888886	1.4160705131939173	0.7230998365245535	FALSE	0.290307845923246	0.809039733623089	-0.396797031472409	0.515876404347912	1.0	-0.0933871886899021
C07_bin.36	E07_bin.8	d__Bacteria;p__Bacteroidota;c__Bacteroidia;o__Bacteroidales;f__Bacteroidaceae;g__Bacteroides;s__Bacteroides fragilis	Bacteroides fragilis	90.84	3.08	FALSE	TRUE	Predicted anaerobe	0.15580918168085106	0.09839774800000001	25	53.191489361702125	10	55.55555555555556	0.6630290294575758	0.3526750156689233	FALSE	0.949553781115373	0.99690442516441	0.0231823192014703	0.573999789773414	1.0	0.0567839128127618
C07_bin.38	C07_bin.38	d__Bacteria;p__Bacillota;c__Clostridia;o__Oscillospirales;f__Ruminococcaceae;g__Ruminococcus_C;s__Ruminococcus_C sp000433635	Ruminococcus C sp000433635	94.3	0	FALSE	TRUE	Predicted anaerobe	0.012913290668085107	0.08489408179999999	17	36.170212765957444	6	33.333333333333336	-2.7158604421966275	-0.982332500368993	FALSE	0.0858462878057569	0.536188191314732	0.731575072510339	0.712937869482187	0.999470496399451	0.0536489688116816
C07_bin.41	F06_bin.75	d__Bacteria;p__Bacillota;c__Clostridia;o__Oscillospirales;f__Oscillospiraceae;g__Hominicoprocola;s__Hominicoprocola fusiformis	Hominicoprocola fusiformis	93.62	0.89	FALSE	TRUE	Predicted anaerobe	0.0218400414106383	0.022754684827777778	33	70.2127659574468	14	77.77777777777777	-0.05916147173607209	-0.041538905687029344	FALSE	0.940216357225527	0.99690442516441	0.0244395033316643	0.0958313313357439	0.883595172853114	0.149760060394059
C07_bin.43	A06_bin.107	d__Bacteria;p__Bacteroidota;c__Bacteroidia;o__Bacteroidales;f__Marinifilaceae;g__Odoribacter;s__Odoribacter splanchnicus	Odoribacter splanchnicus	99.46	0.54	FALSE	TRUE	Predicted anaerobe	0.01817886949574468	0.013673888722222222	36	76.59574468085107	15	83.33333333333333	0.41057759981440867	0.3144849700706109	FALSE	0.373999929588611	0.839386167024592	-0.264362736845761	0.597114974926827	1.0	0.0455229109403163
C07_bin.45	E07_bin.69	d__Bacteria;p__Bacillota;c__Clostridia;o__Oscillospirales;f__Oscillospiraceae;g__Oscillibacter;s__Oscillibacter welbionis	Oscillibacter welbionis	96.98	2.01	FALSE	TRUE	Predicted anaerobe	0.02293550679148936	0.02895986343888889	40	85.1063829787234	14	77.77777777777777	-0.33634121236532966	-0.2862478403109189	FALSE	0.799459618678037	0.980547866156647	0.0974856411796469	0.787489518258414	1.0	0.0165749678619931
C07_bin.5	G08_bin.9	d__Bacteria;p__Bacillota;c__Clostridia;o__Oscillospirales;f__Ruminococcaceae;g__Faecalibacterium;s__Faecalibacterium taiwanense	Faecalibacterium taiwanense	84.61	6.93	FALSE	TRUE	Predicted anaerobe	0.07917277327659575	0.061764536555555555	46	97.87234042553192	18	100.0	0.35817431460478927	0.350553584506815	FALSE	0.627791038351623	0.943026319703049	-0.159705057201683	0.517658929902475	1.0	0.102321476002559
C07_bin.52	A09_bin.62	d__Bacteria;p__Bacillota;c__Clostridia;o__Oscillospirales;f__Ruminococcaceae;g__Ruthenibacterium;s__Ruthenibacterium lactatiformans	Ruthenibacterium lactatiformans	94.9	0.68	FALSE	TRUE	Predicted anaerobe	0.030677199634042553	0.011417345177777777	35	74.46808510638297	16	88.88888888888889	1.425146725546415	1.0612794764707345	FALSE	0.230258205533807	0.764231036679804	-0.427678791429117	0.383230895124323	1.0	0.00937919987994664
C07_bin.53	F08_bin.22	d__Bacteria;p__Pseudomonadota;c__Gammaproteobacteria;o__Burkholderiales;f__Burkholderiaceae_D;g__Oxalobacter;s__Oxalobacter formigenes	Oxalobacter formigenes	80.85	1.81	FALSE	TRUE	Predicted anaerobe	0.010603206893617021	0.00045588777777777776	7	14.893617021276595	1	5.555555555555555	4.50973435468604	0.6716625634638782	FALSE	0.00739376726187795	0.161486168340678	-2.44443014185289	0.462604756668249	0.998373162737533	-0.0593623217438738
C07_bin.55	B06_bin.7	d__Bacteria;p__Bacteroidota;c__Bacteroidia;o__Bacteroidales;f__Rikenellaceae;g__Alistipes;s__Alistipes senegalensis	Alistipes senegalensis	94.09	4.97	FALSE	TRUE	Predicted anaerobe	0.03565420976595745	0.07158213422222222	24	51.06382978723404	7	38.888888888888886	-1.0053240810745196	-0.5133569775699675	FALSE	0.00745297165534563	0.161486168340678	1.03900564829788	0.729769071455265	1.0	-0.0291469744568756
C07_bin.6	G06_bin.24	d__Bacteria;p__Bacillota;c__Clostridia;o__Oscillospirales;f__Oscillospiraceae;g__CAG-170;s__CAG-170 sp000432135	CAG-170 sp000432135	83.18	6.88	FALSE	TRUE	Predicted anaerobe	0.0316177783106383	0.01948378102777778	30	63.829787234042556	10	55.55555555555556	0.6981782735765303	0.44564570653821084	FALSE	0.705628583041711	0.965055671875703	-0.131581169244777	0.595606375613609	1.0	-0.0206728981553192
C07_bin.60	H06_bin.54	d__Bacteria;p__Bacillota_I;c__Bacilli_A;o__RF39;f__UBA660;g__CAG-914;s__CAG-914 sp000437895	CAG-914 sp000437895	92.13	4.49	FALSE	TRUE	Predicted anaerobe	0.07702593367021277	0.0010660825277777777	5	10.638297872340425	2	11.11111111111111	6.161670921190955	0.6554969065096761	FALSE	0.0149168708747145	0.226685439446516	-3.08610757661654	0.772960236898294	0.992953964699043	-0.00708111363164282
C07_bin.61	C03_bin.49	d__Bacteria;p__Actinomycetota;c__Actinomycetes;o__Actinomycetales;f__Bifidobacteriaceae;g__Bifidobacterium;s__Bifidobacterium longum	Bifidobacterium longum	91.08	2	FALSE	TRUE	Predicted anaerobe	0.023361142640425533	0.01270849015	42	89.36170212765957	12	66.66666666666667	0.8778008566204075	0.7844177867671727	FALSE	0.598072662417047	0.940772237633192	-0.164313794042941	0.133105672406124	1.0	-0.152734276235725
C07_bin.62	G07_bin.85	d__Bacteria;p__Bacillota;c__Clostridia;o__Christensenellales;f__Aristaeellaceae;g__UBA11524;s__UBA11524 sp000437595	UBA11524 sp000437595	96	1.52	FALSE	TRUE	Predicted anaerobe	0.01481490034468085	0.012737401638888889	21	44.680851063829785	7	38.888888888888886	0.21781920085016698	0.09732347272028737	FALSE	0.773081720863777	0.973859377503757	-0.10542438899356	0.69881214343698	1.0	-0.0602988878070433
C07_bin.63	D07_bin.25	d__Bacteria;p__Actinomycetota;c__Coriobacteriia;o__Coriobacteriales;f__Eggerthellaceae;g__Adlercreutzia;s__Adlercreutzia rubneri	Adlercreutzia rubneri	95.16	0	FALSE	TRUE	Predicted anaerobe	0.01451728435531915	0.023229308494444444	30	63.829787234042556	13	72.22222222222223	-0.677802101462794	-0.4326396392315706	FALSE	0.0880787199943778	0.536188191314732	0.620051971079484	0.172159890508644	0.967376423777996	0.211041245643736
C07_bin.64	D06_bin.80	d__Bacteria;p__Bacillota;c__Clostridia;o__Christensenellales;f__CAG-138;g__SFEL01;s__SFEL01 sp004557245	SFEL01 sp004557245	96.37	1.28	FALSE	TRUE	Predicted anaerobe	0.011716601261702127	0.002665239611111111	17	36.170212765957444	2	11.11111111111111	2.1320449163373634	0.7711651825050038	FALSE	0.678719428787636	0.954717677519316	-0.153166765578621	0.115620523284424	0.9977392679451	-0.286213025047827
C07_bin.66	E03_bin.39	d__Bacteria;p__Bacillota;c__Clostridia;o__Oscillospirales;f__Oscillospiraceae;g__CAG-170;s__CAG-170 sp900549635	CAG-170 sp900549635	89.34	8.67	FALSE	TRUE	Predicted anaerobe	0.039843192574468084	0.019678610722222222	31	65.95744680851064	9	50.0	1.0173339861508286	0.6710075227803337	FALSE	0.684345041749868	0.958083058449815	-0.135370773143491	0.304158864814649	1.0	-0.0426197406172755
C07_bin.69	C07_bin.69	d__Bacteria;p__Bacillota;c__Clostridia;o__Oscillospirales;f__Ruminococcaceae;g__Allofournierella_A;s__Allofournierella_A excrementavium	Allofournierella A excrementavium	86.56	1.9	FALSE	TRUE	Predicted anaerobe	0.007641633082978723	0.0038067237222222223	8	17.02127659574468	2	11.11111111111111	1.003432934862365	0.17079709529572168	FALSE	0.168212046034697	0.675126451127971	0.602121524007401	0.690168489229638	1.0	-0.0534438020100944
C07_bin.7	D08_bin.21	d__Bacteria;p__Bacteroidota;c__Bacteroidia;o__Bacteroidales;f__Rikenellaceae;g__Alistipes;s__Alistipes putredinis	Alistipes putredinis	98.61	0.98	FALSE	TRUE	Predicted anaerobe	0.14553871382340425	0.153144854	36	76.59574468085107	16	88.88888888888889	-0.07348900079931178	-0.05628944742074945	FALSE	0.500066450701284	0.912284011708043	0.221163019565998	0.0364027652354083	0.821178571434324	0.221022511208128
C07_bin.71	C06_bin.29	d__Bacteria;p__Bacillota;c__Clostridia;o__Oscillospirales;f__Oscillospiraceae;g__Vescimonas;s__Vescimonas coprocola	Vescimonas coprocola	82.47	2.35	FALSE	TRUE	Predicted anaerobe	0.02815643164680851	0.01667226136111111	26	55.319148936170215	11	61.111111111111114	0.7556619365995327	0.41802575216144366	FALSE	0.0120392314879702	0.194364989387296	-1.02254243228359	0.539857645241457	1.0	0.0755727729787523
C07_bin.75	C07_bin.75	d__Bacteria;p__Bacillota;c__Clostridia;o__Christensenellales;f__CAG-314;g__CAG-314;s__CAG-314 sp000437915	CAG-314 sp000437915	93.95	0.81	FALSE	TRUE	Predicted anaerobe	0.015462850240425532	0.005605556277777778	12	25.53191489361702	4	22.22222222222222	1.4622381304924037	0.3733373950193371	FALSE	0.0378634460553965	0.378209028575815	-0.87343027081999	0.775320778564825	1.0	-0.0147182503995091
C07_bin.77	H05_bin.43	d__Bacteria;p__Bacillota;c__Clostridia;o__Lachnospirales;f__Lachnospiraceae;g__Roseburia;s__Roseburia rectalis	Roseburia rectalis	96.82	1.33	FALSE	TRUE	Predicted anaerobe	0.020442678068085106	0.02200133166111111	36	76.59574468085107	14	77.77777777777777	-0.10595666768621353	-0.08115829865326994	FALSE	0.88176459658217	0.984846414163431	0.0512509313467369	0.709097805300597	1.0	0.0411159660222597
C07_bin.80	G08_bin.86	d__Bacteria;p__Bacillota;c__Clostridia;o__Oscillospirales;f__Oscillospiraceae;g__JAZOXB01;s__JAZOXB01 sp040096185	JAZOXB01 sp040096185	82.33	1.01	FALSE	TRUE	Predicted anaerobe	0.031189768506382977	0.018615722716666668	38	80.85106382978724	14	77.77777777777777	0.7442389185104428	0.6017250830509963	FALSE	0.211822906992291	0.740829313404755	-0.473274437530223	0.433726200248303	1.0	-0.0943698962434364
C07_bin.83	B01_bin.9	d__Bacteria;p__Verrucomicrobiota;c__Verrucomicrobiia;o__Verrucomicrobiales;f__Akkermansiaceae;g__Akkermansia;s__Akkermansia muciniphila	Akkermansia muciniphila	97.96	0	FALSE	TRUE	Predicted anaerobe	0.02444256125106383	0.07287883034444445	19	40.42553191489362	8	44.44444444444444	-1.5757121632447255	-0.6369900234393571	FALSE	0.329393059485592	0.829416654904531	-0.452536559676105	0.691994904381751	1.0	0.0445404148280031
C07_bin.84	F05_bin.48	d__Bacteria;p__Pseudomonadota;c__Gammaproteobacteria;o__Burkholderiales;f__Burkholderiaceae_F;g__Sutterella;s__Sutterella wadsworthensis	Sutterella wadsworthensis	98.84	0	FALSE	TRUE	Predicted anaerobe	0.015212093365957446	0.026531905	20	42.5531914893617	6	33.333333333333336	-0.8021051472511522	-0.3413213392558095	FALSE	0.0765054173457828	0.523553926500856	0.66321793134427	0.778182339407863	1.0	-0.038227593426082
C07_bin.89	C07_bin.89	d__Bacteria;p__Desulfobacterota;c__Desulfovibrionia;o__Desulfovibrionales;f__Desulfovibrionaceae;g__Bilophila;s__Bilophila wadsworthia	Bilophila wadsworthia	99.62	0	FALSE	TRUE	Predicted anaerobe	0.009733213685106382	0.007269010138888889	25	53.191489361702125	10	55.55555555555556	0.42065543295363655	0.2237528898689556	FALSE	0.601254138833098	0.941047410955325	-0.179173071061798	0.762224586985309	1.0	0.0577790817615343
C07_bin.9	A04_bin.93	d__Bacteria;p__Bacillota;c__Clostridia;o__Oscillospirales;f__Ruminococcaceae;g__Gemmiger;s__Gemmiger qucibialis	Gemmiger qucibialis	95.92	0.68	FALSE	TRUE	Predicted anaerobe	0.037451715436170215	0.015560885722222223	38	80.85106382978724	14	77.77777777777777	1.2665659526725586	1.024032046841643	FALSE	0.368210529055945	0.837434938010914	-0.287986401548539	0.571349525152742	1.0	0.0395898965810154
C07_bin.90	G01_bin.76	d__Bacteria;p__Pseudomonadota;c__Alphaproteobacteria;o__RF32;f__CAG-239;g__Scatacola_A;s__Scatacola_A faecigallinarum	Scatacola A faecigallinarum	92.47	0	FALSE	TRUE	Predicted anaerobe	0.01788276914893617	0.02666996588888889	8	17.02127659574468	5	27.77777777777778	-0.5763801406835698	-0.09810725798869273	FALSE	0.488399059213123	0.901435240317642	0.279994871659838	0.392319844473448	0.984010971856069	0.0823815076851363
C07_bin.94	H07_bin.23	d__Bacteria;p__Bacillota;c__Clostridia;o__Oscillospirales;f__Ruminococcaceae;g__Faecalibacterium;s__Faecalibacterium longum	Faecalibacterium longum	95.71	1.87	FALSE	TRUE	Predicted anaerobe	0.03523163019148936	0.024986631833333335	43	91.48936170212765	16	88.88888888888889	0.4955469490417057	0.4533727406126244	FALSE	0.595354030433613	0.940772237633192	-0.164280091243741	0.753926315705961	1.0	0.0256885139993583
C08_bin.11	G01_bin.76	d__Bacteria;p__Pseudomonadota;c__Alphaproteobacteria;o__RF32;f__CAG-239;g__Scatacola_A;s__Scatacola_A faecigallinarum	Scatacola A faecigallinarum	93.55	0	FALSE	TRUE	Predicted anaerobe	0.0023554767234042553	0.301166396	5	10.638297872340425	4	22.22222222222222	-6.9923339317302	-0.7438653118861915	FALSE	0.000647657434955701	0.0690240485449429	4.03552454355127	0.260970452200249	0.961324543529354	0.138036470983022
C08_bin.14	C08_bin.14	d__Bacteria;p__Bacillota;c__Clostridia;o__Christensenellales;f__Borkfalkiaceae;g__Scatosoma;s__Scatosoma sp003150575	Scatosoma sp003150575	94.35	0.16	FALSE	TRUE	Predicted anaerobe	0.02113970745106383	0.02066845215	16	34.04255319148936	6	33.333333333333336	0.03250950846735587	0.01106706671229136	FALSE	0.711594005500791	0.965572986119905	0.152109289931562	0.796166679355106	1.0	0.0173331162691541
C08_bin.16	C05_bin.117	d__Bacteria;p__Bacillota;c__Clostridia;o__Lachnospirales;f__Lachnospiraceae;g__Gallintestinimicrobium;s__Gallintestinimicrobium propionicum	Gallintestinimicrobium propionicum	95.79	1.05	FALSE	TRUE	Predicted anaerobe	0.019295379112765958	0.03849545658333333	32	68.08510638297872	12	66.66666666666667	-0.9960600179405922	-0.6781685228531691	FALSE	0.259463756991546	0.787792906488093	0.43027863704908	0.128018902250882	0.927553057579329	0.164909225291665
C08_bin.17	B06_bin.86	d__Bacteria;p__Bacillota;c__Clostridia;o__Oscillospirales;f__Ruminococcaceae;g__Huintestinicola;s__Huintestinicola butyrica	Huintestinicola butyrica	97.99	0.06	FALSE	TRUE	Predicted anaerobe	0.02004912414893617	0.04517336687222222	7	14.893617021276595	2	11.11111111111111	-1.171533163985036	-0.17448366272117555	FALSE	0.0462439580302655	0.413474605738738	1.24379540496548	0.756826259756162	0.997785481673054	-0.0270248252136005
C08_bin.18	E08_bin.65	d__Bacteria;p__Bacillota_I;c__Bacilli_A;o__RFN20;f__CAG-288;g__CAG-345;s__CAG-345 sp000433315	CAG-345 sp000433315	97.19	0	FALSE	TRUE	Predicted anaerobe	0.02439038924468085	0.023481086666666668	10	21.27659574468085	2	11.11111111111111	0.05479071035253844	0.011657597947348605	FALSE	0.000325345165613697	0.0539104280935389	2.45216320302688	0.650260281189277	1.0	-0.0405631865405102
C08_bin.19	C02_bin.32	d__Bacteria;p__Bacillota;c__Clostridia;o__Lachnospirales;f__Lachnospiraceae;g__Coprococcus_C;s__Coprococcus_C hominis	Coprococcus C hominis	97.99	0	FALSE	TRUE	Predicted anaerobe	0.01014930570212766	0.025809866944444444	11	23.404255319148938	9	50.0	-1.3456797559846134	-0.31494632586873933	FALSE	0.930812663394667	0.996432417080358	0.0352820232458473	0.0999410675447911	0.879602414079392	0.332365904981502
C08_bin.21	H05_bin.38	d__Bacteria;p__Bacteroidota;c__Bacteroidia;o__Bacteroidales;f__Tannerellaceae;g__Parabacteroides;s__Parabacteroides distasonis	Parabacteroides distasonis	95.53	0.77	FALSE	TRUE	Predicted anaerobe	0.015677083342553192	0.026203370222222223	35	74.46808510638297	12	66.66666666666667	-0.7407257103891057	-0.5516042524174192	FALSE	0.562537322480753	0.936541020716014	0.22235528087234	0.796835776825431	1.0	8.9560040964613e-06
C08_bin.23	G04_bin.50	d__Bacteria;p__Bacillota;c__Clostridia;o__Lachnospirales;f__Lachnospiraceae;g__Butyribacter;s__Butyribacter sp003529475	Butyribacter sp003529475	84.16	1.01	FALSE	TRUE	Predicted anaerobe	0.011563054836170213	0.03023807575	25	53.191489361702125	8	44.44444444444444	-1.386073637301159	-0.7372732113304038	FALSE	0.908968538501388	0.989877810111322	0.0475257975776479	0.720787629456639	1.0	-0.0121146912935692
C08_bin.24	F03_bin.29	d__Bacteria;p__Bacteroidota;c__Bacteroidia;o__Bacteroidales;f__Bacteroidaceae;g__Bacteroides;s__Bacteroides cellulosilyticus	Bacteroides cellulosilyticus	97.56	9.74	FALSE	TRUE	Predicted anaerobe	0.05336548829787234	0.15385888822222224	28	59.57446808510638	9	50.0	-1.5274522848198695	-0.9099715739352413	FALSE	0.0243474710309577	0.296448216675059	0.969268205927474	0.795690698902918	1.0	0.0620495164060463
C08_bin.27	C08_bin.27	d__Bacteria;p__Bacillota;c__Clostridia;o__Oscillospirales;f__Oscillospiraceae;g__Vescimonas;s__Vescimonas sp900548615	Vescimonas sp900548615	92.28	6.26	FALSE	TRUE	Predicted anaerobe	0.016839357680851066	0.06001596666666666	11	23.404255319148938	2	11.11111111111111	-1.8328931369399388	-0.4289749894965814	FALSE	0.00192987649363533	0.0902979054127269	1.74388727276141	0.492039767154689	1.0	-0.113862057101256
C08_bin.28	C08_bin.28	d__Bacteria;p__Bacillota;c__Clostridia;o__Oscillospirales;f__Ruminococcaceae;g__Faecalibacterium;s__Faecalibacterium butyricigenerans	Faecalibacterium butyricigenerans	93.75	2.72	FALSE	TRUE	Predicted anaerobe	0.03751773971489362	0.08346551633333334	34	72.34042553191489	11	61.111111111111114	-1.1533957122999368	-0.8343713663446352	FALSE	0.260994530895089	0.787792906488093	0.466794305568684	0.754587532411706	1.0	0.0364502757214462
C08_bin.30	F03_bin.1	d__Bacteria;p__Bacillota;c__Clostridia;o__Lachnospirales;f__Lachnospiraceae;g__Acetatifactor;s__Acetatifactor acetigignens	Acetatifactor acetigignens	99.52	2.9	FALSE	TRUE	Predicted anaerobe	0.014657319080851064	0.07291362029444444	30	63.829787234042556	17	94.44444444444444	-2.3137809890810437	-1.4768814823921557	FALSE	0.362845357691481	0.837128877065693	0.434868572793707	0.000624414756488612	0.225463536647058	0.531535503410018
C08_bin.32	D08_bin.51	d__Bacteria;p__Pseudomonadota;c__Alphaproteobacteria;o__RF32;f__CAG-239;g__JAFUYI01;s__JAFUYI01 sp001917175	JAFUYI01 sp001917175	97.75	0	FALSE	TRUE	Predicted anaerobe	0.017647547	0.035183393	7	14.893617021276595	4	22.22222222222222	-0.9950196746234544	-0.1481944196247698	FALSE	0.180336521174138	0.68879819256539	0.613015152663669	0.53525225455167	0.986501583914738	0.101164068901216
C08_bin.33	A09_bin.36	d__Bacteria;p__Bacillota;c__Clostridia;o__Oscillospirales;f__Oscillospiraceae;g__Oscillibacter;s__Oscillibacter segnis	Oscillibacter segnis	96.31	4.96	FALSE	TRUE	Predicted anaerobe	0.04633783589361702	0.07331726938888888	36	76.59574468085107	16	88.88888888888889	-0.661847839239772	-0.5069472811198253	FALSE	0.752687979252787	0.971644762115332	-0.114414013187529	0.130834931124614	0.969542698608201	0.139480392836571
C08_bin.38	H04_bin.57	d__Bacteria;p__Bacillota;c__Clostridia;o__Oscillospirales;f__Ruminococcaceae;g__Gemmiger;s__Gemmiger formicilis	Gemmiger formicilis	90.51	7.02	FALSE	TRUE	Predicted anaerobe	0.017291495295744683	0.023275089866666668	37	78.72340425531915	13	72.22222222222223	-0.4285097207802384	-0.33733743976316644	FALSE	0.322822880892459	0.826466231054012	0.332479824944459	0.413520613814912	1.0	0.105172448717759
C08_bin.40	B08_bin.66	d__Bacteria;p__Bacteroidota;c__Bacteroidia;o__Bacteroidales;f__Rikenellaceae;g__Alistipes;s__Alistipes communis	Alistipes communis	100	1.12	FALSE	TRUE	Predicted anaerobe	0.028218580861702126	0.03194477798888889	30	63.829787234042556	11	61.111111111111114	-0.1788750621947752	-0.1141755716136863	FALSE	0.542290179715185	0.931555522488562	0.223520937198369	0.8453401561181	1.0	0.00716585693233739
C08_bin.42	A07_bin.65	d__Bacteria;p__Bacteroidota;c__Bacteroidia;o__Bacteroidales;f__Barnesiellaceae;g__Barnesiella;s__Barnesiella intestinihominis	Barnesiella intestinihominis	99.62	0.38	FALSE	TRUE	Predicted anaerobe	0.08904300859574468	0.05273398083333333	32	68.08510638297872	12	66.66666666666667	0.7556578904170543	0.5144904785818242	FALSE	0.378258259619814	0.842785946872218	-0.321048114465651	0.840950705754217	1.0	0.00259015722244187
C08_bin.48	C08_bin.48	d__Bacteria;p__Bacillota;c__Clostridia;o__Lachnospirales;f__Lachnospiraceae;g__COE1;s__COE1 sp001916965	COE1 sp001916965	89.62	1.77	FALSE	TRUE	Predicted anaerobe	0.008774916244680851	0.025466070222222224	8	17.02127659574468	6	33.333333333333336	-1.5360423169569564	-0.26145401139692875	FALSE	0.288032128027316	0.809039733623089	0.442863995627255	0.236681287696671	0.952281745036415	0.195096377611037
C08_bin.49	A03_bin.68	d__Bacteria;p__Bacillota;c__Clostridia;o__Lachnospirales;f__Lachnospiraceae;g__Roseburia;s__Roseburia hominis	Roseburia hominis	96.78	0.97	FALSE	TRUE	Predicted anaerobe	0.011611056521276596	0.038299612749999996	23	48.93617021276596	13	72.22222222222223	-1.7209652060090166	-0.8421744625150507	FALSE	0.0881865172062649	0.536188191314732	0.699223146833213	0.0301522965366078	0.786017830086463	0.376508094287653
C08_bin.50	F05_bin.48	d__Bacteria;p__Pseudomonadota;c__Gammaproteobacteria;o__Burkholderiales;f__Burkholderiaceae_F;g__Sutterella;s__Sutterella wadsworthensis	Sutterella wadsworthensis	85.71	0	FALSE	TRUE	Predicted anaerobe	0.01054135569787234	0.04868953597222222	20	42.5531914893617	7	38.888888888888886	-2.206479649361256	-0.938927510366492	FALSE	0.0322572904456498	0.335574520219936	0.951085482159249	0.742030528729562	1.0	0.0557108842704698
C08_bin.52	C08_bin.52	d__Bacteria;p__Bacillota;c__Clostridia;o__Oscillospirales;f__Ruminococcaceae;g__Faecalibacterium;s__Faecalibacterium intestinale	Faecalibacterium intestinale	82.16	2.04	FALSE	TRUE	Predicted anaerobe	0.09384646491489362	0.18123613738888888	33	70.2127659574468	17	94.44444444444444	-0.9494222219067537	-0.6666156026153803	FALSE	0.86553854117909	0.984846414163431	0.0763829382154159	0.00391873923750973	0.501213552991614	0.410754146946822
C08_bin.60	F02_bin.66	d__Bacteria;p__Bacteroidota;c__Bacteroidia;o__Bacteroidales;f__Rikenellaceae;g__Tidjanibacter;s__Tidjanibacter inops	Tidjanibacter inops	96.63	0.19	FALSE	TRUE	Predicted anaerobe	0.026138841680851062	0.0313582835	24	51.06382978723404	7	38.888888888888886	-0.262559545193029	-0.13407295924750415	FALSE	0.00632703968676042	0.145449545332182	1.04872351209844	0.747020510984507	1.0	-0.0259126188190011
C08_bin.61	H05_bin.43	d__Bacteria;p__Bacillota;c__Clostridia;o__Lachnospirales;f__Lachnospiraceae;g__Roseburia;s__Roseburia rectalis	Roseburia rectalis	87.11	2.05	FALSE	TRUE	Predicted anaerobe	0.016833642165957445	0.020983886650000002	36	76.59574468085107	12	66.66666666666667	-0.31776514937525374	-0.24339458250019436	FALSE	0.227625289423507	0.764231036679804	0.414082476797624	0.636594748536495	1.0	0.0482880711178122
C08_bin.63	F06_bin.75	d__Bacteria;p__Bacillota;c__Clostridia;o__Oscillospirales;f__Oscillospiraceae;g__Hominicoprocola;s__Hominicoprocola fusiformis	Hominicoprocola fusiformis	86.24	0	FALSE	TRUE	Predicted anaerobe	0.043678276810638295	0.029098882972222222	33	70.2127659574468	13	72.22222222222223	0.5857867245564397	0.41129706192260657	FALSE	0.840939164512155	0.983217763396128	0.0773815414800976	0.178103633608325	0.975540934920167	0.128594182075939
C08_bin.64	D08_bin.21	d__Bacteria;p__Bacteroidota;c__Bacteroidia;o__Bacteroidales;f__Rikenellaceae;g__Alistipes;s__Alistipes putredinis	Alistipes putredinis	96.55	5.17	FALSE	TRUE	Predicted anaerobe	0.10385364143404255	0.1499286911111111	36	76.59574468085107	15	83.33333333333333	-0.5296820013530534	-0.40571387337680687	FALSE	0.164833391117304	0.67061543604847	0.450211296426952	0.0804002891061916	0.865868878246847	0.1780212937006
C08_bin.66	F07_bin.42	d__Bacteria;p__Bacillota;c__Clostridia;o__Lachnospirales;f__Lachnospiraceae;g__Lachnospira;s__Lachnospira eligens_A	Lachnospira eligens A	97.99	1.34	FALSE	TRUE	Predicted anaerobe	0.012709299638297873	0.0553440135	25	53.191489361702125	10	55.55555555555556	-2.1216686910790115	-1.1285471761058572	FALSE	0.282443831095531	0.802212670427881	0.47909146854285	0.391687962731355	0.998924444255744	0.116107659774987
C08_bin.67	A06_bin.107	d__Bacteria;p__Bacteroidota;c__Bacteroidia;o__Bacteroidales;f__Marinifilaceae;g__Odoribacter;s__Odoribacter splanchnicus	Odoribacter splanchnicus	96.24	0	FALSE	TRUE	Predicted anaerobe	0.01163164745319149	0.013045401516666666	36	76.59574468085107	15	83.33333333333333	-0.16535159429592947	-0.12665228499262682	FALSE	0.929481681891006	0.996153363714411	-0.0279765749306745	0.391269888344746	1.0	0.0937346065221141
C08_bin.68	C08_bin.68	d__Bacteria;p__Bacteroidota;c__Bacteroidia;o__Bacteroidales;f__Bacteroidaceae;g__Paraprevotella;s__Paraprevotella clara	Paraprevotella clara	99.26	0	FALSE	TRUE	Predicted anaerobe	0.010258100468085106	0.05113980111111111	8	17.02127659574468	4	22.22222222222222	-2.3165593131380264	-0.3943079681937066	FALSE	0.0871829942543239	0.536188191314732	0.773684324537916	0.547791928161734	0.987111361777382	0.0586754711177837
C08_bin.7	E06_bin.63	d__Bacteria;p__Bacillota;c__Clostridia;o__Lachnospirales;f__Lachnospiraceae;g__Eubacterium_F;s__Eubacterium_F sp003491505	Eubacterium F sp003491505	90.39	0	FALSE	TRUE	Predicted anaerobe	0.008791463131914893	0.02279345056666667	29	61.702127659574465	9	50.0	-1.3734368676646462	-0.8474397694101009	FALSE	0.164820246205387	0.67061543604847	0.544936247430082	0.717628491875825	1.0	-0.0396103585987824
C08_bin.71	F07_bin.105	d__Bacteria;p__Bacillota;c__Clostridia;o__Oscillospirales;f__Oscillospiraceae;g__F23-B02;s__F23-B02 sp001916715	F23-B02 sp001916715	85.7	1.7	FALSE	TRUE	Predicted anaerobe	0.010153881672340426	0.014243139611111112	8	17.02127659574468	2	11.11111111111111	-0.48782825923089534	-0.08303459731589707	FALSE	0.00190273954848812	0.0902979054127269	2.26635509126617	0.692247895375109	1.0	-0.0485326175907149
C08_bin.74	C07_bin.89	d__Bacteria;p__Desulfobacterota;c__Desulfovibrionia;o__Desulfovibrionales;f__Desulfovibrionaceae;g__Bilophila;s__Bilophila wadsworthia	Bilophila wadsworthia	95.27	0	FALSE	TRUE	Predicted anaerobe	0.006317199891489361	0.012385750638888889	26	55.319148936170215	10	55.55555555555556	-0.9702065582241299	-0.5367100109324975	FALSE	0.242611513175551	0.774864797915088	0.429755125445569	0.607070875120148	1.0	0.0938104480388198
C08_bin.8	G07_bin.85	d__Bacteria;p__Bacillota;c__Clostridia;o__Christensenellales;f__Aristaeellaceae;g__UBA11524;s__UBA11524 sp000437595	UBA11524 sp000437595	98.6	0.93	FALSE	TRUE	Predicted anaerobe	0.012362367836170212	0.03981349959444444	23	48.93617021276596	7	38.888888888888886	-1.6864983760761412	-0.8253077159521541	FALSE	0.0387099767765235	0.378428046778057	0.845369766166032	0.680854419370293	1.0	-0.0580920817960845
C08_bin.82	B06_bin.108	d__Bacteria;p__Bacillota;c__Clostridia;o__Lachnospirales;f__Lachnospiraceae;g__Coprococcus;s__Coprococcus eutactus	Coprococcus eutactus	89.88	1.16	FALSE	TRUE	Predicted anaerobe	0.00764271064893617	0.013378488888888889	8	17.02127659574468	1	5.555555555555555	-0.8069503808789265	-0.13735325631981726	FALSE	0.00420853133442224	0.127953578164549	2.19640945494461	0.530334023417609	0.999780800124543	-0.0978085306503166
C08_bin.86	C08_bin.86	d__Bacteria;p__Bacillota;c__Negativicutes;o__Acidaminococcales;f__Acidaminococcaceae;g__Phascolarctobacterium;s__Phascolarctobacterium faecium	Phascolarctobacterium faecium	99.38	1.5	FALSE	TRUE	Predicted anaerobe	0.04094659236170213	0.028267117499999998	12	25.53191489361702	3	16.666666666666668	0.5344606235003653	0.13645803153200814	FALSE	0.0168328202209066	0.239430034822176	1.08737675124428	0.711507695339803	1.0	-0.0402870498337539
D01_bin.11	D01_bin.11	d__Bacteria;p__Bacillota;c__Clostridia;o__Christensenellales;f__Aristaeellaceae;g__Ventricola;s__Ventricola sp900542445	Ventricola sp900542445	89.97	1.17	FALSE	TRUE	Predicted anaerobe	0.03515676953191489	0.04387837071666667	32	68.08510638297872	11	61.111111111111114	-0.3196259004309222	-0.21761763433594702	FALSE	0.353406179956674	0.834470369140725	-0.33036310060733	0.737037023442005	1.0	-0.000938297647374279
D01_bin.12	G06_bin.24	d__Bacteria;p__Bacillota;c__Clostridia;o__Oscillospirales;f__Oscillospiraceae;g__CAG-170;s__CAG-170 sp000432135	CAG-170 sp000432135	85.76	7.04	FALSE	TRUE	Predicted anaerobe	0.023697245487234044	0.021213895666666666	29	61.702127659574465	10	55.55555555555556	0.15963855913832656	0.09850038755343554	FALSE	0.500781324762121	0.912284011708043	-0.234848060069301	0.740085253492734	1.0	-0.0252067069147873
D01_bin.16	D07_bin.25	d__Bacteria;p__Actinomycetota;c__Coriobacteriia;o__Coriobacteriales;f__Eggerthellaceae;g__Adlercreutzia;s__Adlercreutzia rubneri	Adlercreutzia rubneri	95.16	0.81	FALSE	TRUE	Predicted anaerobe	0.011612464514893617	0.033114823905555556	26	55.319148936170215	13	72.22222222222223	-1.510996763989427	-0.8358705502920235	FALSE	0.112946463318691	0.592385875459096	0.592164121419097	0.0625918400347761	0.845655473017212	0.285802629524988
D01_bin.21	H05_bin.43	d__Bacteria;p__Bacillota;c__Clostridia;o__Lachnospirales;f__Lachnospiraceae;g__Roseburia;s__Roseburia rectalis	Roseburia rectalis	95.07	0	FALSE	TRUE	Predicted anaerobe	0.02806445525531915	0.059122293961111114	38	80.85106382978724	12	66.66666666666667	-1.0746882162203133	-0.8688968556674873	FALSE	0.273579454992713	0.796900983280593	0.383942775306441	0.615429577726229	1.0	-0.0202109952986299
D01_bin.23	D01_bin.23	d__Bacteria;p__Bacillota;c__Clostridia;o__Lachnospirales;f__Lachnospiraceae;g__Anaerostipes;s__Anaerostipes hadrus	Anaerostipes hadrus	97.52	2.01	FALSE	TRUE	Predicted anaerobe	0.02871912419148936	0.07854153358333332	41	87.23404255319149	18	100.0	-1.451125429004804	-1.2658753742382332	FALSE	0.177820090185258	0.685005582842001	0.555310962009389	0.00461160366121194	0.520002969827966	0.340607582740085
D01_bin.24	B01_bin.9	d__Bacteria;p__Verrucomicrobiota;c__Verrucomicrobiia;o__Verrucomicrobiales;f__Akkermansiaceae;g__Akkermansia;s__Akkermansia muciniphila	Akkermansia muciniphila	97.96	0	FALSE	TRUE	Predicted anaerobe	0.01987367874255319	0.0964469961388889	19	40.42553191489362	7	38.888888888888886	-2.2783011832439506	-0.9210153719496821	FALSE	0.975318883106559	1	0.0139159585714161	0.77446710031119	1.0	0.0330964735930995
D01_bin.25	F02_bin.66	d__Bacteria;p__Bacteroidota;c__Bacteroidia;o__Bacteroidales;f__Rikenellaceae;g__Tidjanibacter;s__Tidjanibacter inops	Tidjanibacter inops	96.63	0	FALSE	TRUE	Predicted anaerobe	0.03134044440425532	0.03493559411111111	22	46.808510638297875	7	38.888888888888886	-0.15662468029317314	-0.07331368013722998	FALSE	0.0372267532535537	0.373950097654342	0.771173478384958	0.816494480970494	1.0	-0.00527247412992326
D01_bin.28	D01_bin.28	d__Bacteria;p__Bacteroidota;c__Bacteroidia;o__Bacteroidales;f__Bacteroidaceae;g__Bacteroides;s__Bacteroides faecis	Bacteroides faecis	94.73	2.04	FALSE	TRUE	Predicted anaerobe	0.03221610044680851	0.047545314444444445	6	12.76595744680851	2	11.11111111111111	-0.5613769513266937	-0.07166514272255664	FALSE	0.0906855629959543	0.544726118266239	0.930661622205803	0.75799184255837	0.993991740914764	0.000794053201957228
D01_bin.34	A04_bin.93	d__Bacteria;p__Bacillota;c__Clostridia;o__Oscillospirales;f__Ruminococcaceae;g__Gemmiger;s__Gemmiger qucibialis	Gemmiger qucibialis	96.6	0.95	FALSE	TRUE	Predicted anaerobe	0.013439721112765958	0.03199959302777778	34	72.34042553191489	14	77.77777777777777	-1.250928076442748	-0.9049266935968816	FALSE	0.433523130533411	0.874402692510218	-0.258323416252184	0.485587768834133	1.0	0.0737891262873358
D01_bin.36	D01_bin.36	d__Bacteria;p__Bacillota;c__Clostridia;o__Oscillospirales;f__Butyricicoccaceae;g__Agathobaculum;s__Agathobaculum butyriciproducens	Agathobaculum butyriciproducens	92.45	0.11	FALSE	TRUE	Predicted anaerobe	0.0152195813	0.02972176725	37	78.72340425531915	16	88.88888888888889	-0.965128940277151	-0.7597823572394593	FALSE	0.998489483786498	1	-0.000601397617205304	0.10974595915904	0.903304241324601	0.195860658880124
D01_bin.38	C05_bin.117	d__Bacteria;p__Bacillota;c__Clostridia;o__Lachnospirales;f__Lachnospiraceae;g__Gallintestinimicrobium;s__Gallintestinimicrobium propionicum	Gallintestinimicrobium propionicum	96.67	0.77	FALSE	TRUE	Predicted anaerobe	0.02157756330638298	0.027852894916666666	32	68.08510638297872	12	66.66666666666667	-0.36814475124714985	-0.2506517455299744	FALSE	0.881819736416301	0.984846414163431	0.0526264151845958	0.578255512261459	1.0	0.0712817558753115
D01_bin.40	C07_bin.25	d__Bacteria;p__Bacillota;c__Clostridia;o__Lachnospirales;f__Lachnospiraceae;g__Anaerobutyricum;s__Anaerobutyricum hallii	Anaerobutyricum hallii	99.33	6.26	FALSE	TRUE	Predicted anaerobe	0.028892600970212765	0.05663989287222222	44	93.61702127659575	17	94.44444444444444	-0.9708738998897503	-0.9089032254287024	FALSE	0.518439437955341	0.91947256032534	0.196401842864196	0.276546698992559	1.0	0.130383793919205
D01_bin.44	F03_bin.40	d__Bacteria;p__Bacillota;c__Clostridia;o__Lachnospirales;f__Lachnospiraceae;g__Blautia_A;s__Blautia_A wexlerae	Blautia A wexlerae	82.23	1.1	FALSE	TRUE	Predicted anaerobe	0.03397416729361702	0.05793654118888889	43	91.48936170212765	18	100.0	-0.769859776564445	-0.704339795580237	FALSE	0.317011720072335	0.826466231054012	0.336674549434641	0.0165106870201771	0.790061318165985	0.30121233236452
D01_bin.46	G07_bin.85	d__Bacteria;p__Bacillota;c__Clostridia;o__Christensenellales;f__Aristaeellaceae;g__UBA11524;s__UBA11524 sp000437595	UBA11524 sp000437595	97.9	5.01	FALSE	TRUE	Predicted anaerobe	0.025833403765957448	0.0461727205	23	48.93617021276596	6	33.333333333333336	-0.8375570648326932	-0.4098683508755733	FALSE	0.997694801860093	1	0.00106116078810427	0.393457074321962	1.0	-0.138136921234983
D01_bin.47	D02_bin.11	d__Bacteria;p__Bacteroidota;c__Bacteroidia;o__Bacteroidales;f__Bacteroidaceae;g__Phocaeicola;s__Phocaeicola vulgatus	Phocaeicola vulgatus	98.5	2.26	FALSE	TRUE	Predicted anaerobe	0.2586229415531915	0.34689847766666665	46	97.87234042553192	17	94.44444444444444	-0.42364905730003843	-0.4146352475702504	FALSE	0.877698091261836	0.984846414163431	0.069683072395185	0.694566078719727	1.0	0.0660947915032536
D01_bin.53	H06_bin.61	d__Bacteria;p__Bacillota;c__Clostridia;o__Lachnospirales;f__Lachnospiraceae;g__Fusicatenibacter;s__Fusicatenibacter saccharivorans	Fusicatenibacter saccharivorans	91.35	3.45	FALSE	TRUE	Predicted anaerobe	0.0222049335106383	0.04481033592222222	43	91.48936170212765	17	94.44444444444444	-1.0126236383248801	-0.9264429031482946	FALSE	0.345860666741669	0.832730125672402	0.31264006038122	0.0482045665859327	0.835177693576708	0.267442470803159
D01_bin.57	F06_bin.75	d__Bacteria;p__Bacillota;c__Clostridia;o__Oscillospirales;f__Oscillospiraceae;g__Hominicoprocola;s__Hominicoprocola fusiformis	Hominicoprocola fusiformis	95.3	0.55	FALSE	TRUE	Predicted anaerobe	0.01591119234680851	0.06386855570555555	34	72.34042553191489	14	77.77777777777777	-2.0043833096275456	-1.449979415475246	FALSE	0.095669463170858	0.563246044760879	0.699623680324104	0.0510697516841099	0.837927255573889	0.255624149670896
D01_bin.60	G07_bin.107	d__Bacteria;p__Bacillota;c__Clostridia;o__Lachnospirales;f__Lachnospiraceae;g__Roseburia;s__Roseburia faecis	Roseburia faecis	87.62	2.17	FALSE	TRUE	Predicted anaerobe	0.027444058914893616	0.14647044383333332	30	63.829787234042556	11	61.111111111111114	-2.41561670383662	-1.5418830024489065	FALSE	0.279110967775423	0.801776611379208	0.358207650823524	0.476813470633876	1.0	0.0880212434619577
D01_bin.64	D01_bin.64	d__Bacteria;p__Bacteroidota;c__Bacteroidia;o__Bacteroidales;f__Bacteroidaceae;g__Bacteroides;s__Bacteroides uniformis	Bacteroides uniformis	98.88	0	FALSE	TRUE	Predicted anaerobe	0.13895753161702126	0.20484505933333333	45	95.74468085106383	18	100.0	-0.5598556727366746	-0.5360320270883054	FALSE	0.843341883161196	0.983217763396128	-0.0741274941792057	0.216365001600622	1.0	0.12366450406078
D01_bin.65	H07_bin.23	d__Bacteria;p__Bacillota;c__Clostridia;o__Oscillospirales;f__Ruminococcaceae;g__Faecalibacterium;s__Faecalibacterium longum	Faecalibacterium longum	95.42	2.61	FALSE	TRUE	Predicted anaerobe	0.03131271751702128	0.047934311961111115	40	85.1063829787234	15	83.33333333333333	-0.6141502819427627	-0.5226810910151172	FALSE	0.408090909166691	0.856335508584847	-0.274759922428762	0.867415730100108	1.0	-0.012766633159555
D01_bin.66	C03_bin.49	d__Bacteria;p__Actinomycetota;c__Actinomycetes;o__Actinomycetales;f__Bifidobacteriaceae;g__Bifidobacterium;s__Bifidobacterium longum	Bifidobacterium longum	94.59	1.11	FALSE	TRUE	Predicted anaerobe	0.026020721772340424	0.021798819	42	89.36170212765957	12	66.66666666666667	0.2553036682406168	0.22814370353416819	FALSE	0.844970046383174	0.983217763396128	-0.0630955471714871	0.173001232317464	1.0	-0.175286908019072
D01_bin.67	D01_bin.67	d__Bacteria;p__Actinomycetota;c__Coriobacteriia;o__Coriobacteriales;f__Coriobacteriaceae;g__Collinsella;s__Collinsella sp905215825	Collinsella sp905215825	100	0.81	FALSE	TRUE	Predicted anaerobe	0.01806241289574468	0.047053224166666664	32	68.08510638297872	6	33.333333333333336	-1.3808110217514624	-0.9401266531073786	FALSE	0.503889451258257	0.912451072458387	0.231818202464403	0.0443469113358297	1.0	-0.399595553166785
D01_bin.68	A08_bin.2	d__Bacteria;p__Actinomycetota;c__Coriobacteriia;o__Coriobacteriales;f__Eggerthellaceae;g__Anaerotardibacter;s__Anaerotardibacter sp000436075	Anaerotardibacter sp000436075	80.65	0.81	FALSE	TRUE	Predicted anaerobe	0.021539736574468085	0.07516967633333334	20	42.5531914893617	7	38.888888888888886	-1.8026724704295802	-0.7670946682679065	FALSE	0.0319508062371172	0.335574520219936	0.853020550650806	0.737941454534569	1.0	0.0534281227572848
D01_bin.71	A04_bin.71	d__Bacteria;p__Bacteroidota;c__Bacteroidia;o__Bacteroidales;f__Rikenellaceae;g__Alistipes_A;s__Alistipes_A ihumii	Alistipes A ihumii	92.7	2.4	FALSE	TRUE	Predicted anaerobe	0.012183611178723405	0.014700630311111112	18	38.297872340425535	7	38.888888888888886	-0.2707336153376759	-0.10368521438464184	FALSE	0.259413181458043	0.787792906488093	-0.435524885768683	0.793849916040575	0.999729551305129	0.022482927871052
D01_bin.76	B04_bin.33	d__Bacteria;p__Bacillota;c__Clostridia;o__UBA1381;f__UBA1381;g__Hominilimicola;s__Hominilimicola fabiformis	Hominilimicola fabiformis	97.15	1.68	FALSE	TRUE	Predicted anaerobe	0.014120976321276596	0.02098307582222222	32	68.08510638297872	13	72.22222222222223	-0.5710524139197297	-0.38880164351981594	FALSE	0.94996327923027	0.99690442516441	-0.0208875841829046	0.484797944171123	1.0	0.128644257720559
D01_bin.78	G05_bin.13	d__Bacteria;p__Bacillota;c__Clostridia;o__Oscillospirales;f__Acutalibacteraceae;g__Ruminococcoides;s__Ruminococcoides intestinale	Ruminococcoides intestinale	99.33	1.01	FALSE	TRUE	Predicted anaerobe	0.04851718071489362	0.12466314372222223	29	61.702127659574465	12	66.66666666666667	-1.3612857713013122	-0.8399422844199587	FALSE	0.785033050924642	0.975393965439562	-0.107883907136935	0.525110050369048	1.0	0.0655954332322606
D02_bin.11	D02_bin.11	d__Bacteria;p__Bacteroidota;c__Bacteroidia;o__Bacteroidales;f__Bacteroidaceae;g__Phocaeicola;s__Phocaeicola vulgatus	Phocaeicola vulgatus	98.87	0.38	FALSE	TRUE	Predicted anaerobe	0.2540839535319149	0.3281528881111111	46	97.87234042553192	17	94.44444444444444	-0.369050048769542	-0.3611979200723177	FALSE	0.608716076262794	0.943026319703049	0.213872237438354	0.683860560079056	1.0	0.0665795643047504
D02_bin.20	C05_bin.117	d__Bacteria;p__Bacillota;c__Clostridia;o__Lachnospirales;f__Lachnospiraceae;g__Gallintestinimicrobium;s__Gallintestinimicrobium propionicum	Gallintestinimicrobium propionicum	82.92	2.78	FALSE	TRUE	Predicted anaerobe	0.01869176749574468	0.018974443955555555	33	70.2127659574468	12	66.66666666666667	-0.021643118767483004	-0.015196232326105088	FALSE	0.718621074970871	0.967807090243617	0.126786765379514	0.59142716860677	1.0	0.0710493503260029
D02_bin.21	D08_bin.21	d__Bacteria;p__Bacteroidota;c__Bacteroidia;o__Bacteroidales;f__Rikenellaceae;g__Alistipes;s__Alistipes putredinis	Alistipes putredinis	98.8	4.35	FALSE	TRUE	Predicted anaerobe	0.06444583218297872	0.06641208777777778	37	78.72340425531915	15	83.33333333333333	-0.0433521658673437	-0.03412830078918547	FALSE	0.645491417111471	0.947865487459929	0.141447049195258	0.354401524816707	1.0	0.0857061808438594
D02_bin.28	D02_bin.28	d__Bacteria;p__Bacillota;c__Clostridia;o__Lachnospirales;f__Lachnospiraceae;g__Limivivens;s__Limivivens faecihominis	Limivivens faecihominis	85.87	1.48	FALSE	TRUE	Predicted anaerobe	0.042630130765957445	0.04887062318888889	42	89.36170212765957	18	100.0	-0.19705081601647897	-0.17608796324876844	FALSE	0.948969843162442	0.99690442516441	0.0199130668690482	0.0117319109755331	0.685950600776127	0.340159384815732
D02_bin.3	H07_bin.23	d__Bacteria;p__Bacillota;c__Clostridia;o__Oscillospirales;f__Ruminococcaceae;g__Faecalibacterium;s__Faecalibacterium longum	Faecalibacterium longum	82.23	1.79	FALSE	TRUE	Predicted anaerobe	0.046189765514893615	0.03616424172222222	40	85.1063829787234	15	83.33333333333333	0.35292275375074705	0.3003597904261677	FALSE	0.816940361411041	0.983217763396128	-0.0789121282859768	0.824462565624128	1.0	0.0344916394210091
D02_bin.33	D01_bin.64	d__Bacteria;p__Bacteroidota;c__Bacteroidia;o__Bacteroidales;f__Bacteroidaceae;g__Bacteroides;s__Bacteroides uniformis	Bacteroides uniformis	93.3	0.28	FALSE	TRUE	Predicted anaerobe	0.15712080024468086	0.13064284283333333	45	95.74468085106383	17	94.44444444444444	0.26622748438505156	0.25489865526228345	FALSE	0.846140492725801	0.983322547284161	-0.0716897189887112	0.494616314315014	1.0	0.0821335683678103
D02_bin.37	D08_bin.97	d__Bacteria;p__Bacteroidota;c__Bacteroidia;o__Bacteroidales;f__Tannerellaceae;g__Parabacteroides;s__Parabacteroides merdae	Parabacteroides merdae	94.5	0.38	FALSE	TRUE	Predicted anaerobe	0.02844644745531915	0.026223354166666667	30	63.829787234042556	12	66.66666666666667	0.11735328420417701	0.07490635161968746	FALSE	0.795152809809738	0.980179166504932	-0.0885501410350811	0.589145056861443	1.0	0.0767697872692976
D02_bin.38	F02_bin.63	d__Bacteria;p__Actinomycetota;c__Actinomycetes;o__Actinomycetales;f__Bifidobacteriaceae;g__Bifidobacterium;s__Bifidobacterium bifidum	Bifidobacterium bifidum	88.36	0.58	FALSE	TRUE	Predicted anaerobe	0.0435898385212766	0.0034630508888888888	15	31.914893617021278	4	22.22222222222222	3.6500473366875417	1.1649087244747474	FALSE	0.0584815694562482	0.462679993294849	-0.770665300756168	0.491389193703729	1.0	-0.0835132572042157
D02_bin.45	H08_bin.15	d__Bacteria;p__Bacillota;c__Clostridia;o__Lachnospirales;f__Lachnospiraceae;g__Otoolea;s__Otoolea fessa	Otoolea fessa	84.31	1.79	FALSE	TRUE	Predicted anaerobe	0.02020510015106383	0.016862761055555554	39	82.97872340425532	16	88.88888888888889	0.2607372758296804	0.21635646292250077	FALSE	0.615879265548449	0.943026319703049	-0.156304597873675	0.133128731197111	0.938349487599785	0.153607169295542
D02_bin.46	F06_bin.75	d__Bacteria;p__Bacillota;c__Clostridia;o__Oscillospirales;f__Oscillospiraceae;g__Hominicoprocola;s__Hominicoprocola fusiformis	Hominicoprocola fusiformis	95.08	2.68	FALSE	TRUE	Predicted anaerobe	0.02611584839787234	0.01822268488888889	33	70.2127659574468	14	77.77777777777777	0.5189508634804949	0.3643697552097092	FALSE	0.843101155960508	0.983217763396128	-0.0647673102861032	0.164723778575131	0.967856025073478	0.144944920669616
D02_bin.51	H04_bin.57	d__Bacteria;p__Bacillota;c__Clostridia;o__Oscillospirales;f__Ruminococcaceae;g__Gemmiger;s__Gemmiger formicilis	Gemmiger formicilis	91.61	2.63	FALSE	TRUE	Predicted anaerobe	0.01824019705106383	0.017132535944444444	37	78.72340425531915	13	72.22222222222223	0.0903314938986962	0.07111202711173957	FALSE	0.220496375298638	0.754675468976807	0.39139307686867	0.441933494619529	1.0	0.100432774569069
D02_bin.53	D02_bin.53	d__Bacteria;p__Actinomycetota;c__Coriobacteriia;o__Coriobacteriales;f__Eggerthellaceae;g__Senegalimassilia;s__Senegalimassilia anaerobia	Senegalimassilia anaerobia	95.21	1.83	FALSE	TRUE	Predicted anaerobe	0.01861779355319149	0.0024253983888888886	26	55.319148936170215	3	16.666666666666668	2.9352271017764466	1.623742652046545	FALSE	0.0684972560818359	0.505344901715785	-0.641802315607429	0.0130232090731064	0.988556667565288	-0.540357377554334
D02_bin.63	H06_bin.61	d__Bacteria;p__Bacillota;c__Clostridia;o__Lachnospirales;f__Lachnospiraceae;g__Fusicatenibacter;s__Fusicatenibacter saccharivorans	Fusicatenibacter saccharivorans	97.68	2.97	FALSE	TRUE	Predicted anaerobe	0.03867294910212766	0.03334331872222222	44	93.61702127659575	17	94.44444444444444	0.21386746726618797	0.20021635233430363	FALSE	0.434250606010418	0.874402692510218	0.232182929531004	0.0878369540588776	0.871559563805382	0.227740826175225
D02_bin.68	H05_bin.43	d__Bacteria;p__Bacillota;c__Clostridia;o__Lachnospirales;f__Lachnospiraceae;g__Roseburia;s__Roseburia rectalis	Roseburia rectalis	86.23	0.66	FALSE	TRUE	Predicted anaerobe	0.11566274692553191	0.0303597695	39	82.97872340425532	12	66.66666666666667	1.9293411344387186	1.600942643470426	FALSE	0.462086484630175	0.889810609339414	0.227694754804553	0.368973276000271	1.0	-0.00717588291049199
D02_bin.7	C07_bin.25	d__Bacteria;p__Bacillota;c__Clostridia;o__Lachnospirales;f__Lachnospiraceae;g__Anaerobutyricum;s__Anaerobutyricum hallii	Anaerobutyricum hallii	99.33	5.5	FALSE	TRUE	Predicted anaerobe	0.035661253500000004	0.04167669683333333	45	95.74468085106383	17	94.44444444444444	-0.22482514704688544	-0.21525811951297544	FALSE	0.517770642169859	0.91947256032534	0.193978160113389	0.299635546378564	1.0	0.12311999874899
D02_bin.9	B04_bin.18	d__Bacteria;p__Bacteroidota;c__Bacteroidia;o__Bacteroidales;f__Rikenellaceae;g__Alistipes;s__Alistipes onderdonkii	Alistipes onderdonkii	94.9	1.44	FALSE	TRUE	Predicted anaerobe	0.12985332372978722	0.09826740816666667	41	87.23404255319149	15	83.33333333333333	0.4020623237170552	0.35073521856168643	FALSE	0.6170894082095	0.943026319703049	-0.218432227097467	0.597705279480133	1.0	-0.063705377437427
D03_bin.1	A04_bin.71	d__Bacteria;p__Bacteroidota;c__Bacteroidia;o__Bacteroidales;f__Rikenellaceae;g__Alistipes_A;s__Alistipes_A ihumii	Alistipes A ihumii	98.12	0	FALSE	TRUE	Predicted anaerobe	0.014818011563829787	0.011786119555555556	18	38.297872340425535	7	38.888888888888886	0.3300127958447891	0.12638787925970646	FALSE	0.42250130774558	0.864450316653212	-0.310648780290575	0.774720353058902	1.0	0.0440014964516294
D03_bin.12	B08_bin.66	d__Bacteria;p__Bacteroidota;c__Bacteroidia;o__Bacteroidales;f__Rikenellaceae;g__Alistipes;s__Alistipes communis	Alistipes communis	87.74	8.23	FALSE	TRUE	Predicted anaerobe	0.040713109042553194	0.029511756	29	61.702127659574465	11	61.111111111111114	0.4640691717774234	0.28634055279883575	FALSE	0.660036036464169	0.947865487459929	-0.154790361235087	0.855256924263085	1.0	-0.011237260953956
D03_bin.13	D08_bin.97	d__Bacteria;p__Bacteroidota;c__Bacteroidia;o__Bacteroidales;f__Tannerellaceae;g__Parabacteroides;s__Parabacteroides merdae	Parabacteroides merdae	80.42	2.69	FALSE	TRUE	Predicted anaerobe	0.020578053387234042	0.017893318416666665	30	63.829787234042556	11	61.111111111111114	0.20158040998940593	0.12866834680174846	FALSE	0.674816758126681	0.953830565934627	-0.1457506247996	0.797121785917578	1.0	0.0262725184060385
D03_bin.14	H06_bin.57	d__Bacteria;p__Bacillota;c__Clostridia;o__Oscillospirales;f__UBA644;g__UBA644;s__UBA644 sp900547165	UBA644 sp900547165	84.92	2.01	FALSE	TRUE	Predicted anaerobe	0.010740598793617022	0.004403422022222222	12	25.53191489361702	4	22.22222222222222	1.284447405133292	0.3279440183319043	FALSE	0.0322740399086665	0.335574520219936	-0.951880929665567	0.767296531990677	1.0	-0.016536669558378
D03_bin.15	A09_bin.36	d__Bacteria;p__Bacillota;c__Clostridia;o__Oscillospirales;f__Oscillospiraceae;g__Oscillibacter;s__Oscillibacter segnis	Oscillibacter segnis	90.44	6.6	FALSE	TRUE	Predicted anaerobe	0.020546434680851065	0.020283499722222223	33	70.2127659574468	13	72.22222222222223	0.018572377418341543	0.01304017988947385	FALSE	0.744299487539522	0.971633251721931	-0.10711413124278	0.391874244088951	1.0	0.0822711306553941
D03_bin.18	C07_bin.89	d__Bacteria;p__Desulfobacterota;c__Desulfovibrionia;o__Desulfovibrionales;f__Desulfovibrionaceae;g__Bilophila;s__Bilophila wadsworthia	Bilophila wadsworthia	91.04	0.19	FALSE	TRUE	Predicted anaerobe	0.008819759310638298	0.0034606520833333335	18	38.297872340425535	4	22.22222222222222	1.3471673631835632	0.5159364369639178	FALSE	0.315225219430806	0.826466231054012	-0.403349058236008	0.353796688211338	1.0	-0.16721692886412
D03_bin.19	A06_bin.107	d__Bacteria;p__Bacteroidota;c__Bacteroidia;o__Bacteroidales;f__Marinifilaceae;g__Odoribacter;s__Odoribacter splanchnicus	Odoribacter splanchnicus	93.55	0.72	FALSE	TRUE	Predicted anaerobe	0.013978402825531915	0.01213470918888889	36	76.59574468085107	15	83.33333333333333	0.2039033028538432	0.15618125324975224	FALSE	0.650248915552071	0.947865487459929	-0.138922635217017	0.573288651153199	1.0	0.0588243276505018
D03_bin.23	F05_bin.48	d__Bacteria;p__Pseudomonadota;c__Gammaproteobacteria;o__Burkholderiales;f__Burkholderiaceae_F;g__Sutterella;s__Sutterella wadsworthensis	Sutterella wadsworthensis	96.89	0.1	FALSE	TRUE	Predicted anaerobe	0.03708925049787234	0.02114318128888889	19	40.42553191489362	6	33.333333333333336	0.8105153901231912	0.32765515770937514	FALSE	0.964350808506134	0.997964486761695	-0.0178000109116808	0.757988819730136	1.0	-0.0922682530557335
D03_bin.26	D08_bin.21	d__Bacteria;p__Bacteroidota;c__Bacteroidia;o__Bacteroidales;f__Rikenellaceae;g__Alistipes;s__Alistipes putredinis	Alistipes putredinis	98.24	2.08	FALSE	TRUE	Predicted anaerobe	0.1767825722212766	0.1747167756111111	37	78.72340425531915	15	83.33333333333333	0.01695695473837008	0.013349092028078574	FALSE	0.308008150085174	0.822194706915915	0.340149245094239	0.166781128934881	0.981551515720437	0.135752989167917
D03_bin.27	D03_bin.27	d__Bacteria;p__Bacillota_I;c__Bacilli_A;o__RFN20;f__CAG-288;g__CAG-288;s__CAG-288 sp000437395	CAG-288 sp000437395	96.25	2.25	FALSE	TRUE	Predicted anaerobe	0.021365250021276594	0.008562450777777777	21	44.680851063829785	6	33.333333333333336	1.3181616744867242	0.588965854557898	FALSE	0.177565546560311	0.685005582842001	-0.478893654076693	0.404794030112137	1.0	-0.148907777670092
D03_bin.3	G04_bin.89	d__Bacteria;p__Bacillota_I;c__Bacilli_A;o__RF39;f__UBA660;g__CAG-302;s__CAG-302 sp934162325	CAG-302 sp934162325	92.7	3.37	FALSE	TRUE	Predicted anaerobe	0.02201592729148936	0.018321737194444444	11	23.404255319148938	4	22.22222222222222	0.2648592495245979	0.06198833499511865	FALSE	0.993176872823249	1	0.00356968920663602	0.757082535680419	0.99603085548538	0.0235133586439107
D03_bin.37	H05_bin.38	d__Bacteria;p__Bacteroidota;c__Bacteroidia;o__Bacteroidales;f__Tannerellaceae;g__Parabacteroides;s__Parabacteroides distasonis	Parabacteroides distasonis	93.3	1.28	FALSE	TRUE	Predicted anaerobe	0.017287198725531916	0.009553394072222223	37	78.72340425531915	12	66.66666666666667	0.8549437826517687	0.673040850172669	FALSE	0.274774984315462	0.796900983280593	-0.350110792683751	0.223579777589951	1.0	-0.131669358843438
D03_bin.4	E08_bin.65	d__Bacteria;p__Bacillota_I;c__Bacilli_A;o__RFN20;f__CAG-288;g__CAG-345;s__CAG-345 sp000433315	CAG-345 sp000433315	93.26	0	FALSE	TRUE	Predicted anaerobe	0.029603830270212766	0.01816459722222222	10	21.27659574468085	2	11.11111111111111	0.704347709509884	0.14986121478933703	FALSE	0.00283235161699466	0.102773901530949	1.720306586587	0.557396178979227	1.0	-0.0829133326044103
D03_bin.40	D01_bin.64	d__Bacteria;p__Bacteroidota;c__Bacteroidia;o__Bacteroidales;f__Bacteroidaceae;g__Bacteroides;s__Bacteroides uniformis	Bacteroides uniformis	88.53	1.02	FALSE	TRUE	Predicted anaerobe	0.16764319174468084	0.13493634822222222	45	95.74468085106383	17	94.44444444444444	0.3130940124850957	0.29977086301764483	FALSE	0.626555661279195	0.943026319703049	-0.171765964408595	0.607735689525537	1.0	0.0531585798125091
D03_bin.44	A01_bin.69	d__Bacteria;p__Actinomycetota;c__Coriobacteriia;o__Coriobacteriales;f__Eggerthellaceae;g__Anaerotardibacter;s__Anaerotardibacter sp000435675	Anaerotardibacter sp000435675	82	1.73	FALSE	TRUE	Predicted anaerobe	0.01912652696170213	0.01911631325	13	27.659574468085108	9	50.0	0.0007702131619185707	0.00021303768308386	FALSE	0.105528672572716	0.584680612402369	0.657584641922113	0.0950152843577989	0.866326991878942	0.324779845090539
D03_bin.50	C05_bin.117	d__Bacteria;p__Bacillota;c__Clostridia;o__Lachnospirales;f__Lachnospiraceae;g__Gallintestinimicrobium;s__Gallintestinimicrobium propionicum	Gallintestinimicrobium propionicum	93.34	1.53	FALSE	TRUE	Predicted anaerobe	0.026610842489361703	0.020760398916666666	34	72.34042553191489	16	88.88888888888889	0.35802730512592346	0.25899847604854037	FALSE	0.39822416397305	0.856335508584847	-0.270478772208799	0.179271387490884	0.994278656204112	0.147132737850411
D03_bin.53	B04_bin.18	d__Bacteria;p__Bacteroidota;c__Bacteroidia;o__Bacteroidales;f__Rikenellaceae;g__Alistipes;s__Alistipes onderdonkii	Alistipes onderdonkii	84.64	5.17	FALSE	TRUE	Predicted anaerobe	0.1230236885	0.09534208872222222	41	87.23404255319149	15	83.33333333333333	0.36771695480152977	0.3207743648268664	FALSE	0.774486591558106	0.973859377503757	-0.128384275758744	0.629283172497147	1.0	-0.0356439515275158
D03_bin.55	F08_bin.12	d__Bacteria;p__Bacteroidota;c__Bacteroidia;o__Bacteroidales;f__Rikenellaceae;g__Alistipes_A;s__Alistipes_A hominis	Alistipes A hominis	99.04	0	FALSE	TRUE	Predicted anaerobe	0.012207456893617021	0.02240466367222222	21	44.680851063829785	5	27.77777777777778	-0.8754988377973302	-0.3911803317817858	FALSE	0.180916060701933	0.68879819256539	0.542158848453147	0.34460197339422	1.0	-0.168308655616189
D03_bin.57	C03_bin.49	d__Bacteria;p__Actinomycetota;c__Actinomycetes;o__Actinomycetales;f__Bifidobacteriaceae;g__Bifidobacterium;s__Bifidobacterium longum	Bifidobacterium longum	97.35	4.93	FALSE	TRUE	Predicted anaerobe	0.02710245445106383	0.01382477611111111	41	87.23404255319149	12	66.66666666666667	0.9706564272420427	0.8467428407856118	FALSE	0.367636956003733	0.837434938010914	-0.281223907116311	0.151412655690752	1.0	-0.183413821081935
D03_bin.59	B05_bin.47	d__Bacteria;p__Bacillota;c__Clostridia;o__Oscillospirales;f__Oscillospiraceae;g__CAG-170;s__CAG-170 sp002404795	CAG-170 sp002404795	87.31	5.85	FALSE	TRUE	Predicted anaerobe	0.033716584659574465	0.015056878	31	65.95744680851064	8	44.44444444444444	1.1625057226671356	0.7667590936740681	FALSE	0.189337080286339	0.706142210958563	0.488245953765372	0.303627924668722	1.0	-0.112586996288699
D03_bin.66	B01_bin.9	d__Bacteria;p__Verrucomicrobiota;c__Verrucomicrobiia;o__Verrucomicrobiales;f__Akkermansiaceae;g__Akkermansia;s__Akkermansia muciniphila	Akkermansia muciniphila	97.96	0	FALSE	TRUE	Predicted anaerobe	0.03155253095957447	0.043813971022222224	19	40.42553191489362	7	38.888888888888886	-0.47350731931431556	-0.19141785248876586	FALSE	0.350432578635269	0.834470369140725	-0.405818382096925	0.854745215168781	1.0	0.00214035142997636
D03_bin.71	G07_bin.85	d__Bacteria;p__Bacillota;c__Clostridia;o__Christensenellales;f__Aristaeellaceae;g__UBA11524;s__UBA11524 sp000437595	UBA11524 sp000437595	98.6	1.17	FALSE	TRUE	Predicted anaerobe	0.030799412861702128	0.012770487833333333	20	42.5531914893617	7	38.888888888888886	1.2694282838004076	0.5401822484257054	FALSE	0.824190932801026	0.983217763396128	-0.0817439241629306	0.729204502443059	1.0	-0.0622426762303738
D03_bin.74	F06_bin.75	d__Bacteria;p__Bacillota;c__Clostridia;o__Oscillospirales;f__Oscillospiraceae;g__Hominicoprocola;s__Hominicoprocola fusiformis	Hominicoprocola fusiformis	92.79	0.67	FALSE	TRUE	Predicted anaerobe	0.015157387487234043	0.051546490755555556	33	70.2127659574468	14	77.77777777777777	-1.7651814591556518	-1.2393827266412023	FALSE	0.0840516269467092	0.536188191314732	0.711934069835214	0.0440195221167096	0.827887629668413	0.249289407862502
D03_bin.75	F03_bin.13	d__Bacteria;p__Bacteroidota;c__Bacteroidia;o__Bacteroidales;f__Rikenellaceae;g__Alistipes;s__Alistipes finegoldii	Alistipes finegoldii	92.39	0.24	FALSE	TRUE	Predicted anaerobe	0.12379110772978723	0.04006793363333333	37	78.72340425531915	13	72.22222222222223	1.6271441912855065	1.2809432995226329	FALSE	0.724783333832425	0.968074598146667	-0.126555804449829	0.527593609579469	1.0	-0.0552182882910883
D03_bin.77	C02_bin.89	d__Bacteria;p__Bacillota;c__Clostridia;o__Oscillospirales;f__Acutalibacteraceae;g__Hominenteromicrobium;s__Hominenteromicrobium mulieris	Hominenteromicrobium mulieris	94.63	0	FALSE	TRUE	Predicted anaerobe	0.013236326965957447	0.008683269522222222	30	63.829787234042556	11	61.111111111111114	0.6076215954849902	0.38784357158616395	FALSE	0.0806376540238904	0.527337961563962	-0.619914021179984	0.543876926190087	1.0	-0.0936710561226128
D03_bin.8	H05_bin.43	d__Bacteria;p__Bacillota;c__Clostridia;o__Lachnospirales;f__Lachnospiraceae;g__Roseburia;s__Roseburia rectalis	Roseburia rectalis	86.61	4.07	FALSE	TRUE	Predicted anaerobe	0.01916215036382979	0.01811820375	36	76.59574468085107	12	66.66666666666667	0.08077617854111066	0.061871115478297524	FALSE	0.43018384815567	0.87232817899552	0.261717676651625	0.677475342278043	1.0	0.0199620683001324
D03_bin.84	D03_bin.84	d__Bacteria;p__Actinomycetota;c__Actinomycetes;o__Actinomycetales;f__Bifidobacteriaceae;g__Bifidobacterium;s__Bifidobacterium catenulatum	Bifidobacterium catenulatum	90.8	3.41	FALSE	TRUE	Predicted anaerobe	0.07232737189361702	0.006934763333333333	17	36.170212765957444	3	16.666666666666668	3.3807437486790892	1.2228222069690324	FALSE	0.000232068291187375	0.0539104280935389	-1.77048186334891	0.161983415908221	1.0	-0.185230954250998
D03_bin.85	H07_bin.23	d__Bacteria;p__Bacillota;c__Clostridia;o__Oscillospirales;f__Ruminococcaceae;g__Faecalibacterium;s__Faecalibacterium longum	Faecalibacterium longum	80.11	6.12	FALSE	TRUE	Predicted anaerobe	0.028935202085106384	0.028194697833333334	42	89.36170212765957	16	88.88888888888889	0.03738874805017473	0.03341122166185827	FALSE	0.84138108567846	0.983217763396128	-0.0606959228834034	0.585528795327237	1.0	0.0559194219590363
D03_bin.86	C08_bin.77	d__Bacteria;p__Bacteroidota;c__Bacteroidia;o__Bacteroidales;f__Bacteroidaceae;g__Phocaeicola;s__Phocaeicola plebeius_A	Phocaeicola plebeius A	94.42	7.06	FALSE	TRUE	Predicted anaerobe	0.06399971736170212	0.042159081333333334	3	6.382978723404255	5	27.77777777777778	0.602105345925966	0.038432256122933994	FALSE	0.0341332749516136	0.348787142896373	-1.40985790302511	0.149396257225883	0.877918603065146	0.246937207168612
D03_bin.88	H06_bin.61	d__Bacteria;p__Bacillota;c__Clostridia;o__Lachnospirales;f__Lachnospiraceae;g__Fusicatenibacter;s__Fusicatenibacter saccharivorans	Fusicatenibacter saccharivorans	97.75	7.93	FALSE	TRUE	Predicted anaerobe	0.020323937572340425	0.03621303113333333	43	91.48936170212765	17	94.44444444444444	-0.8330176622523101	-0.7621225420606241	FALSE	0.409384242011878	0.856335508584847	0.268140984045658	0.0535397751668135	0.840961343129723	0.294782743404642
D03_bin.89	D01_bin.67	d__Bacteria;p__Actinomycetota;c__Coriobacteriia;o__Coriobacteriales;f__Coriobacteriaceae;g__Collinsella;s__Collinsella sp905215825	Collinsella sp905215825	99.19	2.15	FALSE	TRUE	Predicted anaerobe	0.025092225829787235	0.006864400388888889	31	65.95744680851064	6	33.333333333333336	1.8685095076775502	1.232421164638384	FALSE	0.835232851911879	0.983217763396128	-0.0674320410525939	0.0383601665282951	1.0	-0.404572800783736
D03_bin.90	A04_bin.93	d__Bacteria;p__Bacillota;c__Clostridia;o__Oscillospirales;f__Ruminococcaceae;g__Gemmiger;s__Gemmiger qucibialis	Gemmiger qucibialis	98.64	5.82	FALSE	TRUE	Predicted anaerobe	0.0319880731212766	0.012887960888888888	37	78.72340425531915	14	77.77777777777777	1.3108420307621356	1.031939471025511	FALSE	0.381549673576422	0.847850742531973	-0.278086307391764	0.583051796664601	1.0	0.0337555574533756
D03_bin.91	G07_bin.107	d__Bacteria;p__Bacillota;c__Clostridia;o__Lachnospirales;f__Lachnospiraceae;g__Roseburia;s__Roseburia faecis	Roseburia faecis	92.95	3.26	FALSE	TRUE	Predicted anaerobe	0.023008721823404254	0.04301578635	29	61.702127659574465	12	66.66666666666667	-0.9023938333986813	-0.556796195075782	FALSE	0.390519968086119	0.854052279529052	0.282064434855119	0.261513568896029	0.990778158820536	0.155499395450458
D04_bin.18	D04_bin.18	d__Bacteria;p__Bacillota;c__Clostridia;o__Lachnospirales;f__Lachnospiraceae;g__Dorea_A;s__Dorea_A amylophila	Dorea A amylophila	90.16	3.61	FALSE	TRUE	Predicted anaerobe	0.04864600289574468	0.028656044733333334	34	72.34042553191489	17	94.44444444444444	0.7632749483609655	0.5521563456228262	FALSE	0.598798736104201	0.940772237633192	-0.201956686677736	0.0617885766937636	0.888156484083392	0.220848328037557
D04_bin.20	H04_bin.57	d__Bacteria;p__Bacillota;c__Clostridia;o__Oscillospirales;f__Ruminococcaceae;g__Gemmiger;s__Gemmiger formicilis	Gemmiger formicilis	95.24	1.02	FALSE	TRUE	Predicted anaerobe	0.04291168484255319	0.026390510611111112	38	80.85106382978724	13	72.22222222222223	0.7011408756254655	0.5668798568886741	FALSE	0.46789681077639	0.892521993822794	0.223086191266954	0.655023875211513	1.0	0.0491388745046756
D04_bin.22	F06_bin.46	d__Bacteria;p__Bacillota;c__Bacilli;o__Lactobacillales;f__Streptococcaceae;g__Streptococcus;s__Streptococcus thermophilus	Streptococcus thermophilus	94.01	0	FALSE	FALSE	Facultative/other	0.009316567414893617	0.0048449673333333335	15	31.914893617021278	5	27.77777777777778	0.9418846153329374	0.3006014729785971	FALSE	0.759675452710445	0.972133645260907	-0.116983256915272	0.732541173020161	1.0	-0.0329884472088229
D04_bin.26	D07_bin.25	d__Bacteria;p__Actinomycetota;c__Coriobacteriia;o__Coriobacteriales;f__Eggerthellaceae;g__Adlercreutzia;s__Adlercreutzia rubneri	Adlercreutzia rubneri	97.31	0.22	FALSE	TRUE	Predicted anaerobe	0.017779545663829787	0.020062341716666668	27	57.4468085106383	15	83.33333333333333	-0.17417927151725285	-0.100060432573741	FALSE	0.156018137292065	0.665824546740973	0.496382291239418	0.00805638717435065	0.6173749311619	0.397924307949521
D04_bin.28	C07_bin.25	d__Bacteria;p__Bacillota;c__Clostridia;o__Lachnospirales;f__Lachnospiraceae;g__Anaerobutyricum;s__Anaerobutyricum hallii	Anaerobutyricum hallii	89.26	0.67	FALSE	TRUE	Predicted anaerobe	0.03170954019148936	0.04150241905555556	43	91.48936170212765	16	88.88888888888889	-0.3881711468486201	-0.3551353045636311	FALSE	0.329019824236664	0.829416654904531	0.303395676156105	0.262970965732303	1.0	0.0903116699185829
D04_bin.38	D07_bin.75	d__Bacteria;p__Bacillota;c__Clostridia;o__Lachnospirales;f__Lachnospiraceae;g__Blautia_A;s__Blautia_A fusiformis	Blautia A fusiformis	87.34	1.03	FALSE	TRUE	Predicted anaerobe	0.04978766375744681	0.06655586083333333	40	85.1063829787234	16	88.88888888888889	-0.41870440179578144	-0.3563441717410906	FALSE	0.891594814282211	0.988426013077921	0.0503005615097173	0.370704613511304	1.0	0.129154367922942
D04_bin.40	C02_bin.89	d__Bacteria;p__Bacillota;c__Clostridia;o__Oscillospirales;f__Acutalibacteraceae;g__Hominenteromicrobium;s__Hominenteromicrobium mulieris	Hominenteromicrobium mulieris	82.02	2.96	FALSE	TRUE	Predicted anaerobe	0.012419510965957448	0.008567105816666667	30	63.829787234042556	10	55.55555555555556	0.5352067106639335	0.34162130467910656	FALSE	0.124757068361027	0.606715181147994	-0.52663287583919	0.511332221067977	1.0	-0.101726796575108
D04_bin.44	C07_bin.89	d__Bacteria;p__Desulfobacterota;c__Desulfovibrionia;o__Desulfovibrionales;f__Desulfovibrionaceae;g__Bilophila;s__Bilophila wadsworthia	Bilophila wadsworthia	96.2	1.78	FALSE	TRUE	Predicted anaerobe	0.009850762538297872	0.008027152883333333	26	55.319148936170215	10	55.55555555555556	0.2950146901165402	0.1631996158091499	FALSE	0.871016866642846	0.984846414163431	0.0533737849156964	0.749615291884484	1.0	0.0339693990772911
D04_bin.48	C08_bin.86	d__Bacteria;p__Bacillota;c__Negativicutes;o__Acidaminococcales;f__Acidaminococcaceae;g__Phascolarctobacterium;s__Phascolarctobacterium faecium	Phascolarctobacterium faecium	97.01	1.5	FALSE	TRUE	Predicted anaerobe	0.05236416870212766	0.015663257666666666	12	25.53191489361702	4	22.22222222222222	1.7405503668163196	0.44439583833608154	FALSE	0.444538550853574	0.884393090438835	0.293921249181084	0.738214775663436	0.99604383545961	-0.0120377700667263
D04_bin.5	D04_bin.5	d__Bacteria;p__Bacillota;c__Clostridia;o__Oscillospirales;f__Oscillospiraceae;g__Flavonifractor;s__Flavonifractor plautii	Flavonifractor plautii	99.33	0.47	FALSE	TRUE	Predicted anaerobe	0.03660190565531915	0.016578738166666666	29	61.702127659574465	13	72.22222222222223	1.1421087171801307	0.7047053786856126	FALSE	0.449762473365587	0.884830200132678	-0.27587351920779	0.489795635128751	1.0	0.112923938064326
D04_bin.50	G08_bin.9	d__Bacteria;p__Bacillota;c__Clostridia;o__Oscillospirales;f__Ruminococcaceae;g__Faecalibacterium;s__Faecalibacterium taiwanense	Faecalibacterium taiwanense	96.09	4.83	FALSE	TRUE	Predicted anaerobe	0.10660495148297873	0.07282870805555555	45	95.74468085106383	18	100.0	0.5496325346730551	0.5262439161763294	FALSE	0.509111580041542	0.914731164555467	-0.250648157936152	0.457533882822044	1.0	0.0643060781979704
D04_bin.52	B04_bin.33	d__Bacteria;p__Bacillota;c__Clostridia;o__UBA1381;f__UBA1381;g__Hominilimicola;s__Hominilimicola fabiformis	Hominilimicola fabiformis	96.17	1.34	FALSE	TRUE	Predicted anaerobe	0.01875313224680851	0.01673745625	32	68.08510638297872	13	72.22222222222223	0.16395870296728524	0.11163145733942824	FALSE	0.898691218132802	0.988426013077921	-0.0424852206442756	0.41994768336603	1.0	0.082555926063658
D04_bin.64	H05_bin.38	d__Bacteria;p__Bacteroidota;c__Bacteroidia;o__Bacteroidales;f__Tannerellaceae;g__Parabacteroides;s__Parabacteroides distasonis	Parabacteroides distasonis	96.73	0.19	FALSE	TRUE	Predicted anaerobe	0.02310736670212766	0.01988998556111111	33	70.2127659574468	12	66.66666666666667	0.2162096859020401	0.15180680073973027	FALSE	0.659220975503243	0.947865487459929	0.160450140759134	0.801987086215552	1.0	0.0266420753148786
D04_bin.7	D01_bin.67	d__Bacteria;p__Actinomycetota;c__Coriobacteriia;o__Coriobacteriales;f__Coriobacteriaceae;g__Collinsella;s__Collinsella sp905215825	Collinsella sp905215825	99.19	0.81	FALSE	TRUE	Predicted anaerobe	0.029477478965957447	0.0060624421	29	61.702127659574465	9	50.0	2.2797537502433465	1.4066565692990862	FALSE	0.0279458363861286	0.312501239588281	-0.746953939983265	0.204277822445304	1.0	-0.192650842454514
D05_bin.10	E06_bin.85	d__Bacteria;p__Bacteroidota;c__Bacteroidia;o__Bacteroidales;f__Rikenellaceae;g__Alistipes;s__Alistipes shahii	Alistipes shahii	84.97	1.54	FALSE	TRUE	Predicted anaerobe	0.06982853007021277	0.04217060111111111	36	76.59574468085107	9	50.0	0.7274435391277438	0.5571907959276335	FALSE	0.422269234518772	0.864450316653212	0.258258614558695	0.0948891868468863	1.0	-0.19134253833294
D05_bin.104	D01_bin.64	d__Bacteria;p__Bacteroidota;c__Bacteroidia;o__Bacteroidales;f__Bacteroidaceae;g__Bacteroides;s__Bacteroides uniformis	Bacteroides uniformis	98.28	5.17	FALSE	TRUE	Predicted anaerobe	0.15160528825531916	0.1565023501111111	45	95.74468085106383	18	100.0	-0.04586126593481482	-0.04390972270354611	FALSE	0.886902748794719	0.987422096028185	-0.0499700219621377	0.203109472600263	1.0	0.194305156399068
D05_bin.12	D05_bin.12	d__Bacteria;p__Bacillota;c__Clostridia;o__Oscillospirales;f__Oscillospiraceae;g__Scatomorpha;s__Scatomorpha sp900545405	Scatomorpha sp900545405	91.21	0.98	FALSE	TRUE	Predicted anaerobe	0.012917608093617021	0.022052884833333335	18	38.297872340425535	4	22.22222222222222	-0.7711660750054993	-0.2953401989382763	FALSE	0.0103914962216306	0.181054458332153	1.14790101417134	0.508931161990541	1.0	-0.111834298191255
D05_bin.14	F08_bin.12	d__Bacteria;p__Bacteroidota;c__Bacteroidia;o__Bacteroidales;f__Rikenellaceae;g__Alistipes_A;s__Alistipes_A hominis	Alistipes A hominis	93.8	1.28	FALSE	TRUE	Predicted anaerobe	0.007739651529787234	0.058719222277777774	20	42.5531914893617	5	27.77777777777778	-2.9218751882127574	-1.2433511439203222	FALSE	0.00964790606694615	0.175040581500309	1.16623794828221	0.412600860973101	1.0	-0.123612059778727
D05_bin.15	D05_bin.15	d__Bacteria;p__Bacteroidota;c__Bacteroidia;o__Bacteroidales;f__Coprobacteraceae;g__Coprobacter;s__Coprobacter fastidiosus	Coprobacter fastidiosus	96.6	0	FALSE	TRUE	Predicted anaerobe	0.007434427844680851	0.00961499061111111	17	36.170212765957444	3	16.666666666666668	-0.37062416132688725	-0.1340555477139805	FALSE	0.000708187529427922	0.0690240485449429	1.52416671781651	0.3486436949601	1.0	-0.182895024185006
D05_bin.16	A04_bin.71	d__Bacteria;p__Bacteroidota;c__Bacteroidia;o__Bacteroidales;f__Rikenellaceae;g__Alistipes_A;s__Alistipes_A ihumii	Alistipes A ihumii	96.39	1.92	FALSE	TRUE	Predicted anaerobe	0.010825341017021277	0.014710456605555556	18	38.297872340425535	8	44.44444444444444	-0.44207786263524146	-0.16930641547732653	FALSE	0.658519209549475	0.947865487459929	-0.169296166904992	0.545402836904973	0.993761430316472	0.101737020172069
D05_bin.19	B01_bin.9	d__Bacteria;p__Verrucomicrobiota;c__Verrucomicrobiia;o__Verrucomicrobiales;f__Akkermansiaceae;g__Akkermansia;s__Akkermansia muciniphila	Akkermansia muciniphila	97.28	0	FALSE	TRUE	Predicted anaerobe	0.020639947723404255	0.018194786633333335	19	40.42553191489362	6	33.333333333333336	0.1818202974041127	0.07350182235485407	FALSE	0.362560353547708	0.837128877065693	-0.376138495036132	0.754446669153043	1.0	-0.0435651667475422
D05_bin.23	H05_bin.43	d__Bacteria;p__Bacillota;c__Clostridia;o__Lachnospirales;f__Lachnospiraceae;g__Roseburia;s__Roseburia rectalis	Roseburia rectalis	96.62	0	FALSE	TRUE	Predicted anaerobe	0.0210290065	0.06985269502222223	36	76.59574468085107	13	72.22222222222223	-1.7314557176220475	-1.3262214007317812	FALSE	0.268661667634245	0.793489111384863	0.464504104746746	0.660810706196732	1.0	0.0505405596255287
D05_bin.25	A07_bin.85	d__Bacteria;p__Bacteroidota;c__Bacteroidia;o__Bacteroidales;f__Bacteroidaceae;g__Phocaeicola;s__Phocaeicola plebeius	Phocaeicola plebeius	93.8	1.52	FALSE	TRUE	Predicted anaerobe	0.09888103993617021	0.08834520116666666	4	8.51063829787234	4	22.22222222222222	0.16252474715174944	0.013831893374616974	FALSE	0.208223073577031	0.736494903547362	-0.649580670590353	0.297394514407798	0.928059810048057	0.164879551844729
D05_bin.26	H04_bin.57	d__Bacteria;p__Bacillota;c__Clostridia;o__Oscillospirales;f__Ruminococcaceae;g__Gemmiger;s__Gemmiger formicilis	Gemmiger formicilis	87.61	2.04	FALSE	TRUE	Predicted anaerobe	0.01510140065319149	0.07001042633333333	38	80.85106382978724	13	72.22222222222223	-2.212138457977462	-1.7885374766626287	FALSE	0.0583973054121597	0.462679993294849	0.764814483873332	0.336515455588392	1.0	0.108978620255607
D05_bin.30	A03_bin.21	d__Bacteria;p__Bacillota;c__Clostridia;o__Lachnospirales;f__Lachnospiraceae;g__Hominisplanchenecus;s__Hominisplanchenecus faecis	Hominisplanchenecus faecis	90.9	3.8	FALSE	TRUE	Predicted anaerobe	0.014489707636170213	0.06299891505555556	30	63.829787234042556	12	66.66666666666667	-2.119532157385559	-1.3528928664163142	FALSE	0.0245581894137718	0.296448216675059	0.853963428738871	0.12330784910614	0.919376761956757	0.227094724173401
D05_bin.32	F06_bin.46	d__Bacteria;p__Bacillota;c__Bacilli;o__Lactobacillales;f__Streptococcaceae;g__Streptococcus;s__Streptococcus thermophilus	Streptococcus thermophilus	100	0	FALSE	FALSE	Facultative/other	0.009257416521276596	0.005029734133333333	16	34.04255319148936	5	27.77777777777778	0.878819586996915	0.2991726253606519	FALSE	0.856852766060595	0.984846414163431	-0.0688226773467931	0.71814917402919	1.0	-0.0697875755466429
D05_bin.33	C06_bin.11	d__Bacteria;p__Bacillota;c__Clostridia;o__Lachnospirales;f__Lachnospiraceae;g__Anthropogastromicrobium;s__Anthropogastromicrobium aceti	Anthropogastromicrobium aceti	86.27	4.79	FALSE	TRUE	Predicted anaerobe	0.009408386321276595	0.019831532444444445	31	65.95744680851064	13	72.22222222222223	-1.0749716502849664	-0.7090238544432756	FALSE	0.32061972987319	0.826466231054012	0.34185606590358	0.079816825280846	0.865326138433405	0.215341097836904
D05_bin.35	H05_bin.38	d__Bacteria;p__Bacteroidota;c__Bacteroidia;o__Bacteroidales;f__Tannerellaceae;g__Parabacteroides;s__Parabacteroides distasonis	Parabacteroides distasonis	91.42	0	FALSE	TRUE	Predicted anaerobe	0.014375422170212766	0.015188322494444444	38	80.85106382978724	13	72.22222222222223	-0.07930453527969719	-0.06411856043890411	FALSE	0.771380350720812	0.973859377503757	0.098433643328945	0.76235812966174	1.0	0.0282566108702583
D05_bin.36	B04_bin.18	d__Bacteria;p__Bacteroidota;c__Bacteroidia;o__Bacteroidales;f__Rikenellaceae;g__Alistipes;s__Alistipes onderdonkii	Alistipes onderdonkii	92.53	1.12	FALSE	TRUE	Predicted anaerobe	0.12228318112127659	0.09687133127777778	41	87.23404255319149	15	83.33333333333333	0.3360533688414021	0.29315293877654225	FALSE	0.902040643271169	0.988426013077921	-0.0548775907932733	0.674410203984953	1.0	-0.0514179152947183
D05_bin.39	D05_bin.39	d__Bacteria;p__Bacillota;c__Clostridia;o__Lachnospirales;f__Lachnospiraceae;g__Allocoprococcus;s__Allocoprococcus comes	Allocoprococcus comes	92.28	4.68	FALSE	TRUE	Predicted anaerobe	0.1051631500212766	0.15405168533333333	45	95.74468085106383	18	100.0	-0.5507416710901589	-0.5273058552990884	FALSE	0.583462499168404	0.937445088175046	0.209570918605855	0.113613406471586	0.99226353291623	0.186916037058363
D05_bin.4	C03_bin.49	d__Bacteria;p__Actinomycetota;c__Actinomycetes;o__Actinomycetales;f__Bifidobacteriaceae;g__Bifidobacterium;s__Bifidobacterium longum	Bifidobacterium longum	95.21	0.58	FALSE	TRUE	Predicted anaerobe	0.024273382331914894	0.01667192268888889	41	87.23404255319149	12	66.66666666666667	0.5416838052324825	0.4725326811602507	FALSE	0.881074328783978	0.984846414163431	-0.0504156722495117	0.210600793953361	1.0	-0.143469127980441
D05_bin.46	D01_bin.36	d__Bacteria;p__Bacillota;c__Clostridia;o__Oscillospirales;f__Butyricicoccaceae;g__Agathobaculum;s__Agathobaculum butyriciproducens	Agathobaculum butyriciproducens	94.3	5.2	FALSE	TRUE	Predicted anaerobe	0.01827275535106383	0.02359159038888889	38	80.85106382978724	16	88.88888888888889	-0.36840056664812815	-0.2978557772899759	FALSE	0.768154654415088	0.973335000126514	0.0921129381037031	0.132334306740157	0.938446236009477	0.153026380735293
D05_bin.53	D07_bin.25	d__Bacteria;p__Actinomycetota;c__Coriobacteriia;o__Coriobacteriales;f__Eggerthellaceae;g__Adlercreutzia;s__Adlercreutzia rubneri	Adlercreutzia rubneri	95.25	1.4	FALSE	TRUE	Predicted anaerobe	0.009324892170212765	0.026466949927777778	27	57.4468085106383	14	77.77777777777777	-1.504031674482114	-0.8640181959790869	FALSE	0.0778268677428117	0.527337961563962	0.697459064435652	0.0151879832214208	0.717924749361226	0.393392872101603
D05_bin.61	C02_bin.12	d__Bacteria;p__Bacteroidota;c__Bacteroidia;o__Bacteroidales;f__Bacteroidaceae;g__Prevotella;s__Prevotella copri_B	Prevotella copri B	83.78	1.18	FALSE	TRUE	Predicted anaerobe	0.36786176114893615	0.2840629313333333	9	19.148936170212767	6	33.333333333333336	0.3729415683789986	0.07141434288108484	FALSE	0.0520355152981412	0.434362188732841	-0.931494901007801	0.380197820159097	0.98705977697823	0.0741338714344608
D05_bin.64	C07_bin.25	d__Bacteria;p__Bacillota;c__Clostridia;o__Lachnospirales;f__Lachnospiraceae;g__Anaerobutyricum;s__Anaerobutyricum hallii	Anaerobutyricum hallii	89.26	7.49	FALSE	TRUE	Predicted anaerobe	0.023337093461702128	0.062737188	42	89.36170212765957	16	88.88888888888889	-1.4263078500990396	-1.274572972428929	FALSE	0.421527408555327	0.864450316653212	0.283064717592236	0.363409655065279	1.0	0.103790664685994
D05_bin.66	D05_bin.66	d__Bacteria;p__Bacillota_I;c__Bacilli_A;o__Erysipelotrichales;f__Coprobacillaceae;g__Faecalibacillus;s__Faecalibacillus faecis	Faecalibacillus faecis	91.82	0	FALSE	TRUE	Predicted anaerobe	0.01566371420212766	0.05433282422777778	31	65.95744680851064	15	83.33333333333333	-1.7937424492391991	-1.1831067218386206	FALSE	0.586192146353572	0.939278465232197	0.229889757436462	0.0961710017143169	0.885131098278755	0.231479839116323
D05_bin.67	C05_bin.117	d__Bacteria;p__Bacillota;c__Clostridia;o__Lachnospirales;f__Lachnospiraceae;g__Gallintestinimicrobium;s__Gallintestinimicrobium propionicum	Gallintestinimicrobium propionicum	92.84	2.47	FALSE	TRUE	Predicted anaerobe	0.014657360206382978	0.016536150672222222	32	68.08510638297872	14	77.77777777777777	-0.1738863829191835	-0.11839072879603983	FALSE	0.756039676925611	0.971972917985348	0.111054621509497	0.166607038472616	0.968501303806469	0.177997610776836
D05_bin.70	A06_bin.107	d__Bacteria;p__Bacteroidota;c__Bacteroidia;o__Bacteroidales;f__Marinifilaceae;g__Odoribacter;s__Odoribacter splanchnicus	Odoribacter splanchnicus	99.07	0	FALSE	TRUE	Predicted anaerobe	0.008374143821276596	0.014063839316666667	37	78.72340425531915	14	77.77777777777777	-0.7472805766014936	-0.5882847092394737	FALSE	0.153408761843815	0.665270191605616	0.453076918177322	0.145186663184592	0.950306766701546	0.144059891536473
D05_bin.72	D05_bin.72	d__Bacteria;p__Bacillota;c__Clostridia;o__Peptostreptococcales;f__Anaerovoracaceae;g__Alangreenwoodia;s__Alangreenwoodia sp905206455	Alangreenwoodia sp905206455	91.16	2.13	FALSE	TRUE	Predicted anaerobe	0.014996625227659575	0.027600821066666666	26	55.319148936170215	14	77.77777777777777	-0.8796342179326306	-0.48660616311166804	FALSE	0.877966263392288	0.984846414163431	-0.0594266665476384	0.0322688112478265	0.802384389741508	0.277453097432666
D05_bin.78	D05_bin.78	d__Bacteria;p__Bacillota;c__Clostridia;o__Christensenellales;f__Aristaeellaceae;g__Limiplasma;s__Limiplasma merdipullorum	Limiplasma merdipullorum	98.79	0.27	FALSE	TRUE	Predicted anaerobe	0.004342813631914894	0.016410837666666667	14	29.78723404255319	3	16.666666666666668	-1.915507567570919	-0.5705767222551673	FALSE	0.000363849908392838	0.0539104280935389	1.86033622505065	0.64238835020797	1.0	-0.067155049838617
D05_bin.84	D05_bin.84	d__Bacteria;p__Bacillota;c__Clostridia;o__Oscillospirales;f__Ruminococcaceae;g__Negativibacillus;s__Negativibacillus sp000435195	Negativibacillus sp000435195	87.27	1.01	FALSE	TRUE	Predicted anaerobe	0.012452664031914893	0.016773989666666666	15	31.914893617021278	3	16.666666666666668	-0.4294732015023269	-0.13706591537308305	FALSE	0.102466928256834	0.576538602660287	0.637090415333685	0.507966772704497	1.0	-0.0966078022995907
D05_bin.91	A04_bin.93	d__Bacteria;p__Bacillota;c__Clostridia;o__Oscillospirales;f__Ruminococcaceae;g__Gemmiger;s__Gemmiger qucibialis	Gemmiger qucibialis	92.76	1.02	FALSE	TRUE	Predicted anaerobe	0.013807950480851063	0.01596674433333333	34	72.34042553191489	14	77.77777777777777	-0.2094298057159166	-0.1515024126455567	FALSE	0.956236764572208	0.99690442516441	-0.0185131343602632	0.261136421400811	1.0	0.113987149457929
D05_bin.96	H06_bin.64	d__Bacteria;p__Bacillota;c__Clostridia;o__Oscillospirales;f__Ruminococcaceae;g__Ruminiclostridium_E;s__Ruminiclostridium_E siraeum	Ruminiclostridium E siraeum	94.3	0.67	FALSE	TRUE	Predicted anaerobe	0.0059262491914893614	0.032666438	13	27.659574468085108	3	16.666666666666668	-2.460627166748519	-0.6805990035687394	FALSE	0.000401514107115969	0.0549147755732456	1.95174641054677	0.630038608245963	1.0	-0.0796607615052683
D05_bin.97	B02_bin.41	d__Bacteria;p__Bacillota;c__Clostridia;o__Lachnospirales;f__Lachnospiraceae;g__Dorea_A;s__Dorea_A longicatena	Dorea A longicatena	82.57	1.96	FALSE	TRUE	Predicted anaerobe	0.024235492642553192	0.07782173831111111	42	89.36170212765957	16	88.88888888888889	-1.6826420108937643	-1.5036375416497467	FALSE	0.486574519748643	0.900238809691037	0.266353257737589	0.141358612893449	0.954916707630451	0.185851983802881
D05_bin.98	F02_bin.66	d__Bacteria;p__Bacteroidota;c__Bacteroidia;o__Bacteroidales;f__Rikenellaceae;g__Tidjanibacter;s__Tidjanibacter inops	Tidjanibacter inops	98.28	6.9	FALSE	TRUE	Predicted anaerobe	0.025209900112765957	0.03691233844444444	25	53.191489361702125	7	38.888888888888886	-0.5499313660575383	-0.2925166840731587	FALSE	0.0629067837382402	0.475950048879111	0.718502480652424	0.61398059652064	1.0	-0.107419766018949
D06_bin.1	D01_bin.36	d__Bacteria;p__Bacillota;c__Clostridia;o__Oscillospirales;f__Butyricicoccaceae;g__Agathobaculum;s__Agathobaculum butyriciproducens	Agathobaculum butyriciproducens	91.19	2.01	FALSE	TRUE	Predicted anaerobe	0.020245157387234043	0.02531682988888889	37	78.72340425531915	16	88.88888888888889	-0.32237721381705675	-0.25378631726023615	FALSE	0.727982574082158	0.968074598146667	0.117995102213143	0.0975839228141206	0.885648742042662	0.184141392243103
D06_bin.12	C06_bin.11	d__Bacteria;p__Bacillota;c__Clostridia;o__Lachnospirales;f__Lachnospiraceae;g__Anthropogastromicrobium;s__Anthropogastromicrobium aceti	Anthropogastromicrobium aceti	95.25	2.66	FALSE	TRUE	Predicted anaerobe	0.011697098434042553	0.025927449588888887	35	74.46808510638297	16	88.88888888888889	-1.1476530744708304	-0.8546352682229588	FALSE	0.618287947032866	0.943026319703049	0.163298100561524	0.0139637150596544	0.740070419415269	0.276191099006419
D06_bin.17	F02_bin.66	d__Bacteria;p__Bacteroidota;c__Bacteroidia;o__Bacteroidales;f__Rikenellaceae;g__Tidjanibacter;s__Tidjanibacter inops	Tidjanibacter inops	97.28	0.48	FALSE	TRUE	Predicted anaerobe	0.020461277544680852	0.08090961127777778	24	51.06382978723404	7	38.888888888888886	-1.9828882504901943	-1.0125386811013757	FALSE	0.017105503075533	0.241377654510298	0.979099440224534	0.720311320410952	1.0	-0.0518999810456527
D06_bin.21	H07_bin.23	d__Bacteria;p__Bacillota;c__Clostridia;o__Oscillospirales;f__Ruminococcaceae;g__Faecalibacterium;s__Faecalibacterium longum	Faecalibacterium longum	80.49	1.19	FALSE	TRUE	Predicted anaerobe	0.02604874745744681	0.0432929745	41	87.23404255319149	16	88.88888888888889	-0.7326983868626811	-0.6391624225823388	FALSE	0.773729937352051	0.973859377503757	0.104804961138469	0.366079470499509	1.0	0.111849106547613
D06_bin.25	D06_bin.25	d__Bacteria;p__Bacillota;c__Clostridia;o__Oscillospirales;f__Ruminococcaceae;g__CAG-115;s__CAG-115 sp003531585	CAG-115 sp003531585	95.97	0	FALSE	TRUE	Predicted anaerobe	0.021351718325531916	0.02698736812777778	17	36.170212765957444	11	61.111111111111114	-0.337791069865978	-0.12217974867492823	FALSE	0.907444556832181	0.989877810111322	-0.0473469704725542	0.0867387889613382	0.860074781494483	0.345022857876525
D06_bin.26	B04_bin.18	d__Bacteria;p__Bacteroidota;c__Bacteroidia;o__Bacteroidales;f__Rikenellaceae;g__Alistipes;s__Alistipes onderdonkii	Alistipes onderdonkii	95.98	0.48	FALSE	TRUE	Predicted anaerobe	0.26606895485106385	0.26305262152777775	42	89.36170212765957	16	88.88888888888889	0.016448135840340918	0.014698334155198266	FALSE	0.859786457767249	0.984846414163431	-0.0677108022860258	0.857182738939138	1.0	-0.00157470981563949
D06_bin.33	H05_bin.43	d__Bacteria;p__Bacillota;c__Clostridia;o__Lachnospirales;f__Lachnospiraceae;g__Roseburia;s__Roseburia rectalis	Roseburia rectalis	95.47	0	FALSE	TRUE	Predicted anaerobe	0.025677664627659573	0.05524200075	35	74.46808510638297	11	61.111111111111114	-1.1049509725980478	-0.8228358306581206	FALSE	0.209257087545026	0.736494903547362	0.474025172826942	0.653240611474781	1.0	-0.000387696287709314
D06_bin.37	G06_bin.24	d__Bacteria;p__Bacillota;c__Clostridia;o__Oscillospirales;f__Oscillospiraceae;g__CAG-170;s__CAG-170 sp000432135	CAG-170 sp000432135	84.56	1.68	FALSE	TRUE	Predicted anaerobe	0.02518069305106383	0.036460148	28	59.57446808510638	9	50.0	-0.5338252399918723	-0.31802354722920045	FALSE	0.983602969559912	1	0.00774885436102729	0.628324649142975	1.0	-0.0646035636117493
D06_bin.38	D06_bin.38	d__Bacteria;p__Bacillota;c__Clostridia;o__Oscillospirales;f__Oscillospiraceae;g__Faecousia;s__Faecousia sp000435995	Faecousia sp000435995	97.09	2.03	FALSE	TRUE	Predicted anaerobe	0.014410859989361702	0.03233298158333334	16	34.04255319148936	6	33.333333333333336	-1.1652954794168773	-0.3966963334185114	FALSE	0.162509981086946	0.67061543604847	-0.591224632019576	0.816541855336416	1.0	0.041418511108789
D06_bin.39	B04_bin.53	d__Bacteria;p__Bacillota;c__Clostridia;o__Oscillospirales;f__Oscillospiraceae;g__Lawsonibacter;s__Lawsonibacter asaccharolyticus	Lawsonibacter asaccharolyticus	94.63	2.01	FALSE	TRUE	Predicted anaerobe	0.014828699931914893	0.02421374665	37	78.72340425531915	15	83.33333333333333	-0.7070573235728204	-0.5566195951530714	FALSE	0.959196017635669	0.997339485003637	0.0172560324941358	0.447851336858472	1.0	0.0983276559421578
D06_bin.4	D01_bin.64	d__Bacteria;p__Bacteroidota;c__Bacteroidia;o__Bacteroidales;f__Bacteroidaceae;g__Bacteroides;s__Bacteroides uniformis	Bacteroides uniformis	94.97	1.43	FALSE	TRUE	Predicted anaerobe	0.13666282532978724	0.15011857911111112	45	95.74468085106383	17	94.44444444444444	-0.13547222035851159	-0.12970744502410683	FALSE	0.970172425029101	0.998940635718584	0.0132707563242118	0.529055612891196	1.0	0.078318733245478
D06_bin.42	D05_bin.78	d__Bacteria;p__Bacillota;c__Clostridia;o__Christensenellales;f__Aristaeellaceae;g__Limiplasma;s__Limiplasma merdipullorum	Limiplasma merdipullorum	97.18	1.13	FALSE	TRUE	Predicted anaerobe	0.004811058574468085	0.014227404944444445	13	27.659574468085108	3	16.666666666666668	-1.5622643465795947	-0.4321156703305262	FALSE	0.000651731884583087	0.0690240485449429	1.7186259811617	0.697477859710217	0.9997140318439	-0.0605100605116613
D06_bin.47	H01_bin.87	d__Bacteria;p__Bacillota;c__Clostridia;o__Lachnospirales;f__Lachnospiraceae;g__Acetatifactor;s__Acetatifactor intestinalis	Acetatifactor intestinalis	92.14	5.88	FALSE	TRUE	Predicted anaerobe	0.029472785789361702	0.07637925333333334	26	55.319148936170215	13	72.22222222222223	-1.3734968407038148	-0.7598067629425359	FALSE	0.492314249082026	0.903226691861454	0.281246809460471	0.0229069826405229	0.773794494804112	0.279155883108592
D06_bin.48	G04_bin.90	d__Bacteria;p__Bacteroidota;c__Bacteroidia;o__Bacteroidales;f__Bacteroidaceae;g__Bacteroides;s__Bacteroides stercoris	Bacteroides stercoris	81.38	0	FALSE	TRUE	Predicted anaerobe	0.4784750596170213	0.24685911322222223	16	34.04255319148936	6	33.333333333333336	0.9547275317556234	0.32501362783170157	FALSE	0.877471805912652	0.984846414163431	-0.0601869271019492	0.796228502807121	1.0	0.0285625433427829
D06_bin.49	F06_bin.75	d__Bacteria;p__Bacillota;c__Clostridia;o__Oscillospirales;f__Oscillospiraceae;g__Hominicoprocola;s__Hominicoprocola fusiformis	Hominicoprocola fusiformis	80.7	0.76	FALSE	TRUE	Predicted anaerobe	0.01882882980638298	0.07290118883333334	34	72.34042553191489	14	77.77777777777777	-1.952430871970804	-1.4123968010001562	FALSE	0.464864321419058	0.889810609339414	0.273939550745173	0.106440322245098	0.899336482904078	0.132894082957907
D06_bin.55	D05_bin.12	d__Bacteria;p__Bacillota;c__Clostridia;o__Oscillospirales;f__Oscillospiraceae;g__Scatomorpha;s__Scatomorpha sp900545405	Scatomorpha sp900545405	91.93	8.11	FALSE	TRUE	Predicted anaerobe	0.02037523064468085	0.0468830425	18	38.297872340425535	4	22.22222222222222	-1.201849606584641	-0.46028282805369225	FALSE	0.0292147022273532	0.319601801520241	0.986404221708392	0.472098057463007	1.0	-0.124925128419058
D06_bin.56	A04_bin.93	d__Bacteria;p__Bacillota;c__Clostridia;o__Oscillospirales;f__Ruminococcaceae;g__Gemmiger;s__Gemmiger qucibialis	Gemmiger qucibialis	97.28	1.36	FALSE	TRUE	Predicted anaerobe	0.012892027134042553	0.021933465	36	76.59574468085107	14	77.77777777777777	-0.766193597545229	-0.5868716917367711	FALSE	0.812098172712962	0.983217763396128	0.0803456922257693	0.318461449211565	1.0	0.119503889549798
D06_bin.58	D06_bin.58	d__Bacteria;p__Bacillota;c__Clostridia;o__Oscillospirales;f__Oscillospiraceae;g__Scatomorpha;s__Scatomorpha intestinigallinarum	Scatomorpha intestinigallinarum	86.62	1.16	FALSE	TRUE	Predicted anaerobe	0.007160448514893617	0.028564361405555554	9	19.148936170212767	4	22.22222222222222	-1.9945859886044506	-0.3819419978178735	FALSE	0.461271645941944	0.889810609339414	-0.328924353566788	0.637786089843175	0.988163347536675	0.0740048824832834
D06_bin.59	C05_bin.117	d__Bacteria;p__Bacillota;c__Clostridia;o__Lachnospirales;f__Lachnospiraceae;g__Gallintestinimicrobium;s__Gallintestinimicrobium propionicum	Gallintestinimicrobium propionicum	98.85	0.57	FALSE	TRUE	Predicted anaerobe	0.012074792780851063	0.029761139333333332	27	57.4468085106383	12	66.66666666666667	-1.3007216988961803	-0.74722310362121	FALSE	0.473333643510193	0.892521993822794	0.291820408153082	0.14916990077914	0.939873704900371	0.210060848103226
D06_bin.61	B09_bin.61	d__Bacteria;p__Bacillota;c__Clostridia;o__Oscillospirales;f__Ruminococcaceae;g__Hominimerdicola;s__Hominimerdicola aceti	Hominimerdicola aceti	83.56	0	FALSE	TRUE	Predicted anaerobe	0.020092240717021276	0.028250852133333334	27	57.4468085106383	10	55.55555555555556	-0.49144864522727666	-0.2823215621518398	FALSE	0.571971132373277	0.936541020716014	0.242805077180349	0.651910345278565	1.0	0.0566969194638755
D06_bin.65	G07_bin.107	d__Bacteria;p__Bacillota;c__Clostridia;o__Lachnospirales;f__Lachnospiraceae;g__Roseburia;s__Roseburia faecis	Roseburia faecis	95.89	2.66	FALSE	TRUE	Predicted anaerobe	0.02308113949787234	0.08818312011111111	31	65.95744680851064	11	61.111111111111114	-1.93332674770125	-1.2751729612497604	FALSE	0.0730481552371686	0.518849370364329	0.657728547891187	0.396975598550344	0.999471233802507	0.105781992539092
D06_bin.7	A07_bin.65	d__Bacteria;p__Bacteroidota;c__Bacteroidia;o__Bacteroidales;f__Barnesiellaceae;g__Barnesiella;s__Barnesiella intestinihominis	Barnesiella intestinihominis	83.03	0	FALSE	TRUE	Predicted anaerobe	0.047159210489361704	0.042715764	32	68.08510638297872	12	66.66666666666667	0.14273916381451254	0.09718411153328513	FALSE	0.623196818326611	0.943026319703049	-0.160211072727103	0.697971512185896	1.0	0.0351362394620297
D06_bin.71	F03_bin.13	d__Bacteria;p__Bacteroidota;c__Bacteroidia;o__Bacteroidales;f__Rikenellaceae;g__Alistipes;s__Alistipes finegoldii	Alistipes finegoldii	96.95	1.2	FALSE	TRUE	Predicted anaerobe	0.03677613452553191	0.09177077344444444	30	63.829787234042556	13	72.22222222222223	-1.3190298781437089	-0.8419339647725802	FALSE	0.860668041678316	0.984846414163431	0.0710829324780038	0.532828974075611	1.0	0.0155059053460503
D06_bin.8	F07_bin.6	d__Bacteria;p__Bacillota;c__Clostridia;o__Oscillospirales;f__Acutalibacteraceae;g__CAG-217;s__CAG-217 sp000436335	CAG-217 sp000436335	97.32	0.34	FALSE	TRUE	Predicted anaerobe	0.011317169574468084	0.046580239777777775	14	29.78723404255319	2	11.11111111111111	-2.040240348806868	-0.6077311677297054	FALSE	0.326570942693442	0.827931171114453	0.398735332433512	0.3134067201044	1.0	-0.217204395574501
D06_bin.80	D06_bin.80	d__Bacteria;p__Bacillota;c__Clostridia;o__Christensenellales;f__CAG-138;g__SFEL01;s__SFEL01 sp004557245	SFEL01 sp004557245	99.19	1.08	FALSE	TRUE	Predicted anaerobe	0.007538534944680851	0.016220176000000003	17	36.170212765957444	2	11.11111111111111	-1.104410072902412	-0.39946747317746817	FALSE	0.000919350144997637	0.0731884048042115	1.50344263331849	0.195522087760894	1.0	-0.280608365899899
D06_bin.82	H04_bin.57	d__Bacteria;p__Bacillota;c__Clostridia;o__Oscillospirales;f__Ruminococcaceae;g__Gemmiger;s__Gemmiger formicilis	Gemmiger formicilis	91.61	0	FALSE	TRUE	Predicted anaerobe	0.014483169959574469	0.035472664833333334	37	78.72340425531915	13	72.22222222222223	-1.291741186564156	-1.016902636231357	FALSE	0.0446502471257954	0.408242021214566	0.702385678695523	0.264314496488626	0.999224680804353	0.140432469949848
D06_bin.88	A03_bin.68	d__Bacteria;p__Bacillota;c__Clostridia;o__Lachnospirales;f__Lachnospiraceae;g__Roseburia;s__Roseburia hominis	Roseburia hominis	97.99	0.72	FALSE	TRUE	Predicted anaerobe	0.016101538274468086	0.0341113186	23	48.93617021276596	13	72.22222222222223	-1.082579155707535	-0.5297727783249639	FALSE	0.207646891361416	0.736494903547362	0.5159666825873	0.0335803844266734	0.795448930966569	0.366735518056039
D06_bin.89	F02_bin.31	d__Bacteria;p__Verrucomicrobiota;c__Verrucomicrobiia;o__Verrucomicrobiales;f__Akkermansiaceae;g__Akkermansia;s__Akkermansia massiliensis	Akkermansia massiliensis	97.96	1.36	FALSE	TRUE	Predicted anaerobe	0.026484575212765957	0.02915963111111111	8	17.02127659574468	4	22.22222222222222	-0.13877014469564922	-0.023620450160961568	FALSE	0.169409584323995	0.675359284592071	-0.591508397132676	0.617104852323275	0.994012117666918	0.068601877464393
D06_bin.94	C03_bin.49	d__Bacteria;p__Actinomycetota;c__Actinomycetes;o__Actinomycetales;f__Bifidobacteriaceae;g__Bifidobacterium;s__Bifidobacterium longum	Bifidobacterium longum	92.84	2.04	FALSE	TRUE	Predicted anaerobe	0.02968385746170213	0.02191098175	42	89.36170212765957	12	66.66666666666667	0.43785211065887053	0.39127209888665027	FALSE	0.960334143954281	0.997939279924436	-0.0161077278444739	0.175624043545822	1.0	-0.141453587942382
D06_bin.95	D06_bin.95	d__Bacteria;p__Actinomycetota;c__Coriobacteriia;o__Coriobacteriales;f__Eggerthellaceae;g__Anaerotardibacter;s__Anaerotardibacter sp958409415	Anaerotardibacter sp958409415	100	0.12	FALSE	TRUE	Predicted anaerobe	0.005413332489361702	0.06401213688888889	5	10.638297872340425	6	33.333333333333336	-3.5613193052367857	-0.3788637558762538	FALSE	0.673635035067678	0.953830565934627	0.184486561616328	0.16543221155177	0.902975947816517	0.271318049757639
D07_bin.15	F06_bin.75	d__Bacteria;p__Bacillota;c__Clostridia;o__Oscillospirales;f__Oscillospiraceae;g__Hominicoprocola;s__Hominicoprocola fusiformis	Hominicoprocola fusiformis	92.95	3.38	FALSE	TRUE	Predicted anaerobe	0.054462321823404256	0.03288091477777778	33	70.2127659574468	15	83.33333333333333	0.7278342281416339	0.5110325431632748	FALSE	0.359022233527257	0.837128877065693	-0.373316498116361	0.177258859988103	0.97993133617371	0.174529186068301
D07_bin.19	B04_bin.53	d__Bacteria;p__Bacillota;c__Clostridia;o__Oscillospirales;f__Oscillospiraceae;g__Lawsonibacter;s__Lawsonibacter asaccharolyticus	Lawsonibacter asaccharolyticus	85.87	7.16	FALSE	TRUE	Predicted anaerobe	0.018067923897872342	0.0165288244	39	82.97872340425532	16	88.88888888888889	0.12837231589224224	0.10652170893186058	FALSE	0.792787187979455	0.980179166504932	-0.0824972336730154	0.47786113020283	1.0	0.101960631940272
D07_bin.2	F03_bin.40	d__Bacteria;p__Bacillota;c__Clostridia;o__Lachnospirales;f__Lachnospiraceae;g__Blautia_A;s__Blautia_A wexlerae	Blautia A wexlerae	96.65	3.7	FALSE	TRUE	Predicted anaerobe	0.046729328119148934	0.051550268555555556	44	93.61702127659575	18	100.0	-0.14162278266959308	-0.1325830305842999	FALSE	0.769839384082808	0.973335000126514	0.0967091098101356	0.0592577007880408	0.888417064080104	0.299936130466421
D07_bin.24	C06_bin.11	d__Bacteria;p__Bacillota;c__Clostridia;o__Lachnospirales;f__Lachnospiraceae;g__Anthropogastromicrobium;s__Anthropogastromicrobium aceti	Anthropogastromicrobium aceti	93.59	3.24	FALSE	TRUE	Predicted anaerobe	0.011538910457446809	0.01335990825	33	70.2127659574468	16	88.88888888888889	-0.21123281315803785	-0.14831240072798402	FALSE	0.808660412450959	0.981995841667439	-0.0768590868420709	0.0161713611262529	0.751082236658023	0.272548588204929
D07_bin.25	D07_bin.25	d__Bacteria;p__Actinomycetota;c__Coriobacteriia;o__Coriobacteriales;f__Eggerthellaceae;g__Adlercreutzia;s__Adlercreutzia rubneri	Adlercreutzia rubneri	99.19	0	FALSE	TRUE	Predicted anaerobe	0.013905660421276595	0.03391473848888889	30	63.829787234042556	14	77.77777777777777	-1.2856283156304027	-0.8206138184874912	FALSE	0.112551518603806	0.592385875459096	0.611339022531793	0.0480655200844405	0.831751461777588	0.284134648938394
D07_bin.27	H04_bin.57	d__Bacteria;p__Bacillota;c__Clostridia;o__Oscillospirales;f__Ruminococcaceae;g__Gemmiger;s__Gemmiger formicilis	Gemmiger formicilis	90.82	0.85	FALSE	TRUE	Predicted anaerobe	0.021686407227659573	0.020345671894444445	37	78.72340425531915	13	72.22222222222223	0.09202531995563908	0.07244546464592863	FALSE	0.18616144393802	0.701343518225518	0.463441681684518	0.37246745118206	1.0	0.109777658437332
D07_bin.29	B09_bin.61	d__Bacteria;p__Bacillota;c__Clostridia;o__Oscillospirales;f__Ruminococcaceae;g__Hominimerdicola;s__Hominimerdicola aceti	Hominimerdicola aceti	94.25	1.03	FALSE	TRUE	Predicted anaerobe	0.01749577195106383	0.008306144794444444	27	57.4468085106383	9	50.0	1.0738438989669459	0.6168890483427136	FALSE	0.425621233686484	0.867547815186894	-0.2898035545575	0.687783967527111	1.0	-0.0424698795228374
D07_bin.3	C05_bin.117	d__Bacteria;p__Bacillota;c__Clostridia;o__Lachnospirales;f__Lachnospiraceae;g__Gallintestinimicrobium;s__Gallintestinimicrobium propionicum	Gallintestinimicrobium propionicum	95.9	3.03	FALSE	TRUE	Predicted anaerobe	0.01385987060425532	0.013673383388888889	26	55.319148936170215	11	61.111111111111114	0.019529329581732733	0.010803458917554278	FALSE	0.751739062614651	0.971644762115332	0.112694160712851	0.265882714606367	0.988275592873195	0.140364185114468
D07_bin.34	F03_bin.29	d__Bacteria;p__Bacteroidota;c__Bacteroidia;o__Bacteroidales;f__Bacteroidaceae;g__Bacteroides;s__Bacteroides cellulosilyticus	Bacteroides cellulosilyticus	97.03	3.72	FALSE	TRUE	Predicted anaerobe	0.09185193234680851	0.08921099181111111	27	57.4468085106383	10	55.55555555555556	0.04208394576310196	0.024175883736250067	FALSE	0.881022289925672	0.984846414163431	-0.0673197638994803	0.705591301931186	1.0	0.0604994768224858
D07_bin.38	D01_bin.23	d__Bacteria;p__Bacillota;c__Clostridia;o__Lachnospirales;f__Lachnospiraceae;g__Anaerostipes;s__Anaerostipes hadrus	Anaerostipes hadrus	85.03	4.97	FALSE	TRUE	Predicted anaerobe	0.029729012519148935	0.06379133008333333	41	87.23404255319149	18	100.0	-1.101229756906452	-0.9606472347481816	FALSE	0.314953509539771	0.826466231054012	0.42264838018638	0.00830240802077483	0.601046642697885	0.305486182623125
D07_bin.46	D06_bin.25	d__Bacteria;p__Bacillota;c__Clostridia;o__Oscillospirales;f__Ruminococcaceae;g__CAG-115;s__CAG-115 sp003531585	CAG-115 sp003531585	81.72	0.22	FALSE	TRUE	Predicted anaerobe	0.01733709965957447	0.03601944840555556	17	36.170212765957444	11	61.111111111111114	-1.0544820927041412	-0.3814084165100085	FALSE	0.48315016813307	0.900238809691037	-0.300124582964765	0.0780613178126873	0.85586532846574	0.304819164003549
D07_bin.49	C07_bin.89	d__Bacteria;p__Desulfobacterota;c__Desulfovibrionia;o__Desulfovibrionales;f__Desulfovibrionaceae;g__Bilophila;s__Bilophila wadsworthia	Bilophila wadsworthia	98.22	0	FALSE	TRUE	Predicted anaerobe	0.012160140778723405	0.007489534194444444	26	55.319148936170215	10	55.55555555555556	0.6984729607066444	0.3863892974121863	FALSE	0.890882724688774	0.988426013077921	0.0476016854484484	0.757037660398262	1.0	0.0630089006508994
D07_bin.51	D01_bin.64	d__Bacteria;p__Bacteroidota;c__Bacteroidia;o__Bacteroidales;f__Bacteroidaceae;g__Bacteroides;s__Bacteroides uniformis	Bacteroides uniformis	92.19	0	FALSE	TRUE	Predicted anaerobe	0.3087232799574468	0.20210958183333333	45	95.74468085106383	18	100.0	0.6111519066282742	0.5851454425164329	FALSE	0.247870965303175	0.782796760762071	-0.407821605762857	0.632584765517589	1.0	0.0229467296481166
D07_bin.53	H07_bin.63	d__Bacteria;p__Bacteroidota;c__Bacteroidia;o__Bacteroidales;f__Bacteroidaceae;g__Bacteroides;s__Bacteroides thetaiotaomicron	Bacteroides thetaiotaomicron	95.54	2.23	FALSE	TRUE	Predicted anaerobe	0.21195801623404256	0.08296134122222222	43	91.48936170212765	14	77.77777777777777	1.3531615810944695	1.2379988933417487	FALSE	0.641353846016722	0.94770537460665	-0.181571272426579	0.330027925877064	1.0	-0.0559216530346958
D07_bin.55	G07_bin.107	d__Bacteria;p__Bacillota;c__Clostridia;o__Lachnospirales;f__Lachnospiraceae;g__Roseburia;s__Roseburia faecis	Roseburia faecis	99.94	5.38	FALSE	TRUE	Predicted anaerobe	0.038979506687234045	0.046041753222222224	29	61.702127659574465	11	61.111111111111114	-0.24017018053929853	-0.14819011139658847	FALSE	0.319830833615343	0.826466231054012	0.33415507071384	0.349564051357838	0.999099021361556	0.110273950173603
D07_bin.58	D07_bin.58	d__Bacteria;p__Bacillota;c__Clostridia;o__Oscillospirales;f__Ruminococcaceae;g__Negativibacillus;s__Negativibacillus faecipullorum	Negativibacillus faecipullorum	94.74	2.68	FALSE	TRUE	Predicted anaerobe	0.023713324436170212	0.002436601161111111	19	40.42553191489362	4	22.22222222222222	3.2774553530712507	1.3249287597522077	FALSE	0.00226950195096388	0.0938412667165995	-1.34550158874114	0.138368419710153	1.0	-0.291438801094875
D07_bin.61	A04_bin.93	d__Bacteria;p__Bacillota;c__Clostridia;o__Oscillospirales;f__Ruminococcaceae;g__Gemmiger;s__Gemmiger qucibialis	Gemmiger qucibialis	96.64	3.06	FALSE	TRUE	Predicted anaerobe	0.026481984919148938	0.014445621066666667	37	78.72340425531915	14	77.77777777777777	0.8739253484406273	0.6879837849426215	FALSE	0.131233649037373	0.618921559651059	-0.496933125834616	0.688322828820643	1.0	0.0328656373487735
D07_bin.63	E06_bin.63	d__Bacteria;p__Bacillota;c__Clostridia;o__Lachnospirales;f__Lachnospiraceae;g__Eubacterium_F;s__Eubacterium_F sp003491505	Eubacterium F sp003491505	91.95	0	FALSE	TRUE	Predicted anaerobe	0.018648488036170214	0.011937814416666668	32	68.08510638297872	8	44.44444444444444	0.6430853503986459	0.4378453449522695	FALSE	0.783285119783864	0.974712528751968	0.0981133009026596	0.235249705947712	1.0	-0.187811958031733
D07_bin.68	H05_bin.43	d__Bacteria;p__Bacillota;c__Clostridia;o__Lachnospirales;f__Lachnospiraceae;g__Roseburia;s__Roseburia rectalis	Roseburia rectalis	99.52	1.21	FALSE	TRUE	Predicted anaerobe	0.03540770930425532	0.016795381466666665	34	72.34042553191489	11	61.111111111111114	1.0755476156838817	0.7780557219840847	FALSE	0.65234530175395	0.947865487459929	0.16095211663342	0.642945238377893	1.0	0.00224407556765
D07_bin.73	C03_bin.49	d__Bacteria;p__Actinomycetota;c__Actinomycetes;o__Actinomycetales;f__Bifidobacteriaceae;g__Bifidobacterium;s__Bifidobacterium longum	Bifidobacterium longum	99.54	0.43	FALSE	TRUE	Predicted anaerobe	0.027465652014893618	0.01362957133888889	42	89.36170212765957	12	66.66666666666667	1.0103554132541832	0.9028707948228871	FALSE	0.381962004931446	0.847850742531973	-0.281635962332692	0.128899708428266	1.0	-0.183321765505372
D07_bin.75	D07_bin.75	d__Bacteria;p__Bacillota;c__Clostridia;o__Lachnospirales;f__Lachnospiraceae;g__Blautia_A;s__Blautia_A fusiformis	Blautia A fusiformis	96.94	2.87	FALSE	TRUE	Predicted anaerobe	0.04857632871702128	0.06898420853333334	43	91.48936170212765	16	88.88888888888889	-0.5059248416434299	-0.4628674083120741	FALSE	0.626765522338271	0.943026319703049	0.177268497691288	0.310411199414476	1.0	0.144495573876508
D08_bin.10	B08_bin.39	d__Bacteria;p__Bacillota;c__Clostridia;o__Oscillospirales;f__Oscillospiraceae;g__Vescimonas;s__Vescimonas sanitatis	Vescimonas sanitatis	87.08	3.02	FALSE	TRUE	Predicted anaerobe	0.06732484904255319	0.06934117308333333	21	44.680851063829785	7	38.888888888888886	-0.04256692350127906	-0.019019263692060855	FALSE	0.404450282948483	0.856335508584847	-0.350954669559431	0.76996403877167	1.0	-0.0310563674959445
D08_bin.101	D01_bin.64	d__Bacteria;p__Bacteroidota;c__Bacteroidia;o__Bacteroidales;f__Bacteroidaceae;g__Bacteroides;s__Bacteroides uniformis	Bacteroides uniformis	89.2	4.89	FALSE	TRUE	Predicted anaerobe	0.1573185680425532	0.15322293733333334	45	95.74468085106383	18	100.0	0.03805422497094233	0.03643489624877457	FALSE	0.639606029510978	0.94770537460665	-0.169663854501831	0.353366159311662	1.0	0.112855361258117
D08_bin.102	D08_bin.102	d__Bacteria;p__Pseudomonadota;c__Gammaproteobacteria;o__Burkholderiales;f__Burkholderiaceae_F;g__Sutterella;s__Sutterella wadsworthensis_A	Sutterella wadsworthensis A	94.41	0	FALSE	TRUE	Predicted anaerobe	0.030326203978723404	0.07183049111111112	11	23.404255319148938	4	22.22222222222222	-1.243756642595185	-0.2910919801818518	FALSE	0.00447524626334672	0.127953578164549	1.39868170886585	0.742737105703982	0.998367432242704	-0.00659905975287683
D08_bin.103	C08_bin.48	d__Bacteria;p__Bacillota;c__Clostridia;o__Lachnospirales;f__Lachnospiraceae;g__COE1;s__COE1 sp001916965	COE1 sp001916965	80.92	1.2	FALSE	TRUE	Predicted anaerobe	0.016438312521276595	0.013386934555555556	8	17.02127659574468	6	33.333333333333336	0.2960366559018286	0.05038921802584316	FALSE	0.984680734047155	1	0.00757477185916579	0.264697698979724	0.957199542917101	0.188429595997326
D08_bin.17	C05_bin.117	d__Bacteria;p__Bacillota;c__Clostridia;o__Lachnospirales;f__Lachnospiraceae;g__Gallintestinimicrobium;s__Gallintestinimicrobium propionicum	Gallintestinimicrobium propionicum	96.93	0.82	FALSE	TRUE	Predicted anaerobe	0.025792821046808512	0.020133425333333333	34	72.34042553191489	14	77.77777777777777	0.3572197750076153	0.2584143053246579	FALSE	0.862710306437902	0.984846414163431	-0.0564858200989031	0.356663918206566	1.0	0.100572059167471
D08_bin.2	B08_bin.66	d__Bacteria;p__Bacteroidota;c__Bacteroidia;o__Bacteroidales;f__Rikenellaceae;g__Alistipes;s__Alistipes communis	Alistipes communis	85.15	3.55	FALSE	TRUE	Predicted anaerobe	0.032691527521276596	0.03466318462777778	29	61.702127659574465	12	66.66666666666667	-0.084462322793676	-0.05211505023439583	FALSE	0.46551200132208	0.889978858441568	0.267339791927415	0.470595420339576	1.0	0.0746771240275471
D08_bin.21	D08_bin.21	d__Bacteria;p__Bacteroidota;c__Bacteroidia;o__Bacteroidales;f__Rikenellaceae;g__Alistipes;s__Alistipes putredinis	Alistipes putredinis	98.1	0.5	FALSE	TRUE	Predicted anaerobe	0.12476181942553191	0.1209406285	37	78.72340425531915	15	83.33333333333333	0.044873862319375964	0.03532623203865767	FALSE	0.543320065703397	0.931555522488562	0.19353785810305	0.228152456115308	0.999300801934057	0.0982403964581298
D08_bin.29	F06_bin.75	d__Bacteria;p__Bacillota;c__Clostridia;o__Oscillospirales;f__Oscillospiraceae;g__Hominicoprocola;s__Hominicoprocola fusiformis	Hominicoprocola fusiformis	97.32	4.45	FALSE	TRUE	Predicted anaerobe	0.025368085521276597	0.027825035977777777	33	70.2127659574468	14	77.77777777777777	-0.13331870906567025	-0.09360675317376847	FALSE	0.993368791074061	1	-0.00292359227943249	0.296817534809444	1.0	0.102634462479772
D08_bin.30	E06_bin.85	d__Bacteria;p__Bacteroidota;c__Bacteroidia;o__Bacteroidales;f__Rikenellaceae;g__Alistipes;s__Alistipes shahii	Alistipes shahii	99.6	2.4	FALSE	TRUE	Predicted anaerobe	0.11327078417021276	0.03611663983333333	37	78.72340425531915	10	55.55555555555556	1.6487681774773326	1.2979664375885385	FALSE	0.478232200811207	0.899183129438266	-0.240340191772166	0.0230861720926033	1.0	-0.240812243612077
D08_bin.36	A06_bin.107	d__Bacteria;p__Bacteroidota;c__Bacteroidia;o__Bacteroidales;f__Marinifilaceae;g__Odoribacter;s__Odoribacter splanchnicus	Odoribacter splanchnicus	95.7	0	FALSE	TRUE	Predicted anaerobe	0.011817182540425531	0.009866999616666667	36	76.59574468085107	15	83.33333333333333	0.2599616781259102	0.199119583245378	FALSE	0.617262994591423	0.943026319703049	-0.1518590420472	0.540798497372827	1.0	0.0662256048970322
D08_bin.37	H06_bin.61	d__Bacteria;p__Bacillota;c__Clostridia;o__Lachnospirales;f__Lachnospiraceae;g__Fusicatenibacter;s__Fusicatenibacter saccharivorans	Fusicatenibacter saccharivorans	93.41	5.75	FALSE	TRUE	Predicted anaerobe	0.023574001457446807	0.029054851722222223	44	93.61702127659575	17	94.44444444444444	-0.30146702980777784	-0.28222445343706865	FALSE	0.555952733859717	0.936541020716014	0.165232717558977	0.0877371958197547	0.871940908862698	0.215409769976532
D08_bin.43	D08_bin.43	d__Bacteria;p__Bacillota;c__Clostridia;o__Oscillospirales;f__CAG-272;g__UMGS1696;s__UMGS1696 sp900753285	UMGS1696 sp900753285	82.4	0.81	FALSE	TRUE	Predicted anaerobe	0.014704773591489362	0.0023325379777777776	18	38.297872340425535	4	22.22222222222222	2.6511210019577547	1.0153229369199912	FALSE	0.0806726240412811	0.527337961563962	-0.65570081496618	0.264887992074707	1.0	-0.254758302695645
D08_bin.45	D08_bin.45	d__Bacteria;p__Bacillota;c__Clostridia;o__Oscillospirales;f__Ruminococcaceae;g__Ruminococcus_C;s__Ruminococcus_C sp000980705	Ruminococcus C sp000980705	81.07	0.67	FALSE	TRUE	Predicted anaerobe	0.02195966540425532	0.11169094111111111	9	19.148936170212767	3	16.666666666666668	-2.346056538030395	-0.4492448689845437	FALSE	0.00622628084355368	0.145449545332182	1.50639781308096	0.737869065133203	1.0	-0.0371834753102798
D08_bin.5	F07_bin.42	d__Bacteria;p__Bacillota;c__Clostridia;o__Lachnospirales;f__Lachnospiraceae;g__Lachnospira;s__Lachnospira eligens_A	Lachnospira eligens A	94.3	1.17	FALSE	TRUE	Predicted anaerobe	0.02363898420638298	0.021653238444444445	28	59.57446808510638	10	55.55555555555556	0.12652928887750653	0.07537915082064219	FALSE	0.558866396313012	0.936541020716014	0.224332748859028	0.553839934431081	1.0	0.0766333281043652
D08_bin.51	D08_bin.51	d__Bacteria;p__Pseudomonadota;c__Alphaproteobacteria;o__RF32;f__CAG-239;g__JAFUYI01;s__JAFUYI01 sp001917175	JAFUYI01 sp001917175	97.85	0	FALSE	TRUE	Predicted anaerobe	0.05452851163829787	0.01380284536111111	6	12.76595744680851	3	16.666666666666668	1.981264792984939	0.25292742038105603	FALSE	0.112846456632979	0.592385875459096	0.771276536968614	0.576504752512381	0.989875726136428	0.0955570034824472
D08_bin.60	B04_bin.18	d__Bacteria;p__Bacteroidota;c__Bacteroidia;o__Bacteroidales;f__Rikenellaceae;g__Alistipes;s__Alistipes onderdonkii	Alistipes onderdonkii	91.59	0.51	FALSE	TRUE	Predicted anaerobe	0.12453894145531914	0.09423676752777778	41	87.23404255319149	15	83.33333333333333	0.40219771728814674	0.35085332784710677	FALSE	0.713042029524588	0.965572986119905	-0.164690171642808	0.640568837111747	1.0	-0.0341681614094557
D08_bin.61	D08_bin.61	d__Bacteria;p__Bacillota;c__Clostridia;o__Christensenellales;f__Borkfalkiaceae;g__Scatosoma;s__Scatosoma sp900542935	Scatosoma sp900542935	93.55	1.77	FALSE	TRUE	Predicted anaerobe	0.01103179129787234	0.0011251169055555557	9	19.148936170212767	2	11.11111111111111	3.282061444688587	0.6284798511105805	FALSE				0.502644962088642	1.0	-0.101072951304509
D08_bin.62	B06_bin.6	d__Bacteria;p__Cyanobacteriota;c__Vampirovibrionia;o__Gastranaerophilales;f__Gastranaerophilaceae;g__CAG-196;s__CAG-196 sp002102975	CAG-196 sp002102975	87.18	1.14	FALSE	TRUE	Predicted anaerobe	0.021955801919148935	0.007769227777777778	12	25.53191489361702	1	5.555555555555555	1.497560314631396	0.3823558250122713	FALSE	0.00138748347422405	0.0806621623298192	1.80682949185959	0.210777386560703	0.99506742429879	-0.219508538956129
D08_bin.78	H05_bin.43	d__Bacteria;p__Bacillota;c__Clostridia;o__Lachnospirales;f__Lachnospiraceae;g__Roseburia;s__Roseburia rectalis	Roseburia rectalis	92.11	2.42	FALSE	TRUE	Predicted anaerobe	0.023112321121276595	0.02423669236111111	35	74.46808510638297	13	72.22222222222223	-0.06850172466737928	-0.05101192262464414	FALSE	0.407981206145197	0.856335508584847	0.288214489277821	0.573780090834783	1.0	0.0569535355797354
D08_bin.81	A03_bin.68	d__Bacteria;p__Bacillota;c__Clostridia;o__Lachnospirales;f__Lachnospiraceae;g__Roseburia;s__Roseburia hominis	Roseburia hominis	97.37	1.21	FALSE	TRUE	Predicted anaerobe	0.01867405084680851	0.03143205205	27	57.4468085106383	14	77.77777777777777	-0.7508881010397153	-0.4313612495334535	FALSE	0.343268254747808	0.831898310564131	0.354293015182135	0.0511832852796751	0.833031636610778	0.280479410398506
D08_bin.82	H04_bin.57	d__Bacteria;p__Bacillota;c__Clostridia;o__Oscillospirales;f__Ruminococcaceae;g__Gemmiger;s__Gemmiger formicilis	Gemmiger formicilis	91.84	2.23	FALSE	TRUE	Predicted anaerobe	0.027348647744680852	0.022844564277777778	38	80.85106382978724	13	72.22222222222223	0.25951460970185436	0.20982032273766946	FALSE	0.159528265979558	0.665824546740973	0.465257137987707	0.481428768278333	1.0	0.08570997735257
D08_bin.89	H05_bin.38	d__Bacteria;p__Bacteroidota;c__Bacteroidia;o__Bacteroidales;f__Tannerellaceae;g__Parabacteroides;s__Parabacteroides distasonis	Parabacteroides distasonis	98.46	0.58	FALSE	TRUE	Predicted anaerobe	0.02028606444255319	0.015079234216666666	33	70.2127659574468	11	61.111111111111114	0.42768041475963897	0.3002862486610231	FALSE	0.542193812847699	0.931555522488562	0.228463888486494	0.736859125207373	1.0	-0.00970153406052396
D08_bin.90	H06_bin.64	d__Bacteria;p__Bacillota;c__Clostridia;o__Oscillospirales;f__Ruminococcaceae;g__Ruminiclostridium_E;s__Ruminiclostridium_E siraeum	Ruminiclostridium E siraeum	98.99	0	FALSE	TRUE	Predicted anaerobe	0.03880610220638298	0.025288789722222222	13	27.659574468085108	3	16.666666666666668	0.6175868853549145	0.17082190445986997	FALSE	0.0460327378347944	0.413474605738738	0.838448100661411	0.571068847616546	1.0	-0.114249820873604
D08_bin.92	F05_bin.48	d__Bacteria;p__Pseudomonadota;c__Gammaproteobacteria;o__Burkholderiales;f__Burkholderiaceae_F;g__Sutterella;s__Sutterella wadsworthensis	Sutterella wadsworthensis	84.82	2.28	FALSE	TRUE	Predicted anaerobe	0.042038079736170214	0.03729616194444444	22	46.808510638297875	6	33.333333333333336	0.17262597315613723	0.08080364700925573	FALSE	0.809124807673115	0.981995841667439	-0.0922808578196609	0.479309037259521	1.0	-0.166454894025922
D08_bin.97	D08_bin.97	d__Bacteria;p__Bacteroidota;c__Bacteroidia;o__Bacteroidales;f__Tannerellaceae;g__Parabacteroides;s__Parabacteroides merdae	Parabacteroides merdae	99.62	0.1	FALSE	TRUE	Predicted anaerobe	0.022400904	0.029796060722222222	30	63.829787234042556	12	66.66666666666667	-0.4114048713418867	-0.2625988540480128	FALSE	0.72088953600382	0.967807090243617	0.121751767333074	0.395639094353268	1.0	0.0746098944321328
D08_bin.98	G08_bin.17	d__Bacteria;p__Bacillota;c__Clostridia;o__Oscillospirales;f__Oscillospiraceae;g__Hominicoprocola;s__Hominicoprocola sp900317525	Hominicoprocola sp900317525	89.35	4.16	FALSE	TRUE	Predicted anaerobe	0.02068914424893617	0.017894860477777778	32	68.08510638297872	11	61.111111111111114	0.20921984795408557	0.1424475560538455	FALSE	0.464381484801903	0.889810609339414	-0.267739596281365	0.62909416304731	1.0	-0.0608489148048213
E01_bin.10	B09_bin.61	d__Bacteria;p__Bacillota;c__Clostridia;o__Oscillospirales;f__Ruminococcaceae;g__Hominimerdicola;s__Hominimerdicola aceti	Hominimerdicola aceti	82.88	0.68	FALSE	TRUE	Predicted anaerobe	0.0595230864893617	0.0092614633	24	51.06382978723404	9	50.0	2.682822732594423	1.3699520336652373	FALSE	0.95093741885441	0.99690442516441	-0.0226063159702252	0.834163397195751	1.0	0.0109670030985337
E01_bin.12	A03_bin.21	d__Bacteria;p__Bacillota;c__Clostridia;o__Lachnospirales;f__Lachnospiraceae;g__Hominisplanchenecus;s__Hominisplanchenecus faecis	Hominisplanchenecus faecis	87.48	1.27	FALSE	TRUE	Predicted anaerobe	0.016860761270212764	0.05604684044444444	28	59.57446808510638	12	66.66666666666667	-1.7323653566767072	-1.0320474465308043	FALSE	0.073666294986726	0.518849370364329	0.646743993545149	0.129512905809877	0.927499710855379	0.237333780313458
E01_bin.14	H05_bin.38	d__Bacteria;p__Bacteroidota;c__Bacteroidia;o__Bacteroidales;f__Tannerellaceae;g__Parabacteroides;s__Parabacteroides distasonis	Parabacteroides distasonis	97.61	0.13	FALSE	TRUE	Predicted anaerobe	0.014117132993617021	0.018521726427777777	36	76.59574468085107	14	77.77777777777777	-0.39152857989482653	-0.2998942314088033	FALSE	0.747112027714091	0.971644762115332	0.113629237580458	0.585117760424938	1.0	0.0661339740811279
E01_bin.2	A07_bin.65	d__Bacteria;p__Bacteroidota;c__Bacteroidia;o__Bacteroidales;f__Barnesiellaceae;g__Barnesiella;s__Barnesiella intestinihominis	Barnesiella intestinihominis	98.49	0	FALSE	TRUE	Predicted anaerobe	0.09753029891276596	0.03605669941111111	32	68.08510638297872	12	66.66666666666667	1.43533099039332	0.977246631757154	FALSE	0.30583183858217	0.820164417796528	-0.354830865044493	0.805509643324497	1.0	-0.0138792157524287
E01_bin.22	D08_bin.21	d__Bacteria;p__Bacteroidota;c__Bacteroidia;o__Bacteroidales;f__Rikenellaceae;g__Alistipes;s__Alistipes putredinis	Alistipes putredinis	96.71	2.88	FALSE	TRUE	Predicted anaerobe	0.13514699889787235	0.1583341603888889	36	76.59574468085107	15	83.33333333333333	-0.22842744130453266	-0.17496569972262077	FALSE	0.495518632953445	0.90641165575229	0.251761269318791	0.262205145548111	1.0	0.118943611254038
E01_bin.26	H02_bin.18	d__Bacteria;p__Actinomycetota;c__Actinomycetes;o__Actinomycetales;f__Bifidobacteriaceae;g__Bifidobacterium;s__Bifidobacterium adolescentis	Bifidobacterium adolescentis	92.9	4.31	FALSE	TRUE	Predicted anaerobe	0.1437546936680851	0.09465765438888889	39	82.97872340425532	12	66.66666666666667	0.6027659346655792	0.5001674777012253	FALSE	0.6404768293783	0.94770537460665	-0.178123662468996	0.301346136573508	1.0	-0.0919270518910923
E01_bin.34	C02_bin.89	d__Bacteria;p__Bacillota;c__Clostridia;o__Oscillospirales;f__Acutalibacteraceae;g__Hominenteromicrobium;s__Hominenteromicrobium mulieris	Hominenteromicrobium mulieris	90.46	0.86	FALSE	TRUE	Predicted anaerobe	0.012176287027659575	0.008245538805555556	30	63.829787234042556	10	55.55555555555556	0.5618243439611521	0.3586112833794588	FALSE	0.105991248671449	0.584680612402369	-0.551983982945334	0.449840344246136	1.0	-0.0865138320173045
E01_bin.44	E01_bin.44	d__Bacteria;p__Bacillota;c__Clostridia;o__Lachnospirales;f__Lachnospiraceae;g__Roseburia_C;s__Roseburia_C amylophila	Roseburia C amylophila	98.55	0.74	FALSE	TRUE	Predicted anaerobe	0.035069242176595745	0.007565453388888889	15	31.914893617021278	5	27.77777777777778	2.2112134401093613	0.7057064170561792	FALSE	0.749906591002512	0.971644762115332	-0.1214621107337	0.778751820603689	1.0	-0.0279742730359999
E01_bin.45	C05_bin.117	d__Bacteria;p__Bacillota;c__Clostridia;o__Lachnospirales;f__Lachnospiraceae;g__Gallintestinimicrobium;s__Gallintestinimicrobium propionicum	Gallintestinimicrobium propionicum	98.25	8.77	FALSE	TRUE	Predicted anaerobe	0.047872379404255316	0.01790574188888889	30	63.829787234042556	12	66.66666666666667	1.4182670588331354	0.9052768460637035	FALSE	0.451782697173181	0.884830200132678	-0.262046827084507	0.568031602234549	1.0	0.0896949433866628
E01_bin.5	E01_bin.5	d__Bacteria;p__Bacillota;c__Clostridia;o__Oscillospirales;f__Ruminococcaceae;g__Faecalibacterium;s__Faecalibacterium prausnitzii_E	Faecalibacterium prausnitzii E	93.85	2.83	FALSE	TRUE	Predicted anaerobe	0.06329329417021276	0.011908085333333334	13	27.659574468085108	3	16.666666666666668	2.4091280941423876	0.6663545792308732	FALSE	0.0104885316131675	0.181054458332153	-1.14636246080123	0.455207554792504	1.0	-0.128028280125905
E01_bin.56	F06_bin.75	d__Bacteria;p__Bacillota;c__Clostridia;o__Oscillospirales;f__Oscillospiraceae;g__Hominicoprocola;s__Hominicoprocola fusiformis	Hominicoprocola fusiformis	90	5.7	FALSE	TRUE	Predicted anaerobe	0.021177038674468084	0.024368661538888888	33	70.2127659574468	14	77.77777777777777	-0.20243696445823037	-0.14213659206641707	FALSE	0.843230120768188	0.983217763396128	0.0672971896286057	0.218201540403121	0.991619236759048	0.106346377564086
E01_bin.57	A09_bin.36	d__Bacteria;p__Bacillota;c__Clostridia;o__Oscillospirales;f__Oscillospiraceae;g__Oscillibacter;s__Oscillibacter segnis	Oscillibacter segnis	86.33	4.92	FALSE	TRUE	Predicted anaerobe	0.01861429760425532	0.03390309669444445	34	72.34042553191489	14	77.77777777777777	-0.8646565097948884	-0.6254961985750257	FALSE	0.925728530217781	0.996153363714411	0.0352972176115525	0.431970423008418	1.0	0.109341749405659
E01_bin.65	A08_bin.2	d__Bacteria;p__Actinomycetota;c__Coriobacteriia;o__Coriobacteriales;f__Eggerthellaceae;g__Anaerotardibacter;s__Anaerotardibacter sp000436075	Anaerotardibacter sp000436075	83.54	1.61	FALSE	TRUE	Predicted anaerobe	0.024974745170212767	0.048497499944444446	20	42.5531914893617	7	38.888888888888886	-0.9571603220674662	-0.40730226470956005	FALSE	0.0791076321532272	0.527337961563962	0.672059658427161	0.8005945921814	1.0	0.0273792907135036
E01_bin.68	D01_bin.67	d__Bacteria;p__Actinomycetota;c__Coriobacteriia;o__Coriobacteriales;f__Coriobacteriaceae;g__Collinsella;s__Collinsella sp905215825	Collinsella sp905215825	91.13	0.81	FALSE	TRUE	Predicted anaerobe	0.016563170870212765	0.004048213555555556	32	68.08510638297872	6	33.333333333333336	2.0299329621076105	1.3820820167541177	FALSE	0.44625058006176	0.884541283556087	-0.246731320955573	0.0241513352118154	1.0	-0.426207752774793
E01_bin.69	A03_bin.68	d__Bacteria;p__Bacillota;c__Clostridia;o__Lachnospirales;f__Lachnospiraceae;g__Roseburia;s__Roseburia hominis	Roseburia hominis	84.01	6.52	FALSE	TRUE	Predicted anaerobe	0.037841647406382975	0.02759848963888889	27	57.4468085106383	14	77.77777777777777	0.4552441261485052	0.26152322140446044	FALSE	0.339285071977307	0.831898310564131	0.3485961915122	0.038017381676189	0.815805186237939	0.307210609933328
E01_bin.70	F02_bin.31	d__Bacteria;p__Verrucomicrobiota;c__Verrucomicrobiia;o__Verrucomicrobiales;f__Akkermansiaceae;g__Akkermansia;s__Akkermansia massiliensis	Akkermansia massiliensis	97.96	0.68	FALSE	TRUE	Predicted anaerobe	0.026540282765957445	0.02774569561111111	8	17.02127659574468	4	22.22222222222222	-0.06405662415550267	-0.01090325517540471	FALSE	0.170845309171455	0.679559193975051	-0.588977111668732	0.614890599475892	0.989275237667658	0.0648080734554825
E01_bin.74	E01_bin.74	d__Bacteria;p__Bacillota;c__Clostridia;o__Lachnospirales;f__Lachnospiraceae;g__Eubacterium_F;s__Eubacterium_F sp934316845	Eubacterium F sp934316845	91.97	4.03	FALSE	TRUE	Predicted anaerobe	0.011783210159574467	0.00925998935	15	31.914893617021278	6	33.333333333333336	0.34731689271218263	0.11084581682303701	FALSE	0.922777532551149	0.996153363714411	-0.036237652847055	0.750223027198684	0.999869264399415	0.0502855103026864
E01_bin.76	A06_bin.107	d__Bacteria;p__Bacteroidota;c__Bacteroidia;o__Bacteroidales;f__Marinifilaceae;g__Odoribacter;s__Odoribacter splanchnicus	Odoribacter splanchnicus	88.87	0	FALSE	TRUE	Predicted anaerobe	0.012025049287234043	0.011108915927777779	36	76.59574468085107	15	83.33333333333333	0.11422591508857523	0.08749219028061081	FALSE	0.62662525774491	0.943026319703049	-0.149050698782769	0.521429210074285	1.0	0.0600064090112019
E01_bin.79	E01_bin.79	d__Bacteria;p__Bacillota;c__Clostridia;o__Oscillospirales;f__Oscillospiraceae;g__Limivicinus;s__Limivicinus sp900547315	Limivicinus sp900547315	83.22	0.73	FALSE	TRUE	Predicted anaerobe	0.023120435382978723	0.0003422727777777778	7	14.893617021276595	1	5.555555555555555	6.0369556183029855	0.8991210495344871	FALSE	0.00413688040764955	0.127953578164549	2.99228220108317	0.434884852979712	0.999624948387136	-0.0748830036262703
E01_bin.82	G08_bin.17	d__Bacteria;p__Bacillota;c__Clostridia;o__Oscillospirales;f__Oscillospiraceae;g__Hominicoprocola;s__Hominicoprocola sp900317525	Hominicoprocola sp900317525	90.16	6.38	FALSE	TRUE	Predicted anaerobe	0.01908420385319149	0.017733320827777777	33	70.2127659574468	12	66.66666666666667	0.10585871826254288	0.07432633409923224	FALSE	0.548889932151042	0.934449157730506	-0.21961657992296	0.774230755948794	1.0	-0.0370456199170345
E01_bin.83	D01_bin.64	d__Bacteria;p__Bacteroidota;c__Bacteroidia;o__Bacteroidales;f__Bacteroidaceae;g__Bacteroides;s__Bacteroides uniformis	Bacteroides uniformis	97.42	0.37	FALSE	TRUE	Predicted anaerobe	0.1619920914468085	0.1310643778888889	45	95.74468085106383	17	94.44444444444444	0.3056267399350055	0.2926213467462819	FALSE	0.857644780396773	0.984846414163431	-0.0673311291007462	0.48279961464342	1.0	0.109412317737588
E01_bin.86	A04_bin.93	d__Bacteria;p__Bacillota;c__Clostridia;o__Oscillospirales;f__Ruminococcaceae;g__Gemmiger;s__Gemmiger qucibialis	Gemmiger qucibialis	95.92	1.7	FALSE	TRUE	Predicted anaerobe	0.022232479368085107	0.014816744433333333	35	74.46808510638297	14	77.77777777777777	0.5851157598369787	0.4357245020062607	FALSE	0.485202114015913	0.900238809691037	-0.224159735651081	0.428327363564164	1.0	0.049179226419458
E01_bin.91	G07_bin.85	d__Bacteria;p__Bacillota;c__Clostridia;o__Christensenellales;f__Aristaeellaceae;g__UBA11524;s__UBA11524 sp000437595	UBA11524 sp000437595	99.3	1.17	FALSE	TRUE	Predicted anaerobe	0.041382451721276595	0.01361707763888889	20	42.5531914893617	7	38.888888888888886	1.6028914978131663	0.6820814884311346	FALSE	0.260777671174977	0.787792906488093	-0.426470759026894	0.645807250590451	1.0	-0.0811078724330699
E01_bin.93	F02_bin.66	d__Bacteria;p__Bacteroidota;c__Bacteroidia;o__Bacteroidales;f__Rikenellaceae;g__Tidjanibacter;s__Tidjanibacter inops	Tidjanibacter inops	96.05	0	FALSE	TRUE	Predicted anaerobe	0.024119948627659576	0.031154363333333334	24	51.06382978723404	7	38.888888888888886	-0.36907239569677397	-0.18846249993026754	FALSE	0.127192980811843	0.611213837522855	0.588599606430432	0.638432034451304	1.0	-0.0757190169344272
E01_bin.97	G05_bin.13	d__Bacteria;p__Bacillota;c__Clostridia;o__Oscillospirales;f__Acutalibacteraceae;g__Ruminococcoides;s__Ruminococcoides intestinale	Ruminococcoides intestinale	99.33	0.67	FALSE	TRUE	Predicted anaerobe	0.04324916366595745	0.05565434253888889	28	59.57446808510638	12	66.66666666666667	-0.3637476881464645	-0.2167007503851278	FALSE	0.74323152759583	0.97095198829198	-0.135995690761087	0.449870520156399	1.0	0.114857121984922
E02_bin.1	F03_bin.1	d__Bacteria;p__Bacillota;c__Clostridia;o__Lachnospirales;f__Lachnospiraceae;g__Acetatifactor;s__Acetatifactor acetigignens	Acetatifactor acetigignens	88.86	2.42	FALSE	TRUE	Predicted anaerobe	0.024997132621276594	0.038899369105555553	32	68.08510638297872	16	88.88888888888889	-0.637777943902633	-0.434231791593282	FALSE	0.425891521325052	0.867547815186894	0.331199872487152	0.00453458991161052	0.519321401582844	0.426870864072642
E02_bin.10	H04_bin.57	d__Bacteria;p__Bacillota;c__Clostridia;o__Oscillospirales;f__Ruminococcaceae;g__Gemmiger;s__Gemmiger formicilis	Gemmiger formicilis	90.59	0.74	FALSE	TRUE	Predicted anaerobe	0.022855913578723405	0.019924756833333335	37	78.72340425531915	13	72.22222222222223	0.19791255408893568	0.15580350002746002	FALSE	0.330413076030433	0.829766171161171	0.303642197256662	0.440811435639867	1.0	0.0911361551264121
E02_bin.11	H05_bin.38	d__Bacteria;p__Bacteroidota;c__Bacteroidia;o__Bacteroidales;f__Tannerellaceae;g__Parabacteroides;s__Parabacteroides distasonis	Parabacteroides distasonis	98.65	2.69	FALSE	TRUE	Predicted anaerobe	0.019496403236170214	0.01370052473888889	38	80.85106382978724	13	72.22222222222223	0.5086639975299784	0.41126025332211014	FALSE	0.80553354164372	0.981926308310777	-0.0817904931852348	0.644427212302496	1.0	0.0087411502183101
E02_bin.14	H05_bin.43	d__Bacteria;p__Bacillota;c__Clostridia;o__Lachnospirales;f__Lachnospiraceae;g__Roseburia;s__Roseburia rectalis	Roseburia rectalis	94.32	0.24	FALSE	TRUE	Predicted anaerobe	0.0219059613	0.020697945555555555	35	74.46808510638297	12	66.66666666666667	0.08179753095111739	0.06091305496359805	FALSE	0.544352366978762	0.932426308755529	0.208307493901136	0.769049328546856	1.0	0.0325788436795078
E02_bin.16	H02_bin.18	d__Bacteria;p__Actinomycetota;c__Actinomycetes;o__Actinomycetales;f__Bifidobacteriaceae;g__Bifidobacterium;s__Bifidobacterium adolescentis	Bifidobacterium adolescentis	91.55	4.85	FALSE	TRUE	Predicted anaerobe	0.14888102778723405	0.10218550858333333	39	82.97872340425532	12	66.66666666666667	0.5429250270603581	0.45051225649689286	FALSE	0.604592962501964	0.941943598813799	-0.203788589212569	0.303687130041775	1.0	-0.0883862076364405
E02_bin.19	G06_bin.24	d__Bacteria;p__Bacillota;c__Clostridia;o__Oscillospirales;f__Oscillospiraceae;g__CAG-170;s__CAG-170 sp000432135	CAG-170 sp000432135	90.18	5.32	FALSE	TRUE	Predicted anaerobe	0.028452630319148936	0.016580210388888888	30	63.829787234042556	10	55.55555555555556	0.7787368099493663	0.49706604890385087	FALSE	0.245200762789618	0.775741915017688	-0.417563975010838	0.583537785487303	1.0	-0.0803772996381947
E02_bin.22	H01_bin.87	d__Bacteria;p__Bacillota;c__Clostridia;o__Lachnospirales;f__Lachnospiraceae;g__Acetatifactor;s__Acetatifactor intestinalis	Acetatifactor intestinalis	86.47	0.79	FALSE	TRUE	Predicted anaerobe	0.037103251812765956	0.03386723910555556	24	51.06382978723404	12	66.66666666666667	0.13161810945875183	0.06720924738319242	FALSE	0.988155931315234	1	0.00632692442534777	0.108697833849692	0.900619891405614	0.281914397002815
E02_bin.23	E06_bin.85	d__Bacteria;p__Bacteroidota;c__Bacteroidia;o__Bacteroidales;f__Rikenellaceae;g__Alistipes;s__Alistipes shahii	Alistipes shahii	88.29	3.61	FALSE	TRUE	Predicted anaerobe	0.11633751968085107	0.03695588472222222	37	78.72340425531915	10	55.55555555555556	1.6541741078418428	1.3022221700031529	FALSE	0.54211166629462	0.931555522488562	-0.209538364423417	0.0248407549318773	1.0	-0.24565887120424
E02_bin.24	D08_bin.97	d__Bacteria;p__Bacteroidota;c__Bacteroidia;o__Bacteroidales;f__Tannerellaceae;g__Parabacteroides;s__Parabacteroides merdae	Parabacteroides merdae	97.76	0	FALSE	TRUE	Predicted anaerobe	0.019531043936170212	0.023365642666666665	30	63.829787234042556	12	66.66666666666667	-0.25849848747622745	-0.16499903455929413	FALSE	0.817414782506154	0.983217763396128	0.0765663519533935	0.438295103010539	1.0	0.0742201130690852
E02_bin.28	F01_bin.44	d__Bacteria;p__Bacillota;c__Clostridia;o__Lachnospirales;f__Lachnospiraceae;g__Roseburia;s__Roseburia intestinalis	Roseburia intestinalis	87.44	2.17	FALSE	TRUE	Predicted anaerobe	0.0681537471	0.060030508249999996	26	55.319148936170215	11	61.111111111111114	0.18306845603391064	0.10127191184854632	FALSE	0.12008417752051	0.602133567284286	-0.643708082700441	0.715106093133765	1.0	0.0209722572299491
E02_bin.3	H02_bin.19	d__Bacteria;p__Pseudomonadota;c__Gammaproteobacteria;o__Burkholderiales;f__Burkholderiaceae_F;g__Sutterella;s__Sutterella seckii	Sutterella seckii	90.58	0	FALSE	TRUE	Predicted anaerobe	0.011233053765957447	0.04873110111111111	4	8.51063829787234	3	16.666666666666668	-2.116104899045741	-0.18009403396133966	FALSE	0.776413091848496	0.973995429764571	0.133169680255963	0.429814482139784	0.969226408100636	0.118074884340575
E02_bin.36	C03_bin.49	d__Bacteria;p__Actinomycetota;c__Actinomycetes;o__Actinomycetales;f__Bifidobacteriaceae;g__Bifidobacterium;s__Bifidobacterium longum	Bifidobacterium longum	84.01	7.09	FALSE	TRUE	Predicted anaerobe	0.029493722029787235	0.01627808686111111	41	87.23404255319149	12	66.66666666666667	0.8570798083977874	0.747665364772538	FALSE	0.443817221279006	0.884393090438835	-0.25056980771256	0.164195006797856	1.0	-0.161025489301972
E02_bin.38	G04_bin.50	d__Bacteria;p__Bacillota;c__Clostridia;o__Lachnospirales;f__Lachnospiraceae;g__Butyribacter;s__Butyribacter sp003529475	Butyribacter sp003529475	88.46	0.68	FALSE	TRUE	Predicted anaerobe	0.01170155215106383	0.010415955722222222	22	46.808510638297875	7	38.888888888888886	0.16775265312424198	0.07852251848368774	FALSE	0.48163922202248	0.900238809691037	-0.278553089219077	0.749825125041955	1.0	-0.0462696041062054
E02_bin.40	F07_bin.74	d__Bacteria;p__Bacillota;c__Clostridia;o__Lachnospirales;f__Lachnospiraceae;g__Coprococcus;s__Coprococcus aceti	Coprococcus aceti	98.36	0	FALSE	TRUE	Predicted anaerobe	0.01301896614893617	0.008415970127777778	13	27.659574468085108	6	33.333333333333336	0.6288079040099184	0.1739255904708285	FALSE	0.220660556843102	0.754675468976807	-0.477009339996556	0.662340704948727	0.997896125494674	0.0592344424849714
E02_bin.42	G07_bin.85	d__Bacteria;p__Bacillota;c__Clostridia;o__Christensenellales;f__Aristaeellaceae;g__UBA11524;s__UBA11524 sp000437595	UBA11524 sp000437595	92.31	1.17	FALSE	TRUE	Predicted anaerobe	0.060550832880851065	0.008826929266666667	22	46.808510638297875	8	44.44444444444444	2.776768005010024	1.2997637470259686	FALSE	0.0192503417123935	0.261275630264394	-0.938309233023269	0.749750449992534	1.0	-0.042713061936013
E02_bin.46	E02_bin.46	d__Bacteria;p__Bacillota;c__Clostridia;o__Oscillospirales;f__Ruminococcaceae;g__Faecalibacterium;s__Faecalibacterium langellae	Faecalibacterium langellae	85.47	4.59	FALSE	TRUE	Predicted anaerobe	0.07884783924468085	0.0019745162222222223	18	38.297872340425535	2	11.11111111111111	5.312394919559152	2.0345342245120155	FALSE	0.00035290048720335	0.0539104280935389	-1.73704514181603	0.0527011400862111	1.0	-0.383928831106859
E02_bin.47	D06_bin.25	d__Bacteria;p__Bacillota;c__Clostridia;o__Oscillospirales;f__Ruminococcaceae;g__CAG-115;s__CAG-115 sp003531585	CAG-115 sp003531585	95.3	0	FALSE	TRUE	Predicted anaerobe	0.020867193614893618	0.01862222303888889	17	36.170212765957444	11	61.111111111111114	0.1641279781570622	0.05936543890787357	FALSE	0.397841793708038	0.856335508584847	-0.338563416142398	0.108643270109186	0.892550964433649	0.321167762642012
E02_bin.51	B04_bin.18	d__Bacteria;p__Bacteroidota;c__Bacteroidia;o__Bacteroidales;f__Rikenellaceae;g__Alistipes;s__Alistipes onderdonkii	Alistipes onderdonkii	80.17	1.72	FALSE	TRUE	Predicted anaerobe	0.1194242108787234	0.09049218594444444	41	87.23404255319149	15	83.33333333333333	0.40019159923642555	0.349103309972201	FALSE	0.674275016043975	0.953830565934627	-0.18908724957525	0.631790920137128	1.0	-0.0483948403397341
E02_bin.52	D08_bin.21	d__Bacteria;p__Bacteroidota;c__Bacteroidia;o__Bacteroidales;f__Rikenellaceae;g__Alistipes;s__Alistipes putredinis	Alistipes putredinis	98.08	1.59	FALSE	TRUE	Predicted anaerobe	0.12186357893191489	0.140226706	36	76.59574468085107	15	83.33333333333333	-0.2024786174759886	-0.1550900048752253	FALSE	0.613944557951192	0.943026319703049	0.183706436827771	0.265138715526336	1.0	0.10456648112701
E02_bin.55	F03_bin.13	d__Bacteria;p__Bacteroidota;c__Bacteroidia;o__Bacteroidales;f__Rikenellaceae;g__Alistipes;s__Alistipes finegoldii	Alistipes finegoldii	97.74	3.7	FALSE	TRUE	Predicted anaerobe	0.047589226510638294	0.07990508555555556	34	72.34042553191489	13	72.22222222222223	-0.7475297362597173	-0.5407661921878807	FALSE	0.943835253982692	0.99690442516441	-0.0273200139967428	0.78496449525558	1.0	-0.0180175385894258
E02_bin.56	E02_bin.56	d__Bacteria;p__Pseudomonadota;c__Gammaproteobacteria;o__Enterobacterales;f__Pasteurellaceae;g__Haemophilus_D;s__Haemophilus_D sp001811025	Haemophilus D sp001811025	95.18	1.61	FALSE	FALSE	Facultative/other	0.012913684072340425	0.002569303761111111	15	31.914893617021278	7	38.888888888888886	2.324963796064503	0.7420097221482457	FALSE	0.00232815311216297	0.0940785507596764	-1.2944533261023	0.761448794100391	1.0	0.0325237995389478
E02_bin.61	B01_bin.9	d__Bacteria;p__Verrucomicrobiota;c__Verrucomicrobiia;o__Verrucomicrobiales;f__Akkermansiaceae;g__Akkermansia;s__Akkermansia muciniphila	Akkermansia muciniphila	96.6	0.68	FALSE	TRUE	Predicted anaerobe	0.027747722885106383	0.04518344186111111	18	38.297872340425535	8	44.44444444444444	-0.7032242138094038	-0.26931991167168656	FALSE	0.234053035485601	0.764231036679804	-0.529882813760252	0.602059760880618	0.997460351579475	0.0441087026800007
E02_bin.62	B07_bin.55	d__Bacteria;p__Bacillota;c__Clostridia;o__Lachnospirales;f__Lachnospiraceae;g__Coprococcus;s__Coprococcus ammoniilyticus	Coprococcus ammoniilyticus	98.66	0.67	FALSE	TRUE	Predicted anaerobe	0.014259529106382979	0.01653269611111111	8	17.02127659574468	2	11.11111111111111	-0.21325665583515457	-0.03629900524853695	FALSE	0.647943401081798	0.947865487459929	0.19001655603976	0.771112357408657	0.999651829101388	-0.0222478279343401
E02_bin.63	A06_bin.107	d__Bacteria;p__Bacteroidota;c__Bacteroidia;o__Bacteroidales;f__Marinifilaceae;g__Odoribacter;s__Odoribacter splanchnicus	Odoribacter splanchnicus	85.34	0.18	FALSE	TRUE	Predicted anaerobe	0.010978782880851063	0.0097927002	35	74.46808510638297	15	83.33333333333333	0.16478049579287848	0.12270887984576057	FALSE	0.541051996910103	0.931555522488562	-0.187974144931896	0.47852845644179	1.0	0.0694634569528697
E02_bin.7	B08_bin.66	d__Bacteria;p__Bacteroidota;c__Bacteroidia;o__Bacteroidales;f__Rikenellaceae;g__Alistipes;s__Alistipes communis	Alistipes communis	84.48	5.17	FALSE	TRUE	Predicted anaerobe	0.04118686088723404	0.02221597072222222	30	63.829787234042556	11	61.111111111111114	0.8902879809887645	0.5682689240353817	FALSE	0.35023489584923	0.834470369140725	-0.33521460476682	0.622473229563906	1.0	-0.041866902102405
E02_bin.71	A03_bin.68	d__Bacteria;p__Bacillota;c__Clostridia;o__Lachnospirales;f__Lachnospiraceae;g__Roseburia;s__Roseburia hominis	Roseburia hominis	97.99	0.72	FALSE	TRUE	Predicted anaerobe	0.0188099613	0.031174513577777778	24	51.06382978723404	13	72.22222222222223	-0.7285660942334982	-0.37203375024689267	FALSE	0.30178099665501	0.816149170582814	0.405283154059354	0.0348735497497216	0.801321037080194	0.322556266180366
E02_bin.72	A04_bin.71	d__Bacteria;p__Bacteroidota;c__Bacteroidia;o__Bacteroidales;f__Rikenellaceae;g__Alistipes_A;s__Alistipes_A ihumii	Alistipes A ihumii	100	0	FALSE	TRUE	Predicted anaerobe	0.011266174425531916	0.016070268416666665	18	38.297872340425535	8	44.44444444444444	-0.5120137890910881	-0.19609038731148054	FALSE	0.970392213053593	0.998940635718584	-0.0138030986404617	0.522040276050475	0.9974179907141	0.107309811469254
E02_bin.75	B09_bin.61	d__Bacteria;p__Bacillota;c__Clostridia;o__Oscillospirales;f__Ruminococcaceae;g__Hominimerdicola;s__Hominimerdicola aceti	Hominimerdicola aceti	86.84	0	FALSE	TRUE	Predicted anaerobe	0.01525068549787234	0.008746936388888888	28	59.57446808510638	9	50.0	0.8013216314876183	0.4773830996096449	FALSE	0.910165597508356	0.989877810111322	0.0409014285718819	0.65766266566236	1.0	-0.0694446253695745
E02_bin.8	C06_bin.11	d__Bacteria;p__Bacillota;c__Clostridia;o__Lachnospirales;f__Lachnospiraceae;g__Anthropogastromicrobium;s__Anthropogastromicrobium aceti	Anthropogastromicrobium aceti	93	3.69	FALSE	TRUE	Predicted anaerobe	0.01453570105106383	0.014494206127777777	32	68.08510638297872	14	77.77777777777777	0.004121497558861148	0.002806125997522484	FALSE	0.850482500020637	0.984846414163431	0.059429870251559	0.0552705328631235	0.839218869674914	0.209873712514035
E03_bin.16	E03_bin.16	d__Bacteria;p__Pseudomonadota;c__Alphaproteobacteria;o__RF32;f__CAG-239;g__Scatocola;s__Scatocola faecipullorum	Scatocola faecipullorum	96.77	0	FALSE	TRUE	Predicted anaerobe	0.1645709360851064	0.019936731166666666	11	23.404255319148938	2	11.11111111111111	3.044572988902044	0.7125596357004783	FALSE	0.0557269532211131	0.44833720736262	-0.86988236314941	0.412393490164131	1.0	-0.0955112035332942
E03_bin.17	C06_bin.29	d__Bacteria;p__Bacillota;c__Clostridia;o__Oscillospirales;f__Oscillospiraceae;g__Vescimonas;s__Vescimonas coprocola	Vescimonas coprocola	89.09	0.73	FALSE	TRUE	Predicted anaerobe	0.05896027393617021	0.024403254583333332	27	57.4468085106383	13	72.22222222222223	1.2723232592542786	0.7309091063801175	FALSE	0.128827649292469	0.614700919466969	-0.547681807161813	0.173124679871264	0.965745120169871	0.107628509772183
E03_bin.18	F03_bin.1	d__Bacteria;p__Bacillota;c__Clostridia;o__Lachnospirales;f__Lachnospiraceae;g__Acetatifactor;s__Acetatifactor acetigignens	Acetatifactor acetigignens	96.27	3.18	FALSE	TRUE	Predicted anaerobe	0.020951616712765957	0.04304952866666667	35	74.46808510638297	17	94.44444444444444	-1.0385825353960407	-0.7734125263587537	FALSE	0.352215269276937	0.834470369140725	0.326925464511752	0.0017196676292268	0.408727468830944	0.410651601584398
E03_bin.20	H06_bin.61	d__Bacteria;p__Bacillota;c__Clostridia;o__Lachnospirales;f__Lachnospiraceae;g__Fusicatenibacter;s__Fusicatenibacter saccharivorans	Fusicatenibacter saccharivorans	93.88	1.27	FALSE	TRUE	Predicted anaerobe	0.026003088325531915	0.030660268777777777	43	91.48936170212765	17	94.44444444444444	-0.23760312059470293	-0.21738157841643033	FALSE	0.6115940255896	0.943026319703049	0.146938479980658	0.0810443227709004	0.864876751131995	0.244218396171008
E03_bin.23	E07_bin.94	d__Bacteria;p__Bacillota;c__Clostridia;o__Lachnospirales;f__Anaerotignaceae;g__Anaerotignum_A;s__Anaerotignum_A faecicola	Anaerotignum A faecicola	89.68	0.84	FALSE	TRUE	Predicted anaerobe	0.010075180123404255	0.014057075194444444	19	40.42553191489362	11	61.111111111111114	-0.48008554571305845	-0.19407713550102362	FALSE	0.668240316718838	0.951283547365845	0.149012214019412	0.0444531755318135	0.805361422605672	0.326792191227673
E03_bin.27	A06_bin.107	d__Bacteria;p__Bacteroidota;c__Bacteroidia;o__Bacteroidales;f__Marinifilaceae;g__Odoribacter;s__Odoribacter splanchnicus	Odoribacter splanchnicus	90.41	0.54	FALSE	TRUE	Predicted anaerobe	0.017042087487234042	0.015166767922222222	36	76.59574468085107	15	83.33333333333333	0.16808377834287444	0.12874502170943575	FALSE	0.579390957395887	0.936541020716014	-0.161098466410684	0.447407575110651	1.0	0.0754175613142578
E03_bin.28	E03_bin.28	d__Bacteria;p__Bacteroidota;c__Bacteroidia;o__Bacteroidales;f__Bacteroidaceae;g__Bacteroides;s__Bacteroides intestinalis	Bacteroides intestinalis	90.81	0.19	FALSE	TRUE	Predicted anaerobe	0.096471746	0.020710770133333334	8	17.02127659574468	4	22.22222222222222	2.219178390496687	0.37773249199943604	FALSE	5.12402520277772e-05	0.0539104280935389	-3.35871502317757	0.64227037862325	0.992833979043177	0.0537984043417359
E03_bin.3	C07_bin.89	d__Bacteria;p__Desulfobacterota;c__Desulfovibrionia;o__Desulfovibrionales;f__Desulfovibrionaceae;g__Bilophila;s__Bilophila wadsworthia	Bilophila wadsworthia	93.52	0.59	FALSE	TRUE	Predicted anaerobe	0.009680186544680851	0.007534061661111111	26	55.319148936170215	10	55.55555555555556	0.3611829711899351	0.19980334576464495	FALSE	0.722309300413299	0.967807090243617	0.118311823919892	0.759931627737806	1.0	0.0561740055004448
E03_bin.35	E03_bin.35	d__Bacteria;p__Bacillota;c__Clostridia;o__Lachnospirales;f__Lachnospiraceae;g__Pilosibacter;s__Pilosibacter fragilis	Pilosibacter fragilis	97.15	2.92	FALSE	TRUE	Predicted anaerobe	0.02214854954893617	0.019281904327777776	31	65.95744680851064	15	83.33333333333333	0.1998678881277006	0.13182775599912167	FALSE	0.34066146174297	0.831898310564131	-0.330309078792177	0.111743104191516	0.905580317674823	0.220043900527188
E03_bin.38	F05_bin.48	d__Bacteria;p__Pseudomonadota;c__Gammaproteobacteria;o__Burkholderiales;f__Burkholderiaceae_F;g__Sutterella;s__Sutterella wadsworthensis	Sutterella wadsworthensis	82.76	0	FALSE	TRUE	Predicted anaerobe	0.04028167939574468	0.021480484777777777	17	36.170212765957444	6	33.333333333333336	0.9067839125091144	0.3279856704820201	FALSE	0.623835711958385	0.943026319703049	-0.195917975950501	0.852890634686615	1.0	0.00153973633129412
E03_bin.39	E03_bin.39	d__Bacteria;p__Bacillota;c__Clostridia;o__Oscillospirales;f__Oscillospiraceae;g__CAG-170;s__CAG-170 sp900549635	CAG-170 sp900549635	93.96	2.07	FALSE	TRUE	Predicted anaerobe	0.045400863629787236	0.017798823888888888	31	65.95744680851064	10	55.55555555555556	1.350445231709598	0.8907191953829263	FALSE	0.120223518777234	0.602133567284286	-0.566030339333264	0.4135067321412	1.0	-0.0641698096617383
E03_bin.44	A07_bin.40	d__Bacteria;p__Bacillota;c__Clostridia;o__Oscillospirales;f__Butyricicoccaceae;g__Agathobaculum;s__Agathobaculum hominis	Agathobaculum hominis	90.6	0.85	FALSE	TRUE	Predicted anaerobe	0.02614414455744681	0.01391458686111111	24	51.06382978723404	10	55.55555555555556	0.9094050597039792	0.46437705176373406	FALSE	0.94854144497493	0.99690442516441	-0.0227369037435624	0.48710519600162	1.0	0.0911180925054249
E03_bin.45	D08_bin.97	d__Bacteria;p__Bacteroidota;c__Bacteroidia;o__Bacteroidales;f__Tannerellaceae;g__Parabacteroides;s__Parabacteroides merdae	Parabacteroides merdae	97.31	3.27	FALSE	TRUE	Predicted anaerobe	0.028804729	0.037597068666666664	30	63.829787234042556	11	61.111111111111114	-0.3841974065954845	-0.24523238718860715	FALSE	0.7037521490347	0.964931101887307	0.132466518531192	0.670005376377128	1.0	0.0343520048060681
E03_bin.50	D07_bin.25	d__Bacteria;p__Actinomycetota;c__Coriobacteriia;o__Coriobacteriales;f__Eggerthellaceae;g__Adlercreutzia;s__Adlercreutzia rubneri	Adlercreutzia rubneri	95.16	1.61	FALSE	TRUE	Predicted anaerobe	0.016919976963829787	0.021673248988888887	27	57.4468085106383	14	77.77777777777777	-0.3570009341769005	-0.20508564303779392	FALSE	0.487210066040405	0.900477648045572	0.254901330452932	0.0414812038288446	0.821475660862275	0.285704713221176
E03_bin.58	G08_bin.9	d__Bacteria;p__Bacillota;c__Clostridia;o__Oscillospirales;f__Ruminococcaceae;g__Faecalibacterium;s__Faecalibacterium taiwanense	Faecalibacterium taiwanense	88.41	5.69	FALSE	TRUE	Predicted anaerobe	0.0995852026	0.08326779966666667	46	97.87234042553192	18	100.0	0.2581442999897873	0.2526518680751109	FALSE	0.866607500559779	0.984846414163431	-0.0524977513662012	0.288723838817805	1.0	0.192139259313286
E03_bin.59	C08_bin.86	d__Bacteria;p__Bacillota;c__Negativicutes;o__Acidaminococcales;f__Acidaminococcaceae;g__Phascolarctobacterium;s__Phascolarctobacterium faecium	Phascolarctobacterium faecium	87.62	2.2	FALSE	TRUE	Predicted anaerobe	0.06403399355319149	0.01334881	12	25.53191489361702	3	16.666666666666668	2.2612717733719383	0.5773459846907076	FALSE	0.155142617151009	0.665824546740973	0.573490596230282	0.595721130517827	0.999210224795611	-0.0351059638194641
E03_bin.6	A05_bin.109	d__Bacteria;p__Bacteroidota;c__Bacteroidia;o__Bacteroidales;f__Bacteroidaceae;g__Bacteroides;s__Bacteroides sp900755095	Bacteroides sp900755095	89.27	7.03	FALSE	TRUE	Predicted anaerobe	0.16504861472340426	0.15319809536666665	45	95.74468085106383	17	94.44444444444444	0.10748590764786757	0.10291203923732002	FALSE	0.741124885331983	0.970581684045969	0.125265946434529	0.553623703338206	1.0	0.0862952623960145
E03_bin.65	H05_bin.38	d__Bacteria;p__Bacteroidota;c__Bacteroidia;o__Bacteroidales;f__Tannerellaceae;g__Parabacteroides;s__Parabacteroides distasonis	Parabacteroides distasonis	98.28	0.9	FALSE	TRUE	Predicted anaerobe	0.017668445972340425	0.013914210527777778	32	68.08510638297872	10	55.55555555555556	0.3443959276430919	0.23448233371444555	FALSE	0.309442797546269	0.822405521729845	0.354439784438239	0.624066772344365	1.0	-0.0374708114471246
E03_bin.66	F07_bin.6	d__Bacteria;p__Bacillota;c__Clostridia;o__Oscillospirales;f__Acutalibacteraceae;g__CAG-217;s__CAG-217 sp000436335	CAG-217 sp000436335	91.95	0	FALSE	TRUE	Predicted anaerobe	0.013154321212765958	0.012886464166666667	14	29.78723404255319	2	11.11111111111111	0.029657559056484064	0.008834166527463338	FALSE	0.301556456150464	0.816149170582814	-0.410239325567808	0.298840526225509	1.0	-0.194765863811741
E03_bin.71	D01_bin.67	d__Bacteria;p__Actinomycetota;c__Coriobacteriia;o__Coriobacteriales;f__Coriobacteriaceae;g__Collinsella;s__Collinsella sp905215825	Collinsella sp905215825	99.19	0.81	FALSE	TRUE	Predicted anaerobe	0.030517510680851064	0.0028557404444444446	27	57.4468085106383	4	22.22222222222222	3.413130098981765	1.960734312181014	FALSE	0.129647269291402	0.614700919466969	-0.528739690156652	0.0175379857411104	0.9977392679451	-0.488355494967801
E03_bin.8	A01_bin.66	d__Bacteria;p__Bacillota;c__Clostridia;o__Christensenellales;f__Aristaeellaceae;g__Ventricola;s__Ventricola sp900542395	Ventricola sp900542395	97.18	0.27	FALSE	TRUE	Predicted anaerobe	0.022392309687234043	0.00319136275	22	46.808510638297875	5	27.77777777777778	2.806889417746218	1.3138631317109957	FALSE	0.0292998276984248	0.319601801520241	-0.802700423767051	0.213824333222891	1.0	-0.22256211705556
E04_bin.10	G05_bin.15	d__Bacteria;p__Bacillota;c__Clostridia;o__Lachnospirales;f__Lachnospiraceae;g__Maccoyibacter;s__Maccoyibacter intestinihominis	Maccoyibacter intestinihominis	85.53	1.78	FALSE	TRUE	Predicted anaerobe	0.02048400280638298	0.020002243305555556	29	61.702127659574465	14	77.77777777777777	0.034318895678217824	0.021175488822730147	FALSE	0.696392182818762	0.962482802353916	-0.140042322004851	0.114050895802279	0.908454935829008	0.204984488931508
E04_bin.15	F05_bin.48	d__Bacteria;p__Pseudomonadota;c__Gammaproteobacteria;o__Burkholderiales;f__Burkholderiaceae_F;g__Sutterella;s__Sutterella wadsworthensis	Sutterella wadsworthensis	86.99	2.8	FALSE	TRUE	Predicted anaerobe	0.013408942948936171	0.026566530555555554	20	42.5531914893617	6	33.333333333333336	-0.9858817491454009	-0.419524148572511	FALSE	0.0194782454965897	0.262366064340428	0.907307714939126	0.802350802310712	1.0	-0.031335955125457
E04_bin.17	E06_bin.85	d__Bacteria;p__Bacteroidota;c__Bacteroidia;o__Bacteroidales;f__Rikenellaceae;g__Alistipes;s__Alistipes shahii	Alistipes shahii	83.36	0.56	FALSE	TRUE	Predicted anaerobe	0.06573990075957446	0.03214580022222222	36	76.59574468085107	9	50.0	1.0319097243398327	0.7903989377922123	FALSE	0.92106549925296	0.99614018106555	0.0318876580396197	0.0588863107107025	1.0	-0.245372626153637
E04_bin.19	H05_bin.34	d__Bacteria;p__Pseudomonadota;c__Gammaproteobacteria;o__Enterobacterales;f__Enterobacteriaceae;g__Escherichia;s__Escherichia coli	Escherichia coli	98.65	1.03	FALSE	FALSE	Facultative/other	0.04583361080212766	0.0007949553888888888	16	34.04255319148936	1	5.555555555555555	5.83166803960356	1.9852486943331267	FALSE	0.0545094238265613	0.442546829057653	-0.835418061381259	0.0655521565743277	1.0	-0.291851365941851
E04_bin.20	G01_bin.76	d__Bacteria;p__Pseudomonadota;c__Alphaproteobacteria;o__RF32;f__CAG-239;g__Scatacola_A;s__Scatacola_A faecigallinarum	Scatacola A faecigallinarum	93.55	0	FALSE	TRUE	Predicted anaerobe	0.019401202595744682	0.02326540627777778	8	17.02127659574468	5	27.77777777777778	-0.261916849480098	-0.044581591400867746	FALSE	0.926755283968814	0.996153363714411	0.0364879959669101	0.396019162602184	0.977401124171565	0.136725062148082
E04_bin.22	F03_bin.29	d__Bacteria;p__Bacteroidota;c__Bacteroidia;o__Bacteroidales;f__Bacteroidaceae;g__Bacteroides;s__Bacteroides cellulosilyticus	Bacteroides cellulosilyticus	93.96	8.86	FALSE	TRUE	Predicted anaerobe	0.056735300808510636	0.08076548827777777	27	57.4468085106383	9	50.0	-0.5094166415314288	-0.2926436025818847	FALSE	0.0744131549172688	0.518849370364329	0.701051090063027	0.806961989456867	1.0	0.0288024053271931
E04_bin.23	D08_bin.21	d__Bacteria;p__Bacteroidota;c__Bacteroidia;o__Bacteroidales;f__Rikenellaceae;g__Alistipes;s__Alistipes putredinis	Alistipes putredinis	92.79	0.96	FALSE	TRUE	Predicted anaerobe	0.12170487508510638	0.13199575944444444	36	76.59574468085107	15	83.33333333333333	-0.11709538183943256	-0.08969007970679942	FALSE	0.45321031910178	0.884830200132678	0.252723406040234	0.163723802601757	0.976167792063781	0.142065125403049
E04_bin.29	A07_bin.65	d__Bacteria;p__Bacteroidota;c__Bacteroidia;o__Bacteroidales;f__Barnesiellaceae;g__Barnesiella;s__Barnesiella intestinihominis	Barnesiella intestinihominis	99.25	0	FALSE	TRUE	Predicted anaerobe	0.05219413558510638	0.053632615055555555	32	68.08510638297872	11	61.111111111111114	-0.03921546885946091	-0.026699893691547853	FALSE	0.758196213393212	0.972133645260907	-0.112144044169962	0.720773436953555	1.0	-0.0115492879939897
E04_bin.38	E04_bin.38	d__Bacteria;p__Bacillota;c__Clostridia;o__Lachnospirales;f__Lachnospiraceae;g__Blautia_A;s__Blautia_A faecis	Blautia A faecis	96.72	1.71	FALSE	TRUE	Predicted anaerobe	0.07725901840425532	0.09321942788888889	46	97.87234042553192	18	100.0	-0.2708953431354173	-0.2651316124304084	FALSE	0.692104215784355	0.962481766538651	0.115467471225661	0.180860535279308	1.0	0.165935514467396
E04_bin.4	A05_bin.5	d__Archaea;p__Methanobacteriota;c__Methanobacteria;o__Methanobacteriales;f__Methanobacteriaceae;g__Methanocatella;s__Methanocatella smithii	Methanocatella smithii	91.7	2.4	FALSE	TRUE	Predicted anaerobe	0.01190754185106383	0.005636878333333334	13	27.659574468085108	3	16.666666666666668	1.0775612390485894	0.29804885335386516	FALSE	0.0603317057788997	0.472554065528122	-0.761664269203628	0.478133010243648	1.0	-0.107129523198145
E04_bin.41	B01_bin.9	d__Bacteria;p__Verrucomicrobiota;c__Verrucomicrobiia;o__Verrucomicrobiales;f__Akkermansiaceae;g__Akkermansia;s__Akkermansia muciniphila	Akkermansia muciniphila	97.96	0	FALSE	TRUE	Predicted anaerobe	0.03815714879574468	0.04239702812222222	19	40.42553191489362	7	38.888888888888886	-0.15197196584830283	-0.06143547555569689	FALSE	0.622320752360506	0.943026319703049	-0.215431182928305	0.818756506656837	1.0	0.0174895883045549
E04_bin.47	A09_bin.36	d__Bacteria;p__Bacillota;c__Clostridia;o__Oscillospirales;f__Oscillospiraceae;g__Oscillibacter;s__Oscillibacter segnis	Oscillibacter segnis	94.52	0.67	FALSE	TRUE	Predicted anaerobe	0.030830748276595744	0.05747819261111111	34	72.34042553191489	14	77.77777777777777	-0.8984279049297134	-0.6499265695236225	FALSE	0.295525108121177	0.812123094651397	0.352974611279665	0.0984482379474775	0.888416953696752	0.146414096298748
E04_bin.49	E07_bin.58	d__Bacteria;p__Bacteroidota;c__Bacteroidia;o__Bacteroidales;f__Tannerellaceae;g__Parabacteroides;s__Parabacteroides goldsteinii	Parabacteroides goldsteinii	93.95	1.28	FALSE	TRUE	Predicted anaerobe	0.013890164527659576	0.005161128	7	14.893617021276595	2	11.11111111111111	1.4265510381932853	0.21246504824155313	FALSE	0.901585398839579	0.988426013077921	0.0496262842045105	0.764088187310287	0.999490037731173	-0.00494861934892068
E04_bin.5	D05_bin.15	d__Bacteria;p__Bacteroidota;c__Bacteroidia;o__Bacteroidales;f__Coprobacteraceae;g__Coprobacter;s__Coprobacter fastidiosus	Coprobacter fastidiosus	93.34	5.42	FALSE	TRUE	Predicted anaerobe	0.009042955127659574	0.004130019444444444	19	40.42553191489362	4	22.22222222222222	1.1287512598269476	0.45630370078110644	FALSE	0.604348095284177	0.941943598813799	-0.192541008797363	0.296154430233401	1.0	-0.208573195126724
E04_bin.52	B09_bin.106	d__Bacteria;p__Bacteroidota;c__Bacteroidia;o__Bacteroidales;f__Marinifilaceae;g__Butyricimonas;s__Butyricimonas virosa	Butyricimonas virosa	93.82	0.81	FALSE	TRUE	Predicted anaerobe	0.016057550891489362	0.005810315361111111	20	42.5531914893617	4	22.22222222222222	1.4649808122432348	0.6233960903162702	FALSE	0.469163424843402	0.892521993822794	0.2650177408099	0.256265572977524	1.0	-0.215672744761108
E04_bin.54	F08_bin.12	d__Bacteria;p__Bacteroidota;c__Bacteroidia;o__Bacteroidales;f__Rikenellaceae;g__Alistipes_A;s__Alistipes_A hominis	Alistipes A hominis	97.49	0.67	FALSE	TRUE	Predicted anaerobe	0.010578791217021277	0.020845138277777776	20	42.5531914893617	6	33.333333333333336	-0.9778649726765833	-0.416112754330461	FALSE	0.376126766576753	0.839386167024592	0.34324108005619	0.57573545277495	1.0	-0.0824333504944443
E04_bin.58	B04_bin.18	d__Bacteria;p__Bacteroidota;c__Bacteroidia;o__Bacteroidales;f__Rikenellaceae;g__Alistipes;s__Alistipes onderdonkii	Alistipes onderdonkii	81.73	0.48	FALSE	TRUE	Predicted anaerobe	0.11650107169148936	0.09638226477777778	41	87.23404255319149	15	83.33333333333333	0.27347777251699107	0.23856571645099223	FALSE	0.586782037176474	0.939278465232197	-0.241590017866299	0.610095342195204	1.0	-0.0578254350366338
E04_bin.6	A04_bin.71	d__Bacteria;p__Bacteroidota;c__Bacteroidia;o__Bacteroidales;f__Rikenellaceae;g__Alistipes_A;s__Alistipes_A ihumii	Alistipes A ihumii	96.55	6.74	FALSE	TRUE	Predicted anaerobe	0.01186647020425532	0.013718283444444444	19	40.42553191489362	7	38.888888888888886	-0.2090451275598878	-0.0845076047582525	FALSE	0.401384722072573	0.856335508584847	-0.336905745826428	0.859515184891077	1.0	-0.0253199148237323
E04_bin.61	E04_bin.61	d__Bacteria;p__Bacillota;c__Clostridia;o__Oscillospirales;f__Oscillospiraceae;g__Hominicoprocola;s__Hominicoprocola sp003522105	Hominicoprocola sp003522105	92.62	0	FALSE	TRUE	Predicted anaerobe	0.030191209234042553	0.008358335555555556	11	23.404255319148938	1	5.555555555555555	1.8515937077532079	0.43335171883585716	FALSE	0.000737602318534261	0.0690240485449429	2.12444703305981	0.229450512665552	1.0	-0.171233085009416
E04_bin.69	G02_bin.41	d__Bacteria;p__Bacteroidota;c__Bacteroidia;o__Bacteroidales;f__Rikenellaceae;g__Alistipes_A;s__Alistipes_A indistinctus	Alistipes A indistinctus	95.41	3.61	FALSE	TRUE	Predicted anaerobe	0.016737799574468085	0.007238542722222222	28	59.57446808510638	8	44.44444444444444	1.2082086743038642	0.7197838910746425	FALSE	0.079117927347651	0.527337961563962	-0.606312060039496	0.300947495197059	1.0	-0.162682550667855
E06_bin.1	F07_bin.6	d__Bacteria;p__Bacillota;c__Clostridia;o__Oscillospirales;f__Acutalibacteraceae;g__CAG-217;s__CAG-217 sp000436335	CAG-217 sp000436335	91.95	1.68	FALSE	TRUE	Predicted anaerobe	0.012192044478723404	0.009085030666666667	14	29.78723404255319	2	11.11111111111111	0.42397248720628855	0.12628967704017105	FALSE	0.695183385442555	0.962481766538651	-0.150341180906216	0.263289199155542	1.0	-0.172351181461862
E06_bin.10	F02_bin.31	d__Bacteria;p__Verrucomicrobiota;c__Verrucomicrobiia;o__Verrucomicrobiales;f__Akkermansiaceae;g__Akkermansia;s__Akkermansia massiliensis	Akkermansia massiliensis	97.96	0.68	FALSE	TRUE	Predicted anaerobe	0.01832795974468085	0.012007004	8	17.02127659574468	4	22.22222222222222	0.6097558779754061	0.10378823454900529	FALSE	0.0221230664207704	0.27910014822587	-1.154764395405	0.689748759227702	0.997674711136588	0.0297515003118149
E06_bin.18	F02_bin.66	d__Bacteria;p__Bacteroidota;c__Bacteroidia;o__Bacteroidales;f__Rikenellaceae;g__Tidjanibacter;s__Tidjanibacter inops	Tidjanibacter inops	95.67	0.48	FALSE	TRUE	Predicted anaerobe	0.027364705	0.03420704894444444	25	53.191489361702125	7	38.888888888888886	-0.3218719219192747	-0.17120846910599719	FALSE	0.156272079971797	0.665824546740973	0.529156270683407	0.539703343165914	1.0	-0.0771148014768708
E06_bin.21	A04_bin.93	d__Bacteria;p__Bacillota;c__Clostridia;o__Oscillospirales;f__Ruminococcaceae;g__Gemmiger;s__Gemmiger qucibialis	Gemmiger qucibialis	98.12	1.36	FALSE	TRUE	Predicted anaerobe	0.01990257965531915	0.015381798916666667	36	76.59574468085107	14	77.77777777777777	0.37151827638557927	0.2845671904229969	FALSE	0.203870144432117	0.736494903547362	-0.391589998658643	0.68858820820748	1.0	0.0295403328281819
E06_bin.22	A01_bin.66	d__Bacteria;p__Bacillota;c__Clostridia;o__Christensenellales;f__Aristaeellaceae;g__Ventricola;s__Ventricola sp900542395	Ventricola sp900542395	91.4	5.71	FALSE	TRUE	Predicted anaerobe	0.01506324229361702	0.0034276246666666665	22	46.808510638297875	4	22.22222222222222	2.1325058383431292	0.9981942222031669	FALSE	0.13463265968712	0.623377262822132	-0.548608834542476	0.130242842428213	1.0	-0.30764240183092
E06_bin.24	B09_bin.61	d__Bacteria;p__Bacillota;c__Clostridia;o__Oscillospirales;f__Ruminococcaceae;g__Hominimerdicola;s__Hominimerdicola aceti	Hominimerdicola aceti	98.63	0	FALSE	TRUE	Predicted anaerobe	0.0209194305106383	0.011018576666666667	26	55.319148936170215	9	50.0	0.924286445772684	0.5113073955338252	FALSE	0.571155939358124	0.936541020716014	0.205474883083438	0.847717205336625	1.0	-0.00814527147302926
E06_bin.28	H05_bin.38	d__Bacteria;p__Bacteroidota;c__Bacteroidia;o__Bacteroidales;f__Tannerellaceae;g__Parabacteroides;s__Parabacteroides distasonis	Parabacteroides distasonis	97.08	0.77	FALSE	TRUE	Predicted anaerobe	0.016997001676595746	0.015584431377777777	31	65.95744680851064	10	55.55555555555556	0.12509786876262802	0.08251136024769082	FALSE	0.234364028504178	0.764231036679804	0.41341405013438	0.719738820222774	1.0	0.0100094226164645
E06_bin.31	B05_bin.2	d__Bacteria;p__Pseudomonadota;c__Gammaproteobacteria;o__Enterobacterales;f__Pasteurellaceae;g__Haemophilus_D;s__Haemophilus_D sp048377755	Haemophilus D sp048377755	96.61	5.43	FALSE	FALSE	Facultative/other	0.013296040572340425	0.0024180144722222223	16	34.04255319148936	5	27.77777777777778	2.454232411916985	0.835483374269612	FALSE	0.136812732317097	0.624767050010809	-0.5601910868019	0.653797163066516	1.0	-0.0816524609516683
E06_bin.4	H07_bin.23	d__Bacteria;p__Bacillota;c__Clostridia;o__Oscillospirales;f__Ruminococcaceae;g__Faecalibacterium;s__Faecalibacterium longum	Faecalibacterium longum	97.79	3.06	FALSE	TRUE	Predicted anaerobe	0.053437330436170216	0.04285000083333333	42	89.36170212765957	16	88.88888888888889	0.3184860125808629	0.28460452188077107	FALSE	0.754717930086838	0.971972917985348	-0.0928308158109419	0.581750063162189	1.0	0.0715022391036282
E06_bin.40	G06_bin.24	d__Bacteria;p__Bacillota;c__Clostridia;o__Oscillospirales;f__Oscillospiraceae;g__CAG-170;s__CAG-170 sp000432135	CAG-170 sp000432135	85.91	2.73	FALSE	TRUE	Predicted anaerobe	0.02739713355319149	0.015743324355555557	29	61.702127659574465	9	50.0	0.7988951416133786	0.4929353001444251	FALSE	0.762100638647514	0.972133645260907	-0.108497027136083	0.497146095047104	1.0	-0.075583338069872
E06_bin.46	E06_bin.46	d__Bacteria;p__Bacillota;c__Clostridia;o__Christensenellales;f__Borkfalkiaceae;g__Borkfalkia;s__Borkfalkia ceftriaxoniphila	Borkfalkia ceftriaxoniphila	86.96	1.77	FALSE	TRUE	Predicted anaerobe	0.018956361708510637	0.024214839466666666	20	42.5531914893617	11	61.111111111111114	-0.3530441501568097	-0.15023155325821688	FALSE	0.962716142009137	0.997964486761695	-0.0188414434248032	0.174448244313312	0.944694253991933	0.23978739909665
E06_bin.49	F06_bin.75	d__Bacteria;p__Bacillota;c__Clostridia;o__Oscillospirales;f__Oscillospiraceae;g__Hominicoprocola;s__Hominicoprocola fusiformis	Hominicoprocola fusiformis	90.97	6.54	FALSE	TRUE	Predicted anaerobe	0.028061739234042555	0.021513759	34	72.34042553191489	14	77.77777777777777	0.38318839308968594	0.2772001141499856	FALSE	0.727127016796611	0.968074598146667	-0.107608345836515	0.140019714278135	0.948531439397543	0.112352312634905
E06_bin.52	G07_bin.107	d__Bacteria;p__Bacillota;c__Clostridia;o__Lachnospirales;f__Lachnospiraceae;g__Roseburia;s__Roseburia faecis	Roseburia faecis	92.94	4.27	FALSE	TRUE	Predicted anaerobe	0.020202680091489362	0.04021148157222222	30	63.829787234042556	12	66.66666666666667	-0.9927055968742948	-0.6336418703452946	FALSE	0.343570601418386	0.831898310564131	0.315658504864086	0.314011755548067	0.999140869924251	0.106420259852734
E06_bin.55	E06_bin.55	d__Bacteria;p__Bacillota;c__Clostridia;o__Lachnospirales;f__Lachnospiraceae;g__Mediterraneibacter;s__Mediterraneibacter gnavus	Mediterraneibacter gnavus	94.13	1.48	FALSE	TRUE	Predicted anaerobe	0.020062266517021275	0.0046199077222222225	13	27.659574468085108	6	33.333333333333336	2.116148187095218	0.5853175836646347	FALSE	0.0794361466685914	0.527337961563962	-0.693198194289381	0.679677475939244	0.997130401364741	0.0512013110907774
E06_bin.56	F03_bin.1	d__Bacteria;p__Bacillota;c__Clostridia;o__Lachnospirales;f__Lachnospiraceae;g__Acetatifactor;s__Acetatifactor acetigignens	Acetatifactor acetigignens	97.18	2.58	FALSE	TRUE	Predicted anaerobe	0.025936479325531916	0.058355561944444446	35	74.46808510638297	17	94.44444444444444	-1.169578578629514	-0.8709627713198509	FALSE	0.391483372146169	0.854467755138557	0.338309139217549	0.0012238505633697	0.387420328108003	0.426356037924684
E06_bin.60	G08_bin.17	d__Bacteria;p__Bacillota;c__Clostridia;o__Oscillospirales;f__Oscillospiraceae;g__Hominicoprocola;s__Hominicoprocola sp900317525	Hominicoprocola sp900317525	83.62	2.68	FALSE	TRUE	Predicted anaerobe	0.015059620525531916	0.015771740944444446	30	63.829787234042556	10	55.55555555555556	-0.06661327507896751	-0.04251911175253246	FALSE	0.64745207163327	0.947865487459929	-0.17042262627337	0.648100927183315	1.0	-0.0422266588245824
E06_bin.63	E06_bin.63	d__Bacteria;p__Bacillota;c__Clostridia;o__Lachnospirales;f__Lachnospiraceae;g__Eubacterium_F;s__Eubacterium_F sp003491505	Eubacterium F sp003491505	98.66	0.02	FALSE	TRUE	Predicted anaerobe	0.02482062015106383	0.017469349555555555	32	68.08510638297872	9	50.0	0.506468793609806	0.34482981692582537	FALSE	0.995670562634739	1	-0.00182295507538498	0.310013469545243	1.0	-0.127794677852687
E06_bin.65	H05_bin.34	d__Bacteria;p__Pseudomonadota;c__Gammaproteobacteria;o__Enterobacterales;f__Enterobacteriaceae;g__Escherichia;s__Escherichia coli	Escherichia coli	82.74	2.13	FALSE	FALSE	Facultative/other	0.029278488321276594	0.0018178271277777779	16	34.04255319148936	3	16.666666666666668	4.002132197971343	1.3624279822881167	FALSE	0.0275160461185501	0.311614840756573	-0.969894722148227	0.21349989104551	1.0	-0.183351215184731
E06_bin.68	A06_bin.107	d__Bacteria;p__Bacteroidota;c__Bacteroidia;o__Bacteroidales;f__Marinifilaceae;g__Odoribacter;s__Odoribacter splanchnicus	Odoribacter splanchnicus	96	0	FALSE	TRUE	Predicted anaerobe	0.01078773909787234	0.009150355072222222	34	72.34042553191489	15	83.33333333333333	0.2372538369335487	0.1716304352285246	FALSE	0.37294592375469	0.839386167024592	-0.279109189614919	0.397416402093523	1.0	0.0703537393180792
E06_bin.70	E06_bin.70	d__Bacteria;p__Bacillota;c__Bacilli;o__Lactobacillales;f__Lactobacillaceae;g__Lactiplantibacillus;s__Lactiplantibacillus plantarum	Lactiplantibacillus plantarum	99.38	2.78	FALSE	FALSE	Facultative/other	0.01695016625531915	0.0024701658111111113	6	12.76595744680851	3	16.666666666666668	2.7736418321600382	0.35408193602043037	FALSE	0.119591065066048	0.602133567284286	0.771270654802264	0.67769529799581	0.997559840665269	0.0407325229495645
E06_bin.78	H06_bin.61	d__Bacteria;p__Bacillota;c__Clostridia;o__Lachnospirales;f__Lachnospiraceae;g__Fusicatenibacter;s__Fusicatenibacter saccharivorans	Fusicatenibacter saccharivorans	87.48	4.96	FALSE	TRUE	Predicted anaerobe	0.019760888153191488	0.025339436061111113	43	91.48936170212765	17	94.44444444444444	-0.35857597085887155	-0.32805886695598885	FALSE	0.589321420886713	0.939278465232197	0.161522765036502	0.100618390078444	0.885508591147899	0.251480585034734
E06_bin.83	E06_bin.83	d__Bacteria;p__Bacteroidota;c__Bacteroidia;o__Bacteroidales;f__Tannerellaceae;g__Parabacteroides;s__Parabacteroides faecalis	Parabacteroides faecalis	90.96	1.77	FALSE	TRUE	Predicted anaerobe	0.06958450638297872	0.09390441544444444	3	6.382978723404255	4	22.22222222222222	-0.4323731943240806	-0.027598288999409398	FALSE	0.162969385811751	0.67061543604847	-0.825488701850156	0.292344766079427	0.943317550645966	0.147878819359102
E06_bin.85	E06_bin.85	d__Bacteria;p__Bacteroidota;c__Bacteroidia;o__Bacteroidales;f__Rikenellaceae;g__Alistipes;s__Alistipes shahii	Alistipes shahii	99.52	0	FALSE	TRUE	Predicted anaerobe	0.09076921331914893	0.036517152222222224	36	76.59574468085107	9	50.0	1.3133927053223036	1.0060029232255943	FALSE	0.947040910800666	0.99690442516441	-0.0216790556346453	0.0480913147609508	1.0	-0.258917600506924
E06_bin.9	F06_bin.46	d__Bacteria;p__Bacillota;c__Bacilli;o__Lactobacillales;f__Streptococcaceae;g__Streptococcus;s__Streptococcus thermophilus	Streptococcus thermophilus	91.96	3.15	FALSE	FALSE	Facultative/other	0.008912474174468084	0.004515926411111111	18	38.297872340425535	5	27.77777777777778	0.9792306930649548	0.3750245207482806	FALSE	0.965971249559549	0.997964486761695	0.0160479579003286	0.594236998200051	1.0	-0.0953156129816161
E07_bin.1	H05_bin.43	d__Bacteria;p__Bacillota;c__Clostridia;o__Lachnospirales;f__Lachnospiraceae;g__Roseburia;s__Roseburia rectalis	Roseburia rectalis	97.1	0	FALSE	TRUE	Predicted anaerobe	0.020806065357446807	0.032864236016666666	36	76.59574468085107	13	72.22222222222223	-0.6592599702808248	-0.5049650836193552	FALSE	0.448234314770563	0.884830200132678	0.270414145974966	0.652988223900212	1.0	0.0260742804898925
E07_bin.18	D01_bin.64	d__Bacteria;p__Bacteroidota;c__Bacteroidia;o__Bacteroidales;f__Bacteroidaceae;g__Bacteroides;s__Bacteroides uniformis	Bacteroides uniformis	93.31	7.19	FALSE	TRUE	Predicted anaerobe	0.20379011891489363	0.24594035911111112	45	95.74468085106383	18	100.0	-0.27121226823689126	-0.2596713206523427	FALSE	0.999220636257602	1	-0.000318746392397486	0.183099707799489	1.0	0.152790589585811
E07_bin.22	C02_bin.12	d__Bacteria;p__Bacteroidota;c__Bacteroidia;o__Bacteroidales;f__Bacteroidaceae;g__Prevotella;s__Prevotella copri_B	Prevotella copri B	84.01	1.3	FALSE	TRUE	Predicted anaerobe	0.25494794234893614	1.6943229133333333	11	23.404255319148938	5	27.77777777777778	-2.7323861863983496	-0.6394946393698265	FALSE	0.000274592918661366	0.0539104280935389	2.3703629990513	0.498602058090612	0.995758909226773	0.036727163920199
E07_bin.24	D01_bin.36	d__Bacteria;p__Bacillota;c__Clostridia;o__Oscillospirales;f__Butyricicoccaceae;g__Agathobaculum;s__Agathobaculum butyriciproducens	Agathobaculum butyriciproducens	90.19	1.57	FALSE	TRUE	Predicted anaerobe	0.017307717868085108	0.022584417455555554	39	82.97872340425532	16	88.88888888888889	-0.38371753697247396	-0.3184039136580103	FALSE	0.832691352869996	0.983217763396128	0.0686668047184785	0.186251445402105	0.992815591435373	0.188088376052023
E07_bin.29	A04_bin.93	d__Bacteria;p__Bacillota;c__Clostridia;o__Oscillospirales;f__Ruminococcaceae;g__Gemmiger;s__Gemmiger qucibialis	Gemmiger qucibialis	95.24	2.04	FALSE	TRUE	Predicted anaerobe	0.015766165053191488	0.026148352555555556	37	78.72340425531915	15	83.33333333333333	-0.7295251325847091	-0.5743070192688136	FALSE	0.910821202104681	0.989877810111322	-0.0355927147616368	0.174188677364148	0.982252616496441	0.128364359931667
E07_bin.30	C01_bin.57	d__Bacteria;p__Pseudomonadota;c__Gammaproteobacteria;o__Burkholderiales;f__Burkholderiaceae_F;g__Parasutterella;s__Parasutterella gallistercoris	Parasutterella gallistercoris	85.62	0.16	FALSE	TRUE	Predicted anaerobe	0.005489950623404256	0.010432070133333334	8	17.02127659574468	3	16.666666666666668	-0.9249171817711125	-0.15743271179082766	FALSE	0.401130890382308	0.856335508584847	0.347591261099926	0.702940661510608	0.993436549561812	0.0436843742709815
E07_bin.31	E07_bin.31	d__Bacteria;p__Bacillota;c__Clostridia;o__TANB77;f__CAG-508;g__Merdicola;s__Merdicola sp018371855	Merdicola sp018371855	81.03	2.13	FALSE	TRUE	Predicted anaerobe	0.02427890074255319	0.014298461111111112	12	25.53191489361702	1	5.555555555555555	0.7634286813754858	0.1949179612022517	FALSE	0.0237515228811418	0.29531613764105	1.05355274119988	0.218949009634483	1.0	-0.190637187149282
E07_bin.32	H05_bin.38	d__Bacteria;p__Bacteroidota;c__Bacteroidia;o__Bacteroidales;f__Tannerellaceae;g__Parabacteroides;s__Parabacteroides distasonis	Parabacteroides distasonis	98.65	1.35	FALSE	TRUE	Predicted anaerobe	0.012859374929787235	0.020942426916666666	35	74.46808510638297	11	61.111111111111114	-0.7031753777289638	-0.5236412387343347	FALSE	0.483703224755776	0.900238809691037	0.240564715348829	0.606044066699412	1.0	-0.0288556427648972
E07_bin.4	F03_bin.13	d__Bacteria;p__Bacteroidota;c__Bacteroidia;o__Bacteroidales;f__Rikenellaceae;g__Alistipes;s__Alistipes finegoldii	Alistipes finegoldii	99.85	0	FALSE	TRUE	Predicted anaerobe	0.11090122096382979	0.04114979383333334	37	78.72340425531915	13	72.22222222222223	1.4300976703249872	1.125821570255841	FALSE	0.437029427322104	0.875043155156195	-0.280428864648243	0.464283363453413	1.0	-0.0723550251175402
E07_bin.43	H07_bin.23	d__Bacteria;p__Bacillota;c__Clostridia;o__Oscillospirales;f__Ruminococcaceae;g__Faecalibacterium;s__Faecalibacterium longum	Faecalibacterium longum	83.03	7.62	FALSE	TRUE	Predicted anaerobe	0.026544971063829786	0.029689886744444442	41	87.23404255319149	14	77.77777777777777	-0.16147547219077127	-0.1408615821238643	FALSE	0.945353395000464	0.99690442516441	-0.0235264575186016	0.632248474680485	1.0	-0.0281201548519789
E07_bin.44	D01_bin.67	d__Bacteria;p__Actinomycetota;c__Coriobacteriia;o__Coriobacteriales;f__Coriobacteriaceae;g__Collinsella;s__Collinsella sp905215825	Collinsella sp905215825	88.19	8.25	FALSE	TRUE	Predicted anaerobe	0.015184246314893617	0.0136636555	28	59.57446808510638	7	38.888888888888886	0.15212613115598525	0.0906283334546295	FALSE	0.566131715224724	0.936541020716014	0.198186940522449	0.283138494872312	1.0	-0.204067625079878
E07_bin.46	F03_bin.40	d__Bacteria;p__Bacillota;c__Clostridia;o__Lachnospirales;f__Lachnospiraceae;g__Blautia_A;s__Blautia_A wexlerae	Blautia A wexlerae	80.89	9.7	FALSE	TRUE	Predicted anaerobe	0.03617994691276596	0.060071647944444445	46	97.87234042553192	18	100.0	-0.731335392820237	-0.7157750653134234	FALSE	0.227906525517034	0.764231036679804	0.408332838302023	0.04492007701008	0.830513593688864	0.329590857924812
E07_bin.5	G02_bin.41	d__Bacteria;p__Bacteroidota;c__Bacteroidia;o__Bacteroidales;f__Rikenellaceae;g__Alistipes_A;s__Alistipes_A indistinctus	Alistipes A indistinctus	98.38	0.24	FALSE	TRUE	Predicted anaerobe	0.010363769461702128	0.011411599072222223	28	59.57446808510638	8	44.44444444444444	-0.13882443437702166	-0.08270391835226822	FALSE	0.522348942512692	0.920452348649719	-0.228159569815914	0.408539469881495	1.0	-0.144217438028594
E07_bin.51	C03_bin.49	d__Bacteria;p__Actinomycetota;c__Actinomycetes;o__Actinomycetales;f__Bifidobacteriaceae;g__Bifidobacterium;s__Bifidobacterium longum	Bifidobacterium longum	95.84	1.38	FALSE	TRUE	Predicted anaerobe	0.023042473465957447	0.015224643872222223	42	89.36170212765957	12	66.66666666666667	0.5975657803849774	0.5339949526844479	FALSE	0.940571721072608	0.99690442516441	-0.0237030870539394	0.176706186393114	1.0	-0.142312195848544
E07_bin.52	A06_bin.107	d__Bacteria;p__Bacteroidota;c__Bacteroidia;o__Bacteroidales;f__Marinifilaceae;g__Odoribacter;s__Odoribacter splanchnicus	Odoribacter splanchnicus	88.24	1.61	FALSE	TRUE	Predicted anaerobe	0.007492861976595744	0.01090347141111111	34	72.34042553191489	15	83.33333333333333	-0.5405971506215124	-0.39107027917300896	FALSE	0.78701312594579	0.976877726248494	0.0849153567061505	0.216554114703158	0.994022135917652	0.130099452733314
E07_bin.54	A03_bin.68	d__Bacteria;p__Bacillota;c__Clostridia;o__Lachnospirales;f__Lachnospiraceae;g__Roseburia;s__Roseburia hominis	Roseburia hominis	94.51	0.4	FALSE	TRUE	Predicted anaerobe	0.0163837831106383	0.0641859901111111	27	57.4468085106383	16	88.88888888888889	-1.9693343684554405	-1.1313197435807851	FALSE	0.340436140708212	0.831898310564131	0.357086132963983	0.00452498774505844	0.43462737796073	0.494590853627894
E07_bin.58	E07_bin.58	d__Bacteria;p__Bacteroidota;c__Bacteroidia;o__Bacteroidales;f__Tannerellaceae;g__Parabacteroides;s__Parabacteroides goldsteinii	Parabacteroides goldsteinii	96.18	0.58	FALSE	TRUE	Predicted anaerobe	0.004812524627659575	0.015733166277777776	7	14.893617021276595	2	11.11111111111111	-1.7068652150118173	-0.2542139681932494	FALSE	0.0768546540026566	0.523553926500856	0.896304620419075	0.783935095221132	0.998644166862469	-0.00094247595502803
E07_bin.6	B04_bin.18	d__Bacteria;p__Bacteroidota;c__Bacteroidia;o__Bacteroidales;f__Rikenellaceae;g__Alistipes;s__Alistipes onderdonkii	Alistipes onderdonkii	82.36	0	FALSE	TRUE	Predicted anaerobe	0.13528615470851063	0.11398573527777778	41	87.23404255319149	15	83.33333333333333	0.24714098425644823	0.21559107137264633	FALSE	0.997500526103047	1	-0.00131907142137282	0.780805239138168	1.0	0.00708647720749884
E07_bin.65	H08_bin.15	d__Bacteria;p__Bacillota;c__Clostridia;o__Lachnospirales;f__Lachnospiraceae;g__Otoolea;s__Otoolea fessa	Otoolea fessa	81.85	6.79	FALSE	TRUE	Predicted anaerobe	0.01781431610212766	0.02175259986111111	39	82.97872340425532	16	88.88888888888889	-0.2880041946914466	-0.23898220410566845	FALSE	0.724008359244043	0.968074598146667	-0.112624777231524	0.152967523154648	0.966315162330288	0.138768851080148
E07_bin.68	A07_bin.65	d__Bacteria;p__Bacteroidota;c__Bacteroidia;o__Bacteroidales;f__Barnesiellaceae;g__Barnesiella;s__Barnesiella intestinihominis	Barnesiella intestinihominis	99.62	0	FALSE	TRUE	Predicted anaerobe	0.06819141836808511	0.07367786027777777	32	68.08510638297872	11	61.111111111111114	-0.11162521886020337	-0.07600014901120229	FALSE	0.944813445434239	0.99690442516441	0.0262522299192896	0.732044856023229	1.0	-0.024339215444362
E07_bin.69	E07_bin.69	d__Bacteria;p__Bacillota;c__Clostridia;o__Oscillospirales;f__Oscillospiraceae;g__Oscillibacter;s__Oscillibacter welbionis	Oscillibacter welbionis	91.95	0.69	FALSE	TRUE	Predicted anaerobe	0.019835581217021277	0.028297276483333335	39	82.97872340425532	13	72.22222222222223	-0.5123551353512543	-0.42514575061061527	FALSE	0.26093240935712	0.787792906488093	0.399474386673334	0.742714931015102	1.0	0.0264650268579028
E07_bin.7	B04_bin.53	d__Bacteria;p__Bacillota;c__Clostridia;o__Oscillospirales;f__Oscillospiraceae;g__Lawsonibacter;s__Lawsonibacter asaccharolyticus	Lawsonibacter asaccharolyticus	86.16	3.32	FALSE	TRUE	Predicted anaerobe	0.01652564074893617	0.018159461727777777	38	80.85106382978724	15	83.33333333333333	-0.1359367297903644	-0.10990629217093291	FALSE	0.894146114559601	0.988426013077921	0.0424008668615356	0.463074590317403	1.0	0.101415360127898
E07_bin.73	F06_bin.75	d__Bacteria;p__Bacillota;c__Clostridia;o__Oscillospirales;f__Oscillospiraceae;g__Hominicoprocola;s__Hominicoprocola fusiformis	Hominicoprocola fusiformis	90.6	0	FALSE	TRUE	Predicted anaerobe	0.021286441691489362	0.07232058105555556	34	72.34042553191489	15	83.33333333333333	-1.763993342965398	-1.27608029065582	FALSE	0.319324113506684	0.826466231054012	0.409820073152673	0.0191890285965343	0.772146333367527	0.261519575128998
E07_bin.8	E07_bin.8	d__Bacteria;p__Bacteroidota;c__Bacteroidia;o__Bacteroidales;f__Bacteroidaceae;g__Bacteroides;s__Bacteroides fragilis	Bacteroides fragilis	97.4	1.18	FALSE	TRUE	Predicted anaerobe	0.17370547945106385	0.10968768477777778	24	51.06382978723404	10	55.55555555555556	0.6631932382546843	0.3386518663428175	FALSE	0.741856304059883	0.970581684045969	0.124090497555925	0.567454958455508	0.999468222350067	0.105362664926051
E07_bin.81	C06_bin.11	d__Bacteria;p__Bacillota;c__Clostridia;o__Lachnospirales;f__Lachnospiraceae;g__Anthropogastromicrobium;s__Anthropogastromicrobium aceti	Anthropogastromicrobium aceti	83.07	3.48	FALSE	TRUE	Predicted anaerobe	0.009058997604255319	0.01888421525	32	68.08510638297872	15	83.33333333333333	-1.0589295954400746	-0.720973341576221	FALSE	0.612156271390957	0.943026319703049	0.165405329268771	0.0328741312583026	0.812897430838576	0.235541358885512
E07_bin.92	F06_bin.53	d__Bacteria;p__Bacillota;c__Clostridia;o__Oscillospirales;f__Ruminococcaceae;g__Faecalibacterium;s__Faecalibacterium tardum	Faecalibacterium tardum	95.27	9.35	FALSE	TRUE	Predicted anaerobe	0.036884140680851066	0.08898648502777778	37	78.72340425531915	16	88.88888888888889	-1.2703566432596052	-1.0000679957575616	FALSE	0.806306192426172	0.981926308310777	0.0832272955915662	0.080402272640256	0.864634124276629	0.187164300631257
E07_bin.94	E07_bin.94	d__Bacteria;p__Bacillota;c__Clostridia;o__Lachnospirales;f__Anaerotignaceae;g__Anaerotignum_A;s__Anaerotignum_A faecicola	Anaerotignum A faecicola	96.64	0	FALSE	TRUE	Predicted anaerobe	0.006681247765957447	0.025032856794444443	19	40.42553191489362	11	61.111111111111114	-1.9040519778827818	-0.7697231399951671	FALSE	0.411634254448721	0.858013721465212	0.297808749169441	0.0423629693524655	0.796902181042111	0.351003068896693
E08_bin.12	F06_bin.75	d__Bacteria;p__Bacillota;c__Clostridia;o__Oscillospirales;f__Oscillospiraceae;g__Hominicoprocola;s__Hominicoprocola fusiformis	Hominicoprocola fusiformis	93.29	6.49	FALSE	TRUE	Predicted anaerobe	0.03309453001489362	0.024581657833333333	36	76.59574468085107	15	83.33333333333333	0.42885965181890806	0.32848824394639764	FALSE	0.772049371660861	0.973859377503757	-0.0953669350537162	0.138300116850085	0.948568092288447	0.118573799985988
E08_bin.24	D08_bin.21	d__Bacteria;p__Bacteroidota;c__Bacteroidia;o__Bacteroidales;f__Rikenellaceae;g__Alistipes;s__Alistipes putredinis	Alistipes putredinis	99.52	0.96	FALSE	TRUE	Predicted anaerobe	0.12652705129574468	0.1563399535	36	76.59574468085107	15	83.33333333333333	-0.30521890808627433	-0.23378469555544418	FALSE	0.280640997027263	0.801776611379208	0.349877864246542	0.113090784169315	0.910207158856688	0.143573448623453
E08_bin.27	H04_bin.57	d__Bacteria;p__Bacillota;c__Clostridia;o__Oscillospirales;f__Ruminococcaceae;g__Gemmiger;s__Gemmiger formicilis	Gemmiger formicilis	91.44	2.1	FALSE	TRUE	Predicted anaerobe	0.017956402244680852	0.01625710813888889	36	76.59574468085107	13	72.22222222222223	0.14334373860550642	0.10979520403826024	FALSE	0.492438466359837	0.903226691861454	0.212141506474076	0.516339447529038	1.0	0.0837572157145014
E08_bin.3	H05_bin.43	d__Bacteria;p__Bacillota;c__Clostridia;o__Lachnospirales;f__Lachnospiraceae;g__Roseburia;s__Roseburia rectalis	Roseburia rectalis	96.14	0.48	FALSE	TRUE	Predicted anaerobe	0.0360839953893617	0.023308153955555556	37	78.72340425531915	11	61.111111111111114	0.6303052715631539	0.4961977669752488	FALSE	0.166416166519701	0.6724726001637	0.458613288385727	0.451038579739934	1.0	-0.0546699560203305
E08_bin.33	B01_bin.9	d__Bacteria;p__Verrucomicrobiota;c__Verrucomicrobiia;o__Verrucomicrobiales;f__Akkermansiaceae;g__Akkermansia;s__Akkermansia muciniphila	Akkermansia muciniphila	97.28	0.68	FALSE	TRUE	Predicted anaerobe	0.01994594725531915	0.015488250477777778	19	40.42553191489362	6	33.333333333333336	0.36471339548568943	0.14743733008995955	FALSE	0.230580945286661	0.764231036679804	-0.487651842127711	0.668436587546324	1.0	-0.0534423294063084
E08_bin.39	G08_bin.11	d__Bacteria;p__Bacillota;c__Clostridia;o__UBA1212;f__UBA1255;g__Egerieisoma;s__Egerieisoma faecipullorum	Egerieisoma faecipullorum	85.78	2.45	FALSE	TRUE	Predicted anaerobe	0.00913788685106383	0.00020882091666666667	8	17.02127659574468	1	5.555555555555555	5.385615967113212	0.9167005901469297	FALSE	0.0049245881474041	0.130801299885034	-2.82848016113971	0.354768159446882	1.0	-0.050036513886349
E08_bin.42	G08_bin.17	d__Bacteria;p__Bacillota;c__Clostridia;o__Oscillospirales;f__Oscillospiraceae;g__Hominicoprocola;s__Hominicoprocola sp900317525	Hominicoprocola sp900317525	86.07	2.01	FALSE	TRUE	Predicted anaerobe	0.032194878412765957	0.01860531602222222	33	70.2127659574468	12	66.66666666666667	0.7907891368791438	0.5552349258938669	FALSE	0.43634594009895	0.874659618371966	-0.296128353436626	0.681561681442703	1.0	-0.0391244749283492
E08_bin.47	H06_bin.61	d__Bacteria;p__Bacillota;c__Clostridia;o__Lachnospirales;f__Lachnospiraceae;g__Fusicatenibacter;s__Fusicatenibacter saccharivorans	Fusicatenibacter saccharivorans	96.41	1.9	FALSE	TRUE	Predicted anaerobe	0.03127850432978723	0.03449183166666667	43	91.48936170212765	17	94.44444444444444	-0.141040259387062	-0.12903683305624822	FALSE	0.623975820899223	0.943026319703049	0.144517591738218	0.0869132209106422	0.869088492726465	0.248190441529098
E08_bin.51	F07_bin.42	d__Bacteria;p__Bacillota;c__Clostridia;o__Lachnospirales;f__Lachnospiraceae;g__Lachnospira;s__Lachnospira eligens_A	Lachnospira eligens A	87.94	1.34	FALSE	TRUE	Predicted anaerobe	0.016113923527659575	0.010390834833333333	28	59.57446808510638	10	55.55555555555556	0.6325035135583921	0.3768106038220208	FALSE	0.325629354436128	0.827931171114453	-0.3635443460809	0.78420553956259	1.0	-0.028998639693408
E08_bin.53	H07_bin.23	d__Bacteria;p__Bacillota;c__Clostridia;o__Oscillospirales;f__Ruminococcaceae;g__Faecalibacterium;s__Faecalibacterium longum	Faecalibacterium longum	81.07	6.24	FALSE	TRUE	Predicted anaerobe	0.03478344194468085	0.027920082555555555	41	87.23404255319149	15	83.33333333333333	0.3169955668341719	0.2765280476638521	FALSE	0.327827766681449	0.829129116870009	-0.297111827435242	0.782388695105624	1.0	0.0360936633193342
E08_bin.57	B08_bin.39	d__Bacteria;p__Bacillota;c__Clostridia;o__Oscillospirales;f__Oscillospiraceae;g__Vescimonas;s__Vescimonas sanitatis	Vescimonas sanitatis	91.82	2.85	FALSE	TRUE	Predicted anaerobe	0.05736319096808511	0.063548374	20	42.5531914893617	7	38.888888888888886	-0.14770545732558885	-0.06285338609599525	FALSE	0.758933561928153	0.972133645260907	-0.120898382057748	0.859364801785149	1.0	-0.0230046255377408
E08_bin.6	F03_bin.1	d__Bacteria;p__Bacillota;c__Clostridia;o__Lachnospirales;f__Lachnospiraceae;g__Acetatifactor;s__Acetatifactor acetigignens	Acetatifactor acetigignens	95.17	2.42	FALSE	TRUE	Predicted anaerobe	0.01830563669361702	0.04432108372777778	30	63.829787234042556	16	88.88888888888889	-1.2752427780732791	-0.8139847519616675	FALSE	0.43188355151115	0.874402692510218	0.351494381586122	0.00638241436266396	0.580526699354654	0.427343370307634
E08_bin.61	B03_bin.77	d__Bacteria;p__Bacillota;c__Clostridia;o__Oscillospirales;f__Ruminococcaceae;g__Faecalibacterium;s__Faecalibacterium duncaniae	Faecalibacterium duncaniae	92.08	8.79	FALSE	TRUE	Predicted anaerobe	0.1394479549787234	0.11790821838888889	40	85.1063829787234	17	94.44444444444444	0.24204359889324567	0.20599455224957078	FALSE	0.974008549641535	1	0.0119915845942155	0.126915853557605	0.931758433415254	0.2068530791503
E08_bin.65	E08_bin.65	d__Bacteria;p__Bacillota_I;c__Bacilli_A;o__RFN20;f__CAG-288;g__CAG-345;s__CAG-345 sp000433315	CAG-345 sp000433315	97.75	0	FALSE	TRUE	Predicted anaerobe	0.02947151385531915	0.01751431083333333	9	19.148936170212767	2	11.11111111111111	0.7504528982625526	0.14370374647580794	FALSE	0.00605287333261509	0.143749526272835	1.59655038524285	0.681315281742068	0.999857763374142	-0.0669429109152261
E08_bin.69	A04_bin.93	d__Bacteria;p__Bacillota;c__Clostridia;o__Oscillospirales;f__Ruminococcaceae;g__Gemmiger;s__Gemmiger qucibialis	Gemmiger qucibialis	95.2	1.7	FALSE	TRUE	Predicted anaerobe	0.026597182131914896	0.014790882666666666	36	76.59574468085107	14	77.77777777777777	0.8461325128625016	0.648101499213831	FALSE	0.521584454981707	0.920452348649719	-0.203902416712422	0.462445951561149	1.0	0.0601095917854072
E08_bin.71	G07_bin.85	d__Bacteria;p__Bacillota;c__Clostridia;o__Christensenellales;f__Aristaeellaceae;g__UBA11524;s__UBA11524 sp000437595	UBA11524 sp000437595	97.9	1.86	FALSE	TRUE	Predicted anaerobe	0.03663171812978724	0.012910271194444444	21	44.680851063829785	7	38.888888888888886	1.503850800686698	0.6719333364770352	FALSE	0.780503097304707	0.973995429764571	-0.101397463575647	0.687402073883824	1.0	-0.0661811319566874
E08_bin.74	H06_bin.1	d__Bacteria;p__Bacillota;c__Clostridia;o__Oscillospirales;f__Oscillospiraceae;g__Vescimonas;s__Vescimonas sp000435975	Vescimonas sp000435975	84.23	3.15	FALSE	TRUE	Predicted anaerobe	0.02519320584255319	0.011269720666666667	17	36.170212765957444	6	33.333333333333336	1.1598759149262763	0.41952958624992975	FALSE	0.788921479828266	0.97725589810926	0.101105439792073	0.79738900116163	1.0	-0.00346984175927772
E08_bin.75	G05_bin.13	d__Bacteria;p__Bacillota;c__Clostridia;o__Oscillospirales;f__Acutalibacteraceae;g__Ruminococcoides;s__Ruminococcoides intestinale	Ruminococcoides intestinale	81.88	0.67	FALSE	TRUE	Predicted anaerobe	0.04465942631489362	0.07005990608333333	27	57.4468085106383	12	66.66666666666667	-0.6495072361802796	-0.3731211782312245	FALSE	0.955957143801537	0.99690442516441	0.0247505262969436	0.380643805733363	0.999362245601345	0.137316048387422
E08_bin.76	B08_bin.66	d__Bacteria;p__Bacteroidota;c__Bacteroidia;o__Bacteroidales;f__Rikenellaceae;g__Alistipes;s__Alistipes communis	Alistipes communis	98.56	1.12	FALSE	TRUE	Predicted anaerobe	0.06036293556595745	0.04110101315555556	29	61.702127659574465	11	61.111111111111114	0.5543770256075777	0.34206242005573945	FALSE	0.564849159006369	0.936541020716014	0.218205311430211	0.704263138491601	1.0	0.0496747926611609
E08_bin.81	A09_bin.16	d__Bacteria;p__Bacillota;c__Clostridia;o__Oscillospirales;f__Oscillospiraceae;g__CAG-103;s__CAG-103 sp900317855	CAG-103 sp900317855	87.62	7.63	FALSE	TRUE	Predicted anaerobe	0.009524813334042554	0.002449417388888889	13	27.659574468085108	4	22.22222222222222	1.9548880985619193	0.540713729389467	FALSE	0.316318665144814	0.826466231054012	-0.381035130332548	0.701560424908516	1.0	-0.0432393409344982
E08_bin.82	A04_bin.71	d__Bacteria;p__Bacteroidota;c__Bacteroidia;o__Bacteroidales;f__Rikenellaceae;g__Alistipes_A;s__Alistipes_A ihumii	Alistipes A ihumii	99.52	0	FALSE	TRUE	Predicted anaerobe	0.016977503731914895	0.009136704116666667	18	38.297872340425535	8	44.44444444444444	0.8931499802020608	0.34205743922632115	FALSE	0.662119761206542	0.947865487459929	-0.165069000338757	0.594164624650199	0.999902277764385	0.0632877129720957
E08_bin.86	G06_bin.24	d__Bacteria;p__Bacillota;c__Clostridia;o__Oscillospirales;f__Oscillospiraceae;g__CAG-170;s__CAG-170 sp000432135	CAG-170 sp000432135	89.93	8.99	FALSE	TRUE	Predicted anaerobe	0.039814753414893614	0.020041453777777777	29	61.702127659574465	11	61.111111111111114	0.9899585896927906	0.6108255127891686	FALSE	0.302930289107327	0.816968552826994	-0.345082083615515	0.800771624499001	1.0	0.0280632209633876
E08_bin.88	A06_bin.107	d__Bacteria;p__Bacteroidota;c__Bacteroidia;o__Bacteroidales;f__Marinifilaceae;g__Odoribacter;s__Odoribacter splanchnicus	Odoribacter splanchnicus	92.47	0	FALSE	TRUE	Predicted anaerobe	0.011633641904255318	0.01050689735	36	76.59574468085107	15	83.33333333333333	0.14683322603285656	0.11246800291878375	FALSE	0.795433492144017	0.980179166504932	-0.0772445839989691	0.4472331687823	1.0	0.0692083683733033
E08_bin.90	H05_bin.38	d__Bacteria;p__Bacteroidota;c__Bacteroidia;o__Bacteroidales;f__Tannerellaceae;g__Parabacteroides;s__Parabacteroides distasonis	Parabacteroides distasonis	95.09	0.77	FALSE	TRUE	Predicted anaerobe	0.012687812542553191	0.010986387894444444	31	65.95744680851064	11	61.111111111111114	0.2075502812109737	0.13689486633064224	FALSE	0.817785189519478	0.983217763396128	0.0812952254167779	0.882016498522982	1.0	-0.00221961362590705
E08_bin.94	B04_bin.18	d__Bacteria;p__Bacteroidota;c__Bacteroidia;o__Bacteroidales;f__Rikenellaceae;g__Alistipes;s__Alistipes onderdonkii	Alistipes onderdonkii	87.29	1.71	FALSE	TRUE	Predicted anaerobe	0.12649776065957447	0.071847342	40	85.1063829787234	15	83.33333333333333	0.8160184140171519	0.694483756610342	FALSE	0.331646733754961	0.829841389701096	-0.406674799846131	0.473308737208139	1.0	-0.0921387036830233
E08_bin.95	F03_bin.13	d__Bacteria;p__Bacteroidota;c__Bacteroidia;o__Bacteroidales;f__Rikenellaceae;g__Alistipes;s__Alistipes finegoldii	Alistipes finegoldii	94.12	8.36	FALSE	TRUE	Predicted anaerobe	0.07733012211489362	0.0457680852	36	76.59574468085107	13	72.22222222222223	0.7565599230531657	0.579492707019446	FALSE	0.955378958671484	0.99690442516441	0.0181241197431457	0.681929721453683	1.0	-0.0286213400894351
F01_bin.12	C03_bin.49	d__Bacteria;p__Actinomycetota;c__Actinomycetes;o__Actinomycetales;f__Bifidobacteriaceae;g__Bifidobacterium;s__Bifidobacterium longum	Bifidobacterium longum	93.43	0.12	FALSE	TRUE	Predicted anaerobe	0.027776592470212764	0.013409420544444444	41	87.23404255319149	12	66.66666666666667	1.0500665478038724	0.916015499148059	FALSE	0.343894970902495	0.831898310564131	-0.296729913724636	0.15489933649686	1.0	-0.167829866955505
F01_bin.15	C02_bin.89	d__Bacteria;p__Bacillota;c__Clostridia;o__Oscillospirales;f__Acutalibacteraceae;g__Hominenteromicrobium;s__Hominenteromicrobium mulieris	Hominenteromicrobium mulieris	98.66	0	FALSE	TRUE	Predicted anaerobe	0.01783470565531915	0.011589642755555556	32	68.08510638297872	11	61.111111111111114	0.6214157305473145	0.42309156122370345	FALSE	0.19373653995588	0.70862235301915	-0.434494749154886	0.460742435834567	1.0	-0.073194311351225
F01_bin.18	F01_bin.18	d__Bacteria;p__Bacteroidota;c__Bacteroidia;o__Bacteroidales;f__Bacteroidaceae;g__Bacteroides;s__Bacteroides caccae	Bacteroides caccae	86.94	6.15	FALSE	TRUE	Predicted anaerobe	0.20242860270212767	0.13150713633333333	32	68.08510638297872	14	77.77777777777777	0.6222336304427301	0.42364842923760343	FALSE	0.899577480037433	0.988426013077921	-0.0485806114310384	0.256543074236035	0.998952499245587	0.109002596572889
F01_bin.19	D02_bin.11	d__Bacteria;p__Bacteroidota;c__Bacteroidia;o__Bacteroidales;f__Bacteroidaceae;g__Phocaeicola;s__Phocaeicola vulgatus	Phocaeicola vulgatus	94.13	0.6	FALSE	TRUE	Predicted anaerobe	0.25526330974468087	0.29424948116666666	46	97.87234042553192	17	94.44444444444444	-0.2050461964880225	-0.20068351145636243	FALSE	0.802906240304016	0.981610702671717	0.106737619248041	0.708719342251705	1.0	0.0540459000195882
F01_bin.20	B09_bin.61	d__Bacteria;p__Bacillota;c__Clostridia;o__Oscillospirales;f__Ruminococcaceae;g__Hominimerdicola;s__Hominimerdicola aceti	Hominimerdicola aceti	96.34	0.68	FALSE	TRUE	Predicted anaerobe	0.018061672276595744	0.009144178627777777	26	55.319148936170215	10	55.55555555555556	0.981227664319868	0.542806793028012	FALSE	0.333261910886227	0.829841389701096	-0.356823578369474	0.798460948946546	1.0	0.0143824509027489
F01_bin.21	H05_bin.27	d__Bacteria;p__Actinomycetota;c__Coriobacteriia;o__Coriobacteriales;f__Coriobacteriaceae;g__Collinsella;s__	Collinsella	99.19	2	FALSE	TRUE	Predicted anaerobe	0.023083779278723404	0.004289519	22	46.808510638297875	4	22.22222222222222	2.4252571129732314	1.1352267337321509	FALSE	0.324675600251187	0.827038993189985	-0.354803199156689	0.106380862282283	1.0	-0.309441808336792
F01_bin.28	F03_bin.40	d__Bacteria;p__Bacillota;c__Clostridia;o__Lachnospirales;f__Lachnospiraceae;g__Blautia_A;s__Blautia_A wexlerae	Blautia A wexlerae	93.04	5.14	FALSE	TRUE	Predicted anaerobe	0.05664768205531915	0.04730579488888889	45	95.74468085106383	18	100.0	0.2599497179626715	0.2488880278366004	FALSE	0.69159989953026	0.962481766538651	0.134689093073253	0.100670181755192	0.885317688777276	0.266408024608376
F01_bin.33	C04_bin.103	d__Bacteria;p__Bacillota;c__Clostridia;o__Oscillospirales;f__Acutalibacteraceae;g__CAG-177;s__CAG-177 sp003514385	CAG-177 sp003514385	93.96	0.34	FALSE	TRUE	Predicted anaerobe	0.012993858968085106	0.014921559055555556	13	27.659574468085108	3	16.666666666666668	-0.1994249954637994	-0.055160105128284946	FALSE	0.0711403361661405	0.518849370364329	0.754650583077069	0.616867878354395	1.0	-0.0587592169099607
F01_bin.37	H05_bin.43	d__Bacteria;p__Bacillota;c__Clostridia;o__Lachnospirales;f__Lachnospiraceae;g__Roseburia;s__Roseburia rectalis	Roseburia rectalis	87.52	0.1	FALSE	TRUE	Predicted anaerobe	0.03208969205106383	0.01816748076111111	33	70.2127659574468	11	61.111111111111114	0.8204071883470824	0.5760305790522068	FALSE	0.695606901013592	0.962481766538651	0.139526702798675	0.678122694528206	1.0	-0.0353270211820011
F01_bin.40	H05_bin.38	d__Bacteria;p__Bacteroidota;c__Bacteroidia;o__Bacteroidales;f__Tannerellaceae;g__Parabacteroides;s__Parabacteroides distasonis	Parabacteroides distasonis	93.4	2.69	FALSE	TRUE	Predicted anaerobe	0.015433985078723404	0.00921648068888889	37	78.72340425531915	12	66.66666666666667	0.7431927033225421	0.5850665962326395	FALSE	0.374826477451566	0.839386167024592	-0.291164487621318	0.271310399342593	1.0	-0.120998968361628
F01_bin.44	F01_bin.44	d__Bacteria;p__Bacillota;c__Clostridia;o__Lachnospirales;f__Lachnospiraceae;g__Roseburia;s__Roseburia intestinalis	Roseburia intestinalis	92.27	0.6	FALSE	TRUE	Predicted anaerobe	0.09771804910638297	0.06799206075	27	57.4468085106383	11	61.111111111111114	0.5231942253870043	0.30055838479678976	FALSE	0.509011526609136	0.914731164555467	-0.253475941393564	0.710652279834691	1.0	0.0622135292651283
F01_bin.45	F01_bin.45	d__Bacteria;p__Bacillota;c__Clostridia;o__Monoglobales;f__Monoglobaceae;g__UMGS1820;s__UMGS1820 sp900545865	UMGS1820 sp900545865	89.15	0	FALSE	TRUE	Predicted anaerobe	0.014155580887234042	0.0027923205555555556	13	27.659574468085108	1	5.555555555555555	2.337695864216937	0.6465967284004295	FALSE	0.0126625668290837	0.200392144433322	1.19221814638069	0.173879060119824	1.0	-0.260779076983971
F01_bin.49	C05_bin.117	d__Bacteria;p__Bacillota;c__Clostridia;o__Lachnospirales;f__Lachnospiraceae;g__Gallintestinimicrobium;s__Gallintestinimicrobium propionicum	Gallintestinimicrobium propionicum	97.41	1.39	FALSE	TRUE	Predicted anaerobe	0.024943231029787235	0.02307666922222222	33	70.2127659574468	13	72.22222222222223	0.11216658623930968	0.07875526267866424	FALSE	0.836314203660704	0.983217763396128	0.0728552299192734	0.360207164137469	1.0	0.0937092474965343
F01_bin.50	F07_bin.93	d__Bacteria;p__Bacillota;c__Clostridia;o__Oscillospirales;f__Acutalibacteraceae;g__Pseudoruminococcus;s__Pseudoruminococcus massiliensis	Pseudoruminococcus massiliensis	95.3	0.34	FALSE	TRUE	Predicted anaerobe	0.026675097468085107	0.0002719223111111111	11	23.404255319148938	1	5.555555555555555	6.564592814412577	1.5363940629476243	FALSE	0.0760309256061274	0.523553926500856	-0.769281054737223	0.139404802335673	1.0	-0.191665993716399
F01_bin.53	F06_bin.75	d__Bacteria;p__Bacillota;c__Clostridia;o__Oscillospirales;f__Oscillospiraceae;g__Hominicoprocola;s__Hominicoprocola fusiformis	Hominicoprocola fusiformis	97.32	0	FALSE	TRUE	Predicted anaerobe	0.050546492382978724	0.032241200722222224	34	72.34042553191489	14	77.77777777777777	0.6485434990685612	0.4691591269857677	FALSE	0.837391526785273	0.983217763396128	-0.0741296955608446	0.0827950843041475	0.869779180764751	0.177707154717468
F01_bin.54	D08_bin.97	d__Bacteria;p__Bacteroidota;c__Bacteroidia;o__Bacteroidales;f__Tannerellaceae;g__Parabacteroides;s__Parabacteroides merdae	Parabacteroides merdae	80.34	1.72	FALSE	TRUE	Predicted anaerobe	0.020457742744680853	0.03007059877777778	30	63.829787234042556	11	61.111111111111114	-0.5554812796671373	-0.35456251893647067	FALSE	0.993245586241908	1	0.00294079233755004	0.782451620491681	1.0	0.010940100410533
F01_bin.56	H06_bin.61	d__Bacteria;p__Bacillota;c__Clostridia;o__Lachnospirales;f__Lachnospiraceae;g__Fusicatenibacter;s__Fusicatenibacter saccharivorans	Fusicatenibacter saccharivorans	84.96	1.9	FALSE	TRUE	Predicted anaerobe	0.021289374687234044	0.025661087022222223	43	91.48936170212765	17	94.44444444444444	-0.26933331096254187	-0.24641132705083618	FALSE	0.666235959498716	0.951283547365845	0.130345818657317	0.137348919835144	0.948598849493031	0.215941222123619
F01_bin.6	E06_bin.85	d__Bacteria;p__Bacteroidota;c__Bacteroidia;o__Bacteroidales;f__Rikenellaceae;g__Alistipes;s__Alistipes shahii	Alistipes shahii	97.12	0.32	FALSE	TRUE	Predicted anaerobe	0.08977646796382979	0.03885120711111111	36	76.59574468085107	10	55.55555555555556	1.2081673129052044	0.9254047503103693	FALSE	0.781938438691793	0.974712528751968	-0.0925843878889374	0.0630497995183128	1.0	-0.193270585183861
F01_bin.61	F03_bin.13	d__Bacteria;p__Bacteroidota;c__Bacteroidia;o__Bacteroidales;f__Rikenellaceae;g__Alistipes;s__Alistipes finegoldii	Alistipes finegoldii	95.03	0	FALSE	TRUE	Predicted anaerobe	0.10803571941489361	0.04621502480555555	37	78.72340425531915	13	72.22222222222223	1.2248959173095026	0.9642797646904595	FALSE	0.629430396580833	0.943026319703049	-0.163472364632484	0.533636382432519	1.0	-0.052938326912073
F01_bin.63	H04_bin.57	d__Bacteria;p__Bacillota;c__Clostridia;o__Oscillospirales;f__Ruminococcaceae;g__Gemmiger;s__Gemmiger formicilis	Gemmiger formicilis	89.64	2.11	FALSE	TRUE	Predicted anaerobe	0.018844235678723405	0.016159634222222222	38	80.85106382978724	14	77.77777777777777	0.22160162348427775	0.17916727005111818	FALSE	0.668787645785886	0.951283547365845	0.131750207473808	0.38845477073809	1.0	0.114248961007619
F01_bin.68	A05_bin.109	d__Bacteria;p__Bacteroidota;c__Bacteroidia;o__Bacteroidales;f__Bacteroidaceae;g__Bacteroides;s__Bacteroides sp900755095	Bacteroides sp900755095	89.66	3.9	FALSE	TRUE	Predicted anaerobe	0.18800801671702128	0.13976146150000002	45	95.74468085106383	16	88.88888888888889	0.4278010922492635	0.4095967904514225	FALSE	0.393770727093096	0.85589774177448	0.336337045513118	0.681241518454241	1.0	0.0886370907808245
F01_bin.9	G07_bin.85	d__Bacteria;p__Bacillota;c__Clostridia;o__Christensenellales;f__Aristaeellaceae;g__UBA11524;s__UBA11524 sp000437595	UBA11524 sp000437595	99.3	1.17	FALSE	TRUE	Predicted anaerobe	0.032573829814893616	0.013232179611111112	20	42.5531914893617	7	38.888888888888886	1.2990155806216872	0.5527725874985903	FALSE	0.25456053441113	0.787792906488093	-0.421870453877888	0.704603462413443	1.0	-0.0468594978719434
F02_bin.17	E06_bin.85	d__Bacteria;p__Bacteroidota;c__Bacteroidia;o__Bacteroidales;f__Rikenellaceae;g__Alistipes;s__Alistipes shahii	Alistipes shahii	87.45	2.4	FALSE	TRUE	Predicted anaerobe	0.08270980222340425	0.031017583777777778	36	76.59574468085107	9	50.0	1.4146813825560558	1.0835857398301705	FALSE	0.880405803421811	0.984846414163431	-0.0503772636368877	0.0371395604275535	1.0	-0.246537366809979
F02_bin.18	F03_bin.13	d__Bacteria;p__Bacteroidota;c__Bacteroidia;o__Bacteroidales;f__Rikenellaceae;g__Alistipes;s__Alistipes finegoldii	Alistipes finegoldii	92.87	0	FALSE	TRUE	Predicted anaerobe	0.048624177836170214	0.07885471055555555	34	72.34042553191489	13	72.22222222222223	-0.6974093554203342	-0.5045088954104546	FALSE	0.686116108777301	0.958298854207417	-0.159474484005243	0.653163538374388	1.0	-0.0635065304809107
F02_bin.19	C02_bin.89	d__Bacteria;p__Bacillota;c__Clostridia;o__Oscillospirales;f__Acutalibacteraceae;g__Hominenteromicrobium;s__Hominenteromicrobium mulieris	Hominenteromicrobium mulieris	87.92	0	FALSE	TRUE	Predicted anaerobe	0.01614400320638298	0.011366052483333333	32	68.08510638297872	11	61.111111111111114	0.5058917049351983	0.3444369054877946	FALSE	0.092445931409613	0.55343052540839	-0.593071179636463	0.564871240754249	1.0	-0.118529685735632
F02_bin.2	A08_bin.91	d__Bacteria;p__Bacillota;c__Clostridia;o__Lachnospirales;f__Lachnospiraceae;g__Anaerostipes;s__Anaerostipes amylophilus	Anaerostipes amylophilus	80.23	3.24	FALSE	TRUE	Predicted anaerobe	0.014452162008510638	0.012106336161111111	26	55.319148936170215	11	61.111111111111114	0.2553297322849544	0.14124623488103863	FALSE	0.287678141269317	0.809039733623089	-0.381458241263279	0.677383444793757	1.0	0.0541425409806955
F02_bin.22	F03_bin.1	d__Bacteria;p__Bacillota;c__Clostridia;o__Lachnospirales;f__Lachnospiraceae;g__Acetatifactor;s__Acetatifactor acetigignens	Acetatifactor acetigignens	96.62	3.38	FALSE	TRUE	Predicted anaerobe	0.021833362604255318	0.04916946146666667	30	63.829787234042556	16	88.88888888888889	-1.1708609727015549	-0.7473580676818435	FALSE	0.440158020552755	0.879326921958201	0.317243989983694	0.00465148972747856	0.518731935128513	0.414594371937792
F02_bin.27	B04_bin.18	d__Bacteria;p__Bacteroidota;c__Bacteroidia;o__Bacteroidales;f__Rikenellaceae;g__Alistipes;s__Alistipes onderdonkii	Alistipes onderdonkii	91.61	1.44	FALSE	TRUE	Predicted anaerobe	0.16796214542765958	0.08016225870555556	41	87.23404255319149	15	83.33333333333333	1.0670469876623352	0.9308282232799094	FALSE	0.297442471419964	0.813619560284147	-0.471552719476822	0.446611153763361	1.0	-0.112941598370758
F02_bin.28	G07_bin.107	d__Bacteria;p__Bacillota;c__Clostridia;o__Lachnospirales;f__Lachnospiraceae;g__Roseburia;s__Roseburia faecis	Roseburia faecis	98.31	4.43	FALSE	TRUE	Predicted anaerobe	0.035283790308510636	0.05563257505555556	32	68.08510638297872	13	72.22222222222223	-0.6567748133163469	-0.4471658303430447	FALSE	0.678008341221805	0.954472550033546	0.133146964277348	0.233020024097827	0.992443657912552	0.123694054461112
F02_bin.29	F02_bin.29	d__Bacteria;p__Bacillota;c__Clostridia;o__Oscillospirales;f__Oscillospiraceae;g__Vescimonas;s__Vescimonas cirricatena	Vescimonas cirricatena	89.6	2.2	FALSE	TRUE	Predicted anaerobe	0.034590322719148935	0.00750725915	21	44.680851063829785	7	38.888888888888886	2.202506848746444	0.9840988047590493	FALSE	0.0163188437343642	0.235893529753655	-1.00025166250563	0.640151314646639	1.0	-0.0766356386096969
F02_bin.30	A04_bin.93	d__Bacteria;p__Bacillota;c__Clostridia;o__Oscillospirales;f__Ruminococcaceae;g__Gemmiger;s__Gemmiger qucibialis	Gemmiger qucibialis	95.96	1.36	FALSE	TRUE	Predicted anaerobe	0.02023579360212766	0.011640560411111112	35	74.46808510638297	14	77.77777777777777	0.7972228428660075	0.5936765851129843	FALSE	0.135369135799213	0.624767050010809	-0.498037969173685	0.643839955933158	1.0	0.0671616074755027
F02_bin.31	F02_bin.31	d__Bacteria;p__Verrucomicrobiota;c__Verrucomicrobiia;o__Verrucomicrobiales;f__Akkermansiaceae;g__Akkermansia;s__Akkermansia massiliensis	Akkermansia massiliensis	97.28	0	FALSE	TRUE	Predicted anaerobe	0.026563972936170212	0.012031502555555556	8	17.02127659574468	4	22.22222222222222	1.1419985089302924	0.19438272492430508	FALSE	0.00334382716777824	0.113327170164653	-1.77556820926167	0.694976548053355	0.987206205210974	0.0344425030432592
F02_bin.34	D01_bin.67	d__Bacteria;p__Actinomycetota;c__Coriobacteriia;o__Coriobacteriales;f__Coriobacteriaceae;g__Collinsella;s__Collinsella sp905215825	Collinsella sp905215825	98.39	1.61	FALSE	TRUE	Predicted anaerobe	0.025092386223404255	0.005177314888888889	31	65.95744680851064	6	33.333333333333336	2.274764658432667	1.5003766896045247	FALSE	0.134401046727978	0.623377262822132	-0.515562797541363	0.0340615718182901	1.0	-0.448543359712167
F02_bin.35	C05_bin.117	d__Bacteria;p__Bacillota;c__Clostridia;o__Lachnospirales;f__Lachnospiraceae;g__Gallintestinimicrobium;s__Gallintestinimicrobium propionicum	Gallintestinimicrobium propionicum	89.18	0.77	FALSE	TRUE	Predicted anaerobe	0.04081231806808511	0.016994981111111113	30	63.829787234042556	12	66.66666666666667	1.263400703649958	0.8064259810531647	FALSE	0.747029047264185	0.971644762115332	-0.112363844083711	0.474371870941203	1.0	0.11365741465563
F02_bin.36	A06_bin.107	d__Bacteria;p__Bacteroidota;c__Bacteroidia;o__Bacteroidales;f__Marinifilaceae;g__Odoribacter;s__Odoribacter splanchnicus	Odoribacter splanchnicus	99.46	0.54	FALSE	TRUE	Predicted anaerobe	0.01069796555106383	0.010457049844444444	36	76.59574468085107	15	83.33333333333333	0.03282952921385276	0.02514602237656807	FALSE	0.8940119731052	0.988426013077921	-0.040207868968829	0.427506900996448	1.0	0.0945649466217985
F02_bin.47	F06_bin.75	d__Bacteria;p__Bacillota;c__Clostridia;o__Oscillospirales;f__Oscillospiraceae;g__Hominicoprocola;s__Hominicoprocola fusiformis	Hominicoprocola fusiformis	98.66	1.57	FALSE	TRUE	Predicted anaerobe	0.061922830127659576	0.033962609	35	74.46808510638297	14	77.77777777777777	0.8663323566455993	0.6451411166509782	FALSE	0.731779602021954	0.968083431841543	-0.110294885566669	0.119197728444588	0.918093131905507	0.137603694936384
F02_bin.49	E07_bin.69	d__Bacteria;p__Bacillota;c__Clostridia;o__Oscillospirales;f__Oscillospiraceae;g__Oscillibacter;s__Oscillibacter welbionis	Oscillibacter welbionis	82.02	7.52	FALSE	TRUE	Predicted anaerobe	0.021045412527659575	0.023853333566666666	41	87.23404255319149	13	72.22222222222223	-0.1806044513304815	-0.15754856392659025	FALSE	0.635116253016359	0.946460869698857	0.180694999830349	0.499685527896546	1.0	-0.0289580322833637
F02_bin.50	B02_bin.41	d__Bacteria;p__Bacillota;c__Clostridia;o__Lachnospirales;f__Lachnospiraceae;g__Dorea_A;s__Dorea_A longicatena	Dorea A longicatena	85.3	4.58	FALSE	TRUE	Predicted anaerobe	0.025187306317021277	0.042619431094444445	42	89.36170212765957	18	100.0	-0.7585802894682753	-0.6778802586737779	FALSE	0.876671011174611	0.984846414163431	0.0528119970981606	0.0129499732571651	0.718046834350622	0.263588772264677
F02_bin.51	D05_bin.15	d__Bacteria;p__Bacteroidota;c__Bacteroidia;o__Bacteroidales;f__Coprobacteraceae;g__Coprobacter;s__Coprobacter fastidiosus	Coprobacter fastidiosus	84.25	1.29	FALSE	TRUE	Predicted anaerobe	0.008361242672340426	0.006022547499999999	18	38.297872340425535	3	16.666666666666668	0.47267442989366526	0.1810242497465101	FALSE	0.0135085359997633	0.210685763224379	0.985079250653756	0.296578490269242	1.0	-0.224281731133023
F02_bin.56	B03_bin.77	d__Bacteria;p__Bacillota;c__Clostridia;o__Oscillospirales;f__Ruminococcaceae;g__Faecalibacterium;s__Faecalibacterium duncaniae	Faecalibacterium duncaniae	93.27	9.19	FALSE	TRUE	Predicted anaerobe	0.12094593342553192	0.1159647375	40	85.1063829787234	17	94.44444444444444	0.060670960889545045	0.0516348603315277	FALSE	0.93755779962369	0.99690442516441	-0.0293739214410345	0.103836188254753	0.891690071279821	0.216078437260705
F02_bin.57	E03_bin.39	d__Bacteria;p__Bacillota;c__Clostridia;o__Oscillospirales;f__Oscillospiraceae;g__CAG-170;s__CAG-170 sp900549635	CAG-170 sp900549635	90.93	9.92	FALSE	TRUE	Predicted anaerobe	0.02961668024468085	0.014099924872222223	31	65.95744680851064	9	50.0	1.0701866708195653	0.7058678041575855	FALSE	0.331997500395094	0.829841389701096	-0.328291800114617	0.341916380448245	1.0	-0.101693397106995
F02_bin.58	E03_bin.16	d__Bacteria;p__Pseudomonadota;c__Alphaproteobacteria;o__RF32;f__CAG-239;g__Scatocola;s__Scatocola faecipullorum	Scatocola faecipullorum	96.77	0	FALSE	TRUE	Predicted anaerobe	0.08238480446170213	0.021876782	11	23.404255319148938	2	11.11111111111111	1.9124935172432191	0.4476048657377747	FALSE	0.00154247104567708	0.0806621623298192	-1.84354078921004	0.416428593871903	0.998583611879582	-0.0736667751157847
F02_bin.63	F02_bin.63	d__Bacteria;p__Actinomycetota;c__Actinomycetes;o__Actinomycetales;f__Bifidobacteriaceae;g__Bifidobacterium;s__Bifidobacterium bifidum	Bifidobacterium bifidum	94.07	1.15	FALSE	TRUE	Predicted anaerobe	0.02003273130851064	0.0037277397666666667	14	29.78723404255319	4	22.22222222222222	2.4228410914650986	0.7216973463938592	FALSE	0.0043040557883159	0.127953578164549	-1.28455568154841	0.557522088176585	1.0	-0.0679415950230398
F02_bin.65	F02_bin.65	d__Bacteria;p__Bacillota;c__Clostridia;o__Lachnospirales;f__Lachnospiraceae;g__Blautia_A;s__Blautia_A sp900066335	Blautia A sp900066335	90.08	3.01	FALSE	TRUE	Predicted anaerobe	0.0422148873893617	0.11621304083333334	41	87.23404255319149	16	88.88888888888889	-1.4607306260313435	-1.2742543758996827	FALSE	0.235233575732028	0.764231036679804	0.488323848741332	0.0585495366461824	0.847249196928551	0.225088873692175
F02_bin.66	F02_bin.66	d__Bacteria;p__Bacteroidota;c__Bacteroidia;o__Bacteroidales;f__Rikenellaceae;g__Tidjanibacter;s__Tidjanibacter inops	Tidjanibacter inops	99.52	0	FALSE	TRUE	Predicted anaerobe	0.027152024419148935	0.030349109277777776	22	46.808510638297875	7	38.888888888888886	-0.1605384539402506	-0.07514565929118114	FALSE	0.0212479221441973	0.276766917016437	0.873080901262603	0.837087255923995	1.0	-0.0058486057288169
F02_bin.67	F08_bin.12	d__Bacteria;p__Bacteroidota;c__Bacteroidia;o__Bacteroidales;f__Rikenellaceae;g__Alistipes_A;s__Alistipes_A hominis	Alistipes A hominis	94.86	1.36	FALSE	TRUE	Predicted anaerobe	0.009068264008510638	0.01852714357222222	19	40.42553191489362	5	27.77777777777778	-1.0299306035786495	-0.4163549248509434	FALSE	0.119399424921531	0.602133567284286	0.637734191914935	0.469293674135088	1.0	-0.153525349351483
F02_bin.7	H02_bin.18	d__Bacteria;p__Actinomycetota;c__Actinomycetes;o__Actinomycetales;f__Bifidobacteriaceae;g__Bifidobacterium;s__Bifidobacterium adolescentis	Bifidobacterium adolescentis	95.24	5.42	FALSE	TRUE	Predicted anaerobe	0.14628627968297872	0.09326474177777777	39	82.97872340425532	12	66.66666666666667	0.649334715985398	0.5388096579453303	FALSE	0.516594228011724	0.919212588580954	-0.255755850776681	0.295875312061191	1.0	-0.0872806261705765
F02_bin.70	B09_bin.93	d__Bacteria;p__Bacillota;c__Clostridia;o__Oscillospirales;f__Oscillospiraceae;g__CAG-103;s__CAG-103 sp000432375	CAG-103 sp000432375	91.28	0	FALSE	TRUE	Predicted anaerobe	0.011721305819148936	0.011814586277777778	21	44.680851063829785	8	44.44444444444444	-0.011426097382951209	-0.005105277554084582	FALSE	0.670706917385151	0.95248953603099	0.154850914896355	0.701921883308651	1.0	0.0645060096363262
F02_bin.71	H02_bin.41	d__Bacteria;p__Bacillota;c__Clostridia;o__Oscillospirales;f__Ruminococcaceae;g__Ruminococcus_C;s__Ruminococcus_C callidus	Ruminococcus C callidus	85.48	0	FALSE	TRUE	Predicted anaerobe	0.01641891049787234	0.0	11	23.404255319148938	0	0.0	10.682021094138513	2.5000474901175243	TRUE				0.0676784521965576	0.995006020087489	-0.213249305385949
F02_bin.72	H04_bin.57	d__Bacteria;p__Bacillota;c__Clostridia;o__Oscillospirales;f__Ruminococcaceae;g__Gemmiger;s__Gemmiger formicilis	Gemmiger formicilis	85.49	2.83	FALSE	TRUE	Predicted anaerobe	0.016691716127659576	0.01884880052777778	37	78.72340425531915	13	72.22222222222223	-0.17524157000408647	-0.1379561295776851	FALSE	0.259265693313328	0.787792906488093	0.365115819501047	0.441007412812129	1.0	0.0855118385196539
F02_bin.74	H06_bin.61	d__Bacteria;p__Bacillota;c__Clostridia;o__Lachnospirales;f__Lachnospiraceae;g__Fusicatenibacter;s__Fusicatenibacter saccharivorans	Fusicatenibacter saccharivorans	90.99	3.15	FALSE	TRUE	Predicted anaerobe	0.022036370593617023	0.026671324611111113	43	91.48936170212765	17	94.44444444444444	-0.27528912162268243	-0.2518602602079861	FALSE	0.788332026945636	0.97725589810926	0.078629245145111	0.100054736284747	0.884292662093637	0.221341156273159
F02_bin.78	C02_bin.32	d__Bacteria;p__Bacillota;c__Clostridia;o__Lachnospirales;f__Lachnospiraceae;g__Coprococcus_C;s__Coprococcus_C hominis	Coprococcus C hominis	98.66	0.67	FALSE	TRUE	Predicted anaerobe	0.01554765759574468	0.01710682711111111	11	23.404255319148938	9	50.0	-0.13779043848475195	-0.0322488260283462	FALSE	0.234628675665231	0.764231036679804	-0.46225217131432	0.10137972003762	0.87427957790624	0.323390425736445
F02_bin.80	E06_bin.63	d__Bacteria;p__Bacillota;c__Clostridia;o__Lachnospirales;f__Lachnospiraceae;g__Eubacterium_F;s__Eubacterium_F sp003491505	Eubacterium F sp003491505	90.25	0	FALSE	TRUE	Predicted anaerobe	0.01519714004468085	0.012261173555555555	30	63.829787234042556	8	44.44444444444444	0.30947562784375915	0.19753763479388883	FALSE	0.735709129017108	0.968956171401791	0.116234019347098	0.369449770623181	1.0	-0.14046309003231
F02_bin.81	F05_bin.48	d__Bacteria;p__Pseudomonadota;c__Gammaproteobacteria;o__Burkholderiales;f__Burkholderiaceae_F;g__Sutterella;s__Sutterella wadsworthensis	Sutterella wadsworthensis	83.1	2.59	FALSE	TRUE	Predicted anaerobe	0.016429675925531916	0.027152378722222224	20	42.5531914893617	6	33.333333333333336	-0.7244279683783872	-0.30826722058654776	FALSE	0.0462775289887564	0.413474605738738	0.754963288367319	0.793994593730762	1.0	-0.0219051844633308
F02_bin.82	B08_bin.66	d__Bacteria;p__Bacteroidota;c__Bacteroidia;o__Bacteroidales;f__Rikenellaceae;g__Alistipes;s__Alistipes communis	Alistipes communis	88.7	0	FALSE	TRUE	Predicted anaerobe	0.04416189594893617	0.022580030733333332	29	61.702127659574465	11	61.111111111111114	0.9674425236624695	0.5969326209832259	FALSE	0.45623074393829	0.885565788998121	-0.265883375415957	0.859693319133627	1.0	-0.00846582826366474
F02_bin.85	D08_bin.21	d__Bacteria;p__Bacteroidota;c__Bacteroidia;o__Bacteroidales;f__Rikenellaceae;g__Alistipes;s__Alistipes putredinis	Alistipes putredinis	84.7	0.96	FALSE	TRUE	Predicted anaerobe	0.14791915232340425	0.15561888138888888	37	78.72340425531915	15	83.33333333333333	-0.07320342684732432	-0.05762822964576596	FALSE	0.351641202687555	0.834470369140725	0.337867919131122	0.242893024982744	1.0	0.130636794333231
F02_bin.88	B09_bin.61	d__Bacteria;p__Bacillota;c__Clostridia;o__Oscillospirales;f__Ruminococcaceae;g__Hominimerdicola;s__Hominimerdicola aceti	Hominimerdicola aceti	97.95	0	FALSE	TRUE	Predicted anaerobe	0.013448636061702128	0.009734062944444444	28	59.57446808510638	9	50.0	0.4659368524693303	0.2775794014710904	FALSE	0.92510582265495	0.996153363714411	0.035596079409667	0.707532057601088	1.0	-0.0434436313316153
F02_bin.96	A07_bin.65	d__Bacteria;p__Bacteroidota;c__Bacteroidia;o__Bacteroidales;f__Barnesiellaceae;g__Barnesiella;s__Barnesiella intestinihominis	Barnesiella intestinihominis	94.34	0.38	FALSE	TRUE	Predicted anaerobe	0.09434324061702128	0.045371881055555556	32	68.08510638297872	12	66.66666666666667	1.055955659663673	0.7189485342390964	FALSE	0.173606184406143	0.685005582842001	-0.521054847198283	0.785546274246939	1.0	-0.042776260915832
F03_bin.1	F03_bin.1	d__Bacteria;p__Bacillota;c__Clostridia;o__Lachnospirales;f__Lachnospiraceae;g__Acetatifactor;s__Acetatifactor acetigignens	Acetatifactor acetigignens	98.07	2.42	FALSE	TRUE	Predicted anaerobe	0.01808900420425532	0.07103011812777778	30	63.829787234042556	16	88.88888888888889	-1.9727236573245293	-1.25918531318587	FALSE	0.409044940968589	0.856335508584847	0.370650144796063	0.00564369284743275	0.558582448104043	0.429501696741341
F03_bin.10	C03_bin.49	d__Bacteria;p__Actinomycetota;c__Actinomycetes;o__Actinomycetales;f__Bifidobacteriaceae;g__Bifidobacterium;s__Bifidobacterium longum	Bifidobacterium longum	100	0.46	FALSE	TRUE	Predicted anaerobe	0.025206403931914895	0.023542645027777778	42	89.36170212765957	12	66.66666666666667	0.09847346245490894	0.08799756219374841	FALSE	0.861242489491438	0.984846414163431	-0.0591812721610363	0.17553428495609	1.0	-0.178582594902733
F03_bin.11	B01_bin.9	d__Bacteria;p__Verrucomicrobiota;c__Verrucomicrobiia;o__Verrucomicrobiales;f__Akkermansiaceae;g__Akkermansia;s__Akkermansia muciniphila	Akkermansia muciniphila	97.96	0	FALSE	TRUE	Predicted anaerobe	0.029523943534042554	0.045878639872222224	19	40.42553191489362	7	38.888888888888886	-0.635763040380163	-0.25701059079198074	FALSE	0.810036731411056	0.982431997577665	-0.105626389747671	0.857270245755633	1.0	0.0187255283189787
F03_bin.12	H06_bin.61	d__Bacteria;p__Bacillota;c__Clostridia;o__Lachnospirales;f__Lachnospiraceae;g__Fusicatenibacter;s__Fusicatenibacter saccharivorans	Fusicatenibacter saccharivorans	87.97	1.27	FALSE	TRUE	Predicted anaerobe	0.02107596024468085	0.033615471055555554	43	91.48936170212765	17	94.44444444444444	-0.6732717556037271	-0.6159720317225589	FALSE	0.375847374025275	0.839386167024592	0.273822969107124	0.0682337745604726	0.854576602687871	0.259704750152753
F03_bin.13	F03_bin.13	d__Bacteria;p__Bacteroidota;c__Bacteroidia;o__Bacteroidales;f__Rikenellaceae;g__Alistipes;s__Alistipes finegoldii	Alistipes finegoldii	100	0	FALSE	TRUE	Predicted anaerobe	0.04053252957234042	0.47084941327777774	31	65.95744680851064	13	72.22222222222223	-3.537788360969751	-2.333434876384304	FALSE	0.778327652519514	0.973995429764571	0.130977401285542	0.607669786520496	1.0	-0.00905860760399962
F03_bin.14	C08_bin.28	d__Bacteria;p__Bacillota;c__Clostridia;o__Oscillospirales;f__Ruminococcaceae;g__Faecalibacterium;s__Faecalibacterium butyricigenerans	Faecalibacterium butyricigenerans	80.22	8.24	FALSE	TRUE	Predicted anaerobe	0.028083745178723404	0.054273125	34	72.34042553191489	11	61.111111111111114	-0.9502548139473375	-0.6874183760470102	FALSE	0.0865003276461639	0.536188191314732	0.664841681759026	0.707817752430421	1.0	0.0454381112927774
F03_bin.15	D01_bin.64	d__Bacteria;p__Bacteroidota;c__Bacteroidia;o__Bacteroidales;f__Bacteroidaceae;g__Bacteroides;s__Bacteroides uniformis	Bacteroides uniformis	91.05	0	FALSE	TRUE	Predicted anaerobe	0.12039018215531914	0.1562129403888889	45	95.74468085106383	18	100.0	-0.3757687452552734	-0.35977858588270856	FALSE	0.893142140418938	0.988426013077921	0.0532985551398676	0.194933171998404	1.0	0.15766309042288
F03_bin.21	H05_bin.38	d__Bacteria;p__Bacteroidota;c__Bacteroidia;o__Bacteroidales;f__Tannerellaceae;g__Parabacteroides;s__Parabacteroides distasonis	Parabacteroides distasonis	95.77	0	FALSE	TRUE	Predicted anaerobe	0.01472846955531915	0.029199012694444443	38	80.85106382978724	14	77.77777777777777	-0.986826871315875	-0.7978600236170904	FALSE	0.636119650894338	0.946460869698857	0.172002784584518	0.563625570728307	1.0	0.0568476682789686
F03_bin.22	F03_bin.22	d__Bacteria;p__Bacillota;c__Clostridia;o__Oscillospirales;f__Ruminococcaceae;g__Faecalibacterium;s__Faecalibacterium prausnitzii_I	Faecalibacterium prausnitzii I	98.64	6.66	FALSE	TRUE	Predicted anaerobe	0.11017061708510638	0.3116819408888889	35	74.46808510638297	14	77.77777777777777	-1.5002504050078227	-1.1172077484100806	FALSE	0.208760845928234	0.736494903547362	0.448147862091924	0.202263032568104	0.994009493489783	0.125235514616265
F03_bin.23	A09_bin.36	d__Bacteria;p__Bacillota;c__Clostridia;o__Oscillospirales;f__Oscillospiraceae;g__Oscillibacter;s__Oscillibacter segnis	Oscillibacter segnis	89.57	4.47	FALSE	TRUE	Predicted anaerobe	0.031089666670212766	0.0855527235	34	72.34042553191489	14	77.77777777777777	-1.4600832873981648	-1.0562304632242043	FALSE	0.639780466327625	0.94770537460665	0.166206293734723	0.188943348246699	0.98518071823931	0.135068449706395
F03_bin.25	C07_bin.89	d__Bacteria;p__Desulfobacterota;c__Desulfovibrionia;o__Desulfovibrionales;f__Desulfovibrionaceae;g__Bilophila;s__Bilophila wadsworthia	Bilophila wadsworthia	88.76	0.59	FALSE	TRUE	Predicted anaerobe	0.0076696703446808515	0.012986366916666667	24	51.06382978723404	10	55.55555555555556	-0.7589920912045491	-0.3875704295512591	FALSE	0.902258391015448	0.988426013077921	0.0448941627206048	0.669104158934259	1.0	0.065418589106254
F03_bin.26	E07_bin.69	d__Bacteria;p__Bacillota;c__Clostridia;o__Oscillospirales;f__Oscillospiraceae;g__Oscillibacter;s__Oscillibacter welbionis	Oscillibacter welbionis	84.9	2.01	FALSE	TRUE	Predicted anaerobe	0.02148192629787234	0.03310045901666667	41	87.23404255319149	13	72.22222222222223	-0.6234922154914768	-0.5438974645776713	FALSE	0.288948988068141	0.809039733623089	0.407881241469307	0.554864414180242	1.0	-0.0221921944202311
F03_bin.29	F03_bin.29	d__Bacteria;p__Bacteroidota;c__Bacteroidia;o__Bacteroidales;f__Bacteroidaceae;g__Bacteroides;s__Bacteroides cellulosilyticus	Bacteroides cellulosilyticus	93.72	0.19	FALSE	TRUE	Predicted anaerobe	0.05153914446808511	0.18594237527777777	27	57.4468085106383	9	50.0	-1.8509127871366189	-1.0632903245252918	FALSE	0.0443471046928022	0.408242021214566	0.874127531637349	0.764144450856405	1.0	0.0378013721830895
F03_bin.3	A06_bin.107	d__Bacteria;p__Bacteroidota;c__Bacteroidia;o__Bacteroidales;f__Marinifilaceae;g__Odoribacter;s__Odoribacter splanchnicus	Odoribacter splanchnicus	96.77	0.72	FALSE	TRUE	Predicted anaerobe	0.011603650744680852	0.0137158217	36	76.59574468085107	15	83.33333333333333	-0.24107096525557103	-0.18465010104682036	FALSE	0.899659228256818	0.988426013077921	0.038546602952393	0.365840704192991	1.0	0.082918869239339
F03_bin.34	F05_bin.48	d__Bacteria;p__Pseudomonadota;c__Gammaproteobacteria;o__Burkholderiales;f__Burkholderiaceae_F;g__Sutterella;s__Sutterella wadsworthensis	Sutterella wadsworthensis	90.68	0	FALSE	TRUE	Predicted anaerobe	0.007990435387234042	0.07510791183333333	16	34.04255319148936	6	33.333333333333336	-3.2310065394126477	-1.0999171198000504	FALSE	0.02467622950951	0.296448216675059	1.03686854399693	0.732216943440839	0.999270818357186	-0.00572787666414642
F03_bin.35	F03_bin.35	d__Bacteria;p__Actinomycetota;c__Coriobacteriia;o__Coriobacteriales;f__Coriobacteriaceae;g__Collinsella;s__	Collinsella	95.97	1.01	FALSE	TRUE	Predicted anaerobe	0.007429912738297872	0.020608122755555555	15	31.914893617021278	4	22.22222222222222	-1.470555378419662	-0.46932618460201986	FALSE	0.157812406828472	0.665824546740973	0.556729858119024	0.650716996861235	1.0	-0.0877855864546058
F03_bin.36	D08_bin.21	d__Bacteria;p__Bacteroidota;c__Bacteroidia;o__Bacteroidales;f__Rikenellaceae;g__Alistipes;s__Alistipes putredinis	Alistipes putredinis	98.08	0.96	FALSE	TRUE	Predicted anaerobe	0.16606156392553192	0.2979585931666667	37	78.72340425531915	15	83.33333333333333	-0.843355209177286	-0.6639179306289273	FALSE	0.207279109776068	0.736494903547362	0.469940293418003	0.231578174648373	0.999736892920829	0.13180712791099
F03_bin.40	F03_bin.40	d__Bacteria;p__Bacillota;c__Clostridia;o__Lachnospirales;f__Lachnospiraceae;g__Blautia_A;s__Blautia_A wexlerae	Blautia A wexlerae	99.37	2.25	FALSE	TRUE	Predicted anaerobe	0.03701581165957447	0.0587205145	45	95.74468085106383	18	100.0	-0.6655789145758781	-0.6372564075726493	FALSE	0.234516647193408	0.764231036679804	0.396784622742544	0.0351856648142617	0.825347692260414	0.320793078263816
F03_bin.41	F06_bin.75	d__Bacteria;p__Bacillota;c__Clostridia;o__Oscillospirales;f__Oscillospiraceae;g__Hominicoprocola;s__Hominicoprocola fusiformis	Hominicoprocola fusiformis	97.99	0.02	FALSE	TRUE	Predicted anaerobe	0.02353566930212766	0.04536502616666667	33	70.2127659574468	14	77.77777777777777	-0.9464367422390565	-0.6645194147635929	FALSE	0.738718023945062	0.970163121614811	0.12317877940162	0.183359863223544	0.979379622576581	0.120999813450402
F03_bin.42	D02_bin.11	d__Bacteria;p__Bacteroidota;c__Bacteroidia;o__Bacteroidales;f__Bacteroidaceae;g__Phocaeicola;s__Phocaeicola vulgatus	Phocaeicola vulgatus	97.74	3.17	FALSE	TRUE	Predicted anaerobe	0.1956231855744681	0.31744396807222225	43	91.48936170212765	17	94.44444444444444	-0.698396293511333	-0.6389583110848366	FALSE	0.398708333029005	0.856335508584847	0.383942530195866	0.468160490878746	1.0	0.101652805280526
F03_bin.47	G07_bin.107	d__Bacteria;p__Bacillota;c__Clostridia;o__Lachnospirales;f__Lachnospiraceae;g__Roseburia;s__Roseburia faecis	Roseburia faecis	96.62	3.83	FALSE	TRUE	Predicted anaerobe	0.01857289715319149	0.053490146777777775	28	59.57446808510638	11	61.111111111111114	-1.5255674079699943	-0.908848668577869	FALSE	0.0789430832798785	0.527337961563962	0.612189764288805	0.265887130749021	0.988987793029335	0.143165848628138
F03_bin.48	D08_bin.97	d__Bacteria;p__Bacteroidota;c__Bacteroidia;o__Bacteroidales;f__Tannerellaceae;g__Parabacteroides;s__Parabacteroides merdae	Parabacteroides merdae	99.23	7.69	FALSE	TRUE	Predicted anaerobe	0.022835896765957448	0.04097019694444445	30	63.829787234042556	14	77.77777777777777	-0.8429918442216201	-0.5380799005669916	FALSE	0.698081325822458	0.963021664355409	0.13098375334794	0.0941897350459844	0.883554245364777	0.160433313021213
F03_bin.51	H04_bin.57	d__Bacteria;p__Bacillota;c__Clostridia;o__Oscillospirales;f__Ruminococcaceae;g__Gemmiger;s__Gemmiger formicilis	Gemmiger formicilis	88.89	2.24	FALSE	TRUE	Predicted anaerobe	0.02202162940212766	0.03226591405555555	37	78.72340425531915	13	72.22222222222223	-0.5508817563439348	-0.433672872015438	FALSE	0.0664257504727259	0.492344204716806	0.646471901921168	0.388558376244713	1.0	0.110899378891972
F04_bin.12	F02_bin.66	d__Bacteria;p__Bacteroidota;c__Bacteroidia;o__Bacteroidales;f__Rikenellaceae;g__Tidjanibacter;s__Tidjanibacter inops	Tidjanibacter inops	93.75	0	FALSE	TRUE	Predicted anaerobe	0.023889944074468084	0.032371372555555555	23	48.93617021276596	8	44.44444444444444	-0.4381568964087514	-0.2144172046255592	FALSE	0.183683410997188	0.697839967420941	0.501676443480736	0.853960426920791	1.0	-0.00614949826963967
F04_bin.14	C03_bin.49	d__Bacteria;p__Actinomycetota;c__Actinomycetes;o__Actinomycetales;f__Bifidobacteriaceae;g__Bifidobacterium;s__Bifidobacterium longum	Bifidobacterium longum	97.96	1	FALSE	TRUE	Predicted anaerobe	0.029128895768085108	0.014763046	42	89.36170212765957	12	66.66666666666667	0.979978886087555	0.8757258130995172	FALSE	0.640128795123038	0.94770537460665	-0.147709762036086	0.141618190751385	1.0	-0.15137507788625
F04_bin.15	B05_bin.113	d__Bacteria;p__Actinomycetota;c__Coriobacteriia;o__Coriobacteriales;f__Eggerthellaceae;g__Ellagibacter;s__Ellagibacter isourolithinifaciens	Ellagibacter isourolithinifaciens	97.02	1.76	FALSE	TRUE	Predicted anaerobe	0.01799006819148936	0.001906775777777778	10	21.27659574468085	1	5.555555555555555	3.2312488848885903	0.6874997627422532	FALSE	0.0060636751802377	0.143749526272835	-1.58191025199322	0.269960120544289	1.0	-0.137412679420248
F04_bin.17	C02_bin.89	d__Bacteria;p__Bacillota;c__Clostridia;o__Oscillospirales;f__Acutalibacteraceae;g__Hominenteromicrobium;s__Hominenteromicrobium mulieris	Hominenteromicrobium mulieris	92.99	0	FALSE	TRUE	Predicted anaerobe	0.015226628163829787	0.05135503112777778	33	70.2127659574468	10	55.55555555555556	-1.7532428466505356	-1.2310002965844187	FALSE	0.404431028166028	0.856335508584847	0.350408050702526	0.642362633262999	1.0	-0.0543890744336944
F04_bin.21	F03_bin.1	d__Bacteria;p__Bacillota;c__Clostridia;o__Lachnospirales;f__Lachnospiraceae;g__Acetatifactor;s__Acetatifactor acetigignens	Acetatifactor acetigignens	95.56	2.58	FALSE	TRUE	Predicted anaerobe	0.020213086782978725	0.0455696985	33	70.2127659574468	17	94.44444444444444	-1.1723881594162213	-0.8231661544837299	FALSE	0.486351348022032	0.900238809691037	0.277078693541432	0.00110794981484836	0.360347671288045	0.473251890328843
F04_bin.23	B09_bin.61	d__Bacteria;p__Bacillota;c__Clostridia;o__Oscillospirales;f__Ruminococcaceae;g__Hominimerdicola;s__Hominimerdicola aceti	Hominimerdicola aceti	97.43	0.68	FALSE	TRUE	Predicted anaerobe	0.027161762414893615	0.01908845361111111	28	59.57446808510638	10	55.55555555555556	0.508652315735694	0.3030269115021156	FALSE	0.955625711635196	0.99690442516441	0.0230285889396974	0.792732443937415	1.0	0.0223156605198045
F04_bin.24	H03_bin.22	d__Bacteria;p__Bacillota;c__Clostridia;o__Oscillospirales;f__Oscillospiraceae;g__Faecousia;s__Faecousia sp000434635	Faecousia sp000434635	92.39	3.36	FALSE	TRUE	Predicted anaerobe	0.02745200420425532	0.010112769916666667	27	57.4468085106383	6	33.333333333333336	1.4398328066458215	0.8271379953071741	FALSE	0.93827099293847	0.99690442516441	0.0266210101283639	0.133381263151657	1.0	-0.270925251449041
F04_bin.26	A05_bin.79	d__Bacteria;p__Bacillota;c__Clostridia;o__Oscillospirales;f__Acutalibacteraceae;g__Fimenecus;s__Fimenecus sp000432435	Fimenecus sp000432435	92.84	0.69	FALSE	TRUE	Predicted anaerobe	0.13602931144680852	0.025488204444444443	16	34.04255319148936	3	16.666666666666668	2.4155560463064907	0.8223169519341245	FALSE	0.0447734500207201	0.408242021214566	-0.902237918779144	0.280993996779198	1.0	-0.110493517640485
F04_bin.32	A06_bin.107	d__Bacteria;p__Bacteroidota;c__Bacteroidia;o__Bacteroidales;f__Marinifilaceae;g__Odoribacter;s__Odoribacter splanchnicus	Odoribacter splanchnicus	86.16	1.08	FALSE	TRUE	Predicted anaerobe	0.010023429457446808	0.009331411377777777	36	76.59574468085107	15	83.33333333333333	0.1031023620752433	0.07897202201507997	FALSE	0.661574529806651	0.947865487459929	-0.134665153933479	0.515052853620101	1.0	0.07222317723625
F04_bin.34	D05_bin.78	d__Bacteria;p__Bacillota;c__Clostridia;o__Christensenellales;f__Aristaeellaceae;g__Limiplasma;s__Limiplasma merdipullorum	Limiplasma merdipullorum	90.02	1.3	FALSE	TRUE	Predicted anaerobe	0.009524143557446808	0.005973495722222222	17	36.170212765957444	3	16.666666666666668	0.6721147557885743	0.24310533720012262	FALSE	0.00437824691522242	0.127953578164549	1.28526810825228	0.368539116238881	1.0	-0.139000344026903
F04_bin.35	A04_bin.71	d__Bacteria;p__Bacteroidota;c__Bacteroidia;o__Bacteroidales;f__Rikenellaceae;g__Alistipes_A;s__Alistipes_A ihumii	Alistipes A ihumii	95.5	1.04	FALSE	TRUE	Predicted anaerobe	0.01361971754893617	0.010988871800000001	18	38.297872340425535	7	38.888888888888886	0.30940011711487775	0.11849366187378296	FALSE	0.139206510373216	0.631662266874586	-0.583701559556736	0.770314306187303	0.999349353413739	0.0500507060353025
F04_bin.39	H07_bin.23	d__Bacteria;p__Bacillota;c__Clostridia;o__Oscillospirales;f__Ruminococcaceae;g__Faecalibacterium;s__Faecalibacterium longum	Faecalibacterium longum	94.35	0.65	FALSE	TRUE	Predicted anaerobe	0.0316577905	0.021191380966666666	42	89.36170212765957	16	88.88888888888889	0.5788579735095943	0.5172773380298502	FALSE	0.398656259009723	0.856335508584847	-0.282725159071868	0.805376803560545	1.0	0.0153619508103833
F04_bin.40	F04_bin.40	d__Bacteria;p__Bacillota;c__Clostridia;o__Lachnospirales;f__Lachnospiraceae;g__Blautia_A;s__Blautia_A obeum	Blautia A obeum	81.86	4.11	FALSE	TRUE	Predicted anaerobe	0.06635412542553192	0.1301127476111111	44	93.61702127659575	18	100.0	-0.9713977139371174	-0.9093936045368759	FALSE	0.256371927426993	0.787792906488093	0.451280895228582	0.00572754885939152	0.53928420640217	0.42629773632967
F04_bin.45	D08_bin.21	d__Bacteria;p__Bacteroidota;c__Bacteroidia;o__Bacteroidales;f__Rikenellaceae;g__Alistipes;s__Alistipes putredinis	Alistipes putredinis	85.5	0.96	FALSE	TRUE	Predicted anaerobe	0.1064422923106383	0.10882526288888889	36	76.59574468085107	15	83.33333333333333	-0.03193905234673919	-0.024463954988991718	FALSE	0.46405633063527	0.889810609339414	0.244535611103201	0.172600630777236	0.982326143563399	0.129711701446085
F04_bin.46	G08_bin.17	d__Bacteria;p__Bacillota;c__Clostridia;o__Oscillospirales;f__Oscillospiraceae;g__Hominicoprocola;s__Hominicoprocola sp900317525	Hominicoprocola sp900317525	88.53	0.95	FALSE	TRUE	Predicted anaerobe	0.020463778863829787	0.017540617355555555	32	68.08510638297872	11	61.111111111111114	0.22225562720751388	0.15132298022639243	FALSE	0.407996154586264	0.856335508584847	-0.306804976428818	0.616980766185337	1.0	-0.0540020375233761
F04_bin.51	B08_bin.66	d__Bacteria;p__Bacteroidota;c__Bacteroidia;o__Bacteroidales;f__Rikenellaceae;g__Alistipes;s__Alistipes communis	Alistipes communis	80.5	2.59	FALSE	TRUE	Predicted anaerobe	0.030072870774468085	0.017348934127777778	29	61.702127659574465	10	55.55555555555556	0.7932638821191635	0.4894606932224626	FALSE	0.510251410400514	0.914731164555467	-0.225489285699719	0.63903219753364	1.0	-0.0724598074990921
F04_bin.52	F04_bin.52	d__Bacteria;p__Bacillota;c__Clostridia;o__Lachnospirales;f__Lachnospiraceae;g__Eisenbergiella;s__Eisenbergiella sp900555195	Eisenbergiella sp900555195	95.69	2.64	FALSE	TRUE	Predicted anaerobe	0.01261856959574468	0.002220778666666667	9	19.148936170212767	3	16.666666666666668	2.5010719536555306	0.47892867197659095	FALSE	0.066458160366723	0.492344204716806	-0.813264348713912	0.755079106149265	0.998050358750711	-0.0196795179795186
F04_bin.55	H02_bin.18	d__Bacteria;p__Actinomycetota;c__Actinomycetes;o__Actinomycetales;f__Bifidobacteriaceae;g__Bifidobacterium;s__Bifidobacterium adolescentis	Bifidobacterium adolescentis	97.92	2.92	FALSE	TRUE	Predicted anaerobe	0.14574609106808512	0.09718036244444445	39	82.97872340425532	12	66.66666666666667	0.5846710080971397	0.48515253863379676	FALSE	0.616446876857902	0.943026319703049	-0.196393628147559	0.311982917224229	1.0	-0.104604387996783
F04_bin.59	E06_bin.85	d__Bacteria;p__Bacteroidota;c__Bacteroidia;o__Bacteroidales;f__Rikenellaceae;g__Alistipes;s__Alistipes shahii	Alistipes shahii	87.55	1.12	FALSE	TRUE	Predicted anaerobe	0.06666117925531916	0.03197355683333333	36	76.59574468085107	9	50.0	1.0597328579620886	0.8117102741837274	FALSE	0.890668864678885	0.988426013077921	0.0437180302561627	0.0676091621837566	1.0	-0.249509964099897
F04_bin.60	H05_bin.43	d__Bacteria;p__Bacillota;c__Clostridia;o__Lachnospirales;f__Lachnospiraceae;g__Roseburia;s__Roseburia rectalis	Roseburia rectalis	99.52	1.21	FALSE	TRUE	Predicted anaerobe	0.02571773398510638	0.023810317333333334	35	74.46808510638297	12	66.66666666666667	0.11113176193685877	0.08275769505936291	FALSE	0.452094194242268	0.884830200132678	0.260344991904667	0.792470987597199	1.0	0.0263222714701312
F04_bin.64	G08_bin.9	d__Bacteria;p__Bacillota;c__Clostridia;o__Oscillospirales;f__Ruminococcaceae;g__Faecalibacterium;s__Faecalibacterium taiwanense	Faecalibacterium taiwanense	97.48	2.57	FALSE	TRUE	Predicted anaerobe	0.08618784558510638	0.08073899205555556	46	97.87234042553192	18	100.0	0.09420755971569837	0.09220314355153457	FALSE	0.704620637287627	0.965055671875703	-0.134075177002797	0.401045601258382	1.0	0.148660889674669
F04_bin.7	D01_bin.67	d__Bacteria;p__Actinomycetota;c__Coriobacteriia;o__Coriobacteriales;f__Coriobacteriaceae;g__Collinsella;s__Collinsella sp905215825	Collinsella sp905215825	99.19	1.88	FALSE	TRUE	Predicted anaerobe	0.02600784455957447	0.007256467872222222	29	61.702127659574465	7	38.888888888888886	1.8401752814895922	1.135427301344642	FALSE	0.36572007745794	0.837128877065693	-0.305679689151446	0.12153124388457	1.0	-0.266894548258559
F05_bin.14	F05_bin.14	d__Bacteria;p__Bacillota;c__Clostridia;o__Lachnospirales;f__Lachnospiraceae;g__Mediterraneibacter;s__Mediterraneibacter lactaris	Mediterraneibacter lactaris	91.84	0.43	FALSE	TRUE	Predicted anaerobe	0.060007806042553194	0.07329049366666666	29	61.702127659574465	10	55.55555555555556	-0.288432332678106	-0.17796888612053346	FALSE	0.316161063266405	0.826466231054012	0.382350375191196	0.817991658951778	1.0	-0.00701315520672922
F05_bin.16	G08_bin.17	d__Bacteria;p__Bacillota;c__Clostridia;o__Oscillospirales;f__Oscillospiraceae;g__Hominicoprocola;s__Hominicoprocola sp900317525	Hominicoprocola sp900317525	97.32	1.34	FALSE	TRUE	Predicted anaerobe	0.022322955436170213	0.06313918385555556	33	70.2127659574468	12	66.66666666666667	-1.4995899055083395	-1.0529035506760682	FALSE	0.526806851599766	0.921389677105633	0.244364069779826	0.841988880098778	1.0	0.0169722680410124
F05_bin.20	G07_bin.107	d__Bacteria;p__Bacillota;c__Clostridia;o__Lachnospirales;f__Lachnospiraceae;g__Roseburia;s__Roseburia faecis	Roseburia faecis	88.16	2.17	FALSE	TRUE	Predicted anaerobe	0.020018372382978725	0.05050057488888889	28	59.57446808510638	11	61.111111111111114	-1.3345402774907014	-0.795045271696588	FALSE	0.321503901861152	0.826466231054012	0.350935616738066	0.339011730903935	0.996550652664316	0.139406135922393
F05_bin.22	H04_bin.57	d__Bacteria;p__Bacillota;c__Clostridia;o__Oscillospirales;f__Ruminococcaceae;g__Gemmiger;s__Gemmiger formicilis	Gemmiger formicilis	93.71	1.63	FALSE	TRUE	Predicted anaerobe	0.028395661440425532	0.044701715	37	78.72340425531915	13	72.22222222222223	-0.6544743868953149	-0.5152245173431202	FALSE	0.117399142295411	0.602133567284286	0.562115496245057	0.42974122271655	1.0	0.0781921399577026
F05_bin.24	C05_bin.117	d__Bacteria;p__Bacillota;c__Clostridia;o__Lachnospirales;f__Lachnospiraceae;g__Gallintestinimicrobium;s__Gallintestinimicrobium propionicum	Gallintestinimicrobium propionicum	95.52	2.49	FALSE	TRUE	Predicted anaerobe	0.02327857580851064	0.04256143638888889	34	72.34042553191489	14	77.77777777777777	-0.870263352886958	-0.6295522127267356	FALSE	0.766275341249451	0.973335000126514	0.104446250101358	0.10292080630503	0.896049427344505	0.156215109263203
F05_bin.26	B04_bin.18	d__Bacteria;p__Bacteroidota;c__Bacteroidia;o__Bacteroidales;f__Rikenellaceae;g__Alistipes;s__Alistipes onderdonkii	Alistipes onderdonkii	98.65	0.48	FALSE	TRUE	Predicted anaerobe	0.14212665023404256	0.1227120301111111	41	87.23404255319149	15	83.33333333333333	0.2118843507774604	0.18483528472076333	FALSE	0.881002156205147	0.984846414163431	-0.0611369408129219	0.703567017341231	1.0	-0.0178589109667793
F05_bin.27	G06_bin.24	d__Bacteria;p__Bacillota;c__Clostridia;o__Oscillospirales;f__Oscillospiraceae;g__CAG-170;s__CAG-170 sp000432135	CAG-170 sp000432135	89.93	2.52	FALSE	TRUE	Predicted anaerobe	0.03164424913617021	0.030479055333333335	29	61.702127659574465	10	55.55555555555556	0.05410772322811355	0.033385616459899854	FALSE	0.763272535874143	0.972133645260907	-0.114630373694098	0.702186256137864	1.0	-0.0328781913694935
F05_bin.3	D06_bin.25	d__Bacteria;p__Bacillota;c__Clostridia;o__Oscillospirales;f__Ruminococcaceae;g__CAG-115;s__CAG-115 sp003531585	CAG-115 sp003531585	95.97	0.67	FALSE	TRUE	Predicted anaerobe	0.019145637021276595	0.057823320205555556	17	36.170212765957444	11	61.111111111111114	-1.5941319260617632	-0.5766009094265953	FALSE	0.827159642421666	0.983217763396128	-0.093042749711017	0.0740869219880573	0.849663119410672	0.348486347796785
F05_bin.32	A03_bin.68	d__Bacteria;p__Bacillota;c__Clostridia;o__Lachnospirales;f__Lachnospiraceae;g__Roseburia;s__Roseburia hominis	Roseburia hominis	88.52	5.56	FALSE	TRUE	Predicted anaerobe	0.012779906823404255	0.037625108238888885	25	53.191489361702125	13	72.22222222222223	-1.5570733666925056	-0.8282305141981413	FALSE	0.0270466728393959	0.308262719925936	0.826397164494993	0.0309749311881885	0.797806848903559	0.332942902139478
F05_bin.38	B02_bin.24	d__Bacteria;p__Bacillota;c__Clostridia;o__Christensenellales;f__Aristaeellaceae;g__SFMI01;s__SFMI01 sp004556155	SFMI01 sp004556155	92.34	1.1	FALSE	TRUE	Predicted anaerobe	0.009104969361702128	0.032145482055555556	7	14.893617021276595	3	16.666666666666668	-1.818755005620638	-0.27087840509243544	FALSE	0.0977864311263692	0.567017242480871	0.794842569100079	0.68185700145555	0.994515844256943	0.0508946062482375
F05_bin.40	A09_bin.36	d__Bacteria;p__Bacillota;c__Clostridia;o__Oscillospirales;f__Oscillospiraceae;g__Oscillibacter;s__Oscillibacter segnis	Oscillibacter segnis	94.52	3.86	FALSE	TRUE	Predicted anaerobe	0.026787840414893616	0.044693951333333336	35	74.46808510638297	15	83.33333333333333	-0.7382856138606897	-0.5497871592579604	FALSE	0.984142579257868	1	0.00653636299429293	0.148227332185112	0.958938010055892	0.124749304121701
F05_bin.41	H06_bin.61	d__Bacteria;p__Bacillota;c__Clostridia;o__Lachnospirales;f__Lachnospiraceae;g__Fusicatenibacter;s__Fusicatenibacter saccharivorans	Fusicatenibacter saccharivorans	93.57	6.78	FALSE	TRUE	Predicted anaerobe	0.01970357644042553	0.03234031783333333	43	91.48936170212765	17	94.44444444444444	-0.7145903522769437	-0.6537741520831613	FALSE	0.275427728880247	0.796900983280593	0.332268678031668	0.0435570601389636	0.83045539106561	0.285115696316703
F05_bin.45	F05_bin.45	d__Bacteria;p__Pseudomonadota;c__Gammaproteobacteria;o__Burkholderiales;f__Burkholderiaceae_F;g__Duodenibacillus;s__Duodenibacillus intestinavium	Duodenibacillus intestinavium	98.75	3.96	FALSE	TRUE	Predicted anaerobe	0.04230895192553191	0.04305959361111111	5	10.638297872340425	2	11.11111111111111	-0.025365812906385045	-0.0026984907347218133	FALSE	0.0358224430199211	0.36188808914443	1.9634423699359	0.783504102395139	0.997644387987211	0.0224808449478898
F05_bin.48	F05_bin.48	d__Bacteria;p__Pseudomonadota;c__Gammaproteobacteria;o__Burkholderiales;f__Burkholderiaceae_F;g__Sutterella;s__Sutterella wadsworthensis	Sutterella wadsworthensis	100	0	FALSE	TRUE	Predicted anaerobe	0.012254860906382978	0.05227825461111111	21	44.680851063829785	7	38.888888888888886	-2.0919560409971174	-0.9347037629987119	FALSE	0.0329411392348406	0.340519450927597	0.931239970715263	0.824485118501471	1.0	0.0336169391538116
F05_bin.49	F07_bin.74	d__Bacteria;p__Bacillota;c__Clostridia;o__Lachnospirales;f__Lachnospiraceae;g__Coprococcus;s__Coprococcus aceti	Coprococcus aceti	96.55	0.67	FALSE	TRUE	Predicted anaerobe	0.0105383639	0.019114578833333333	13	27.659574468085108	6	33.333333333333336	-0.8584087291184561	-0.23743220167106233	FALSE	0.800762374386643	0.980547866156647	-0.101269321777817	0.587562742663715	0.998074387927088	0.0584875909747204
F05_bin.63	F03_bin.13	d__Bacteria;p__Bacteroidota;c__Bacteroidia;o__Bacteroidales;f__Rikenellaceae;g__Alistipes;s__Alistipes finegoldii	Alistipes finegoldii	99.92	1.57	FALSE	TRUE	Predicted anaerobe	0.0801083445319149	0.0720985306388889	37	78.72340425531915	13	72.22222222222223	0.1519626669802894	0.11963018464405761	FALSE	0.736998587499411	0.969935964895597	0.123599380604779	0.651503196400515	1.0	-0.0640429897800098
F05_bin.7	G07_bin.85	d__Bacteria;p__Bacillota;c__Clostridia;o__Christensenellales;f__Aristaeellaceae;g__UBA11524;s__UBA11524 sp000437595	UBA11524 sp000437595	97.2	0.93	FALSE	TRUE	Predicted anaerobe	0.012455345176595745	0.0814124945	23	48.93617021276596	7	38.888888888888886	-2.7075045883740696	-1.324949053885183	FALSE	0.0527136864801344	0.437658907239567	0.816386476505808	0.679849759160549	1.0	-0.0754110956296756
F05_bin.8	A06_bin.107	d__Bacteria;p__Bacteroidota;c__Bacteroidia;o__Bacteroidales;f__Marinifilaceae;g__Odoribacter;s__Odoribacter splanchnicus	Odoribacter splanchnicus	97.31	0	FALSE	TRUE	Predicted anaerobe	0.009287432276595745	0.01627215711666667	37	78.72340425531915	14	77.77777777777777	-0.8083876062541342	-0.6363902432213397	FALSE	0.25509095175556	0.787792906488093	0.363225256180393	0.246078216084147	0.997779553167661	0.120791042564537
F06_bin.14	F02_bin.65	d__Bacteria;p__Bacillota;c__Clostridia;o__Lachnospirales;f__Lachnospiraceae;g__Blautia_A;s__Blautia_A sp900066335	Blautia A sp900066335	92.72	7.03	FALSE	TRUE	Predicted anaerobe	0.046204246482978724	0.11273517855555557	41	87.23404255319149	16	88.88888888888889	-1.2866561738100137	-1.122402194174693	FALSE	0.264866528872604	0.789221534713463	0.46071965796732	0.0594950451657903	0.844789541475706	0.231211662993685
F06_bin.19	B09_bin.93	d__Bacteria;p__Bacillota;c__Clostridia;o__Oscillospirales;f__Oscillospiraceae;g__CAG-103;s__CAG-103 sp000432375	CAG-103 sp000432375	81.22	4.36	FALSE	TRUE	Predicted anaerobe	0.011110088655319149	0.01025480738888889	23	48.93617021276596	9	50.0	0.11546173339461038	0.05650255038459657	FALSE	0.780620634091403	0.973995429764571	-0.101159398675563	0.837049743785697	1.0	0.010155769768713
F06_bin.27	F03_bin.40	d__Bacteria;p__Bacillota;c__Clostridia;o__Lachnospirales;f__Lachnospiraceae;g__Blautia_A;s__Blautia_A wexlerae	Blautia A wexlerae	90.66	6.01	FALSE	TRUE	Predicted anaerobe	0.05109581885531915	0.05900534061111111	46	97.87234042553192	18	100.0	-0.20760245709959724	-0.20318538354428664	FALSE	0.51946678124519	0.919932208221064	0.203255501668506	0.0676809394957406	0.855774383101605	0.348656610186764
F06_bin.28	G03_bin.17	d__Bacteria;p__Bacillota;c__Clostridia;o__Oscillospirales;f__Oscillospiraceae;g__Vescimonas;s__Vescimonas sp900545585	Vescimonas sp900545585	86.91	7.61	FALSE	TRUE	Predicted anaerobe	0.09750482429787234	0.02469768411111111	19	40.42553191489362	3	16.666666666666668	1.9806617644307734	0.8006930537060573	FALSE	0.366009714536727	0.837128877065693	-0.360367260515087	0.151297670453605	1.0	-0.290983581250186
F06_bin.32	C08_bin.86	d__Bacteria;p__Bacillota;c__Negativicutes;o__Acidaminococcales;f__Acidaminococcaceae;g__Phascolarctobacterium;s__Phascolarctobacterium faecium	Phascolarctobacterium faecium	92.53	1.7	FALSE	TRUE	Predicted anaerobe	0.04824925394468085	0.011717306444444445	13	27.659574468085108	3	16.666666666666668	2.040933922843479	0.5645136382333027	FALSE	0.225408360587542	0.764231036679804	0.483796548362962	0.494606226053134	1.0	-0.063770149584108
F06_bin.35	D01_bin.67	d__Bacteria;p__Actinomycetota;c__Coriobacteriia;o__Coriobacteriales;f__Coriobacteriaceae;g__Collinsella;s__Collinsella sp905215825	Collinsella sp905215825	97.18	3.23	FALSE	TRUE	Predicted anaerobe	0.03518626328085107	0.005101522344444444	28	59.57446808510638	6	33.333333333333336	2.7835973364335893	1.6583133068115	FALSE	0.193630287343101	0.70862235301915	-0.475681009693734	0.0737289542014953	1.0	-0.338111025865286
F06_bin.36	G07_bin.85	d__Bacteria;p__Bacillota;c__Clostridia;o__Christensenellales;f__Aristaeellaceae;g__UBA11524;s__UBA11524 sp000437595	UBA11524 sp000437595	81.61	0.23	FALSE	TRUE	Predicted anaerobe	0.024887272468085107	0.006795746444444445	22	46.808510638297875	6	33.333333333333336	1.8711623934095134	0.8758632479789212	FALSE	0.133676061129739	0.623377262822132	-0.547181907937601	0.410130358945484	1.0	-0.154357159150343
F06_bin.38	A05_bin.79	d__Bacteria;p__Bacillota;c__Clostridia;o__Oscillospirales;f__Acutalibacteraceae;g__Fimenecus;s__Fimenecus sp000432435	Fimenecus sp000432435	97.99	1.01	FALSE	TRUE	Predicted anaerobe	0.12339992621276595	0.030188631444444444	16	34.04255319148936	4	22.22222222222222	2.0309033638132052	0.6913713578938571	FALSE	0.0101449835644077	0.180377807775169	-1.21282495171483	0.400084439259966	1.0	-0.0763034956024602
F06_bin.39	H05_bin.38	d__Bacteria;p__Bacteroidota;c__Bacteroidia;o__Bacteroidales;f__Tannerellaceae;g__Parabacteroides;s__Parabacteroides distasonis	Parabacteroides distasonis	93.04	0	FALSE	TRUE	Predicted anaerobe	0.016634295161702128	0.010327471188888888	36	76.59574468085107	13	72.22222222222223	0.6871444692325224	0.526323423241932	FALSE	0.258640440770398	0.787792906488093	-0.384388040656191	0.754965960147869	1.0	-0.0212058805817922
F06_bin.46	F06_bin.46	d__Bacteria;p__Bacillota;c__Bacilli;o__Lactobacillales;f__Streptococcaceae;g__Streptococcus;s__Streptococcus thermophilus	Streptococcus thermophilus	100	0	FALSE	FALSE	Facultative/other	0.012055217408510639	0.006073726683333333	16	34.04255319148936	5	27.77777777777778	0.9878266670382178	0.3362814185662018	FALSE	0.738559546093421	0.970163121614811	-0.125249599385169	0.682768786812902	1.0	-0.0599442878064004
F06_bin.47	F06_bin.47	d__Bacteria;p__Verrucomicrobiota;c__Lentisphaeria;o__Victivallales;f__Victivallaceae;g__Victivallis;s__Victivallis lenta	Victivallis lenta	89.71	2.7	FALSE	TRUE	Predicted anaerobe	0.0073563268085106385	0.0017417150333333333	7	14.893617021276595	4	22.22222222222222	2.072177305780641	0.3086221519247763	FALSE	0.00545122498144576	0.137317697544445	-1.56990698564893	0.666617006108258	0.99336515239856	0.0719225701446075
F06_bin.48	H05_bin.43	d__Bacteria;p__Bacillota;c__Clostridia;o__Lachnospirales;f__Lachnospiraceae;g__Roseburia;s__Roseburia rectalis	Roseburia rectalis	96.38	0.24	FALSE	TRUE	Predicted anaerobe	0.026442607295744682	0.02394845336111111	35	74.46808510638297	14	77.77777777777777	0.14287515038658313	0.1063963885857534	FALSE	0.638729974926509	0.94770537460665	-0.155183333635411	0.719654505094825	1.0	0.0210801803771458
F06_bin.5	F03_bin.13	d__Bacteria;p__Bacteroidota;c__Bacteroidia;o__Bacteroidales;f__Rikenellaceae;g__Alistipes;s__Alistipes finegoldii	Alistipes finegoldii	90.91	2.88	FALSE	TRUE	Predicted anaerobe	0.09645291355957447	0.041871499755555555	37	78.72340425531915	13	72.22222222222223	1.2036612804437152	0.9475631356684567	FALSE	0.653054379441314	0.947865487459929	-0.153005076583546	0.527497628656856	1.0	-0.0597153890550488
F06_bin.50	G05_bin.10	d__Bacteria;p__Bacillota;c__Clostridia;o__Christensenellales;f__CAG-138;g__Phil1;s__Phil1 sp001940855	Phil1 sp001940855	83.18	1.61	FALSE	TRUE	Predicted anaerobe	0.008639000604255319	0.003336995788888889	10	21.27659574468085	5	27.77777777777778	1.3696667024859501	0.2914184473374362	FALSE	0.00123410616032439	0.0806621623298192	-1.64865658575782	0.721849017326189	0.995628129696797	0.0539495375216009
F06_bin.52	H07_bin.23	d__Bacteria;p__Bacillota;c__Clostridia;o__Oscillospirales;f__Ruminococcaceae;g__Faecalibacterium;s__Faecalibacterium longum	Faecalibacterium longum	94.8	7.89	FALSE	TRUE	Predicted anaerobe	0.031094266063829788	0.036342314755555556	40	85.1063829787234	15	83.33333333333333	-0.22493476671930887	-0.1914338440164331	FALSE	0.469807411430502	0.892521993822794	-0.241569964791136	0.894692363668354	1.0	0.0139486878999037
F06_bin.53	F06_bin.53	d__Bacteria;p__Bacillota;c__Clostridia;o__Oscillospirales;f__Ruminococcaceae;g__Faecalibacterium;s__Faecalibacterium tardum	Faecalibacterium tardum	94.05	3.87	FALSE	TRUE	Predicted anaerobe	0.053074729180851064	0.04707549516666667	36	76.59574468085107	16	88.88888888888889	0.17301420081315128	0.1325215155164563	FALSE	0.491432623043365	0.903226691861454	-0.229532733668524	0.138270649048238	0.952161350116504	0.162536406985147
F06_bin.54	H04_bin.57	d__Bacteria;p__Bacillota;c__Clostridia;o__Oscillospirales;f__Ruminococcaceae;g__Gemmiger;s__Gemmiger formicilis	Gemmiger formicilis	86.81	2.04	FALSE	TRUE	Predicted anaerobe	0.020090439240425532	0.014717154583333333	39	82.97872340425532	14	77.77777777777777	0.4487483120828423	0.3723656206644862	FALSE	0.965117070133246	0.997964486761695	0.0135447749547558	0.608321450079968	1.0	0.0611236880146575
F06_bin.55	C02_bin.32	d__Bacteria;p__Bacillota;c__Clostridia;o__Lachnospirales;f__Lachnospiraceae;g__Coprococcus_C;s__Coprococcus_C hominis	Coprococcus C hominis	90.38	1.68	FALSE	TRUE	Predicted anaerobe	0.012429611510638297	0.017000007888888887	11	23.404255319148938	9	50.0	-0.4514423793217015	-0.10565672707529185	FALSE	0.408728673519379	0.856335508584847	-0.32351160994484	0.110916611649155	0.905515902853459	0.310711526807332
F06_bin.56	A04_bin.93	d__Bacteria;p__Bacillota;c__Clostridia;o__Oscillospirales;f__Ruminococcaceae;g__Gemmiger;s__Gemmiger qucibialis	Gemmiger qucibialis	92.52	0.68	FALSE	TRUE	Predicted anaerobe	0.01685538006382979	0.013077956872222223	34	72.34042553191489	14	77.77777777777777	0.3658249306744164	0.2646393115517055	FALSE	0.271055343951614	0.795274590009852	-0.364535160992128	0.546954013173172	1.0	0.0608184365005947
F06_bin.61	F02_bin.63	d__Bacteria;p__Actinomycetota;c__Actinomycetes;o__Actinomycetales;f__Bifidobacteriaceae;g__Bifidobacterium;s__Bifidobacterium bifidum	Bifidobacterium bifidum	87.71	3.25	FALSE	TRUE	Predicted anaerobe	0.01897145794680851	0.0036012425555555557	16	34.04255319148936	4	22.22222222222222	2.394023578736165	0.8149867502080561	FALSE	0.0289917728307896	0.319601801520241	-0.892651083588831	0.384458607897531	1.0	-0.147481557015322
F06_bin.67	F03_bin.1	d__Bacteria;p__Bacillota;c__Clostridia;o__Lachnospirales;f__Lachnospiraceae;g__Acetatifactor;s__Acetatifactor acetigignens	Acetatifactor acetigignens	91.86	2.97	FALSE	TRUE	Predicted anaerobe	0.016084882927659576	0.04412993212222222	31	65.95744680851064	17	94.44444444444444	-1.45548232820795	-0.9599989824350308	FALSE	0.625773802583002	0.943026319703049	0.216261791854451	0.0025096549817162	0.296499052278897	0.499966261088611
F06_bin.7	A04_bin.71	d__Bacteria;p__Bacteroidota;c__Bacteroidia;o__Bacteroidales;f__Rikenellaceae;g__Alistipes_A;s__Alistipes_A ihumii	Alistipes A ihumii	95.43	0.24	FALSE	TRUE	Predicted anaerobe	0.0178423640893617	0.01079844941111111	18	38.297872340425535	7	38.888888888888886	0.7239555672711699	0.27725957895491615	FALSE	0.150701110274862	0.659966931203704	-0.566462251875035	0.770586762701048	1.0	0.0416112775658877
F06_bin.72	C07_bin.89	d__Bacteria;p__Desulfobacterota;c__Desulfovibrionia;o__Desulfovibrionales;f__Desulfovibrionaceae;g__Bilophila;s__Bilophila wadsworthia	Bilophila wadsworthia	90.53	0	FALSE	TRUE	Predicted anaerobe	0.008956124257446808	0.006557407683333333	26	55.319148936170215	10	55.55555555555556	0.44916047734185843	0.24847175342315575	FALSE	0.844122343408409	0.983217763396128	-0.0670273510130708	0.817615655737569	1.0	0.0215025874957537
F06_bin.75	F06_bin.75	d__Bacteria;p__Bacillota;c__Clostridia;o__Oscillospirales;f__Oscillospiraceae;g__Hominicoprocola;s__Hominicoprocola fusiformis	Hominicoprocola fusiformis	97.86	0	FALSE	TRUE	Predicted anaerobe	0.03834120844680851	0.03533306111111111	34	72.34042553191489	14	77.77777777777777	0.11784503867193374	0.08524960244352654	FALSE	0.984201669495571	1	-0.00659818914923134	0.106271828979249	0.899427083982333	0.159887599080624
F06_bin.76	F08_bin.12	d__Bacteria;p__Bacteroidota;c__Bacteroidia;o__Bacteroidales;f__Rikenellaceae;g__Alistipes_A;s__Alistipes_A hominis	Alistipes A hominis	82.38	0.24	FALSE	TRUE	Predicted anaerobe	0.009727553027659574	0.020843297472222223	20	42.5531914893617	6	33.333333333333336	-1.098644346171627	-0.46750823241345835	FALSE	0.294575243370208	0.81202291893369	0.411153615275583	0.620335960729102	1.0	-0.0580981473997089
F06_bin.77	D08_bin.102	d__Bacteria;p__Pseudomonadota;c__Gammaproteobacteria;o__Burkholderiales;f__Burkholderiaceae_F;g__Sutterella;s__Sutterella wadsworthensis_A	Sutterella wadsworthensis A	96.89	0.62	FALSE	TRUE	Predicted anaerobe	0.033327590063829786	0.061290631444444445	11	23.404255319148938	4	22.22222222222222	-0.8787521175568265	-0.20566538921542749	FALSE	0.00832938829204872	0.161486168340678	1.25284428471987	0.761162274441578	0.996866013650265	0.0211475380459018
F06_bin.81	A08_bin.91	d__Bacteria;p__Bacillota;c__Clostridia;o__Lachnospirales;f__Lachnospiraceae;g__Anaerostipes;s__Anaerostipes amylophilus	Anaerostipes amylophilus	89.94	1.57	FALSE	TRUE	Predicted anaerobe	0.020326477017021276	0.008398563216666667	24	51.06382978723404	9	50.0	1.27413856476684	0.6506239479660458	FALSE	0.0534601212207417	0.44005599782629	-0.744129105716172	0.804368451942755	1.0	-0.0409715681495522
F06_bin.83	H06_bin.61	d__Bacteria;p__Bacillota;c__Clostridia;o__Lachnospirales;f__Lachnospiraceae;g__Fusicatenibacter;s__Fusicatenibacter saccharivorans	Fusicatenibacter saccharivorans	80.44	4.32	FALSE	TRUE	Predicted anaerobe	0.024061641957446808	0.026276348583333334	43	91.48936170212765	17	94.44444444444444	-0.1269791989635458	-0.11617245862622273	FALSE	0.747023012048395	0.971644762115332	0.0978405529860403	0.0758751428970557	0.86138228683635	0.231251263404035
F06_bin.85	H06_bin.57	d__Bacteria;p__Bacillota;c__Clostridia;o__Oscillospirales;f__UBA644;g__UBA644;s__UBA644 sp900547165	UBA644 sp900547165	88.37	0	FALSE	TRUE	Predicted anaerobe	0.0116303128	0.0055234224166666665	12	25.53191489361702	4	22.22222222222222	1.0728858598707927	0.27392830464786194	FALSE	0.0469598643214904	0.416057975619452	-0.867948875299014	0.751523376785724	0.999799823297357	-0.0323706135360629
F06_bin.86	D02_bin.11	d__Bacteria;p__Bacteroidota;c__Bacteroidia;o__Bacteroidales;f__Bacteroidaceae;g__Phocaeicola;s__Phocaeicola vulgatus	Phocaeicola vulgatus	93.61	1.88	FALSE	TRUE	Predicted anaerobe	0.2655802015957447	0.3025675566666667	46	97.87234042553192	17	94.44444444444444	-0.1881030589200815	-0.18410086617710103	FALSE	0.827828324807993	0.983217763396128	0.0869147237338303	0.617391137659746	1.0	0.0695695653671433
F06_bin.88	A07_bin.65	d__Bacteria;p__Bacteroidota;c__Bacteroidia;o__Bacteroidales;f__Barnesiellaceae;g__Barnesiella;s__Barnesiella intestinihominis	Barnesiella intestinihominis	98.49	1.7	FALSE	TRUE	Predicted anaerobe	0.09962346510638298	0.04527393541666667	32	68.08510638297872	12	66.66666666666667	1.1376310577118471	0.7745573158889172	FALSE	0.0730465162947101	0.518849370364329	-0.68806235859747	0.684539171390725	1.0	-0.0428635556303231
F06_bin.89	A06_bin.107	d__Bacteria;p__Bacteroidota;c__Bacteroidia;o__Bacteroidales;f__Marinifilaceae;g__Odoribacter;s__Odoribacter splanchnicus	Odoribacter splanchnicus	91.94	0	FALSE	TRUE	Predicted anaerobe	0.011577901176595745	0.01040873583888889	36	76.59574468085107	14	77.77777777777777	0.15343904794139973	0.1175277814019232	FALSE	0.803001733667709	0.981610702671717	-0.0751027771018763	0.586202751225769	1.0	0.0561795603272405
F06_bin.91	D01_bin.64	d__Bacteria;p__Bacteroidota;c__Bacteroidia;o__Bacteroidales;f__Bacteroidaceae;g__Bacteroides;s__Bacteroides uniformis	Bacteroides uniformis	96.1	1.98	FALSE	TRUE	Predicted anaerobe	0.16472086580851064	0.16218953833333333	45	95.74468085106383	18	100.0	0.022341186557998646	0.021390497768296577	FALSE	0.853822568593138	0.984846414163431	-0.0598798225430173	0.193716504911893	1.0	0.184814608982775
F06_bin.95	G08_bin.17	d__Bacteria;p__Bacillota;c__Clostridia;o__Oscillospirales;f__Oscillospiraceae;g__Hominicoprocola;s__Hominicoprocola sp900317525	Hominicoprocola sp900317525	89.85	0.89	FALSE	TRUE	Predicted anaerobe	0.03071249710638298	0.023797154555555557	32	68.08510638297872	11	61.111111111111114	0.3679002830311203	0.2504852990850181	FALSE	0.661723295848663	0.947865487459929	-0.156867148678138	0.69270495631461	1.0	-0.00841885609049934
F07_bin.103	G04_bin.50	d__Bacteria;p__Bacillota;c__Clostridia;o__Lachnospirales;f__Lachnospiraceae;g__Butyribacter;s__Butyribacter sp003529475	Butyribacter sp003529475	93.29	0	FALSE	TRUE	Predicted anaerobe	0.01143817924255319	0.012093222888888889	25	53.191489361702125	7	38.888888888888886	-0.08027309915250902	-0.04269845699601543	FALSE	0.957095530796203	0.99690442516441	-0.0212333641878037	0.582165074502305	1.0	-0.0435013671036269
F07_bin.105	F07_bin.105	d__Bacteria;p__Bacillota;c__Clostridia;o__Oscillospirales;f__Oscillospiraceae;g__F23-B02;s__F23-B02 sp001916715	F23-B02 sp001916715	90.94	1.57	FALSE	TRUE	Predicted anaerobe	0.014725715468085106	0.0022978683333333334	8	17.02127659574468	1	5.555555555555555	2.674684285858768	0.4552654103589392	FALSE	0.673705626688463	0.953830565934627	0.170815761283365	0.43414373469948	0.999053178612291	-0.100555526213928
F07_bin.106	B05_bin.76	d__Bacteria;p__Bacillota_I;c__Bacilli_A;o__RF39;f__UBA660;g__CAG-433;s__CAG-433 sp000433675	CAG-433 sp000433675	90.45	2.81	FALSE	TRUE	Predicted anaerobe	0.014778208925531914	0.006821970111111111	6	12.76595744680851	3	16.666666666666668	1.1140737624534502	0.14222218244086599	FALSE	0.115463478732055	0.602035381775932	0.787460906230833	0.67746059967019	0.99565641077897	0.0196255037443128
F07_bin.11	B04_bin.18	d__Bacteria;p__Bacteroidota;c__Bacteroidia;o__Bacteroidales;f__Rikenellaceae;g__Alistipes;s__Alistipes onderdonkii	Alistipes onderdonkii	88.24	0.48	FALSE	TRUE	Predicted anaerobe	0.12594740755531914	0.09766473966666667	41	87.23404255319149	15	83.33333333333333	0.3668785591654747	0.320042998420946	FALSE	0.865484144333857	0.984846414163431	-0.0741721772344858	0.671359235814303	1.0	-0.0224628631346853
F07_bin.116	G03_bin.17	d__Bacteria;p__Bacillota;c__Clostridia;o__Oscillospirales;f__Oscillospiraceae;g__Vescimonas;s__Vescimonas sp900545585	Vescimonas sp900545585	88.14	2.35	FALSE	TRUE	Predicted anaerobe	0.09128482474468085	0.0232565205	19	40.42553191489362	3	16.666666666666668	1.9722776077331852	0.7973037137644791	FALSE	0.471366775504871	0.892521993822794	-0.297053534629848	0.15395583586547	1.0	-0.267477353648039
F07_bin.125	H03_bin.66	d__Bacteria;p__Bacillota;c__Clostridia;o__Christensenellales;f__Borkfalkiaceae;g__UMGS621;s__UMGS621 sp900543915	UMGS621 sp900543915	84.81	3.37	FALSE	TRUE	Predicted anaerobe	0.007475304546808511	0.005998750222222222	10	21.27659574468085	4	22.22222222222222	0.3169960631933959	0.0674459708922119	FALSE	0.634787022501157	0.946460869698857	0.186466233254573	0.712206414617636	0.997127491720552	0.00753970290785515
F07_bin.127	C07_bin.75	d__Bacteria;p__Bacillota;c__Clostridia;o__Christensenellales;f__CAG-314;g__CAG-314;s__CAG-314 sp000437915	CAG-314 sp000437915	91.94	0.81	FALSE	TRUE	Predicted anaerobe	0.013436106678723404	0.0058702005	12	25.53191489361702	4	22.22222222222222	1.193251247508044	0.30465989298077717	FALSE	0.0731461443814288	0.518849370364329	-0.727536358194028	0.791749281587876	1.0	-0.0188620165330736
F07_bin.128	B09_bin.93	d__Bacteria;p__Bacillota;c__Clostridia;o__Oscillospirales;f__Oscillospiraceae;g__CAG-103;s__CAG-103 sp000432375	CAG-103 sp000432375	83.89	1.34	FALSE	TRUE	Predicted anaerobe	0.011159838229787234	0.010666301827777778	23	48.93617021276596	8	44.44444444444444	0.06519629441327551	0.03190456960649653	FALSE	0.650387476135084	0.947865487459929	0.162107266291415	0.808641619919875	1.0	-0.0185172067386163
F07_bin.13	F06_bin.47	d__Bacteria;p__Verrucomicrobiota;c__Lentisphaeria;o__Victivallales;f__Victivallaceae;g__Victivallis;s__Victivallis lenta	Victivallis lenta	86.04	4.73	FALSE	TRUE	Predicted anaerobe	0.007801443723404256	0.0016759257222222221	8	17.02127659574468	4	22.22222222222222	2.212048238140572	0.3765188490452037	FALSE	0.00213127414409508	0.09242452263905	-1.74163140754183	0.72434316843651	0.994728792019282	0.0537116361112729
F07_bin.131	C06_bin.11	d__Bacteria;p__Bacillota;c__Clostridia;o__Lachnospirales;f__Lachnospiraceae;g__Anthropogastromicrobium;s__Anthropogastromicrobium aceti	Anthropogastromicrobium aceti	96.84	3.5	FALSE	TRUE	Predicted anaerobe	0.012177322363829787	0.014071672211111112	34	72.34042553191489	15	83.33333333333333	-0.20843747443742855	-0.15078455597601215	FALSE	0.901242621553453	0.988426013077921	-0.0383326663306616	0.123923984031135	0.921849839529078	0.159536587370697
F07_bin.132	H01_bin.87	d__Bacteria;p__Bacillota;c__Clostridia;o__Lachnospirales;f__Lachnospiraceae;g__Acetatifactor;s__Acetatifactor intestinalis	Acetatifactor intestinalis	94.04	3.62	FALSE	TRUE	Predicted anaerobe	0.0569881559319149	0.03534743192777778	25	53.191489361702125	12	66.66666666666667	0.688901751282686	0.3664371017461096	FALSE	0.659005030571269	0.947865487459929	0.176027351114917	0.0769306253888209	0.8642137520109	0.237931113357409
F07_bin.15	B06_bin.7	d__Bacteria;p__Bacteroidota;c__Bacteroidia;o__Bacteroidales;f__Rikenellaceae;g__Alistipes;s__Alistipes senegalensis	Alistipes senegalensis	80.75	2.74	FALSE	TRUE	Predicted anaerobe	0.03185173093617021	0.06076449088888889	23	48.93617021276596	7	38.888888888888886	-0.9316412572149213	-0.45590955140304656	FALSE	0.00980633140596356	0.176117749897002	1.01656589749659	0.767080054269101	1.0	-0.0222644571791451
F07_bin.17	A07_bin.65	d__Bacteria;p__Bacteroidota;c__Bacteroidia;o__Bacteroidales;f__Barnesiellaceae;g__Barnesiella;s__Barnesiella intestinihominis	Barnesiella intestinihominis	96.23	0	FALSE	TRUE	Predicted anaerobe	0.09421159041914894	0.04410269042777778	32	68.08510638297872	12	66.66666666666667	1.0948639313577297	0.7454392724137734	FALSE	0.160205467326011	0.667085060668964	-0.538339789862026	0.78926799215323	1.0	-0.0228450165392709
F07_bin.18	C07_bin.25	d__Bacteria;p__Bacillota;c__Clostridia;o__Lachnospirales;f__Lachnospiraceae;g__Anaerobutyricum;s__Anaerobutyricum hallii	Anaerobutyricum hallii	92.09	2.91	FALSE	TRUE	Predicted anaerobe	0.03331125351489362	0.03975081244444444	46	97.87234042553192	17	94.44444444444444	-0.2549045616318474	-0.24948106032053147	FALSE	0.62115939725816	0.943026319703049	0.13991995085174	0.371976658270836	1.0	0.137825338203569
F07_bin.21	F02_bin.66	d__Bacteria;p__Bacteroidota;c__Bacteroidia;o__Bacteroidales;f__Rikenellaceae;g__Tidjanibacter;s__Tidjanibacter inops	Tidjanibacter inops	99.52	0	FALSE	TRUE	Predicted anaerobe	0.022123753874468084	0.04004618608333334	25	53.191489361702125	7	38.888888888888886	-0.8557769103683567	-0.4552004842384876	FALSE	0.0265395009445054	0.308225977567497	0.883003681195346	0.609911084753889	1.0	-0.0896213832843313
F07_bin.25	E06_bin.63	d__Bacteria;p__Bacillota;c__Clostridia;o__Lachnospirales;f__Lachnospiraceae;g__Eubacterium_F;s__Eubacterium_F sp003491505	Eubacterium F sp003491505	97.32	0.67	FALSE	TRUE	Predicted anaerobe	0.02378504945106383	0.0169160845	32	68.08510638297872	9	50.0	0.49141317858810163	0.3345791854216862	FALSE	0.653286409378824	0.947865487459929	0.15338430738053	0.339971652287915	1.0	-0.110527687201121
F07_bin.26	H05_bin.43	d__Bacteria;p__Bacillota;c__Clostridia;o__Lachnospirales;f__Lachnospiraceae;g__Roseburia;s__Roseburia rectalis	Roseburia rectalis	95.02	0	FALSE	TRUE	Predicted anaerobe	0.028270453614893616	0.019979633833333333	35	74.46808510638297	12	66.66666666666667	0.5005532156930868	0.3727523946650646	FALSE	0.525616605860839	0.921389677105633	0.214937912314668	0.757328692411212	1.0	0.0210033996766904
F07_bin.27	C06_bin.41	d__Bacteria;p__Bacillota;c__Clostridia;o__Lachnospirales;f__Lachnospiraceae;g__Lachnospira;s__Lachnospira intestinalis	Lachnospira intestinalis	96.17	0.34	FALSE	TRUE	Predicted anaerobe	0.014585365191489362	0.024184236166666668	26	55.319148936170215	11	61.111111111111114	-0.7291530837321611	-0.40336128036247215	FALSE	0.416849406192441	0.862815185343608	0.310386424777508	0.249717901170875	0.988791974018473	0.163112821876941
F07_bin.29	D08_bin.102	d__Bacteria;p__Pseudomonadota;c__Gammaproteobacteria;o__Burkholderiales;f__Burkholderiaceae_F;g__Sutterella;s__Sutterella wadsworthensis_A	Sutterella wadsworthensis A	96.27	0.62	FALSE	TRUE	Predicted anaerobe	0.02864906610638298	0.06480328872222223	11	23.404255319148938	4	22.22222222222222	-1.177298042158098	-0.27553783965402295	FALSE	0.0080792063537105	0.161486168340678	1.24602086706508	0.763715107006072	1.0	0.0102348621437323
F07_bin.3	H06_bin.64	d__Bacteria;p__Bacillota;c__Clostridia;o__Oscillospirales;f__Ruminococcaceae;g__Ruminiclostridium_E;s__Ruminiclostridium_E siraeum	Ruminiclostridium E siraeum	94.63	0	FALSE	TRUE	Predicted anaerobe	0.02928536220425532	0.0076791394999999995	24	51.06382978723404	7	38.888888888888886	1.9297782286047207	0.9854186699258147	FALSE	0.833421083854164	0.983217763396128	0.0777596577169057	0.414073825982316	1.0	-0.134711604455204
F07_bin.32	F05_bin.48	d__Bacteria;p__Pseudomonadota;c__Gammaproteobacteria;o__Burkholderiales;f__Burkholderiaceae_F;g__Sutterella;s__Sutterella wadsworthensis	Sutterella wadsworthensis	91.93	0	FALSE	TRUE	Predicted anaerobe	0.034617858512765956	0.02171610015	19	40.42553191489362	6	33.333333333333336	0.6725039368457622	0.2718632936184996	FALSE	0.874736258115083	0.984846414163431	0.0626964299514423	0.79279603494828	1.0	-0.0116659744618208
F07_bin.33	G06_bin.24	d__Bacteria;p__Bacillota;c__Clostridia;o__Oscillospirales;f__Oscillospiraceae;g__CAG-170;s__CAG-170 sp000432135	CAG-170 sp000432135	98.28	6.19	FALSE	TRUE	Predicted anaerobe	0.030068450787234042	0.015653090888888888	29	61.702127659574465	11	61.111111111111114	0.9413613257259432	0.5808399669372841	FALSE	0.0935594808527591	0.556350357713063	-0.573364211228972	0.805808409936323	1.0	-0.0100131527825142
F07_bin.34	C03_bin.49	d__Bacteria;p__Actinomycetota;c__Actinomycetes;o__Actinomycetales;f__Bifidobacteriaceae;g__Bifidobacterium;s__Bifidobacterium longum	Bifidobacterium longum	82.38	3.61	FALSE	TRUE	Predicted anaerobe	0.025742579489361702	0.013779616738888889	41	87.23404255319149	12	66.66666666666667	0.9011345861597692	0.786096128352139	FALSE	0.397955146035063	0.856335508584847	-0.268441492915737	0.165188411726777	1.0	-0.177764473417123
F07_bin.36	D06_bin.25	d__Bacteria;p__Bacillota;c__Clostridia;o__Oscillospirales;f__Ruminococcaceae;g__CAG-115;s__CAG-115 sp003531585	CAG-115 sp003531585	81.21	2.01	FALSE	TRUE	Predicted anaerobe	0.05008997390638298	0.019762140055555554	17	36.170212765957444	11	61.111111111111114	1.3413408210926896	0.48516582890586646	FALSE	0.576128067013589	0.936541020716014	-0.214367518608437	0.0897535493406785	0.863372912327705	0.337112302618884
F07_bin.38	G04_bin.79	d__Bacteria;p__Pseudomonadota;c__Gammaproteobacteria;o__Burkholderiales;f__Burkholderiaceae_F;g__Parasutterella;s__Parasutterella excrementihominis	Parasutterella excrementihominis	90.35	1.63	FALSE	TRUE	Predicted anaerobe	0.012799818157446808	0.0028841338333333334	21	44.680851063829785	5	27.77777777777778	2.1460464529366488	0.958871819397226	FALSE	0.0175260082127656	0.243447207830446	-0.893602973110885	0.222750965312932	1.0	-0.195669723595304
F07_bin.40	G01_bin.76	d__Bacteria;p__Pseudomonadota;c__Alphaproteobacteria;o__RF32;f__CAG-239;g__Scatacola_A;s__Scatacola_A faecigallinarum	Scatacola A faecigallinarum	88.17	1.08	FALSE	TRUE	Predicted anaerobe	0.01642306869574468	0.020848644944444446	8	17.02127659574468	5	27.77777777777778	-0.3440435250820594	-0.058560600013967554	FALSE	0.985244288256196	1	0.00721448658079722	0.363311332549544	0.974711852421433	0.14072530484906
F07_bin.42	F07_bin.42	d__Bacteria;p__Bacillota;c__Clostridia;o__Lachnospirales;f__Lachnospiraceae;g__Lachnospira;s__Lachnospira eligens_A	Lachnospira eligens A	98.66	0.67	FALSE	TRUE	Predicted anaerobe	0.016555861787234043	0.021635163555555555	26	55.319148936170215	10	55.55555555555556	-0.38583144483245446	-0.2134386716094429	FALSE	0.454012122304637	0.885124510370224	0.303962050869771	0.492239593399544	1.0	0.103083655232808
F07_bin.57	G07_bin.85	d__Bacteria;p__Bacillota;c__Clostridia;o__Christensenellales;f__Aristaeellaceae;g__UBA11524;s__UBA11524 sp000437595	UBA11524 sp000437595	95.8	1.17	FALSE	TRUE	Predicted anaerobe	0.04501109935744681	0.026868863333333333	23	48.93617021276596	6	33.333333333333336	0.744129155977715	0.3641483103720733	FALSE	0.527026603833762	0.921389677105633	-0.233318767789099	0.402069899208377	1.0	-0.178328071742573
F07_bin.59	D01_bin.67	d__Bacteria;p__Actinomycetota;c__Coriobacteriia;o__Coriobacteriales;f__Coriobacteriaceae;g__Collinsella;s__Collinsella sp905215825	Collinsella sp905215825	96.37	6.52	FALSE	TRUE	Predicted anaerobe	0.02561680034680851	0.005787810238888889	27	57.4468085106383	7	38.888888888888886	2.144073340933664	1.2317017064938072	FALSE	0.0407616929620969	0.391752919387072	-0.716498686483029	0.130163477645121	1.0	-0.227517544130011
F07_bin.6	F07_bin.6	d__Bacteria;p__Bacillota;c__Clostridia;o__Oscillospirales;f__Acutalibacteraceae;g__CAG-217;s__CAG-217 sp000436335	CAG-217 sp000436335	97.32	0	FALSE	TRUE	Predicted anaerobe	0.014167365212765957	0.009476796944444444	14	29.78723404255319	2	11.11111111111111	0.579596467217651	0.17264575619249178	FALSE	0.2931377909495	0.809446603353953	-0.412375680994623	0.24473567988041	1.0	-0.198402215184476
F07_bin.62	D08_bin.97	d__Bacteria;p__Bacteroidota;c__Bacteroidia;o__Bacteroidales;f__Tannerellaceae;g__Parabacteroides;s__Parabacteroides merdae	Parabacteroides merdae	90.61	0.38	FALSE	TRUE	Predicted anaerobe	0.02799677580851064	0.02560341827777778	30	63.829787234042556	11	61.111111111111114	0.12887610441797356	0.08226134324551504	FALSE	0.763179037262591	0.972133645260907	-0.103173705516308	0.749762158034424	1.0	0.043731815722586
F07_bin.72	B05_bin.113	d__Bacteria;p__Actinomycetota;c__Coriobacteriia;o__Coriobacteriales;f__Eggerthellaceae;g__Ellagibacter;s__Ellagibacter isourolithinifaciens	Ellagibacter isourolithinifaciens	93.35	0.81	FALSE	TRUE	Predicted anaerobe	0.011217219717021276	0.001146357388888889	10	21.27659574468085	1	5.555555555555555	3.2793414487422714	0.6977322231366535	FALSE	0.0012678531148178	0.0806621623298192	-2.15758563193614	0.26862951242909	1.0	-0.14930063420943
F07_bin.73	E07_bin.94	d__Bacteria;p__Bacillota;c__Clostridia;o__Lachnospirales;f__Anaerotignaceae;g__Anaerotignum_A;s__Anaerotignum_A faecicola	Anaerotignum A faecicola	83.77	0.81	FALSE	TRUE	Predicted anaerobe	0.007160068380851064	0.0134817872	18	38.297872340425535	11	61.111111111111114	-0.9120226855868002	-0.3492852838417533	FALSE	0.995178256900081	1	0.00213381279603903	0.0518408156237586	0.817336656679628	0.342251699029158
F07_bin.74	F07_bin.74	d__Bacteria;p__Bacillota;c__Clostridia;o__Lachnospirales;f__Lachnospiraceae;g__Coprococcus;s__Coprococcus aceti	Coprococcus aceti	97.99	0	FALSE	TRUE	Predicted anaerobe	0.012798753219148936	0.009770058	13	27.659574468085108	6	33.333333333333336	0.38921512706513284	0.10765524791163249	FALSE	0.28184255695796	0.801785706034003	-0.412577492996228	0.634924431722987	0.999326264769382	0.0633127251328176
F07_bin.75	G03_bin.32	d__Bacteria;p__Bacillota;c__Clostridia;o__Oscillospirales;f__Oscillospiraceae;g__Onthomonas;s__Onthomonas sp900545815	Onthomonas sp900545815	86.07	4.89	FALSE	TRUE	Predicted anaerobe	0.017297763617021275	0.011024634733333333	25	53.191489361702125	9	50.0	0.6493804476627205	0.34541513173548966	FALSE	0.134507599108266	0.623377262822132	-0.526362295067289	0.766549626080805	1.0	-0.00699271441555304
F07_bin.76	H05_bin.38	d__Bacteria;p__Bacteroidota;c__Bacteroidia;o__Bacteroidales;f__Tannerellaceae;g__Parabacteroides;s__Parabacteroides distasonis	Parabacteroides distasonis	96	1.67	FALSE	TRUE	Predicted anaerobe	0.022392497874468086	0.015614873305555556	35	74.46808510638297	12	66.66666666666667	0.5198151097733519	0.38709635834185774	FALSE	0.930862904820289	0.996432417080358	-0.0310145922908052	0.690572349732113	1.0	-0.0198867757618717
F07_bin.80	H04_bin.57	d__Bacteria;p__Bacillota;c__Clostridia;o__Oscillospirales;f__Ruminococcaceae;g__Gemmiger;s__Gemmiger formicilis	Gemmiger formicilis	85.97	0.57	FALSE	TRUE	Predicted anaerobe	0.015664983127659574	0.014226407761111112	36	76.59574468085107	13	72.22222222222223	0.13887872971261264	0.10637519722668203	FALSE	0.554880879979816	0.936541020716014	0.185114255416222	0.542837496529149	1.0	0.0891888088725609
F07_bin.86	C02_bin.89	d__Bacteria;p__Bacillota;c__Clostridia;o__Oscillospirales;f__Acutalibacteraceae;g__Hominenteromicrobium;s__Hominenteromicrobium mulieris	Hominenteromicrobium mulieris	96.22	0	FALSE	TRUE	Predicted anaerobe	0.02432708500851064	0.01753036415	30	63.829787234042556	9	50.0	0.47247767915238	0.3015814973313064	FALSE	0.503584008229909	0.912451072458387	-0.245302218192987	0.441401696910941	1.0	-0.0917818712475655
F07_bin.87	H08_bin.15	d__Bacteria;p__Bacillota;c__Clostridia;o__Lachnospirales;f__Lachnospiraceae;g__Otoolea;s__Otoolea fessa	Otoolea fessa	88.66	2.96	FALSE	TRUE	Predicted anaerobe	0.02045265079574468	0.018969224561111112	39	82.97872340425532	16	88.88888888888889	0.10857199940083075	0.09009165907728509	FALSE	0.546078638162778	0.932687625987914	-0.190045177696095	0.170195885019016	0.984277463982848	0.144667501748616
F07_bin.9	F06_bin.75	d__Bacteria;p__Bacillota;c__Clostridia;o__Oscillospirales;f__Oscillospiraceae;g__Hominicoprocola;s__Hominicoprocola fusiformis	Hominicoprocola fusiformis	87.33	1.57	FALSE	TRUE	Predicted anaerobe	0.019085523431914893	0.015415943205555555	36	76.59574468085107	15	83.33333333333333	0.3078757621831301	0.23581973273601456	FALSE	0.94874169941384	0.99690442516441	0.0222554865178322	0.122683561073452	0.924786377332756	0.160360310808415
F07_bin.93	F07_bin.93	d__Bacteria;p__Bacillota;c__Clostridia;o__Oscillospirales;f__Acutalibacteraceae;g__Pseudoruminococcus;s__Pseudoruminococcus massiliensis	Pseudoruminococcus massiliensis	96.64	0.34	FALSE	TRUE	Predicted anaerobe	0.02602060960425532	0.0002102878888888889	11	23.404255319148938	1	5.555555555555555	6.884675108100289	1.6113069401936848	FALSE	0.0245468574671559	0.296448216675059	-1.05500257060361	0.159666765834543	1.0	-0.166492698088931
F07_bin.94	A05_bin.102	d__Bacteria;p__Bacillota;c__Clostridia;o__Oscillospirales;f__Ruminococcaceae;g__Porcipelethomonas;s__Porcipelethomonas ammoniilytica	Porcipelethomonas ammoniilytica	87.97	0.22	FALSE	TRUE	Predicted anaerobe	0.007730890970212766	0.010100227944444444	7	14.893617021276595	5	27.77777777777778	-0.38524399044496327	-0.05737676453435623	FALSE	0.550686254835541	0.934449157730506	-0.243214516918656	0.324918108969945	0.967007675166733	0.130655822295802
F07_bin.95	E03_bin.16	d__Bacteria;p__Pseudomonadota;c__Alphaproteobacteria;o__RF32;f__CAG-239;g__Scatocola;s__Scatocola faecipullorum	Scatocola faecipullorum	95.7	0	FALSE	TRUE	Predicted anaerobe	0.08801227107234043	0.019097652611111113	11	23.404255319148938	2	11.11111111111111	2.2037180422706566	0.5157637971271749	FALSE	0.0267211282763202	0.308225977567497	-1.04386276669335	0.425568256022598	0.99991898455734	-0.0918861479940522
F07_bin.96	A04_bin.93	d__Bacteria;p__Bacillota;c__Clostridia;o__Oscillospirales;f__Ruminococcaceae;g__Gemmiger;s__Gemmiger qucibialis	Gemmiger qucibialis	95.96	0.68	FALSE	TRUE	Predicted anaerobe	0.021583660027659574	0.015607104238888888	36	76.59574468085107	14	77.77777777777777	0.46748082408123776	0.3580704184452034	FALSE	0.598495049627273	0.940772237633192	-0.17458056894785	0.447717279104702	1.0	0.0697446733617639
F07_bin.97	E06_bin.85	d__Bacteria;p__Bacteroidota;c__Bacteroidia;o__Bacteroidales;f__Rikenellaceae;g__Alistipes;s__Alistipes shahii	Alistipes shahii	82.07	7.76	FALSE	TRUE	Predicted anaerobe	0.07221891389361702	0.03536307477777778	36	76.59574468085107	10	55.55555555555556	1.0299248470676907	0.7888786062646141	FALSE	0.621372033026667	0.943026319703049	-0.162567901951987	0.0691923079051295	1.0	-0.186782870330253
F08_bin.10	B05_bin.47	d__Bacteria;p__Bacillota;c__Clostridia;o__Oscillospirales;f__Oscillospiraceae;g__CAG-170;s__CAG-170 sp002404795	CAG-170 sp002404795	82.95	5.48	FALSE	TRUE	Predicted anaerobe	0.02980420459361702	0.015679334111111113	32	68.08510638297872	8	44.44444444444444	0.9262157253998027	0.6306149619743338	FALSE	0.356669561865743	0.836841522175111	0.341449609142175	0.209919826586809	1.0	-0.21180012587019
F08_bin.101	D08_bin.97	d__Bacteria;p__Bacteroidota;c__Bacteroidia;o__Bacteroidales;f__Tannerellaceae;g__Parabacteroides;s__Parabacteroides merdae	Parabacteroides merdae	99.62	0.38	FALSE	TRUE	Predicted anaerobe	0.017715492787234045	0.011984776305555556	29	61.702127659574465	12	66.66666666666667	0.563419483855007	0.34764180918713194	FALSE	0.273473158096517	0.796900983280593	-0.372999575020531	0.508812676272153	1.0	0.0880319842179635
F08_bin.102	G01_bin.72	d__Bacteria;p__Bacillota_I;c__Bacilli_A;o__RF39;f__UBA660;g__CAG-302;s__CAG-302 sp000431795	CAG-302 sp000431795	90.17	1.12	FALSE	TRUE	Predicted anaerobe	0.01315878024468085	0.008741348011111112	7	14.893617021276595	5	27.77777777777778	0.5895445582309595	0.0878045086726961	FALSE	0.0431153512922621	0.403468918934958	-0.918324284338794	0.374936548301691	0.967945997651182	0.141394959488833
F08_bin.103	F02_bin.66	d__Bacteria;p__Bacteroidota;c__Bacteroidia;o__Bacteroidales;f__Rikenellaceae;g__Tidjanibacter;s__Tidjanibacter inops	Tidjanibacter inops	99.52	0	FALSE	TRUE	Predicted anaerobe	0.018914098070212767	0.028238513277777776	23	48.93617021276596	7	38.888888888888886	-0.5779503978848559	-0.2828267904542912	FALSE	0.0387917738978815	0.378428046778057	0.794270388350165	0.798193872317859	1.0	0.00184040030898522
F08_bin.12	F08_bin.12	d__Bacteria;p__Bacteroidota;c__Bacteroidia;o__Bacteroidales;f__Rikenellaceae;g__Alistipes_A;s__Alistipes_A hominis	Alistipes A hominis	100	0	FALSE	TRUE	Predicted anaerobe	0.00899643545531915	0.018695705055555557	19	40.42553191489362	5	27.77777777777778	-1.0544502071351127	-0.4262671050120668	FALSE	0.109103721666867	0.586899738179697	0.661172897795548	0.492127668766847	1.0	-0.151595640303075
F08_bin.14	G07_bin.85	d__Bacteria;p__Bacillota;c__Clostridia;o__Christensenellales;f__Aristaeellaceae;g__UBA11524;s__UBA11524 sp000437595	UBA11524 sp000437595	98.6	1.17	FALSE	TRUE	Predicted anaerobe	0.05427281481914894	0.011574943194444444	21	44.680851063829785	7	38.888888888888886	2.2282445631008536	0.9955986345769771	FALSE	0.315011304356448	0.826466231054012	-0.369612976027043	0.713735099068978	1.0	-0.0420106595823166
F08_bin.22	F08_bin.22	d__Bacteria;p__Pseudomonadota;c__Gammaproteobacteria;o__Burkholderiales;f__Burkholderiaceae_D;g__Oxalobacter;s__Oxalobacter formigenes	Oxalobacter formigenes	95.44	1.64	FALSE	TRUE	Predicted anaerobe	0.009089312712765958	0.0	7	14.893617021276595	0	0.0	9.829613769884972	1.4639850295573362	TRUE				0.302802885646602	1.0	-0.12614404707463
F08_bin.24	B09_bin.93	d__Bacteria;p__Bacillota;c__Clostridia;o__Oscillospirales;f__Oscillospiraceae;g__CAG-103;s__CAG-103 sp000432375	CAG-103 sp000432375	85.91	0.34	FALSE	TRUE	Predicted anaerobe	0.026063708568085105	0.012088350083333333	24	51.06382978723404	9	50.0	1.1077854848862423	0.565677694409996	FALSE	0.881539796394296	0.984846414163431	-0.0537113149180608	0.881221843166761	1.0	0.00984850567664081
F08_bin.25	H05_bin.34	d__Bacteria;p__Pseudomonadota;c__Gammaproteobacteria;o__Enterobacterales;f__Enterobacteriaceae;g__Escherichia;s__Escherichia coli	Escherichia coli	84.84	0.08	FALSE	FALSE	Facultative/other	0.028433319974468085	0.0016122711333333333	17	36.170212765957444	2	11.11111111111111	4.1320030044588005	1.4945542782085024	FALSE	0.17678596236252	0.685005582842001	-0.557140470391643	0.0902486496043411	1.0	-0.238360709955105
F08_bin.27	G01_bin.80	d__Bacteria;p__Bacillota;c__Clostridia;o__Lachnospirales;f__Lachnospiraceae;g__Suilimivivens;s__Suilimivivens sp000438155	Suilimivivens sp000438155	87	2.03	FALSE	TRUE	Predicted anaerobe	0.008710855021276595	0.009507345055555555	13	27.659574468085108	5	27.77777777777778	-0.1260895890921004	-0.03487584379143203	FALSE	0.275643478468821	0.796900983280593	0.411382008320109	0.757907794870394	0.99993634404357	0.0216250495282074
F08_bin.28	A07_bin.40	d__Bacteria;p__Bacillota;c__Clostridia;o__Oscillospirales;f__Butyricicoccaceae;g__Agathobaculum;s__Agathobaculum hominis	Agathobaculum hominis	89.07	4.25	FALSE	TRUE	Predicted anaerobe	0.013057764010638299	0.013957610755555554	23	48.93617021276596	7	38.888888888888886	-0.09607295347679687	-0.04701442404183676	FALSE	0.0471459746296355	0.416057975619452	0.751790763767184	0.727623821050744	1.0	-0.0272531068534199
F08_bin.30	A04_bin.93	d__Bacteria;p__Bacillota;c__Clostridia;o__Oscillospirales;f__Ruminococcaceae;g__Gemmiger;s__Gemmiger qucibialis	Gemmiger qucibialis	96.64	1.36	FALSE	TRUE	Predicted anaerobe	0.015910105572340426	0.015049751783333334	34	72.34042553191489	14	77.77777777777777	0.08015191144865229	0.057982233813918684	FALSE	0.483827127227787	0.900238809691037	-0.229023034868757	0.496659642316949	1.0	0.0857961184805602
F08_bin.31	G08_bin.17	d__Bacteria;p__Bacillota;c__Clostridia;o__Oscillospirales;f__Oscillospiraceae;g__Hominicoprocola;s__Hominicoprocola sp900317525	Hominicoprocola sp900317525	80.87	0.67	FALSE	TRUE	Predicted anaerobe	0.03740818617234042	0.022880738055555554	33	70.2127659574468	11	61.111111111111114	0.7089756465636083	0.4977914114170016	FALSE	0.932587872525474	0.996775823468346	-0.0306669756057046	0.582033034056097	1.0	-0.00551519509546883
F08_bin.34	H06_bin.61	d__Bacteria;p__Bacillota;c__Clostridia;o__Lachnospirales;f__Lachnospiraceae;g__Fusicatenibacter;s__Fusicatenibacter saccharivorans	Fusicatenibacter saccharivorans	90.19	5.56	FALSE	TRUE	Predicted anaerobe	0.029036989919148937	0.03151175622222222	44	93.61702127659575	17	94.44444444444444	-0.11795924841426478	-0.11042993468569469	FALSE	0.529882284870137	0.924015248743351	0.180562835951363	0.080844338864749	0.863881177309784	0.224174284280392
F08_bin.40	D01_bin.67	d__Bacteria;p__Actinomycetota;c__Coriobacteriia;o__Coriobacteriales;f__Coriobacteriaceae;g__Collinsella;s__Collinsella sp905215825	Collinsella sp905215825	98.39	2.42	FALSE	TRUE	Predicted anaerobe	0.024107804531914894	0.0068622102555555555	27	57.4468085106383	8	44.44444444444444	1.811252501651321	1.0405067562677803	FALSE	0.0961406059838744	0.564151806730458	-0.565969720715319	0.277965707894943	1.0	-0.174393196881735
F08_bin.41	G02_bin.41	d__Bacteria;p__Bacteroidota;c__Bacteroidia;o__Bacteroidales;f__Rikenellaceae;g__Alistipes_A;s__Alistipes_A indistinctus	Alistipes A indistinctus	91.83	0	FALSE	TRUE	Predicted anaerobe	0.021426618687234042	0.007536244794444444	30	63.829787234042556	8	44.44444444444444	1.506246553769453	0.9614339704911402	FALSE	0.0499281568273614	0.426271698900135	-0.697396671594699	0.185077751984736	1.0	-0.225545658675163
F08_bin.43	A09_bin.36	d__Bacteria;p__Bacillota;c__Clostridia;o__Oscillospirales;f__Oscillospiraceae;g__Oscillibacter;s__Oscillibacter segnis	Oscillibacter segnis	89.82	3.77	FALSE	TRUE	Predicted anaerobe	0.036523256106382976	0.044762257944444446	31	65.95744680851064	13	72.22222222222223	-0.2933947349655885	-0.1935156762538988	FALSE	0.701073291777222	0.964931101887307	0.137985425480265	0.15339164904217	0.957377302532199	0.150410093775008
F08_bin.47	B08_bin.66	d__Bacteria;p__Bacteroidota;c__Bacteroidia;o__Bacteroidales;f__Rikenellaceae;g__Alistipes;s__Alistipes communis	Alistipes communis	91.83	0.16	FALSE	TRUE	Predicted anaerobe	0.03915423565957447	0.0229296885	29	61.702127659574465	11	61.111111111111114	0.7716910015906759	0.4761497669389277	FALSE	0.641753245796629	0.94770537460665	-0.162925464000801	0.889057255585612	1.0	0.00493840314146288
F08_bin.49	G06_bin.14	d__Bacteria;p__Bacillota;c__Clostridia;o__Oscillospirales;f__Acutalibacteraceae;g__Eubacterium_R;s__Eubacterium_R sp000436835	Eubacterium R sp000436835	94.27	1.57	FALSE	TRUE	Predicted anaerobe	0.009238288531914893	0.025223682444444444	7	14.893617021276595	6	33.333333333333336	-1.4480924460444045	-0.21567334302789	FALSE	0.261437704125972	0.787792906488093	0.45193108837532	0.207391130656652	0.943016705793599	0.191196424713411
F08_bin.54	F08_bin.54	d__Bacteria;p__Pseudomonadota;c__Gammaproteobacteria;o__Enterobacterales;f__Pasteurellaceae;g__Haemophilus_D;s__Haemophilus_D sp905371285	Haemophilus D sp905371285	90.68	2.98	FALSE	FALSE	Facultative/other	0.012640184117021277	0.0023998954833333334	15	31.914893617021278	5	27.77777777777778	2.3921158992275307	0.7634412444343184	FALSE	0.0313930079903975	0.335430155137637	-0.856265198804727	0.646502134485723	1.0	-0.0575646513591217
F08_bin.55	F03_bin.40	d__Bacteria;p__Bacillota;c__Clostridia;o__Lachnospirales;f__Lachnospiraceae;g__Blautia_A;s__Blautia_A wexlerae	Blautia A wexlerae	98.25	4.94	FALSE	TRUE	Predicted anaerobe	0.04734704272765958	0.0598556315	46	97.87234042553192	18	100.0	-0.3381490052923131	-0.3309543456052426	FALSE	0.370083333099426	0.837888208066626	0.284561395075103	0.0702927191379851	0.864954968912256	0.32080577919838
F08_bin.57	A06_bin.107	d__Bacteria;p__Bacteroidota;c__Bacteroidia;o__Bacteroidales;f__Marinifilaceae;g__Odoribacter;s__Odoribacter splanchnicus	Odoribacter splanchnicus	87.06	0	FALSE	TRUE	Predicted anaerobe	0.009015238185106383	0.011343106372222222	37	78.72340425531915	14	77.77777777777777	-0.3310501817324514	-0.2606139728532064	FALSE	0.406942206992156	0.856335508584847	0.249071373489396	0.29304646765875	0.999268346728916	0.0959218643198943
F08_bin.6	B05_bin.113	d__Bacteria;p__Actinomycetota;c__Coriobacteriia;o__Coriobacteriales;f__Eggerthellaceae;g__Ellagibacter;s__Ellagibacter isourolithinifaciens	Ellagibacter isourolithinifaciens	95.66	3.02	FALSE	TRUE	Predicted anaerobe	0.013957784521276596	0.0019873981111111112	10	21.27659574468085	1	5.555555555555555	2.805909390926596	0.5970019980694885	FALSE	0.0111452348311181	0.186963017862374	-1.37921106233646	0.299263782307697	1.0	-0.110511512484813
F08_bin.66	G05_bin.67	d__Bacteria;p__Bacteroidota;c__Bacteroidia;o__Bacteroidales;f__Marinifilaceae;g__Butyricimonas;s__Butyricimonas paravirosa	Butyricimonas paravirosa	93.55	0.54	FALSE	TRUE	Predicted anaerobe	0.007096995306382979	0.010113241388888888	12	25.53191489361702	5	27.77777777777778	-0.5103596529266037	-0.13030459223657964	FALSE	0.453363505242334	0.884830200132678	0.287624634407088	0.633206662277629	0.99693166700089	0.0642034363555077
F08_bin.68	A04_bin.71	d__Bacteria;p__Bacteroidota;c__Bacteroidia;o__Bacteroidales;f__Rikenellaceae;g__Alistipes_A;s__Alistipes_A ihumii	Alistipes A ihumii	97.12	0	FALSE	TRUE	Predicted anaerobe	0.01194641505319149	0.012117647222222222	19	40.42553191489362	8	44.44444444444444	-0.020514808578438477	-0.00829322048915598	FALSE	0.83484511591053	0.983217763396128	0.0763064654158122	0.619250661635462	0.999574623110299	0.0682293676970014
F08_bin.71	D02_bin.11	d__Bacteria;p__Bacteroidota;c__Bacteroidia;o__Bacteroidales;f__Bacteroidaceae;g__Phocaeicola;s__Phocaeicola vulgatus	Phocaeicola vulgatus	93.11	4.81	FALSE	TRUE	Predicted anaerobe	0.20782680268085105	0.24904000383333333	45	95.74468085106383	17	94.44444444444444	-0.26098429127447637	-0.24987857675215824	FALSE	0.432939262526329	0.874402692510218	0.283104854711653	0.389098517981105	1.0	0.083795755660691
F08_bin.73	H05_bin.38	d__Bacteria;p__Bacteroidota;c__Bacteroidia;o__Bacteroidales;f__Tannerellaceae;g__Parabacteroides;s__Parabacteroides distasonis	Parabacteroides distasonis	99.42	0.51	FALSE	TRUE	Predicted anaerobe	0.01491803929787234	0.015965519572222222	36	76.59574468085107	12	66.66666666666667	-0.09783816355861874	-0.07493986995979307	FALSE	0.877427206843533	0.984846414163431	0.0519605201703443	0.685719336869779	1.0	-0.0255189424455951
F08_bin.81	B01_bin.9	d__Bacteria;p__Verrucomicrobiota;c__Verrucomicrobiia;o__Verrucomicrobiales;f__Akkermansiaceae;g__Akkermansia;s__Akkermansia muciniphila	Akkermansia muciniphila	96.6	0.68	FALSE	TRUE	Predicted anaerobe	0.02125038670212766	0.013806285177777777	19	40.42553191489362	6	33.333333333333336	0.62179807156079	0.25136517786500023	FALSE	0.110072682408297	0.586899738179697	-0.663608073722384	0.622181937282403	1.0	-0.085653855859734
F08_bin.84	D08_bin.21	d__Bacteria;p__Bacteroidota;c__Bacteroidia;o__Bacteroidales;f__Rikenellaceae;g__Alistipes;s__Alistipes putredinis	Alistipes putredinis	95.19	2.88	FALSE	TRUE	Predicted anaerobe	0.12685537985106382	0.15738505694444443	37	78.72340425531915	15	83.33333333333333	-0.31109180565323513	-0.24490205976956808	FALSE	0.405816920346207	0.856335508584847	0.292498652541458	0.228473810211197	0.998479719632337	0.115301104422448
F08_bin.9	B04_bin.18	d__Bacteria;p__Bacteroidota;c__Bacteroidia;o__Bacteroidales;f__Rikenellaceae;g__Alistipes;s__Alistipes onderdonkii	Alistipes onderdonkii	95.93	4.81	FALSE	TRUE	Predicted anaerobe	0.1535033655531915	0.0866298625	41	87.23404255319149	16	88.88888888888889	0.8252614100192505	0.7199088895912611	FALSE	0.176083623754904	0.685005582842001	-0.517836801283402	0.376005711988705	1.0	-0.103146254125999
F08_bin.91	E01_bin.79	d__Bacteria;p__Bacillota;c__Clostridia;o__Oscillospirales;f__Oscillospiraceae;g__Limivicinus;s__Limivicinus sp900547315	Limivicinus sp900547315	88.93	2.37	FALSE	TRUE	Predicted anaerobe	0.018098172170212767	0.0004099857388888889	7	14.893617021276595	1	5.555555555555555	5.430156778189042	0.808746754198368	FALSE	0.323002393693669	0.826466231054012	0.443357678503993	0.408380057629412	1.0	-0.0640474053183396
F08_bin.92	F06_bin.75	d__Bacteria;p__Bacillota;c__Clostridia;o__Oscillospirales;f__Oscillospiraceae;g__Hominicoprocola;s__Hominicoprocola fusiformis	Hominicoprocola fusiformis	90.72	2.87	FALSE	TRUE	Predicted anaerobe	0.01585456040212766	0.021306435994444445	36	76.59574468085107	15	83.33333333333333	-0.426158701031777	-0.3264194305775313	FALSE	0.578064333709091	0.936541020716014	0.192107914998468	0.0666808126750854	0.851894628858657	0.197093089554772
F08_bin.97	D01_bin.64	d__Bacteria;p__Bacteroidota;c__Bacteroidia;o__Bacteroidales;f__Bacteroidaceae;g__Bacteroides;s__Bacteroides uniformis	Bacteroides uniformis	88.12	3.44	FALSE	TRUE	Predicted anaerobe	0.15294216708510638	0.12836096944444444	45	95.74468085106383	18	100.0	0.25276156777704056	0.2420057563822729	FALSE	0.468259791186935	0.892521993822794	-0.258269772896374	0.43456032902406	1.0	0.0644515618733331
G01_bin.1	A04_bin.71	d__Bacteria;p__Bacteroidota;c__Bacteroidia;o__Bacteroidales;f__Rikenellaceae;g__Alistipes_A;s__Alistipes_A ihumii	Alistipes A ihumii	94.07	0	FALSE	TRUE	Predicted anaerobe	0.011257104861702128	0.02121753971111111	18	38.297872340425535	8	44.44444444444444	-0.9138203159130814	-0.34997373800926523	FALSE	0.831533810198185	0.983217763396128	0.0795348953832598	0.584126812503183	0.999536248634204	0.0800058912188005
G01_bin.10	D08_bin.21	d__Bacteria;p__Bacteroidota;c__Bacteroidia;o__Bacteroidales;f__Rikenellaceae;g__Alistipes;s__Alistipes putredinis	Alistipes putredinis	88.01	5.95	FALSE	TRUE	Predicted anaerobe	0.12365340884893618	0.27399109266666666	36	76.59574468085107	15	83.33333333333333	-1.1477629664730882	-0.8791375913410888	FALSE	0.189560616314002	0.706142210958563	0.514149034663558	0.133640697893343	0.943463628691678	0.185243570792833
G01_bin.11	G01_bin.11	d__Bacteria;p__Bacillota;c__Clostridia;o__Oscillospirales;f__CAG-272;g__Colimorpha_A;s__Colimorpha_A sp000433515	Colimorpha A sp000433515	93.36	0.34	FALSE	TRUE	Predicted anaerobe	0.004591606310638298	0.053769596583333336	8	17.02127659574468	4	22.22222222222222	-3.5468494686546186	-0.6037190584944031	FALSE	0.844295799147818	0.983217763396128	-0.0803087337531462	0.518997114870038	0.996461125132373	0.0956483047027653
G01_bin.15	G07_bin.85	d__Bacteria;p__Bacillota;c__Clostridia;o__Christensenellales;f__Aristaeellaceae;g__UBA11524;s__UBA11524 sp000437595	UBA11524 sp000437595	99.3	1.17	FALSE	TRUE	Predicted anaerobe	0.027345422563829786	0.017510251461111112	20	42.5531914893617	7	38.888888888888886	0.6428033599380252	0.2735333446544788	FALSE	0.85245367399999	0.984846414163431	-0.0690675544405518	0.754148553486212	1.0	-0.0292263782709776
G01_bin.19	C03_bin.49	d__Bacteria;p__Actinomycetota;c__Actinomycetes;o__Actinomycetales;f__Bifidobacteriaceae;g__Bifidobacterium;s__Bifidobacterium longum	Bifidobacterium longum	98.62	1.77	FALSE	TRUE	Predicted anaerobe	0.026791852619148935	0.016956537166666667	41	87.23404255319149	12	66.66666666666667	0.6596405832483646	0.5754311470889989	FALSE	0.693969651320578	0.962481766538651	-0.126377803663008	0.204092133443127	1.0	-0.141837658143376
G01_bin.20	F08_bin.12	d__Bacteria;p__Bacteroidota;c__Bacteroidia;o__Bacteroidales;f__Rikenellaceae;g__Alistipes_A;s__Alistipes_A hominis	Alistipes A hominis	96.63	0.48	FALSE	TRUE	Predicted anaerobe	0.008677428808510638	0.07068271658333333	21	44.680851063829785	6	33.333333333333336	-3.0245604275925104	-1.351399339988143	FALSE	0.065055582827449	0.486003471710943	0.791254353970243	0.596358769062069	1.0	-0.104900942842225
G01_bin.24	B01_bin.68	d__Bacteria;p__Actinomycetota;c__Coriobacteriia;o__Coriobacteriales;f__QAMH01;g__QAMH01;s__QAMH01 sp900544245	QAMH01 sp900544245	96.77	1.56	FALSE	TRUE	Predicted anaerobe	0.006698362982978723	0.01731598722222222	14	29.78723404255319	6	33.333333333333336	-1.3689048994760342	-0.4077589062269038	FALSE	0.366805314071806	0.837201345853235	0.336917038015837	0.606390058150515	0.998187328227982	0.090554143218327
G01_bin.25	E06_bin.85	d__Bacteria;p__Bacteroidota;c__Bacteroidia;o__Bacteroidales;f__Rikenellaceae;g__Alistipes;s__Alistipes shahii	Alistipes shahii	80.5	2.4	FALSE	TRUE	Predicted anaerobe	0.07132760109574468	0.06608727322222223	36	76.59574468085107	10	55.55555555555556	0.11007194641122031	0.08431042703838151	FALSE	0.920013201711803	0.995607713112347	0.0362251640931191	0.123949660786824	1.0	-0.18632288226083
G01_bin.26	G01_bin.26	d__Bacteria;p__Bacillota;c__Clostridia;o__Oscillospirales;f__Acutalibacteraceae;g__CAG-557;s__CAG-557 sp000435275	CAG-557 sp000435275	80.85	0.67	FALSE	TRUE	Predicted anaerobe	0.012600127670212765	0.03771581166666666	6	12.76595744680851	2	11.11111111111111	-1.5809690583213873	-0.2018258372325175	FALSE	0.0264730487373249	0.308225977567497	1.54912211943584	0.797795364590177	0.999555796263411	0.0151986819774839
G01_bin.30	G01_bin.30	d__Bacteria;p__Bacillota;c__Clostridia;o__Oscillospirales;f__Ruminococcaceae;g__Faecalibacterium;s__Faecalibacterium sp900539945	Faecalibacterium sp900539945	94.32	3.89	FALSE	TRUE	Predicted anaerobe	0.10483175068085106	0.07410071122222223	39	82.97872340425532	14	77.77777777777777	0.5004593741104888	0.4152747997938098	FALSE	0.255446389069979	0.787792906488093	-0.369412055234889	0.640464477439996	1.0	0.000408524569848142
G01_bin.33	G08_bin.17	d__Bacteria;p__Bacillota;c__Clostridia;o__Oscillospirales;f__Oscillospiraceae;g__Hominicoprocola;s__Hominicoprocola sp900317525	Hominicoprocola sp900317525	92.95	1.23	FALSE	TRUE	Predicted anaerobe	0.022875404893617023	0.05854905352222222	32	68.08510638297872	12	66.66666666666667	-1.3554644191887677	-0.9228693917880971	FALSE	0.57642678214327	0.936541020716014	0.202700075907387	0.401002738089446	1.0	0.0625609148842274
G01_bin.34	B06_bin.7	d__Bacteria;p__Bacteroidota;c__Bacteroidia;o__Bacteroidales;f__Rikenellaceae;g__Alistipes;s__Alistipes senegalensis	Alistipes senegalensis	86.28	4.25	FALSE	TRUE	Predicted anaerobe	0.032791948382978726	0.07626537066666667	24	51.06382978723404	8	44.44444444444444	-1.217435774566871	-0.6216693316937213	FALSE	0.178764111607811	0.685005582842001	0.534313989084652	0.809513626733184	1.0	0.0223865621854265
G01_bin.35	F03_bin.13	d__Bacteria;p__Bacteroidota;c__Bacteroidia;o__Bacteroidales;f__Rikenellaceae;g__Alistipes;s__Alistipes finegoldii	Alistipes finegoldii	98.76	8.17	FALSE	TRUE	Predicted anaerobe	0.07736462681914894	0.05097543623888889	38	80.85106382978724	13	72.22222222222223	0.6017753396046399	0.4865417639356663	FALSE	0.929029080670747	0.996153363714411	-0.0292693346193617	0.503390517303342	1.0	-0.0673361676003005
G01_bin.37	A01_bin.69	d__Bacteria;p__Actinomycetota;c__Coriobacteriia;o__Coriobacteriales;f__Eggerthellaceae;g__Anaerotardibacter;s__Anaerotardibacter sp000435675	Anaerotardibacter sp000435675	100	0.12	FALSE	TRUE	Predicted anaerobe	0.01875171065744681	0.03393336372222222	13	27.659574468085108	9	50.0	-0.8553381642080599	-0.2365828964830804	FALSE	0.112266100347869	0.592385875459096	0.657359595420785	0.103510306387987	0.86648693815982	0.313770945722031
G01_bin.40	A01_bin.49	d__Bacteria;p__Bacillota;c__Clostridia;o__Oscillospirales;f__Oscillospiraceae;g__CAG-170;s__CAG-170 sp003516765	CAG-170 sp003516765	87.01	1.68	FALSE	TRUE	Predicted anaerobe	0.03318294877659574	0.033616911166666666	25	53.191489361702125	9	50.0	-0.018739464320580896	-0.009967800170521754	FALSE	0.539376825016238	0.931555522488562	-0.22426139870726	0.87393845823607	1.0	0.000207201170306329
G01_bin.46	D01_bin.64	d__Bacteria;p__Bacteroidota;c__Bacteroidia;o__Bacteroidales;f__Bacteroidaceae;g__Bacteroides;s__Bacteroides uniformis	Bacteroides uniformis	81.36	0	FALSE	TRUE	Predicted anaerobe	0.2252615314255319	0.17952042177777777	45	95.74468085106383	18	100.0	0.3274366730123301	0.3135031975649969	FALSE	0.371920684352694	0.839181442613059	-0.343546204988085	0.689291730186012	1.0	0.0262908297359114
G01_bin.48	A01_bin.66	d__Bacteria;p__Bacillota;c__Clostridia;o__Christensenellales;f__Aristaeellaceae;g__Ventricola;s__Ventricola sp900542395	Ventricola sp900542395	90.45	4.46	FALSE	TRUE	Predicted anaerobe	0.010973597531914894	0.011220053238888889	22	46.808510638297875	5	27.77777777777778	-0.03201409981171365	-0.014985323316121284	FALSE	0.0717620938802021	0.518849370364329	-0.673029999701156	0.256325638654207	1.0	-0.199434942462923
G01_bin.52	B08_bin.66	d__Bacteria;p__Bacteroidota;c__Bacteroidia;o__Bacteroidales;f__Rikenellaceae;g__Alistipes;s__Alistipes communis	Alistipes communis	88.58	2.98	FALSE	TRUE	Predicted anaerobe	0.04195345090212766	0.03467815033333333	30	63.829787234042556	11	61.111111111111114	0.2746904098722687	0.17533430417378856	FALSE	0.819498471729479	0.983217763396128	0.082792163247699	0.814984050120928	1.0	-0.00483120300435054
G01_bin.53	A09_bin.36	d__Bacteria;p__Bacillota;c__Clostridia;o__Oscillospirales;f__Oscillospiraceae;g__Oscillibacter;s__Oscillibacter segnis	Oscillibacter segnis	95.64	2.01	FALSE	TRUE	Predicted anaerobe	0.037811804	0.0845075425	35	74.46808510638297	15	83.33333333333333	-1.1600326412562025	-0.8638540945524912	FALSE	0.754965237163756	0.971972917985348	0.109538470980353	0.0725703306643114	0.857301233256646	0.166891548303507
G01_bin.54	A09_bin.21	d__Bacteria;p__Bacillota;c__Clostridia;o__Oscillospirales;f__Oscillospiraceae;g__CAG-170;s__CAG-170 sp900545925	CAG-170 sp900545925	93.96	9.55	FALSE	TRUE	Predicted anaerobe	0.03077254614893617	0.05183704855555556	28	59.57446808510638	9	50.0	-0.7521492967904856	-0.4480889427687999	FALSE	0.841118054481903	0.983217763396128	-0.0714921154684807	0.720224225261368	1.0	-0.0279780838143054
G01_bin.63	G01_bin.63	d__Bacteria;p__Bacillota;c__Clostridia;o__Oscillospirales;f__Oscillospiraceae;g__Apopatocola;s__Apopatocola sp003522945	Apopatocola sp003522945	81.41	0.67	FALSE	TRUE	Predicted anaerobe	0.004232301046808511	0.031798670305555554	9	19.148936170212767	6	33.333333333333336	-2.9065011565935643	-0.5565640512625974	FALSE	0.2918581257151	0.809446603353953	0.431721137252305	0.259571036031634	0.953779900656515	0.183520038477621
G01_bin.67	G05_bin.13	d__Bacteria;p__Bacillota;c__Clostridia;o__Oscillospirales;f__Acutalibacteraceae;g__Ruminococcoides;s__Ruminococcoides intestinale	Ruminococcoides intestinale	97.99	0.69	FALSE	TRUE	Predicted anaerobe	0.0354654604	0.06393282037777778	28	59.57446808510638	12	66.66666666666667	-0.8499609719585247	-0.5063597279752913	FALSE	0.945203938640105	0.99690442516441	-0.028781648529637	0.294902490130808	0.997932291297919	0.145245049667958
G01_bin.68	B09_bin.93	d__Bacteria;p__Bacillota;c__Clostridia;o__Oscillospirales;f__Oscillospiraceae;g__CAG-103;s__CAG-103 sp000432375	CAG-103 sp000432375	82.21	1.34	FALSE	TRUE	Predicted anaerobe	0.01005883095531915	0.04925569643333333	24	51.06382978723404	9	50.0	-2.2906872631274227	-1.169712645001237	FALSE	0.238831589393764	0.769280010764697	0.441336534500768	0.676181076478667	1.0	0.0450114382719844
G01_bin.70	C08_bin.68	d__Bacteria;p__Bacteroidota;c__Bacteroidia;o__Bacteroidales;f__Bacteroidaceae;g__Paraprevotella;s__Paraprevotella clara	Paraprevotella clara	93.7	0	FALSE	TRUE	Predicted anaerobe	0.01091264644680851	0.04300888777777778	8	17.02127659574468	4	22.22222222222222	-1.9776477763726052	-0.33662089810597534	FALSE	0.159381018600832	0.665824546740973	0.601832792414607	0.539324652046935	0.991568881386671	0.0630711151210396
G01_bin.72	G01_bin.72	d__Bacteria;p__Bacillota_I;c__Bacilli_A;o__RF39;f__UBA660;g__CAG-302;s__CAG-302 sp000431795	CAG-302 sp000431795	94.67	0.12	FALSE	TRUE	Predicted anaerobe	0.009557070574468085	0.019023018333333332	7	14.893617021276595	5	27.77777777777778	-0.9923552222414256	-0.14779758629127615	FALSE	0.0602451089839168	0.472554065528122	-0.833896605804276	0.353708859284059	0.967965696007318	0.167059686975417
G01_bin.73	F06_bin.75	d__Bacteria;p__Bacillota;c__Clostridia;o__Oscillospirales;f__Oscillospiraceae;g__Hominicoprocola;s__Hominicoprocola fusiformis	Hominicoprocola fusiformis	95.64	8.05	FALSE	TRUE	Predicted anaerobe	0.02175151994680851	0.11800124577777778	34	72.34042553191489	14	77.77777777777777	-2.439073115345197	-1.764435870675249	FALSE	0.434247624075547	0.874402692510218	0.273070981846959	0.0774585375078917	0.86383376959085	0.167363974607781
G01_bin.74	H04_bin.57	d__Bacteria;p__Bacillota;c__Clostridia;o__Oscillospirales;f__Ruminococcaceae;g__Gemmiger;s__Gemmiger formicilis	Gemmiger formicilis	85.91	3.4	FALSE	TRUE	Predicted anaerobe	0.017626580534042553	0.02268769768888889	38	80.85106382978724	14	77.77777777777777	-0.36397509578204	-0.2942777370152664	FALSE	0.152005791114419	0.662417393630974	0.44525844254537	0.256841662100525	0.999938210065385	0.144326300533804
G01_bin.75	H05_bin.38	d__Bacteria;p__Bacteroidota;c__Bacteroidia;o__Bacteroidales;f__Tannerellaceae;g__Parabacteroides;s__Parabacteroides distasonis	Parabacteroides distasonis	97.31	1.28	FALSE	TRUE	Predicted anaerobe	0.016249862774468084	0.01510255576111111	37	78.72340425531915	13	72.22222222222223	0.10556741917615463	0.08310626615995152	FALSE	0.983539456043865	1	0.00687367518112109	0.781317119890699	1.0	0.00778743494052538
G01_bin.76	G01_bin.76	d__Bacteria;p__Pseudomonadota;c__Alphaproteobacteria;o__RF32;f__CAG-239;g__Scatacola_A;s__Scatacola_A faecigallinarum	Scatacola A faecigallinarum	96.77	0	FALSE	TRUE	Predicted anaerobe	0.012733793027659574	0.057949538833333335	8	17.02127659574468	5	27.77777777777778	-2.1852513745378492	-0.3719576807723999	FALSE	0.0947477923815753	0.559673006160933	0.741552143239936	0.35469328147909	0.970699343894663	0.152333095430596
G01_bin.78	F03_bin.1	d__Bacteria;p__Bacillota;c__Clostridia;o__Lachnospirales;f__Lachnospiraceae;g__Acetatifactor;s__Acetatifactor acetigignens	Acetatifactor acetigignens	91.86	4.77	FALSE	TRUE	Predicted anaerobe	0.015534674044680851	0.0462563016	30	63.829787234042556	16	88.88888888888889	-1.5735414132547143	-1.0043881361200304	FALSE	0.263112377603843	0.787792906488093	0.470515505055825	0.00246182570082421	0.43461165776261	0.481713243741747
G01_bin.8	A07_bin.65	d__Bacteria;p__Bacteroidota;c__Bacteroidia;o__Bacteroidales;f__Barnesiellaceae;g__Barnesiella;s__Barnesiella intestinihominis	Barnesiella intestinihominis	95.85	0.38	FALSE	TRUE	Predicted anaerobe	0.04428224248085106	0.09874880811111111	32	68.08510638297872	11	61.111111111111114	-1.1568553835849336	-0.7876462186110186	FALSE	0.908649176403683	0.989877810111322	0.0418338202587955	0.784114447877563	1.0	-0.00239880039976035
G01_bin.80	G01_bin.80	d__Bacteria;p__Bacillota;c__Clostridia;o__Lachnospirales;f__Lachnospiraceae;g__Suilimivivens;s__Suilimivivens sp000438155	Suilimivivens sp000438155	86.8	0.48	FALSE	TRUE	Predicted anaerobe	0.005834819829787234	0.020762766555555555	11	23.404255319148938	5	27.77777777777778	-1.829462911196833	-0.4281721707056418	FALSE	0.751425498423609	0.971644762115332	-0.118396917360603	0.585560324863167	0.993502355371185	0.0743410775057539
G01_bin.81	G01_bin.81	d__Bacteria;p__Bacillota;c__Clostridia;o__Lachnospirales;f__Lachnospiraceae;g__Roseburia;s__Roseburia sp000434275	Roseburia sp000434275	87.54	2.66	FALSE	TRUE	Predicted anaerobe	0.03196899911702128	0.08061427788888889	11	23.404255319148938	9	50.0	-1.3340895481240973	-0.31223372402904404	FALSE	0.970848941800739	0.998940635718584	-0.0139632087112888	0.0583921689001476	0.797273193238139	0.358443369499049
G01_bin.88	H06_bin.64	d__Bacteria;p__Bacillota;c__Clostridia;o__Oscillospirales;f__Ruminococcaceae;g__Ruminiclostridium_E;s__Ruminiclostridium_E siraeum	Ruminiclostridium E siraeum	81.99	0.34	FALSE	TRUE	Predicted anaerobe	0.012788719872340426	0.12916553255555555	13	27.659574468085108	4	22.22222222222222	-3.3352614073840976	-0.9225191126807079	FALSE	0.455048588370153	0.885565788998121	0.295454684933888	0.745563565890711	1.0	-0.0285822708227313
G01_bin.89	A04_bin.93	d__Bacteria;p__Bacillota;c__Clostridia;o__Oscillospirales;f__Ruminococcaceae;g__Gemmiger;s__Gemmiger qucibialis	Gemmiger qucibialis	92.52	3.4	FALSE	TRUE	Predicted anaerobe	0.017567928631914895	0.04916227966666666	36	76.59574468085107	14	77.77777777777777	-1.4840801666715042	-1.1367422553228543	FALSE	0.924172194410266	0.996153363714411	-0.0313170664468764	0.472584226739237	1.0	0.0839494158030057
G01_bin.9	H05_bin.43	d__Bacteria;p__Bacillota;c__Clostridia;o__Lachnospirales;f__Lachnospiraceae;g__Roseburia;s__Roseburia rectalis	Roseburia rectalis	96.62	0.87	FALSE	TRUE	Predicted anaerobe	0.015551166538297872	0.027380174077777777	36	76.59574468085107	12	66.66666666666667	-0.8157082195059977	-0.6247977851535301	FALSE	0.116146603851418	0.602133567284286	0.551518632764133	0.524456323867954	1.0	0.0852048398789451
G02_bin.1	A06_bin.107	d__Bacteria;p__Bacteroidota;c__Bacteroidia;o__Bacteroidales;f__Marinifilaceae;g__Odoribacter;s__Odoribacter splanchnicus	Odoribacter splanchnicus	95.7	0	FALSE	TRUE	Predicted anaerobe	0.011784441168085106	0.009893329488888889	34	72.34042553191489	15	83.33333333333333	0.25212151952224754	0.18238578007992376	FALSE	0.336924703923792	0.831898310564131	-0.300326578717618	0.37727158467612	1.0	0.06858919539105
G02_bin.14	G03_bin.17	d__Bacteria;p__Bacillota;c__Clostridia;o__Oscillospirales;f__Oscillospiraceae;g__Vescimonas;s__Vescimonas sp900545585	Vescimonas sp900545585	93.29	2.47	FALSE	TRUE	Predicted anaerobe	0.07213982431914893	0.038259725111111115	19	40.42553191489362	3	16.666666666666668	0.914792343576583	0.36980967080755484	FALSE	0.719619657053637	0.967807090243617	0.146742121424806	0.143881032294695	1.0	-0.263664915818799
G02_bin.18	G06_bin.24	d__Bacteria;p__Bacillota;c__Clostridia;o__Oscillospirales;f__Oscillospiraceae;g__CAG-170;s__CAG-170 sp000432135	CAG-170 sp000432135	81.13	6.15	FALSE	TRUE	Predicted anaerobe	0.03606769884893617	0.02615498388888889	29	61.702127659574465	10	55.55555555555556	0.46346995120998663	0.28597082095935344	FALSE	0.935615283670274	0.99690442516441	-0.0286724043061822	0.816053879127504	1.0	-0.00104589320566115
G02_bin.24	F02_bin.63	d__Bacteria;p__Actinomycetota;c__Actinomycetes;o__Actinomycetales;f__Bifidobacteriaceae;g__Bifidobacterium;s__Bifidobacterium bifidum	Bifidobacterium bifidum	84.66	2.65	FALSE	TRUE	Predicted anaerobe	0.01864315325531915	0.0044690726666666665	14	29.78723404255319	4	22.22222222222222	2.0581475568362424	0.6130652296959019	FALSE	0.0389495683691701	0.378428046778057	-0.841966261047979	0.585104926909344	1.0	-0.0699335102717758
G02_bin.29	F02_bin.66	d__Bacteria;p__Bacteroidota;c__Bacteroidia;o__Bacteroidales;f__Rikenellaceae;g__Tidjanibacter;s__Tidjanibacter inops	Tidjanibacter inops	94.71	0	FALSE	TRUE	Predicted anaerobe	0.020074350476595743	0.0365222235	24	51.06382978723404	7	38.888888888888886	-0.8630977589690442	-0.44073077053738424	FALSE	0.0267624850367703	0.308225977567497	0.88871838275677	0.729953834487312	1.0	-0.0284487591127298
G02_bin.31	A04_bin.93	d__Bacteria;p__Bacillota;c__Clostridia;o__Oscillospirales;f__Ruminococcaceae;g__Gemmiger;s__Gemmiger qucibialis	Gemmiger qucibialis	97.73	0.68	FALSE	TRUE	Predicted anaerobe	0.015913981365957446	0.012449120811111112	32	68.08510638297872	14	77.77777777777777	0.3539988214182216	0.24102047415708702	FALSE	0.0736796173779448	0.518849370364329	-0.597367558127902	0.565249398621779	1.0	0.0510637348546663
G02_bin.32	B01_bin.9	d__Bacteria;p__Verrucomicrobiota;c__Verrucomicrobiia;o__Verrucomicrobiales;f__Akkermansiaceae;g__Akkermansia;s__Akkermansia muciniphila	Akkermansia muciniphila	97.96	1.36	FALSE	TRUE	Predicted anaerobe	0.03110882598510638	0.04373213503888889	19	40.42553191489362	7	38.888888888888886	-0.4912360065346659	-0.19858476859912025	FALSE	0.485025855508206	0.900238809691037	-0.308857507435489	0.826149595243109	1.0	0.000249755379721235
G02_bin.33	H07_bin.63	d__Bacteria;p__Bacteroidota;c__Bacteroidia;o__Bacteroidales;f__Bacteroidaceae;g__Bacteroides;s__Bacteroides thetaiotaomicron	Bacteroides thetaiotaomicron	85.11	1	FALSE	TRUE	Predicted anaerobe	0.13378412985106383	0.07330220288888889	43	91.48936170212765	14	77.77777777777777	0.8678895583816312	0.7940266172427689	FALSE	0.451799437661804	0.884830200132678	-0.266513080263258	0.26996616574953	1.0	-0.0704486941031376
G02_bin.35	B04_bin.53	d__Bacteria;p__Bacillota;c__Clostridia;o__Oscillospirales;f__Oscillospiraceae;g__Lawsonibacter;s__Lawsonibacter asaccharolyticus	Lawsonibacter asaccharolyticus	86.91	3.36	FALSE	TRUE	Predicted anaerobe	0.02287881894042553	0.01796588588888889	40	85.1063829787234	16	88.88888888888889	0.3485801505532105	0.29666395791762595	FALSE	0.749812664934597	0.971644762115332	-0.0951727354780461	0.582357848366106	1.0	0.0614990043800502
G02_bin.39	F07_bin.6	d__Bacteria;p__Bacillota;c__Clostridia;o__Oscillospirales;f__Acutalibacteraceae;g__CAG-217;s__CAG-217 sp000436335	CAG-217 sp000436335	95.55	0	FALSE	TRUE	Predicted anaerobe	0.01397846740425532	0.013664751166666668	14	29.78723404255319	2	11.11111111111111	0.03272332632623098	0.009747373799302843	FALSE	0.191005154749002	0.707514927382762	-0.527818648638871	0.307710560686941	1.0	-0.198850891319466
G02_bin.40	H05_bin.34	d__Bacteria;p__Pseudomonadota;c__Gammaproteobacteria;o__Enterobacterales;f__Enterobacteriaceae;g__Escherichia;s__Escherichia coli	Escherichia coli	98.03	0.08	FALSE	FALSE	Facultative/other	0.0486944848	0.0008256110555555556	16	34.04255319148936	1	5.555555555555555	5.865079234141113	1.9966227180054854	FALSE	0.0385728180112966	0.378428046778057	-0.915510753527807	0.0598118875955101	1.0	-0.312266353995887
G02_bin.41	G02_bin.41	d__Bacteria;p__Bacteroidota;c__Bacteroidia;o__Bacteroidales;f__Rikenellaceae;g__Alistipes_A;s__Alistipes_A indistinctus	Alistipes A indistinctus	99.52	0	FALSE	TRUE	Predicted anaerobe	0.013287925836170212	0.00688765765	28	59.57446808510638	8	44.44444444444444	0.9470228060548088	0.564183799351801	FALSE	0.235232023713861	0.764231036679804	-0.413742572452478	0.403543266231054	1.0	-0.138032369641656
G02_bin.42	G02_bin.42	d__Bacteria;p__Bacillota;c__Clostridia;o__Oscillospirales;f__Oscillospiraceae;g__Scatomorpha;s__	Scatomorpha	83.51	1.25	FALSE	TRUE	Predicted anaerobe	0.005655703406382978	0.0003871549444444445	7	14.893617021276595	1	5.555555555555555	3.8344812105375916	0.5710929462502796	FALSE	0.0714360095671142	0.518849370364329	-1.04531141704128	0.525799729573996	0.998775657483138	-0.0572102900732941
G02_bin.44	G08_bin.17	d__Bacteria;p__Bacillota;c__Clostridia;o__Oscillospirales;f__Oscillospiraceae;g__Hominicoprocola;s__Hominicoprocola sp900317525	Hominicoprocola sp900317525	82.55	1.68	FALSE	TRUE	Predicted anaerobe	0.04176772738297872	0.024774210055555555	32	68.08510638297872	11	61.111111111111114	0.7533127384056273	0.5128937793400016	FALSE	0.91830053270335	0.995607713112347	-0.0366900478148649	0.73364234848904	1.0	0.0432208701667047
G02_bin.47	C03_bin.49	d__Bacteria;p__Actinomycetota;c__Actinomycetes;o__Actinomycetales;f__Bifidobacteriaceae;g__Bifidobacterium;s__Bifidobacterium longum	Bifidobacterium longum	93.66	2.43	FALSE	TRUE	Predicted anaerobe	0.02657022045319149	0.014753953333333333	41	87.23404255319149	12	66.66666666666667	0.8482739876467021	0.7399836913513785	FALSE	0.52233871677322	0.920452348649719	-0.208801624831418	0.168380447658648	1.0	-0.189098559670446
G02_bin.49	H05_bin.38	d__Bacteria;p__Bacteroidota;c__Bacteroidia;o__Bacteroidales;f__Tannerellaceae;g__Parabacteroides;s__Parabacteroides distasonis	Parabacteroides distasonis	97.5	0.19	FALSE	TRUE	Predicted anaerobe	0.013982487393617021	0.026035741055555554	36	76.59574468085107	14	77.77777777777777	-0.8963950373965468	-0.6866004541760784	FALSE	0.605345205979136	0.941943598813799	0.192095921463835	0.427993397332036	1.0	0.075201371218777
G02_bin.5	D08_bin.21	d__Bacteria;p__Bacteroidota;c__Bacteroidia;o__Bacteroidales;f__Rikenellaceae;g__Alistipes;s__Alistipes putredinis	Alistipes putredinis	89.82	0.96	FALSE	TRUE	Predicted anaerobe	0.13919075031914893	0.23569453333333334	36	76.59574468085107	15	83.33333333333333	-0.7598125187655038	-0.5819840569267689	FALSE	0.203603804803414	0.736494903547362	0.499815963882896	0.162525160594961	0.977955677663038	0.162194502909223
G02_bin.50	C01_bin.57	d__Bacteria;p__Pseudomonadota;c__Gammaproteobacteria;o__Burkholderiales;f__Burkholderiaceae_F;g__Parasutterella;s__Parasutterella gallistercoris	Parasutterella gallistercoris	95.78	1.56	FALSE	TRUE	Predicted anaerobe	0.00795531044680851	0.008595446444444444	9	19.148936170212767	3	16.666666666666668	-0.11151944852584976	-0.021354788015588252	FALSE	0.747804569064963	0.971644762115332	0.128901689555808	0.719540709726628	0.996219648843388	0.0195841859611975
G02_bin.52	E06_bin.85	d__Bacteria;p__Bacteroidota;c__Bacteroidia;o__Bacteroidales;f__Rikenellaceae;g__Alistipes;s__Alistipes shahii	Alistipes shahii	87.1	5.9	FALSE	TRUE	Predicted anaerobe	0.07942026504255319	0.03345261483333333	36	76.59574468085107	10	55.55555555555556	1.2471386325268894	0.9552551227865536	FALSE	0.66135777182984	0.947865487459929	-0.147798333101276	0.0623154535693169	1.0	-0.197044800832614
G02_bin.57	D01_bin.64	d__Bacteria;p__Bacteroidota;c__Bacteroidia;o__Bacteroidales;f__Bacteroidaceae;g__Bacteroides;s__Bacteroides uniformis	Bacteroides uniformis	92.66	0.74	FALSE	TRUE	Predicted anaerobe	0.18208850472340424	0.14460116111111113	45	95.74468085106383	18	100.0	0.3325401718674446	0.318389526256064	FALSE	0.568997248864836	0.936541020716014	-0.198133912106695	0.378478016522068	1.0	0.112215149272745
G02_bin.60	C07_bin.89	d__Bacteria;p__Desulfobacterota;c__Desulfovibrionia;o__Desulfovibrionales;f__Desulfovibrionaceae;g__Bilophila;s__Bilophila wadsworthia	Bilophila wadsworthia	97.63	1.18	FALSE	TRUE	Predicted anaerobe	0.00865402865319149	0.008128498688888888	25	53.191489361702125	10	55.55555555555556	0.09027532947357933	0.0480187922731805	FALSE	0.818626425269033	0.983217763396128	-0.0796890113711845	0.751353983532819	1.0	0.0377730709735854
G02_bin.62	A04_bin.71	d__Bacteria;p__Bacteroidota;c__Bacteroidia;o__Bacteroidales;f__Rikenellaceae;g__Alistipes_A;s__Alistipes_A ihumii	Alistipes A ihumii	100	0	FALSE	TRUE	Predicted anaerobe	0.02173189789148936	0.010512352261111111	18	38.297872340425535	7	38.888888888888886	1.047020627758974	0.4009866233970539	FALSE	0.0414715687012107	0.396432522315875	-0.832940473260417	0.782007381176808	1.0	0.0239283492413969
G02_bin.63	D01_bin.67	d__Bacteria;p__Actinomycetota;c__Coriobacteriia;o__Coriobacteriales;f__Coriobacteriaceae;g__Collinsella;s__Collinsella sp905215825	Collinsella sp905215825	92.74	0.81	FALSE	TRUE	Predicted anaerobe	0.02890130630851064	0.006583552366666667	32	68.08510638297872	7	38.888888888888886	2.1325059445029506	1.4519189409381792	FALSE	0.336650530100917	0.831898310564131	-0.320831478600221	0.0591298909007392	1.0	-0.362816691556304
G02_bin.64	C02_bin.89	d__Bacteria;p__Bacillota;c__Clostridia;o__Oscillospirales;f__Acutalibacteraceae;g__Hominenteromicrobium;s__Hominenteromicrobium mulieris	Hominenteromicrobium mulieris	85.37	0.11	FALSE	TRUE	Predicted anaerobe	0.012060655155319148	0.010360255638888888	31	65.95744680851064	11	61.111111111111114	0.2190525242390278	0.14448145215765662	FALSE	0.291300591402616	0.809446603353953	-0.366410377174484	0.663386402898878	1.0	-0.0579242804913945
G02_bin.66	D06_bin.95	d__Bacteria;p__Actinomycetota;c__Coriobacteriia;o__Coriobacteriales;f__Eggerthellaceae;g__Anaerotardibacter;s__Anaerotardibacter sp958409415	Anaerotardibacter sp958409415	100	0.12	FALSE	TRUE	Predicted anaerobe	0.00988385559574468	0.02296871344444444	5	10.638297872340425	6	33.333333333333336	-1.2156932770412803	-0.12932907202566812	FALSE	0.649130056977344	0.947865487459929	-0.193213336865251	0.132508285397742	0.875898914918991	0.297487742592592
G02_bin.67	E07_bin.69	d__Bacteria;p__Bacillota;c__Clostridia;o__Oscillospirales;f__Oscillospiraceae;g__Oscillibacter;s__Oscillibacter welbionis	Oscillibacter welbionis	81.98	3.24	FALSE	TRUE	Predicted anaerobe	0.025242920768085108	0.02695656711111111	41	87.23404255319149	15	83.33333333333333	-0.09472161528621911	-0.08262949418585072	FALSE	0.741422046463904	0.970581684045969	0.116429116996028	0.830926961272313	1.0	0.0256611049387877
G02_bin.7	F06_bin.46	d__Bacteria;p__Bacillota;c__Bacilli;o__Lactobacillales;f__Streptococcaceae;g__Streptococcus;s__Streptococcus thermophilus	Streptococcus thermophilus	97.75	0	FALSE	FALSE	Facultative/other	0.009299921885106383	0.004816667516666666	16	34.04255319148936	5	27.77777777777778	0.9477416122499627	0.3226354424680724	FALSE	0.99607999255286	1	-0.00187628946188748	0.70684856698323	1.0	-0.0206380460121695
G02_bin.9	F03_bin.13	d__Bacteria;p__Bacteroidota;c__Bacteroidia;o__Bacteroidales;f__Rikenellaceae;g__Alistipes;s__Alistipes finegoldii	Alistipes finegoldii	82.47	4.81	FALSE	TRUE	Predicted anaerobe	0.10350350993617022	0.03531328294444445	37	78.72340425531915	13	72.22222222222223	1.5511277332030229	1.221100555925784	FALSE	0.604156863801572	0.941943598813799	-0.175750220849554	0.528243482977842	1.0	-0.0383062866651336
G03_bin.10	C03_bin.49	d__Bacteria;p__Actinomycetota;c__Actinomycetes;o__Actinomycetales;f__Bifidobacteriaceae;g__Bifidobacterium;s__Bifidobacterium longum	Bifidobacterium longum	95.51	0.46	FALSE	TRUE	Predicted anaerobe	0.02567623175319149	0.01361900075	42	89.36170212765957	12	66.66666666666667	0.914315467476938	0.8170478645538595	FALSE	0.48561402136078	0.900238809691037	-0.221119030600558	0.130282479402309	1.0	-0.174056565597741
G03_bin.101	F08_bin.12	d__Bacteria;p__Bacteroidota;c__Bacteroidia;o__Bacteroidales;f__Rikenellaceae;g__Alistipes_A;s__Alistipes_A hominis	Alistipes A hominis	97.33	0.96	FALSE	TRUE	Predicted anaerobe	0.008681830436170213	0.018552262333333333	20	42.5531914893617	5	27.77777777777778	-1.0946406189035398	-0.4658045186823574	FALSE	0.0791613890846685	0.527337961563962	0.72690957545397	0.446142014115036	1.0	-0.17230101367023
G03_bin.106	G03_bin.106	d__Bacteria;p__Bacteroidota;c__Bacteroidia;o__Bacteroidales;f__Bacteroidaceae;g__Bacteroides;s__Bacteroides eggerthii	Bacteroides eggerthii	96.08	0.5	FALSE	TRUE	Predicted anaerobe	0.5048299540851063	0.10487525777777777	16	34.04255319148936	3	16.666666666666668	2.26701417959408	0.7717495079469209	FALSE	0.26499733195947	0.789221534713463	0.457896725074928	0.2241037647459	1.0	-0.131345583930949
G03_bin.109	E06_bin.63	d__Bacteria;p__Bacillota;c__Clostridia;o__Lachnospirales;f__Lachnospiraceae;g__Eubacterium_F;s__Eubacterium_F sp003491505	Eubacterium F sp003491505	88.37	4.3	FALSE	TRUE	Predicted anaerobe	0.01765706345744681	0.017186891111111113	35	74.46808510638297	11	61.111111111111114	0.03891448615172033	0.028978872666174712	FALSE	0.85814654218426	0.984846414163431	0.0564736768377771	0.508163212027058	1.0	-0.015172123527936
G03_bin.111	B03_bin.77	d__Bacteria;p__Bacillota;c__Clostridia;o__Oscillospirales;f__Ruminococcaceae;g__Faecalibacterium;s__Faecalibacterium duncaniae	Faecalibacterium duncaniae	85.15	8.93	FALSE	TRUE	Predicted anaerobe	0.16032060992553193	0.11045179838888888	40	85.1063829787234	17	94.44444444444444	0.5375023668629156	0.45744882286205585	FALSE	0.995488402470157	1	-0.00207992809719111	0.09103194441008	0.874798381040432	0.1893775845187
G03_bin.12	B01_bin.9	d__Bacteria;p__Verrucomicrobiota;c__Verrucomicrobiia;o__Verrucomicrobiales;f__Akkermansiaceae;g__Akkermansia;s__Akkermansia muciniphila	Akkermansia muciniphila	93.2	0	FALSE	TRUE	Predicted anaerobe	0.017923814191489362	0.015651867277777776	19	40.42553191489362	6	33.333333333333336	0.19542612803405898	0.07900205175844938	FALSE	0.172474440632035	0.682983419696568	-0.557457678415883	0.670020636373279	1.0	-0.065787754537241
G03_bin.14	F02_bin.63	d__Bacteria;p__Actinomycetota;c__Actinomycetes;o__Actinomycetales;f__Bifidobacteriaceae;g__Bifidobacterium;s__Bifidobacterium bifidum	Bifidobacterium bifidum	99.08	4.88	FALSE	TRUE	Predicted anaerobe	0.024231683236170212	0.004112761444444444	16	34.04255319148936	4	22.22222222222222	2.555806986688435	0.8700619529152119	FALSE	0.164480283883146	0.67061543604847	-0.546809883217825	0.427612824892262	1.0	-0.111810678851631
G03_bin.17	G03_bin.17	d__Bacteria;p__Bacillota;c__Clostridia;o__Oscillospirales;f__Oscillospiraceae;g__Vescimonas;s__Vescimonas sp900545585	Vescimonas sp900545585	85.72	0.78	FALSE	TRUE	Predicted anaerobe	0.03582287359574468	0.08381008866666667	17	36.170212765957444	3	16.666666666666668	-1.226012303333723	-0.4434512586526232	FALSE	0.224883238258868	0.764231036679804	0.563797342265574	0.287007464313193	1.0	-0.191823811984638
G03_bin.20	G05_bin.22	d__Bacteria;p__Bacillota;c__Clostridia;o__Christensenellales;f__CAG-138;g__PeH17;s__PeH17 sp000435055	PeH17 sp000435055	84.48	0.93	FALSE	TRUE	Predicted anaerobe	0.017651053595744683	0.007386802377777778	22	46.808510638297875	8	44.44444444444444	1.2555977750486549	0.5877266181078811	FALSE	0.15938744686995	0.665824546740973	-0.573549790491564	0.726231547333399	1.0	-0.0570766748604317
G03_bin.28	H05_bin.43	d__Bacteria;p__Bacillota;c__Clostridia;o__Lachnospirales;f__Lachnospiraceae;g__Roseburia;s__Roseburia rectalis	Roseburia rectalis	97.87	0.68	FALSE	TRUE	Predicted anaerobe	0.016535319619148937	0.022545233416666668	36	76.59574468085107	12	66.66666666666667	-0.44703905449775666	-0.3424128928067923	FALSE	0.178334605444623	0.685005582842001	0.45580880861692	0.627452451149854	1.0	0.0735772495573386
G03_bin.31	H03_bin.22	d__Bacteria;p__Bacillota;c__Clostridia;o__Oscillospirales;f__Oscillospiraceae;g__Faecousia;s__Faecousia sp000434635	Faecousia sp000434635	95.52	4.34	FALSE	TRUE	Predicted anaerobe	0.018952780380851065	0.0087148695	24	51.06382978723404	7	38.888888888888886	1.119965054249479	0.5718970489784573	FALSE	0.955197728087271	0.99690442516441	0.0197196867300861	0.396196212689649	1.0	-0.114557247820453
G03_bin.32	G03_bin.32	d__Bacteria;p__Bacillota;c__Clostridia;o__Oscillospirales;f__Oscillospiraceae;g__Onthomonas;s__Onthomonas sp900545815	Onthomonas sp900545815	83.79	4.14	FALSE	TRUE	Predicted anaerobe	0.020225898831914894	0.011621924222222222	28	59.57446808510638	9	50.0	0.7988271558494945	0.4758970290167201	FALSE	0.417402777185632	0.862955974227969	-0.271787676261222	0.546957716410126	1.0	-0.0606765846132956
G03_bin.33	H06_bin.61	d__Bacteria;p__Bacillota;c__Clostridia;o__Lachnospirales;f__Lachnospiraceae;g__Fusicatenibacter;s__Fusicatenibacter saccharivorans	Fusicatenibacter saccharivorans	96.41	1.9	FALSE	TRUE	Predicted anaerobe	0.029702898542553192	0.03774355211111111	44	93.61702127659575	17	94.44444444444444	-0.34552304005795764	-0.32346837792659866	FALSE	0.547350093757571	0.933962060173668	0.166086960359893	0.10304180724913	0.890284067415518	0.208027763294872
G03_bin.38	G01_bin.63	d__Bacteria;p__Bacillota;c__Clostridia;o__Oscillospirales;f__Oscillospiraceae;g__Apopatocola;s__Apopatocola sp003522945	Apopatocola sp003522945	82.12	4.42	FALSE	TRUE	Predicted anaerobe	0.007464810382978723	0.01584603581111111	9	19.148936170212767	6	33.333333333333336	-1.0849232386248773	-0.20775125846008288	FALSE	0.13704114145344	0.624767050010809	0.610425857302341	0.286443080442789	0.956541425136775	0.187988362002535
G03_bin.40	A04_bin.93	d__Bacteria;p__Bacillota;c__Clostridia;o__Oscillospirales;f__Ruminococcaceae;g__Gemmiger;s__Gemmiger qucibialis	Gemmiger qucibialis	95.55	0.68	FALSE	TRUE	Predicted anaerobe	0.023871750095744684	0.011715273255555556	34	72.34042553191489	14	77.77777777777777	1.0262870187500517	0.7424203965425906	FALSE	0.308901048492594	0.822194706915915	-0.334433809616099	0.433323953433363	1.0	0.076795275699705
G03_bin.48	D07_bin.25	d__Bacteria;p__Actinomycetota;c__Coriobacteriia;o__Coriobacteriales;f__Eggerthellaceae;g__Adlercreutzia;s__Adlercreutzia rubneri	Adlercreutzia rubneri	89.25	0.16	FALSE	TRUE	Predicted anaerobe	0.012244287255319149	0.019885005105555555	27	57.4468085106383	14	77.77777777777777	-0.6991196939218369	-0.40162195182743826	FALSE	0.237171745892425	0.767779939643785	0.4450487011544	0.0232114176007244	0.773950872316073	0.340038056694761
G03_bin.56	G07_bin.107	d__Bacteria;p__Bacillota;c__Clostridia;o__Lachnospirales;f__Lachnospiraceae;g__Roseburia;s__Roseburia faecis	Roseburia faecis	95.9	5.22	FALSE	TRUE	Predicted anaerobe	0.028577363234042554	0.05423359766666667	36	76.59574468085107	15	83.33333333333333	-0.924075308735704	-0.707802364137986	FALSE	0.400353049836678	0.856335508584847	0.261397064223605	0.0873871139441577	0.87438827752746	0.172240167523359
G03_bin.62	G03_bin.62	d__Bacteria;p__Bacillota;c__Clostridia;o__Oscillospirales;f__Ruminococcaceae;g__Merdivicinus;s__Merdivicinus sp934539585	Merdivicinus sp934539585	97.32	1.07	FALSE	TRUE	Predicted anaerobe	0.014994057191489362	0.0007586781111111111	6	12.76595744680851	1	5.555555555555555	4.2868292702242545	0.5472548004541601	FALSE	0.119555479077438	0.602133567284286	-0.998996285898898	0.574166903761536	0.997244185278043	-0.0444314284510618
G03_bin.63	C07_bin.89	d__Bacteria;p__Desulfobacterota;c__Desulfovibrionia;o__Desulfovibrionales;f__Desulfovibrionaceae;g__Bilophila;s__Bilophila wadsworthia	Bilophila wadsworthia	91.72	0	FALSE	TRUE	Predicted anaerobe	0.011576717659574468	0.0010386002777777778	14	29.78723404255319	1	5.555555555555555	3.465935192462127	1.0324062275419101	FALSE	0.00811327301907576	0.161486168340678	1.29550194409161	0.126346401656909	0.997796600680703	-0.232742577094614
G03_bin.69	F06_bin.75	d__Bacteria;p__Bacillota;c__Clostridia;o__Oscillospirales;f__Oscillospiraceae;g__Hominicoprocola;s__Hominicoprocola fusiformis	Hominicoprocola fusiformis	86.58	4.25	FALSE	TRUE	Predicted anaerobe	0.03828991771276596	0.02194572122222222	36	76.59574468085107	15	83.33333333333333	0.8027443662793372	0.614868025235237	FALSE	0.919694747117842	0.995607713112347	-0.0310214806156356	0.0515115547635447	0.836141164393754	0.151239027334391
G03_bin.76	G03_bin.76	d__Bacteria;p__Bacillota;c__Clostridia;o__Oscillospirales;f__CAG-272;g__Flemingiibacterium;s__Flemingiibacterium sp900546315	Flemingiibacterium sp900546315	84.71	0.17	FALSE	TRUE	Predicted anaerobe	0.018464512521276597	0.008951775888888888	34	72.34042553191489	8	44.44444444444444	1.0436797431846412	0.755002367410166	FALSE	0.822966756334656	0.983217763396128	0.0775064550795046	0.0539093318211166	1.0	-0.348243360423771
G03_bin.78	A09_bin.16	d__Bacteria;p__Bacillota;c__Clostridia;o__Oscillospirales;f__Oscillospiraceae;g__CAG-103;s__CAG-103 sp900317855	CAG-103 sp900317855	91.95	3.49	FALSE	TRUE	Predicted anaerobe	0.02623155565319149	0.0015080439833333333	20	42.5531914893617	2	11.11111111111111	4.1115677517413305	1.749603298613332	FALSE	0.256418896843951	0.787792906488093	-0.433433991066736	0.0402884043830499	0.992153780870923	-0.395183253972863
G03_bin.79	H04_bin.57	d__Bacteria;p__Bacillota;c__Clostridia;o__Oscillospirales;f__Ruminococcaceae;g__Gemmiger;s__Gemmiger formicilis	Gemmiger formicilis	93.88	1.36	FALSE	TRUE	Predicted anaerobe	0.03319849828723404	0.016643783666666665	38	80.85106382978724	13	72.22222222222223	0.9957024960552034	0.8050360606403772	FALSE	0.366302736983751	0.837128877065693	0.275331866007051	0.511486306573089	1.0	0.0782727889164202
G03_bin.8	F02_bin.29	d__Bacteria;p__Bacillota;c__Clostridia;o__Oscillospirales;f__Oscillospiraceae;g__Vescimonas;s__Vescimonas cirricatena	Vescimonas cirricatena	87.58	2.18	FALSE	TRUE	Predicted anaerobe	0.03703006667021277	0.013981337966666667	21	44.680851063829785	8	44.44444444444444	1.4045527639269721	0.6275661285631152	FALSE	0.0513896403449541	0.430994247798719	-0.822170367050876	0.846967484387617	1.0	0.0064251045854882
G03_bin.82	G07_bin.85	d__Bacteria;p__Bacillota;c__Clostridia;o__Christensenellales;f__Aristaeellaceae;g__UBA11524;s__UBA11524 sp000437595	UBA11524 sp000437595	84.03	3.75	FALSE	TRUE	Predicted anaerobe	0.051552403461702125	0.0058644261055555555	19	40.42553191489362	7	38.888888888888886	3.1337996916938113	1.2668551945145194	FALSE	0.114595102376015	0.59926497654281	-0.593118209134538	0.797391643564793	1.0	-0.0162591486343542
G03_bin.9	A01_bin.66	d__Bacteria;p__Bacillota;c__Clostridia;o__Christensenellales;f__Aristaeellaceae;g__Ventricola;s__Ventricola sp900542395	Ventricola sp900542395	95.11	2.16	FALSE	TRUE	Predicted anaerobe	0.015136551561702127	0.003362327261111111	22	46.808510638297875	5	27.77777777777778	2.167172918727861	1.0144213662130415	FALSE	0.0838113680873642	0.536188191314732	-0.638751678903002	0.227568874396749	1.0	-0.228647747681474
G03_bin.93	D08_bin.21	d__Bacteria;p__Bacteroidota;c__Bacteroidia;o__Bacteroidales;f__Rikenellaceae;g__Alistipes;s__Alistipes putredinis	Alistipes putredinis	93.03	1.44	FALSE	TRUE	Predicted anaerobe	0.11374658184042553	0.14022030133333332	36	76.59574468085107	15	83.33333333333333	-0.3018481037857198	-0.23120280289970027	FALSE	0.235357828081473	0.764231036679804	0.400866848263955	0.140057856365809	0.949691690593447	0.143430939679096
G03_bin.97	H06_bin.64	d__Bacteria;p__Bacillota;c__Clostridia;o__Oscillospirales;f__Ruminococcaceae;g__Ruminiclostridium_E;s__Ruminiclostridium_E siraeum	Ruminiclostridium E siraeum	93.96	0	FALSE	TRUE	Predicted anaerobe	0.013995364772340426	0.006775351005555556	20	42.5531914893617	7	38.888888888888886	1.0454842060004665	0.4448868961704113	FALSE	0.51324696821289	0.915299006502024	-0.243766802717734	0.775541430175568	1.0	-0.028438168210145
G04_bin.103	A04_bin.93	d__Bacteria;p__Bacillota;c__Clostridia;o__Oscillospirales;f__Ruminococcaceae;g__Gemmiger;s__Gemmiger qucibialis	Gemmiger qucibialis	93.73	0.68	FALSE	TRUE	Predicted anaerobe	0.0156630891106383	0.013511870127777778	35	74.46808510638297	14	77.77777777777777	0.21299486213244537	0.1586131952050125	FALSE	0.415770532914724	0.862590440516194	-0.267114711677355	0.471904642754203	1.0	0.0830772602632665
G04_bin.12	F02_bin.66	d__Bacteria;p__Bacteroidota;c__Bacteroidia;o__Bacteroidales;f__Rikenellaceae;g__Tidjanibacter;s__Tidjanibacter inops	Tidjanibacter inops	99.04	0.51	FALSE	TRUE	Predicted anaerobe	0.029645181076595743	0.03369967844444444	24	51.06382978723404	7	38.888888888888886	-0.1848786845541222	-0.09440613679359432	FALSE	0.451922547599588	0.884830200132678	0.27885233816472	0.613331363212759	1.0	-0.077419443492336
G04_bin.15	G03_bin.17	d__Bacteria;p__Bacillota;c__Clostridia;o__Oscillospirales;f__Oscillospiraceae;g__Vescimonas;s__Vescimonas sp900545585	Vescimonas sp900545585	91.3	3.75	FALSE	TRUE	Predicted anaerobe	0.031794116417021276	0.03367339691666667	18	38.297872340425535	4	22.22222222222222	-0.08282413314875824	-0.03171988078037549	FALSE	0.996401299493795	1	-0.001882670645163	0.367390189244386	1.0	-0.176496742545352
G04_bin.17	B08_bin.66	d__Bacteria;p__Bacteroidota;c__Bacteroidia;o__Bacteroidales;f__Rikenellaceae;g__Alistipes;s__Alistipes communis	Alistipes communis	98.8	0.48	FALSE	TRUE	Predicted anaerobe	0.04346108372340426	0.049427471216666664	29	61.702127659574465	12	66.66666666666667	-0.18554888752802717	-0.11448761145346358	FALSE	0.688826197082032	0.960574885028904	0.158782133777226	0.587425036857367	1.0	0.0564081479095626
G04_bin.2	A06_bin.107	d__Bacteria;p__Bacteroidota;c__Bacteroidia;o__Bacteroidales;f__Marinifilaceae;g__Odoribacter;s__Odoribacter splanchnicus	Odoribacter splanchnicus	93.55	0	FALSE	TRUE	Predicted anaerobe	0.012842753640425532	0.010347624105555555	36	76.59574468085107	15	83.33333333333333	0.31138437612008485	0.23850718170900115	FALSE	0.614576076385996	0.943026319703049	-0.156645299066627	0.511905129555685	1.0	0.0636689153458123
G04_bin.28	B01_bin.9	d__Bacteria;p__Verrucomicrobiota;c__Verrucomicrobiia;o__Verrucomicrobiales;f__Akkermansiaceae;g__Akkermansia;s__Akkermansia muciniphila	Akkermansia muciniphila	97.96	0	FALSE	TRUE	Predicted anaerobe	0.029413150478723404	0.04579652233888889	20	42.5531914893617	7	38.888888888888886	-0.6386013054788532	-0.27174523637398007	FALSE	0.961073494432607	0.997964486761695	-0.0221484403221317	0.857261114238243	1.0	-0.0221804597544833
G04_bin.29	C04_bin.103	d__Bacteria;p__Bacillota;c__Clostridia;o__Oscillospirales;f__Acutalibacteraceae;g__CAG-177;s__CAG-177 sp003514385	CAG-177 sp003514385	97.27	0	FALSE	TRUE	Predicted anaerobe	0.023083201070212767	0.0105596375	13	27.659574468085108	3	16.666666666666668	1.1275422681372713	0.31187339331456443	FALSE	0.15150015219441	0.661836045704325	0.5803414525897	0.558953299554454	1.0	-0.0580760150983172
G04_bin.3	B04_bin.18	d__Bacteria;p__Bacteroidota;c__Bacteroidia;o__Bacteroidales;f__Rikenellaceae;g__Alistipes;s__Alistipes onderdonkii	Alistipes onderdonkii	98.56	2.64	FALSE	TRUE	Predicted anaerobe	0.11708537759574468	0.09578835461111111	41	87.23404255319149	15	83.33333333333333	0.289611343570936	0.2526396826895399	FALSE	0.535334074463916	0.930424227171889	-0.271476885746181	0.57146128862018	1.0	-0.0605959092341453
G04_bin.33	F07_bin.93	d__Bacteria;p__Bacillota;c__Clostridia;o__Oscillospirales;f__Acutalibacteraceae;g__Pseudoruminococcus;s__Pseudoruminococcus massiliensis	Pseudoruminococcus massiliensis	93.29	0.34	FALSE	TRUE	Predicted anaerobe	0.06787565340425532	0.00021172551666666665	10	21.27659574468085	1	5.555555555555555	8.25818809658034	1.7570612971447535	FALSE	0.0805119013794769	0.527337961563962	-0.805553147192778	0.264724376799291	0.999471240494096	-0.152179381040904
G04_bin.38	C05_bin.90	d__Bacteria;p__Bacillota;c__Clostridia;o__Oscillospirales;f__CAG-272;g__UBA11512;s__UBA11512 sp003522145	UBA11512 sp003522145	91.7	1.34	FALSE	TRUE	Predicted anaerobe	0.006122064702127659	0.00029918018333333334	8	17.02127659574468	1	5.555555555555555	4.309853160683944	0.7335920273504585	FALSE	0.152758972071174	0.664072010617475	-0.667996174520047	0.396775083762835	1.0	-0.170566991552644
G04_bin.42	F07_bin.74	d__Bacteria;p__Bacillota;c__Clostridia;o__Lachnospirales;f__Lachnospiraceae;g__Coprococcus;s__Coprococcus aceti	Coprococcus aceti	99.33	0.67	FALSE	TRUE	Predicted anaerobe	0.023325044	0.01150076611111111	14	29.78723404255319	6	33.333333333333336	1.0195143308686316	0.3036851198332094	FALSE	0.0500532413922048	0.426271698900135	-0.768930849890437	0.728871185691488	0.999099737987056	0.0329272298755048
G04_bin.43	G08_bin.17	d__Bacteria;p__Bacillota;c__Clostridia;o__Oscillospirales;f__Oscillospiraceae;g__Hominicoprocola;s__Hominicoprocola sp900317525	Hominicoprocola sp900317525	87.71	1.34	FALSE	TRUE	Predicted anaerobe	0.02405802880851064	0.020525474466666666	32	68.08510638297872	11	61.111111111111114	0.22899970794564437	0.15591469477150255	FALSE	0.473367964102865	0.892521993822794	-0.254525380301988	0.655198729701546	1.0	-0.0162043824433304
G04_bin.44	D02_bin.53	d__Bacteria;p__Actinomycetota;c__Coriobacteriia;o__Coriobacteriales;f__Eggerthellaceae;g__Senegalimassilia;s__Senegalimassilia anaerobia	Senegalimassilia anaerobia	91.31	2.42	FALSE	TRUE	Predicted anaerobe	0.01973498870212766	0.002131578444444444	26	55.319148936170215	3	16.666666666666668	3.2047401141352787	1.7728349567556863	FALSE	0.00757434362494946	0.161486168340678	-0.998887047413965	0.0090151645256458	0.989754108724751	-0.527490934496703
G04_bin.45	D01_bin.67	d__Bacteria;p__Actinomycetota;c__Coriobacteriia;o__Coriobacteriales;f__Coriobacteriaceae;g__Collinsella;s__Collinsella sp905215825	Collinsella sp905215825	100	4.03	FALSE	TRUE	Predicted anaerobe	0.03343131135106383	0.0070526034055555555	30	63.829787234042556	7	38.888888888888886	2.2433594310738765	1.431931551749283	FALSE	0.268005170281777	0.793489111384863	-0.377463472075982	0.0988874805134035	1.0	-0.301879860676885
G04_bin.49	B05_bin.33	d__Bacteria;p__Bacillota;c__Clostridia;o__Lachnospirales;f__Lachnospiraceae;g__Lachnospira;s__Lachnospira rogosae	Lachnospira rogosae	91.44	7.31	FALSE	TRUE	Predicted anaerobe	0.014441909859574468	0.014113557794444445	26	55.319148936170215	9	50.0	0.03315660499040857	0.018341951696821762	FALSE	0.896591780539019	0.988426013077921	0.0507972213648615	0.807658005920778	1.0	-0.0168801218533205
G04_bin.50	G04_bin.50	d__Bacteria;p__Bacillota;c__Clostridia;o__Lachnospirales;f__Lachnospiraceae;g__Butyribacter;s__Butyribacter sp003529475	Butyribacter sp003529475	97.32	0	FALSE	TRUE	Predicted anaerobe	0.013861677661702128	0.013292284866666667	27	57.4468085106383	7	38.888888888888886	0.06046820844347051	0.034737055914334125	FALSE	0.815441275234315	0.983217763396128	0.0921054429762681	0.477335827188264	1.0	-0.0778957400080244
G04_bin.55	F01_bin.44	d__Bacteria;p__Bacillota;c__Clostridia;o__Lachnospirales;f__Lachnospiraceae;g__Roseburia;s__Roseburia intestinalis	Roseburia intestinalis	88.76	2.58	FALSE	TRUE	Predicted anaerobe	0.05974221873404255	0.07004476672222222	28	59.57446808510638	11	61.111111111111114	-0.22949093440661	-0.1367180034762783	FALSE	0.647100662042243	0.947865487459929	-0.183500632255032	0.734425217345731	1.0	0.0471155429372822
G04_bin.57	D08_bin.97	d__Bacteria;p__Bacteroidota;c__Bacteroidia;o__Bacteroidales;f__Tannerellaceae;g__Parabacteroides;s__Parabacteroides merdae	Parabacteroides merdae	95.35	4.23	FALSE	TRUE	Predicted anaerobe	0.02049206040425532	0.02441176597222222	30	63.829787234042556	12	66.66666666666667	-0.25239862325178136	-0.16110550420326472	FALSE	0.848750274980973	0.984395296096654	0.0635365871767877	0.437948330478371	1.0	0.0832333651244365
G04_bin.58	D05_bin.15	d__Bacteria;p__Bacteroidota;c__Bacteroidia;o__Bacteroidales;f__Coprobacteraceae;g__Coprobacter;s__Coprobacter fastidiosus	Coprobacter fastidiosus	93.78	0.38	FALSE	TRUE	Predicted anaerobe	0.007655884978723404	0.007784415666666667	17	36.170212765957444	3	16.666666666666668	-0.023988519058434528	-0.008676698382838022	FALSE	0.0024613359521549	0.0949884041697864	1.30362518020778	0.327300684200745	1.0	-0.159552238411509
G04_bin.59	H04_bin.57	d__Bacteria;p__Bacillota;c__Clostridia;o__Oscillospirales;f__Ruminococcaceae;g__Gemmiger;s__Gemmiger formicilis	Gemmiger formicilis	92.52	0.14	FALSE	TRUE	Predicted anaerobe	0.022527569140425533	0.019094047277777776	38	80.85106382978724	13	72.22222222222223	0.23845360551108394	0.1927922767961955	FALSE	0.358128152112891	0.836841522175111	0.29334026154352	0.569596716421649	1.0	0.0703313492132704
G04_bin.6	C06_bin.11	d__Bacteria;p__Bacillota;c__Clostridia;o__Lachnospirales;f__Lachnospiraceae;g__Anthropogastromicrobium;s__Anthropogastromicrobium aceti	Anthropogastromicrobium aceti	92.95	3.88	FALSE	TRUE	Predicted anaerobe	0.011233960640425531	0.012899456388888888	33	70.2127659574468	14	77.77777777777777	-0.19927794204325272	-0.13991855505164552	FALSE	0.718523638091561	0.967807090243617	0.112468072768369	0.109191775412727	0.903026945592948	0.202487709126812
G04_bin.60	F03_bin.29	d__Bacteria;p__Bacteroidota;c__Bacteroidia;o__Bacteroidales;f__Bacteroidaceae;g__Bacteroides;s__Bacteroides cellulosilyticus	Bacteroides cellulosilyticus	96.81	3.9	FALSE	TRUE	Predicted anaerobe	0.05827976134680851	0.08481447888888889	27	57.4468085106383	9	50.0	-0.5412381670098154	-0.3109240533886174	FALSE	0.0968045662829693	0.566179338326051	0.649695447109203	0.844440576262154	1.0	0.0334420732431032
G04_bin.62	C03_bin.49	d__Bacteria;p__Actinomycetota;c__Actinomycetes;o__Actinomycetales;f__Bifidobacteriaceae;g__Bifidobacterium;s__Bifidobacterium longum	Bifidobacterium longum	94.12	4.03	FALSE	TRUE	Predicted anaerobe	0.033975570395744684	0.015382924483333333	42	89.36170212765957	12	66.66666666666667	1.1426549828301524	1.0210959421035404	FALSE	0.388120435570684	0.854052279529052	-0.279936990825547	0.123253171673905	1.0	-0.215323210583052
G04_bin.66	C05_bin.117	d__Bacteria;p__Bacillota;c__Clostridia;o__Lachnospirales;f__Lachnospiraceae;g__Gallintestinimicrobium;s__Gallintestinimicrobium propionicum	Gallintestinimicrobium propionicum	91.7	2.17	FALSE	TRUE	Predicted anaerobe	0.01739153680212766	0.014302515066666667	33	70.2127659574468	12	66.66666666666667	0.28193751017936314	0.197956124168489	FALSE	0.918610967531905	0.995607713112347	-0.0335539152301522	0.56943011083697	1.0	0.0840567886355858
G04_bin.75	G07_bin.85	d__Bacteria;p__Bacillota;c__Clostridia;o__Christensenellales;f__Aristaeellaceae;g__UBA11524;s__UBA11524 sp000437595	UBA11524 sp000437595	98.6	2.56	FALSE	TRUE	Predicted anaerobe	0.03410549179787234	0.0120366945	23	48.93617021276596	8	44.44444444444444	1.501789675107137	0.7349183516481733	FALSE	0.0554352126205688	0.448017309269869	-0.722657888541257	0.727361616745547	1.0	-0.0218970550240478
G04_bin.77	C07_bin.25	d__Bacteria;p__Bacillota;c__Clostridia;o__Lachnospirales;f__Lachnospiraceae;g__Anaerobutyricum;s__Anaerobutyricum hallii	Anaerobutyricum hallii	95.97	5.18	FALSE	TRUE	Predicted anaerobe	0.035135798265957446	0.040291875222222225	45	95.74468085106383	17	94.44444444444444	-0.19749474485110274	-0.18909071315531115	FALSE	0.676189204880588	0.953830565934627	0.123205019649705	0.381658358444985	1.0	0.103907184588562
G04_bin.78	D01_bin.64	d__Bacteria;p__Bacteroidota;c__Bacteroidia;o__Bacteroidales;f__Bacteroidaceae;g__Bacteroides;s__Bacteroides uniformis	Bacteroides uniformis	87.89	2.54	FALSE	TRUE	Predicted anaerobe	0.1536643689574468	0.15106067333333334	45	95.74468085106383	18	100.0	0.024652937036096213	0.023603875885624036	FALSE	0.655715616476898	0.947865487459929	-0.159523551122164	0.259914831692635	1.0	0.125956090105579
G04_bin.79	G04_bin.79	d__Bacteria;p__Pseudomonadota;c__Gammaproteobacteria;o__Burkholderiales;f__Burkholderiaceae_F;g__Parasutterella;s__Parasutterella excrementihominis	Parasutterella excrementihominis	96.25	0.73	FALSE	TRUE	Predicted anaerobe	0.016971161159574467	0.005671856888888889	25	53.191489361702125	6	33.333333333333336	1.5795007133283865	0.8401599538980778	FALSE	0.0484784424382802	0.424604288942178	-0.739173698652883	0.189778789846871	1.0	-0.24216983963021
G04_bin.8	E06_bin.85	d__Bacteria;p__Bacteroidota;c__Bacteroidia;o__Bacteroidales;f__Rikenellaceae;g__Alistipes;s__Alistipes shahii	Alistipes shahii	91.99	0.02	FALSE	TRUE	Predicted anaerobe	0.09185525325531915	0.030074895555555557	36	76.59574468085107	9	50.0	1.6104799372703567	1.2335591008879327	FALSE	0.698705257040763	0.963021664355409	-0.130819899191369	0.0207216051316857	1.0	-0.301476844832418
G04_bin.82	F02_bin.63	d__Bacteria;p__Actinomycetota;c__Actinomycetes;o__Actinomycetales;f__Bifidobacteriaceae;g__Bifidobacterium;s__Bifidobacterium bifidum	Bifidobacterium bifidum	89.46	0.8	FALSE	TRUE	Predicted anaerobe	0.02006374399148936	0.003702771222222222	15	31.914893617021278	4	22.22222222222222	2.434741396130699	0.7770451264246913	FALSE	0.0462168267470686	0.413474605738738	-0.820497959297867	0.502336848391396	1.0	-0.0712759193250783
G04_bin.83	F03_bin.13	d__Bacteria;p__Bacteroidota;c__Bacteroidia;o__Bacteroidales;f__Rikenellaceae;g__Alistipes;s__Alistipes finegoldii	Alistipes finegoldii	96.31	0	FALSE	TRUE	Predicted anaerobe	0.10358550877446808	0.03755784168888889	37	78.72340425531915	13	72.22222222222223	1.4633913193731367	1.152031464187363	FALSE	0.647854559825532	0.947865487459929	-0.162079406501845	0.549555985724157	1.0	-0.0464846429399206
G04_bin.86	F06_bin.75	d__Bacteria;p__Bacillota;c__Clostridia;o__Oscillospirales;f__Oscillospiraceae;g__Hominicoprocola;s__Hominicoprocola fusiformis	Hominicoprocola fusiformis	93.96	0	FALSE	TRUE	Predicted anaerobe	0.03676657413404255	0.03202290972222222	34	72.34042553191489	14	77.77777777777777	0.19923224209325144	0.14412545172703298	FALSE	0.682972887831423	0.956915519751198	-0.130725071598703	0.214709124604318	0.996347132999372	0.119642146478833
G04_bin.89	G04_bin.89	d__Bacteria;p__Bacillota_I;c__Bacilli_A;o__RF39;f__UBA660;g__CAG-302;s__CAG-302 sp934162325	CAG-302 sp934162325	94.67	1.33	FALSE	TRUE	Predicted anaerobe	0.014336802791489361	0.009946176555555556	9	19.148936170212767	4	22.22222222222222	0.5270655464085112	0.10092744505694895	FALSE	0.565643405454251	0.936541020716014	0.237716363555083	0.637453863786075	0.993977088815676	0.0602699150281975
G04_bin.90	G04_bin.90	d__Bacteria;p__Bacteroidota;c__Bacteroidia;o__Bacteroidales;f__Bacteroidaceae;g__Bacteroides;s__Bacteroides stercoris	Bacteroides stercoris	83.1	0	FALSE	TRUE	Predicted anaerobe	0.7635484290212766	0.26036186327777777	16	34.04255319148936	7	38.888888888888886	1.552165005062768	0.5283965974681764	FALSE	0.21292376184909	0.740858020680395	-0.503722032106175	0.743659339487019	0.999176969971788	0.0274848465718748
G04_bin.93	A05_bin.5	d__Archaea;p__Methanobacteriota;c__Methanobacteria;o__Methanobacteriales;f__Methanobacteriaceae;g__Methanocatella;s__Methanocatella smithii	Methanocatella smithii	86.89	0.8	FALSE	TRUE	Predicted anaerobe	0.011072063659574468	0.004144389277777777	13	27.659574468085108	3	16.666666666666668	1.4155182474161727	0.3915263237534095	FALSE	0.250158304388231	0.787449742781504	-0.448831635304555	0.552721863559947	1.0	-0.117598803404087
G04_bin.96	D08_bin.21	d__Bacteria;p__Bacteroidota;c__Bacteroidia;o__Bacteroidales;f__Rikenellaceae;g__Alistipes;s__Alistipes putredinis	Alistipes putredinis	87.74	0.96	FALSE	TRUE	Predicted anaerobe	0.14111376576595744	0.240149329	37	78.72340425531915	15	83.33333333333333	-0.7670308876235328	-0.6038328264270365	FALSE	0.146989461621123	0.655005671083602	0.575606968618181	0.185351769519162	0.994240098423273	0.150680843737893
G04_bin.97	D06_bin.25	d__Bacteria;p__Bacillota;c__Clostridia;o__Oscillospirales;f__Ruminococcaceae;g__CAG-115;s__CAG-115 sp003531585	CAG-115 sp003531585	91.28	0	FALSE	TRUE	Predicted anaerobe	0.022632862127659574	0.020790149277777777	17	36.170212765957444	11	61.111111111111114	0.12246244851586992	0.04429492818659125	FALSE	0.556086609828396	0.936541020716014	-0.23085224462154	0.095376520931122	0.874568253680279	0.26830017411786
G05_bin.10	G05_bin.10	d__Bacteria;p__Bacillota;c__Clostridia;o__Christensenellales;f__CAG-138;g__Phil1;s__Phil1 sp001940855	Phil1 sp001940855	99.19	0	FALSE	TRUE	Predicted anaerobe	0.02280070465957447	0.0034349961111111113	10	21.27659574468085	4	22.22222222222222	2.727136755067802	0.5802418627803834	FALSE	0.00840230634319439	0.161486168340678	-1.248886945354	0.794464290300136	0.998738108842965	0.017249271456721
G05_bin.101	D08_bin.21	d__Bacteria;p__Bacteroidota;c__Bacteroidia;o__Bacteroidales;f__Rikenellaceae;g__Alistipes;s__Alistipes putredinis	Alistipes putredinis	98.08	6.81	FALSE	TRUE	Predicted anaerobe	0.10893171292978723	0.14190702216666667	36	76.59574468085107	15	83.33333333333333	-0.3814911866334672	-0.29220601529371953	FALSE	0.502162279447134	0.912368802646777	0.236270583875337	0.199413198004816	0.995180127370907	0.11710268152485
G05_bin.105	A09_bin.16	d__Bacteria;p__Bacillota;c__Clostridia;o__Oscillospirales;f__Oscillospiraceae;g__CAG-103;s__CAG-103 sp900317855	CAG-103 sp900317855	86.58	3.69	FALSE	TRUE	Predicted anaerobe	0.01184813775531915	0.007705481055555556	8	17.02127659574468	4	22.22222222222222	0.6200494457727042	0.1055403311953539	FALSE	0.549953811918436	0.934449157730506	0.243720139278876	0.539663703185002	0.978514003331967	0.13219381918042
G05_bin.12	B01_bin.9	d__Bacteria;p__Verrucomicrobiota;c__Verrucomicrobiia;o__Verrucomicrobiales;f__Akkermansiaceae;g__Akkermansia;s__Akkermansia muciniphila	Akkermansia muciniphila	95.92	0	FALSE	TRUE	Predicted anaerobe	0.02110813364893617	0.014224536944444446	19	40.42553191489362	6	33.333333333333336	0.5690867773375503	0.23005635679603095	FALSE	0.121204684401621	0.605342496814837	-0.643900110374928	0.627467083830526	1.0	-0.0862393964097047
G05_bin.13	G05_bin.13	d__Bacteria;p__Bacillota;c__Clostridia;o__Oscillospirales;f__Acutalibacteraceae;g__Ruminococcoides;s__Ruminococcoides intestinale	Ruminococcoides intestinale	98.66	0.67	FALSE	TRUE	Predicted anaerobe	0.04249999112765958	0.06403675677777777	28	59.57446808510638	12	66.66666666666667	-0.5913235588475625	-0.35227786484535634	FALSE	0.706784633534698	0.965055671875703	-0.154820377371985	0.38344949215753	1.0	0.123076061093814
G05_bin.14	A04_bin.71	d__Bacteria;p__Bacteroidota;c__Bacteroidia;o__Bacteroidales;f__Rikenellaceae;g__Alistipes_A;s__Alistipes_A ihumii	Alistipes A ihumii	89.42	0	FALSE	TRUE	Predicted anaerobe	0.012422289174468085	0.017966607127777777	18	38.297872340425535	7	38.888888888888886	-0.532028788631776	-0.20375570628450998	FALSE	0.157933824003916	0.665824546740973	-0.589836484593159	0.826488120779122	1.0	0.000121511609113071
G05_bin.15	G05_bin.15	d__Bacteria;p__Bacillota;c__Clostridia;o__Lachnospirales;f__Lachnospiraceae;g__Maccoyibacter;s__Maccoyibacter intestinihominis	Maccoyibacter intestinihominis	93.97	0.45	FALSE	TRUE	Predicted anaerobe	0.024379514489361702	0.027039549516666667	32	68.08510638297872	15	83.33333333333333	-0.1493435282360365	-0.10168070007559932	FALSE	0.896511700513843	0.988426013077921	0.0452993140463176	0.0899097457956188	0.880121584182997	0.231432867166873
G05_bin.17	H04_bin.57	d__Bacteria;p__Bacillota;c__Clostridia;o__Oscillospirales;f__Ruminococcaceae;g__Gemmiger;s__Gemmiger formicilis	Gemmiger formicilis	92.97	1.36	FALSE	TRUE	Predicted anaerobe	0.020661243468085105	0.02165007138888889	38	80.85106382978724	13	72.22222222222223	-0.0674128219401828	-0.05450398369631801	FALSE	0.376186711739853	0.839386167024592	0.288697954281194	0.633271060093183	1.0	0.064035120759262
G05_bin.22	G05_bin.22	d__Bacteria;p__Bacillota;c__Clostridia;o__Christensenellales;f__CAG-138;g__PeH17;s__PeH17 sp000435055	PeH17 sp000435055	97.18	1.4	FALSE	TRUE	Predicted anaerobe	0.025774362063829787	0.007483158744444445	20	42.5531914893617	7	38.888888888888886	1.782850431201858	0.7586597579582375	FALSE	0.0300723171703654	0.326027926395791	-0.889121953605332	0.778922449501656	1.0	-0.00774048478323892
G05_bin.28	H06_bin.61	d__Bacteria;p__Bacillota;c__Clostridia;o__Lachnospirales;f__Lachnospiraceae;g__Fusicatenibacter;s__Fusicatenibacter saccharivorans	Fusicatenibacter saccharivorans	91.7	6.01	FALSE	TRUE	Predicted anaerobe	0.022325525582978723	0.0301059155	44	93.61702127659575	17	94.44444444444444	-0.43118591290766545	-0.4036634078284528	FALSE	0.589754878540044	0.939278465232197	0.159945909112791	0.139144071577054	0.950011294779293	0.223399839306087
G05_bin.34	A06_bin.107	d__Bacteria;p__Bacteroidota;c__Bacteroidia;o__Bacteroidales;f__Marinifilaceae;g__Odoribacter;s__Odoribacter splanchnicus	Odoribacter splanchnicus	92.37	1.34	FALSE	TRUE	Predicted anaerobe	0.009614794334042553	0.013123585133333334	36	76.59574468085107	14	77.77777777777777	-0.44843317076735806	-0.34348072654521045	FALSE	0.480709725446829	0.900238809691037	0.21686033818778	0.258367803658661	0.999007047454383	0.123374260400613
G05_bin.35	B09_bin.61	d__Bacteria;p__Bacillota;c__Clostridia;o__Oscillospirales;f__Ruminococcaceae;g__Hominimerdicola;s__Hominimerdicola aceti	Hominimerdicola aceti	87.29	0.68	FALSE	TRUE	Predicted anaerobe	0.01295955775531915	0.010002471277777777	27	57.4468085106383	9	50.0	0.37333118238449264	0.21446684945492134	FALSE	0.903195548441273	0.988843402172773	0.0460387925320056	0.761937305397367	1.0	-0.0270562200246795
G05_bin.38	B08_bin.66	d__Bacteria;p__Bacteroidota;c__Bacteroidia;o__Bacteroidales;f__Rikenellaceae;g__Alistipes;s__Alistipes communis	Alistipes communis	95.67	1.44	FALSE	TRUE	Predicted anaerobe	0.037569209404255316	0.031191466944444444	29	61.702127659574465	11	61.111111111111114	0.26832085615736484	0.16555967720348044	FALSE	0.974313324101164	1	-0.011984115983411	0.850232700818997	1.0	0.00418017430374161
G05_bin.40	B03_bin.49	d__Bacteria;p__Bacillota;c__Clostridia;o__Oscillospirales;f__Acutalibacteraceae;g__Eubacterium_R;s__Eubacterium_R sp000433975	Eubacterium R sp000433975	80.38	1.9	FALSE	TRUE	Predicted anaerobe	0.061202380163829784	0.1715624888888889	6	12.76595744680851	1	5.555555555555555	-1.4869228680828115	-0.18981994060631635	FALSE	0.0767084004787232	0.523553926500856	1.34501060873015	0.672384731445763	0.999012762972852	-0.0598908877209121
G05_bin.41	G06_bin.24	d__Bacteria;p__Bacillota;c__Clostridia;o__Oscillospirales;f__Oscillospiraceae;g__CAG-170;s__CAG-170 sp000432135	CAG-170 sp000432135	93.48	7.68	FALSE	TRUE	Predicted anaerobe	0.04240342819148936	0.026608118944444443	30	63.829787234042556	11	61.111111111111114	0.6721124756291292	0.4290079631675293	FALSE	0.520027132397772	0.920008200401232	-0.231255611418377	0.813871430542603	1.0	0.0102382287074104
G05_bin.42	F07_bin.74	d__Bacteria;p__Bacillota;c__Clostridia;o__Lachnospirales;f__Lachnospiraceae;g__Coprococcus;s__Coprococcus aceti	Coprococcus aceti	92.84	0.34	FALSE	TRUE	Predicted anaerobe	0.011500154423404255	0.007792846833333334	13	27.659574468085108	6	33.333333333333336	0.5608347033105656	0.15512449240505008	FALSE	0.189869033374125	0.706142210958563	-0.51732502779946	0.670349524372448	0.997877287716819	0.0714105800398644
G05_bin.45	C04_bin.103	d__Bacteria;p__Bacillota;c__Clostridia;o__Oscillospirales;f__Acutalibacteraceae;g__CAG-177;s__CAG-177 sp003514385	CAG-177 sp003514385	97.27	0	FALSE	TRUE	Predicted anaerobe	0.02380275805319149	0.04794623222222222	8	17.02127659574468	2	11.11111111111111	-1.0099835881354156	-0.17191210010815583	FALSE	0.000807424108007766	0.0698938652658133	3.58029114028656	0.734250851223282	0.999270818357186	-0.0198644258453276
G05_bin.58	A04_bin.93	d__Bacteria;p__Bacillota;c__Clostridia;o__Oscillospirales;f__Ruminococcaceae;g__Gemmiger;s__Gemmiger qucibialis	Gemmiger qucibialis	93.91	1.81	FALSE	TRUE	Predicted anaerobe	0.014603278008510637	0.01522593088888889	36	76.59574468085107	14	77.77777777777777	-0.06019781322845194	-0.046108963323920636	FALSE	0.566741900829375	0.936541020716014	-0.183143456058708	0.520956609697356	1.0	0.0866807754187109
G05_bin.60	H03_bin.66	d__Bacteria;p__Bacillota;c__Clostridia;o__Christensenellales;f__Borkfalkiaceae;g__UMGS621;s__UMGS621 sp900543915	UMGS621 sp900543915	91.12	3.23	FALSE	TRUE	Predicted anaerobe	0.005058917363829787	0.00214205355	10	21.27659574468085	4	22.22222222222222	1.2359636673173857	0.26297099304625227	FALSE	0.080462481998652	0.527337961563962	-0.734914056924338	0.778418101713338	0.99848312832687	0.0311203211190314
G05_bin.64	G04_bin.79	d__Bacteria;p__Pseudomonadota;c__Gammaproteobacteria;o__Burkholderiales;f__Burkholderiaceae_F;g__Parasutterella;s__Parasutterella excrementihominis	Parasutterella excrementihominis	97.19	1.4	FALSE	TRUE	Predicted anaerobe	0.013417388038297872	0.0036290066	21	44.680851063829785	6	33.333333333333336	1.8835621190231464	0.8415915850954484	FALSE	0.00473641742889919	0.129559233670504	-1.11430397583921	0.350361122826583	1.0	-0.148661810520685
G05_bin.65	G07_bin.85	d__Bacteria;p__Bacillota;c__Clostridia;o__Christensenellales;f__Aristaeellaceae;g__UBA11524;s__UBA11524 sp000437595	UBA11524 sp000437595	99.3	1.86	FALSE	TRUE	Predicted anaerobe	0.03662484010638298	0.008881801472222223	23	48.93617021276596	8	44.44444444444444	2.0426686763152677	0.9996038203244927	FALSE	0.0213256848319752	0.276766917016437	-0.918266318366874	0.73500555277873	1.0	-0.0512835256568671
G05_bin.66	G08_bin.17	d__Bacteria;p__Bacillota;c__Clostridia;o__Oscillospirales;f__Oscillospiraceae;g__Hominicoprocola;s__Hominicoprocola sp900317525	Hominicoprocola sp900317525	90.43	6.01	FALSE	TRUE	Predicted anaerobe	0.018337865923404254	0.01772689743888889	32	68.08510638297872	11	61.111111111111114	0.04885859649162177	0.03326542739855099	FALSE	0.359923239547929	0.837128877065693	-0.343249789181836	0.62214331631178	1.0	-0.0343906586065331
G05_bin.67	G05_bin.67	d__Bacteria;p__Bacteroidota;c__Bacteroidia;o__Bacteroidales;f__Marinifilaceae;g__Butyricimonas;s__Butyricimonas paravirosa	Butyricimonas paravirosa	96.24	0.59	FALSE	TRUE	Predicted anaerobe	0.00871938280425532	0.006360684333333333	11	23.404255319148938	5	27.77777777777778	0.4544313003868664	0.10635626179267087	FALSE	0.28771222369908	0.809039733623089	-0.42144449943764	0.665141327091707	0.995388988367932	0.0546482429726107
G05_bin.68	F02_bin.29	d__Bacteria;p__Bacillota;c__Clostridia;o__Oscillospirales;f__Oscillospiraceae;g__Vescimonas;s__Vescimonas cirricatena	Vescimonas cirricatena	89.95	5.15	FALSE	TRUE	Predicted anaerobe	0.0362809999787234	0.009836756833333333	22	46.808510638297875	7	38.888888888888886	1.8818912738524545	0.8808852771224255	FALSE	0.00429188903429494	0.127953578164549	-1.20076185198407	0.57708889795955	1.0	-0.0830281784022797
G05_bin.7	A06_bin.108	d__Bacteria;p__Bacillota;c__Clostridia;o__Oscillospirales;f__Ruminococcaceae;g__Angelakisella;s__Angelakisella sp900547385	Angelakisella sp900547385	81.28	0.34	FALSE	TRUE	Predicted anaerobe	0.023688991714893616	0.04965135975	10	21.27659574468085	6	33.333333333333336	-1.0672980834156138	-0.22708469859906677	FALSE	0.420849924678468	0.864450316653212	-0.3316478189191	0.344593021371291	0.976614801273329	0.134806789013816
G05_bin.71	G05_bin.71	d__Bacteria;p__Bacillota;c__Clostridia;o__Oscillospirales;f__Oscillospiraceae;g__F23-B02;s__F23-B02 sp002472405	F23-B02 sp002472405	90.56	0.67	FALSE	TRUE	Predicted anaerobe	0.010823489021276595	0.003709907611111111	8	17.02127659574468	4	22.22222222222222	1.5421592548955207	0.26249519232264185	FALSE	0.033595989441675	0.345281325013284	-0.97806478748577	0.630251415694	0.9890465054759	0.0750361519314019
G05_bin.72	D06_bin.80	d__Bacteria;p__Bacillota;c__Clostridia;o__Christensenellales;f__CAG-138;g__SFEL01;s__SFEL01 sp004557245	SFEL01 sp004557245	91.82	1.7	FALSE	TRUE	Predicted anaerobe	0.010900455376595744	0.0023167377777777776	17	36.170212765957444	2	11.11111111111111	2.2293307836122485	0.8063536876895367	FALSE	0.658797187119888	0.947865487459929	-0.163121411210632	0.116137455161378	1.0	-0.275555803393019
G05_bin.75	D01_bin.64	d__Bacteria;p__Bacteroidota;c__Bacteroidia;o__Bacteroidales;f__Bacteroidaceae;g__Bacteroides;s__Bacteroides uniformis	Bacteroides uniformis	82.71	1.95	FALSE	TRUE	Predicted anaerobe	0.15592340025531914	0.14715132305555556	45	95.74468085106383	18	100.0	0.08353142808312332	0.07997689922852233	FALSE	0.582708719492503	0.937445088175046	-0.198521364885402	0.381207963104593	1.0	0.133503340485906
G05_bin.76	G05_bin.76	d__Bacteria;p__Bacillota;c__Clostridia;o__Oscillospirales;f__CAG-382;g__Woodwardiibium;s__Woodwardiibium sp900760275	Woodwardiibium sp900760275	80.9	8.05	FALSE	TRUE	Predicted anaerobe	0.017961499212765956	0.017121908444444445	11	23.404255319148938	8	44.44444444444444	0.06902489354310301	0.016154762318598578	FALSE	0.0164775314452306	0.23626653959371	-1.03986332288167	0.23850766435802	0.942646069685413	0.20839763781643
G05_bin.86	H03_bin.18	d__Bacteria;p__Bacillota_I;c__Bacilli_A;o__ML615J-28;f__CAG-313;g__CAG-313;s__CAG-313 sp000433035	CAG-313 sp000433035	89.44	0	FALSE	TRUE	Predicted anaerobe	0.013053047589361702	0.006530577355555556	11	23.404255319148938	4	22.22222222222222	0.9980016174424231	0.23357484663546074	FALSE	0.0318791046045595	0.335574520219936	-0.940908568210059	0.783773599441054	0.998949922549718	0.0212569876697568
G05_bin.89	B08_bin.39	d__Bacteria;p__Bacillota;c__Clostridia;o__Oscillospirales;f__Oscillospiraceae;g__Vescimonas;s__Vescimonas sanitatis	Vescimonas sanitatis	81.88	0.34	FALSE	TRUE	Predicted anaerobe	0.030685330178723404	0.06368227138888889	21	44.680851063829785	7	38.888888888888886	-1.053099133681639	-0.4705336554747749	FALSE	0.357627627828723	0.836841522175111	-0.359589582698368	0.756514553217392	1.0	-0.0307262073696012
G05_bin.9	H03_bin.22	d__Bacteria;p__Bacillota;c__Clostridia;o__Oscillospirales;f__Oscillospiraceae;g__Faecousia;s__Faecousia sp000434635	Faecousia sp000434635	91.37	6.66	FALSE	TRUE	Predicted anaerobe	0.019526288397872342	0.008922186722222222	21	44.680851063829785	6	33.333333333333336	1.1290710875967078	0.5044785710538482	FALSE	0.883902073162416	0.986552345312477	0.0524844045648183	0.446502315487405	1.0	-0.104468585328621
G05_bin.90	B04_bin.18	d__Bacteria;p__Bacteroidota;c__Bacteroidia;o__Bacteroidales;f__Rikenellaceae;g__Alistipes;s__Alistipes onderdonkii	Alistipes onderdonkii	92.72	0.91	FALSE	TRUE	Predicted anaerobe	0.15348172162765958	0.11498330111111112	41	87.23404255319149	15	83.33333333333333	0.4166110278575623	0.36342664132255437	FALSE	0.702797291335458	0.964931101887307	-0.144795396040897	0.645314542817286	1.0	-0.0249360327205493
G05_bin.91	H05_bin.34	d__Bacteria;p__Pseudomonadota;c__Gammaproteobacteria;o__Enterobacterales;f__Enterobacteriaceae;g__Escherichia;s__Escherichia coli	Escherichia coli	95.64	0.39	FALSE	FALSE	Facultative/other	0.20176986585106382	0.001687889611111111	14	29.78723404255319	1	5.555555555555555	6.89289575071345	2.053202989574219	FALSE	0.125881122188302	0.608696219532762	-0.676729141053089	0.109835549001473	1.0	-0.220616373108914
G05_bin.96	A09_bin.21	d__Bacteria;p__Bacillota;c__Clostridia;o__Oscillospirales;f__Oscillospiraceae;g__CAG-170;s__CAG-170 sp900545925	CAG-170 sp900545925	83.55	3.69	FALSE	TRUE	Predicted anaerobe	0.026745723712765956	0.023454128644444443	25	53.191489361702125	8	44.44444444444444	0.189390666824176	0.10073971639583829	FALSE	0.123952881433173	0.606530912345466	-0.586486132372207	0.597333988309574	1.0	-0.0814462836070013
G05_bin.97	D01_bin.67	d__Bacteria;p__Actinomycetota;c__Coriobacteriia;o__Coriobacteriales;f__Coriobacteriaceae;g__Collinsella;s__Collinsella sp905215825	Collinsella sp905215825	95.16	0.81	FALSE	TRUE	Predicted anaerobe	0.02411692759787234	0.005596935	32	68.08510638297872	6	33.333333333333336	2.105359959571555	1.4334365682189312	FALSE	0.299328001936311	0.816149170582814	-0.361025112046421	0.0256983262574606	1.0	-0.447138168938281
G05_bin.98	G07_bin.107	d__Bacteria;p__Bacillota;c__Clostridia;o__Lachnospirales;f__Lachnospiraceae;g__Roseburia;s__Roseburia faecis	Roseburia faecis	91.06	2.24	FALSE	TRUE	Predicted anaerobe	0.022166174125531915	0.04852401683333333	29	61.702127659574465	11	61.111111111111114	-1.1299857766271983	-0.697225266429548	FALSE	0.269736704054036	0.79402625796039	0.37995835938369	0.380564169595918	0.998164353233166	0.11869919165311
G06_bin.14	G06_bin.14	d__Bacteria;p__Bacillota;c__Clostridia;o__Oscillospirales;f__Acutalibacteraceae;g__Eubacterium_R;s__Eubacterium_R sp000436835	Eubacterium R sp000436835	96.24	1.9	FALSE	TRUE	Predicted anaerobe	0.01071568029787234	0.028097272333333333	7	14.893617021276595	6	33.333333333333336	-1.389874297889418	-0.20700255500480694	FALSE	0.319934298300634	0.826466231054012	0.393625198926312	0.206970044411293	0.929791444734366	0.189679381385508
G06_bin.15	C03_bin.49	d__Bacteria;p__Actinomycetota;c__Actinomycetes;o__Actinomycetales;f__Bifidobacteriaceae;g__Bifidobacterium;s__Bifidobacterium longum	Bifidobacterium longum	94.85	1.84	FALSE	TRUE	Predicted anaerobe	0.02579723410425532	0.017003855000000002	41	87.23404255319149	12	66.66666666666667	0.6010654646281163	0.5243337031862291	FALSE	0.794712900079048	0.980179166504932	-0.0870231818454827	0.222034988114952	1.0	-0.136173499826213
G06_bin.16	D05_bin.78	d__Bacteria;p__Bacillota;c__Clostridia;o__Christensenellales;f__Aristaeellaceae;g__Limiplasma;s__Limiplasma merdipullorum	Limiplasma merdipullorum	95.65	0.27	FALSE	TRUE	Predicted anaerobe	0.006740686817021277	0.018701561111111112	16	34.04255319148936	3	16.666666666666668	-1.4708237330814196	-0.5007059516872917	FALSE	0.00159124921991527	0.0808354603716958	1.60524689313493	0.477876400319321	1.0	-0.158143143814874
G06_bin.18	A09_bin.36	d__Bacteria;p__Bacillota;c__Clostridia;o__Oscillospirales;f__Oscillospiraceae;g__Oscillibacter;s__Oscillibacter segnis	Oscillibacter segnis	93.34	6.94	FALSE	TRUE	Predicted anaerobe	0.028922637574468085	0.03941977438888889	36	76.59574468085107	14	77.77777777777777	-0.44658760649622314	-0.34206710284817093	FALSE	0.951451971603378	0.99690442516441	0.0206965711833959	0.335212660233749	1.0	0.0899182797409926
G06_bin.19	B01_bin.9	d__Bacteria;p__Verrucomicrobiota;c__Verrucomicrobiia;o__Verrucomicrobiales;f__Akkermansiaceae;g__Akkermansia;s__Akkermansia muciniphila	Akkermansia muciniphila	97.96	0	FALSE	TRUE	Predicted anaerobe	0.02406426664680851	0.0782547163	19	40.42553191489362	8	44.44444444444444	-1.7008701997294364	-0.6875858254225381	FALSE	0.341194362063092	0.831898310564131	-0.445649364830256	0.673949118667979	1.0	0.0731615303708227
G06_bin.21	A03_bin.21	d__Bacteria;p__Bacillota;c__Clostridia;o__Lachnospirales;f__Lachnospiraceae;g__Hominisplanchenecus;s__Hominisplanchenecus faecis	Hominisplanchenecus faecis	97.47	6.01	FALSE	TRUE	Predicted anaerobe	0.01675684785744681	0.06032313921111111	31	65.95744680851064	12	66.66666666666667	-1.847339159738595	-1.2184577436573711	FALSE	0.0572052522182908	0.458157380378924	0.712225000857975	0.172670435419519	0.968235732576044	0.199209821495236
G06_bin.24	G06_bin.24	d__Bacteria;p__Bacillota;c__Clostridia;o__Oscillospirales;f__Oscillospiraceae;g__CAG-170;s__CAG-170 sp000432135	CAG-170 sp000432135	89.26	0.85	FALSE	TRUE	Predicted anaerobe	0.02700432945106383	0.02771034676111111	29	61.702127659574465	9	50.0	-0.03722043276635595	-0.02296579894094303	FALSE	0.86952008760881	0.984846414163431	0.0606314287282839	0.510647574419337	1.0	-0.087459438238757
G06_bin.25	C08_bin.68	d__Bacteria;p__Bacteroidota;c__Bacteroidia;o__Bacteroidales;f__Bacteroidaceae;g__Paraprevotella;s__Paraprevotella clara	Paraprevotella clara	93.85	0	FALSE	TRUE	Predicted anaerobe	0.013898233638297872	0.023343687444444445	8	17.02127659574468	4	22.22222222222222	-0.7477111555359583	-0.12726998392101418	FALSE	0.292957061660913	0.809446603353953	0.436817456083743	0.555009508122623	0.988780518677375	0.0759378396842048
G06_bin.26	E07_bin.69	d__Bacteria;p__Bacillota;c__Clostridia;o__Oscillospirales;f__Oscillospiraceae;g__Oscillibacter;s__Oscillibacter welbionis	Oscillibacter welbionis	94.64	4.74	FALSE	TRUE	Predicted anaerobe	0.023931584627659576	0.02750020663888889	40	85.1063829787234	16	88.88888888888889	-0.2004483328276774	-0.1705943258107893	FALSE	0.900663892398514	0.988426013077921	-0.045652746732636	0.534712318444416	1.0	0.0475046965974078
G06_bin.3	B04_bin.18	d__Bacteria;p__Bacteroidota;c__Bacteroidia;o__Bacteroidales;f__Rikenellaceae;g__Alistipes;s__Alistipes onderdonkii	Alistipes onderdonkii	85.07	4.09	FALSE	TRUE	Predicted anaerobe	0.2541031846170213	0.2111585811111111	41	87.23404255319149	15	83.33333333333333	0.26707603319700784	0.23298122044845365	FALSE	0.910423349152258	0.989877810111322	0.0369073763908489	0.767936659968043	1.0	0.0310963997989563
G06_bin.30	A06_bin.107	d__Bacteria;p__Bacteroidota;c__Bacteroidia;o__Bacteroidales;f__Marinifilaceae;g__Odoribacter;s__Odoribacter splanchnicus	Odoribacter splanchnicus	97.85	0	FALSE	TRUE	Predicted anaerobe	0.008541391555319149	0.016270660144444445	36	76.59574468085107	14	77.77777777777777	-0.9289280870068497	-0.7115193857924806	FALSE	0.104331097868148	0.581506871503344	0.525019825252343	0.0841100999357318	0.871468069417859	0.167223120945871
G06_bin.32	B02_bin.41	d__Bacteria;p__Bacillota;c__Clostridia;o__Lachnospirales;f__Lachnospiraceae;g__Dorea_A;s__Dorea_A longicatena	Dorea A longicatena	86.07	8.67	FALSE	TRUE	Predicted anaerobe	0.030189201893617023	0.05702816807777778	42	89.36170212765957	18	100.0	-0.9174172243767285	-0.8198196473153744	FALSE	0.542221002406392	0.931555522488562	0.202794467120215	0.00509601902487282	0.531936165294754	0.337581352074746
G06_bin.36	D07_bin.25	d__Bacteria;p__Actinomycetota;c__Coriobacteriia;o__Coriobacteriales;f__Eggerthellaceae;g__Adlercreutzia;s__Adlercreutzia rubneri	Adlercreutzia rubneri	83.76	2.42	FALSE	TRUE	Predicted anaerobe	0.010966189538297873	0.021823958388888887	27	57.4468085106383	14	77.77777777777777	-0.9921964080429505	-0.5699851705778652	FALSE	0.1489152455158	0.658635090863412	0.559243614575553	0.0219730571593657	0.757441710420073	0.331418013666655
G06_bin.43	A04_bin.71	d__Bacteria;p__Bacteroidota;c__Bacteroidia;o__Bacteroidales;f__Rikenellaceae;g__Alistipes_A;s__Alistipes_A ihumii	Alistipes A ihumii	97.6	0	FALSE	TRUE	Predicted anaerobe	0.011929719625531915	0.025906630166666667	20	42.5531914893617	8	44.44444444444444	-1.1181091837725339	-0.4757911420308655	FALSE	0.333596860245325	0.829841389701096	0.365528080448496	0.646536273612259	0.999758559194764	0.063704220189999
G06_bin.44	B09_bin.61	d__Bacteria;p__Bacillota;c__Clostridia;o__Oscillospirales;f__Ruminococcaceae;g__Hominimerdicola;s__Hominimerdicola aceti	Hominimerdicola aceti	93.15	0	FALSE	TRUE	Predicted anaerobe	0.014153560087234042	0.015059571722222222	27	57.4468085106383	9	50.0	-0.08945447588851924	-0.051388741467872756	FALSE	0.742558594585412	0.970786162627104	0.128439973478006	0.807130111437736	1.0	-0.0397192121686888
G06_bin.45	B04_bin.53	d__Bacteria;p__Bacillota;c__Clostridia;o__Oscillospirales;f__Oscillospiraceae;g__Lawsonibacter;s__Lawsonibacter asaccharolyticus	Lawsonibacter asaccharolyticus	90.68	3.04	FALSE	TRUE	Predicted anaerobe	0.018302243631914895	0.02071629838333333	38	80.85106382978724	15	83.33333333333333	-0.17865391888718127	-0.14444359399389123	FALSE	0.921805037269106	0.996153363714411	0.0315742781633218	0.520240396011172	1.0	0.100834024688156
G06_bin.46	A04_bin.93	d__Bacteria;p__Bacillota;c__Clostridia;o__Oscillospirales;f__Ruminococcaceae;g__Gemmiger;s__Gemmiger qucibialis	Gemmiger qucibialis	93.92	0.68	FALSE	TRUE	Predicted anaerobe	0.017464889982978724	0.03341708761111111	38	80.85106382978724	16	88.88888888888889	-0.9357342904751691	-0.7565511284692856	FALSE	0.769453477952476	0.973335000126514	0.103784580408698	0.023957834394813	0.793135748736228	0.239312141474355
G06_bin.47	F06_bin.75	d__Bacteria;p__Bacillota;c__Clostridia;o__Oscillospirales;f__Oscillospiraceae;g__Hominicoprocola;s__Hominicoprocola fusiformis	Hominicoprocola fusiformis	81.88	0.67	FALSE	TRUE	Predicted anaerobe	0.015506466382978723	0.061508809427777776	35	74.46808510638297	14	77.77777777777777	-1.9872275379817506	-1.479850294241729	FALSE	0.0866163841693205	0.536188191314732	0.734611719414889	0.0689341392530643	0.856348612622377	0.212471088880673
G06_bin.57	C07_bin.89	d__Bacteria;p__Desulfobacterota;c__Desulfovibrionia;o__Desulfovibrionales;f__Desulfovibrionaceae;g__Bilophila;s__Bilophila wadsworthia	Bilophila wadsworthia	99.11	0	FALSE	TRUE	Predicted anaerobe	0.007761115376595745	0.014217174722222222	27	57.4468085106383	10	55.55555555555556	-0.8724556088461513	-0.501197902954172	FALSE	0.398616651352242	0.856335508584847	0.302424871596759	0.726335632844369	1.0	0.0366413093995128
G06_bin.58	G04_bin.89	d__Bacteria;p__Bacillota_I;c__Bacilli_A;o__RF39;f__UBA660;g__CAG-302;s__CAG-302 sp934162325	CAG-302 sp934162325	92.7	2.25	FALSE	TRUE	Predicted anaerobe	0.014259561717021276	0.03157530696666667	12	25.53191489361702	4	22.22222222222222	-1.1463125695560161	-0.29267554967387643	FALSE	0.646140529028419	0.947865487459929	0.197370865942778	0.820318980100539	1.0	0.023732491428618
G06_bin.64	F02_bin.66	d__Bacteria;p__Bacteroidota;c__Bacteroidia;o__Bacteroidales;f__Rikenellaceae;g__Tidjanibacter;s__Tidjanibacter inops	Tidjanibacter inops	99.52	0.16	FALSE	TRUE	Predicted anaerobe	0.02148900020425532	0.029481051555555554	21	44.680851063829785	7	38.888888888888886	-0.4560076952919568	-0.20374811917300195	FALSE	0.136757823944345	0.624767050010809	0.567377526472281	0.84797663590733	1.0	0.0172123248486
G06_bin.67	B09_bin.93	d__Bacteria;p__Bacillota;c__Clostridia;o__Oscillospirales;f__Oscillospiraceae;g__CAG-103;s__CAG-103 sp000432375	CAG-103 sp000432375	87.92	0.69	FALSE	TRUE	Predicted anaerobe	0.01149158389361702	0.015431043416666667	23	48.93617021276596	9	50.0	-0.42493769520917973	-0.2079482338257688	FALSE	0.762926593829537	0.972133645260907	0.113260102986553	0.787064083142574	1.0	0.0143219034259316
G06_bin.70	G07_bin.107	d__Bacteria;p__Bacillota;c__Clostridia;o__Lachnospirales;f__Lachnospiraceae;g__Roseburia;s__Roseburia faecis	Roseburia faecis	97.34	2.05	FALSE	TRUE	Predicted anaerobe	0.02015716589787234	0.05509793605555555	29	61.702127659574465	11	61.111111111111114	-1.450251739743325	-0.8948361798416261	FALSE	0.074006505762882	0.518849370364329	0.625506500595635	0.296580648360704	0.993535505095414	0.119139863658718
G06_bin.75	G08_bin.17	d__Bacteria;p__Bacillota;c__Clostridia;o__Oscillospirales;f__Oscillospiraceae;g__Hominicoprocola;s__Hominicoprocola sp900317525	Hominicoprocola sp900317525	91.27	4.95	FALSE	TRUE	Predicted anaerobe	0.020619127059574468	0.020414198694444444	32	68.08510638297872	11	61.111111111111114	0.014403295535573535	0.009806499088050067	FALSE	0.989285840654633	1	-0.00489488323600308	0.708990115153632	1.0	-0.00591672447805909
G06_bin.79	A07_bin.65	d__Bacteria;p__Bacteroidota;c__Bacteroidia;o__Bacteroidales;f__Barnesiellaceae;g__Barnesiella;s__Barnesiella intestinihominis	Barnesiella intestinihominis	99.62	0	FALSE	TRUE	Predicted anaerobe	0.04552194481702128	0.06663145666666667	32	68.08510638297872	11	61.111111111111114	-0.5495408530026604	-0.3741554743847901	FALSE	0.539432245118756	0.931555522488562	0.23259407137288	0.777592825694142	1.0	0.0225018546094007
G06_bin.82	A08_bin.91	d__Bacteria;p__Bacillota;c__Clostridia;o__Lachnospirales;f__Lachnospiraceae;g__Anaerostipes;s__Anaerostipes amylophilus	Anaerostipes amylophilus	90.44	2.71	FALSE	TRUE	Predicted anaerobe	0.01385774005106383	0.015262223877777778	23	48.93617021276596	10	55.55555555555556	-0.13917745790758604	-0.068108117699457	FALSE	0.326888460136303	0.827931171114453	-0.375426965691572	0.536309663630728	0.99984369686911	0.0833125732229525
G06_bin.83	D01_bin.64	d__Bacteria;p__Bacteroidota;c__Bacteroidia;o__Bacteroidales;f__Bacteroidaceae;g__Bacteroides;s__Bacteroides uniformis	Bacteroides uniformis	87.32	5.98	FALSE	TRUE	Predicted anaerobe	0.16288456185106384	0.19290301405555557	45	95.74468085106383	18	100.0	-0.2440120308963543	-0.2336285402199137	FALSE	0.613209264961344	0.943026319703049	-0.206515800369275	0.433275502777787	1.0	0.0770235437649289
G06_bin.85	D08_bin.21	d__Bacteria;p__Bacteroidota;c__Bacteroidia;o__Bacteroidales;f__Rikenellaceae;g__Alistipes;s__Alistipes putredinis	Alistipes putredinis	93.03	2.16	FALSE	TRUE	Predicted anaerobe	0.12802360347021277	0.2528831051111111	36	76.59574468085107	15	83.33333333333333	-0.9820051967558986	-0.7521741932598373	FALSE	0.148404825625763	0.658014413871836	0.566645551466944	0.0711402468334158	0.85663240862443	0.190361119903578
G06_bin.88	B08_bin.66	d__Bacteria;p__Bacteroidota;c__Bacteroidia;o__Bacteroidales;f__Rikenellaceae;g__Alistipes;s__Alistipes communis	Alistipes communis	96.63	2.4	FALSE	TRUE	Predicted anaerobe	0.03471875240425532	0.03876862418333333	29	61.702127659574465	11	61.111111111111114	-0.15913103508012913	-0.0981872344111435	FALSE	0.783388190993567	0.974712528751968	0.106104104393297	0.832606449864038	1.0	0.0289906360554361
G06_bin.89	G06_bin.89	d__Bacteria;p__Bacteroidota;c__Bacteroidia;o__Bacteroidales;f__Rikenellaceae;g__Alistipes;s__Alistipes sp900541585	Alistipes sp900541585	95.78	8.85	FALSE	TRUE	Predicted anaerobe	0.013384948170212765	0.037892318333333334	10	21.27659574468085	1	5.555555555555555	-1.5005970960908266	-0.31927597789166523	FALSE	0.0002311920098021	0.0539104280935389	2.91295466222099	0.334874773944255	0.999160221743522	-0.143965065375178
G06_bin.90	D01_bin.67	d__Bacteria;p__Actinomycetota;c__Coriobacteriia;o__Coriobacteriales;f__Coriobacteriaceae;g__Collinsella;s__Collinsella sp905215825	Collinsella sp905215825	89.52	0.81	FALSE	TRUE	Predicted anaerobe	0.0185180088	0.05032772734444444	28	59.57446808510638	6	33.333333333333336	-1.4419322392912917	-0.8590234617054503	FALSE	0.520564502777486	0.920043425386053	0.259583967898131	0.149908769839181	1.0	-0.299026153029645
G06_bin.91	C04_bin.103	d__Bacteria;p__Bacillota;c__Clostridia;o__Oscillospirales;f__Acutalibacteraceae;g__CAG-177;s__CAG-177 sp003514385	CAG-177 sp003514385	88.55	0	FALSE	TRUE	Predicted anaerobe	0.006777122402127659	0.07768426594444444	13	27.659574468085108	3	16.666666666666668	-3.5169361908998718	-0.9727695847169858	FALSE	0.000214810643475757	0.0539104280935389	2.31310141964637	0.698285029966104	1.0	-0.0493840839529769
G06_bin.94	H04_bin.57	d__Bacteria;p__Bacillota;c__Clostridia;o__Oscillospirales;f__Ruminococcaceae;g__Gemmiger;s__Gemmiger formicilis	Gemmiger formicilis	88.44	1.36	FALSE	TRUE	Predicted anaerobe	0.020489931210638298	0.02667213652777778	37	78.72340425531915	13	72.22222222222223	-0.3802551239117307	-0.29934977839859656	FALSE	0.106215881780633	0.584680612402369	0.574491444307285	0.307939022187719	1.0	0.118959621986482
G06_bin.95	H06_bin.61	d__Bacteria;p__Bacillota;c__Clostridia;o__Lachnospirales;f__Lachnospiraceae;g__Fusicatenibacter;s__Fusicatenibacter saccharivorans	Fusicatenibacter saccharivorans	97.58	3.24	FALSE	TRUE	Predicted anaerobe	0.02009360419148936	0.031623762666666666	43	91.48936170212765	17	94.44444444444444	-0.654010994708093	-0.5983504845201701	FALSE	0.214325058376482	0.744023683569576	0.372073593017801	0.0279824934046831	0.810178232408502	0.291558833356443
G06_bin.99	B07_bin.55	d__Bacteria;p__Bacillota;c__Clostridia;o__Lachnospirales;f__Lachnospiraceae;g__Coprococcus;s__Coprococcus ammoniilyticus	Coprococcus ammoniilyticus	95.97	0	FALSE	TRUE	Predicted anaerobe	0.010703382031914893	0.022384096111111113	8	17.02127659574468	2	11.11111111111111	-1.0637044499285897	-0.18105607658358974	FALSE	0.178086107882091	0.685005582842001	0.627745008869308	0.747410285656448	0.999780700167072	-0.0269012585043871
G07_bin.1	B01_bin.9	d__Bacteria;p__Verrucomicrobiota;c__Verrucomicrobiia;o__Verrucomicrobiales;f__Akkermansiaceae;g__Akkermansia;s__Akkermansia muciniphila	Akkermansia muciniphila	97.96	0	FALSE	TRUE	Predicted anaerobe	0.021254535680851065	0.01451904036111111	19	40.42553191489362	6	33.333333333333336	0.5495099369879664	0.22214231495258213	FALSE	0.101151044953886	0.576431275410287	-0.664900899989278	0.665576784392865	1.0	-0.0550850404030064
G07_bin.103	A06_bin.107	d__Bacteria;p__Bacteroidota;c__Bacteroidia;o__Bacteroidales;f__Marinifilaceae;g__Odoribacter;s__Odoribacter splanchnicus	Odoribacter splanchnicus	94.62	0	FALSE	TRUE	Predicted anaerobe	0.013205098023404256	0.00908875135	34	72.34042553191489	15	83.33333333333333	0.5384466477830747	0.38951459626860724	FALSE	0.33371012015539	0.829841389701096	-0.302102690948456	0.466037859663428	1.0	0.0567212726268797
G07_bin.107	G07_bin.107	d__Bacteria;p__Bacillota;c__Clostridia;o__Lachnospirales;f__Lachnospiraceae;g__Roseburia;s__Roseburia faecis	Roseburia faecis	99.21	2	FALSE	TRUE	Predicted anaerobe	0.03633558958723404	0.046768608333333336	29	61.702127659574465	11	61.111111111111114	-0.36406863339093615	-0.22463809294334358	FALSE	0.341256015454598	0.831898310564131	0.322444030091243	0.441568966280849	0.999994783425549	0.0945392761330678
G07_bin.2	F07_bin.74	d__Bacteria;p__Bacillota;c__Clostridia;o__Lachnospirales;f__Lachnospiraceae;g__Coprococcus;s__Coprococcus aceti	Coprococcus aceti	93.15	1.06	FALSE	TRUE	Predicted anaerobe	0.014136596010638297	0.006943898111111111	13	27.659574468085108	6	33.333333333333336	1.0245611160342258	0.2833892448605306	FALSE	0.1852752401054	0.701343518225518	-0.523024324594053	0.645382824919657	0.996666655396407	0.0802285488601251
G07_bin.23	A04_bin.93	d__Bacteria;p__Bacillota;c__Clostridia;o__Oscillospirales;f__Ruminococcaceae;g__Gemmiger;s__Gemmiger qucibialis	Gemmiger qucibialis	95.95	2.49	FALSE	TRUE	Predicted anaerobe	0.012944703910638298	0.0098386699	32	68.08510638297872	14	77.77777777777777	0.3954752405969455	0.2692597382787714	FALSE	0.351688031613277	0.834470369140725	-0.29123175981538	0.400629514578272	1.0	0.0857429744365971
G07_bin.24	A08_bin.2	d__Bacteria;p__Actinomycetota;c__Coriobacteriia;o__Coriobacteriales;f__Eggerthellaceae;g__Anaerotardibacter;s__Anaerotardibacter sp000436075	Anaerotardibacter sp000436075	87.84	1.7	FALSE	TRUE	Predicted anaerobe	0.018098911606382977	0.033425768	20	42.5531914893617	7	38.888888888888886	-0.8846924164638135	-0.37646485806970786	FALSE	0.0977875049140844	0.567017242480871	0.651882895185224	0.769916253281347	0.999393332347398	0.0681582322218299
G07_bin.26	G04_bin.79	d__Bacteria;p__Pseudomonadota;c__Gammaproteobacteria;o__Burkholderiales;f__Burkholderiaceae_F;g__Parasutterella;s__Parasutterella excrementihominis	Parasutterella excrementihominis	98.12	1.35	FALSE	TRUE	Predicted anaerobe	0.013238625891489362	0.002758988911111111	21	44.680851063829785	5	27.77777777777778	2.258411554038187	1.009077502868126	FALSE	0.00821060723779338	0.161486168340678	-1.01569499308797	0.226154019050518	1.0	-0.205431732115481
G07_bin.30	H02_bin.18	d__Bacteria;p__Actinomycetota;c__Actinomycetes;o__Actinomycetales;f__Bifidobacteriaceae;g__Bifidobacterium;s__Bifidobacterium adolescentis	Bifidobacterium adolescentis	93.6	1.33	FALSE	TRUE	Predicted anaerobe	0.13391116092765956	0.08984521605555555	39	82.97872340425532	12	66.66666666666667	0.5757097803147759	0.47771662621864386	FALSE	0.620457668871683	0.943026319703049	-0.190958153127703	0.303286731497335	1.0	-0.091235682394384
G07_bin.31	C07_bin.38	d__Bacteria;p__Bacillota;c__Clostridia;o__Oscillospirales;f__Ruminococcaceae;g__Ruminococcus_C;s__Ruminococcus_C sp000433635	Ruminococcus C sp000433635	81	0.17	FALSE	TRUE	Predicted anaerobe	0.01810374093617021	0.029870818166666667	16	34.04255319148936	6	33.333333333333336	-0.7221351217798873	-0.2458332329463446	FALSE	0.797677139172906	0.980179166504932	-0.0994224185082993	0.779675424143214	1.0	0.0269043361565997
G07_bin.35	A05_bin.79	d__Bacteria;p__Bacillota;c__Clostridia;o__Oscillospirales;f__Acutalibacteraceae;g__Fimenecus;s__Fimenecus sp000432435	Fimenecus sp000432435	82.91	1.34	FALSE	TRUE	Predicted anaerobe	0.1235659985319149	0.026889469722222222	16	34.04255319148936	3	16.666666666666668	2.199748926072589	0.7488506982374771	FALSE	0.06169046474535	0.475121989913253	-0.825597603114145	0.27567670239629	1.0	-0.0922937499471157
G07_bin.38	G03_bin.17	d__Bacteria;p__Bacillota;c__Clostridia;o__Oscillospirales;f__Oscillospiraceae;g__Vescimonas;s__Vescimonas sp900545585	Vescimonas sp900545585	90.95	9.73	FALSE	TRUE	Predicted anaerobe	0.03736438244680851	0.01964412488888889	17	36.170212765957444	3	16.666666666666668	0.9272176128562708	0.33537658337354476	FALSE	0.581223151561824	0.936912750205732	-0.225867986416008	0.211436380533132	1.0	-0.230051904518965
G07_bin.40	D08_bin.21	d__Bacteria;p__Bacteroidota;c__Bacteroidia;o__Bacteroidales;f__Rikenellaceae;g__Alistipes;s__Alistipes putredinis	Alistipes putredinis	86.3	2.16	FALSE	TRUE	Predicted anaerobe	0.13091960639148936	0.1392047057222222	36	76.59574468085107	15	83.33333333333333	-0.08852025314930068	-0.06780274709308137	FALSE	0.50236729909516	0.912368802646777	0.241032455563252	0.248908394899514	0.999963795678467	0.102039618375159
G07_bin.42	B06_bin.6	d__Bacteria;p__Cyanobacteriota;c__Vampirovibrionia;o__Gastranaerophilales;f__Gastranaerophilaceae;g__CAG-196;s__CAG-196 sp002102975	CAG-196 sp002102975	83.48	1.71	FALSE	TRUE	Predicted anaerobe	0.015288297778723405	0.007696627777777778	12	25.53191489361702	1	5.555555555555555	0.9891995180233295	0.2525615790697862	FALSE	0.00127384571879889	0.0806621623298192	1.82525324690203	0.26038371427787	1.0	-0.226388372483082
G07_bin.43	C02_bin.89	d__Bacteria;p__Bacillota;c__Clostridia;o__Oscillospirales;f__Acutalibacteraceae;g__Hominenteromicrobium;s__Hominenteromicrobium mulieris	Hominenteromicrobium mulieris	83.52	3.58	FALSE	TRUE	Predicted anaerobe	0.011307663089361701	0.014737335544444445	30	63.829787234042556	8	44.44444444444444	-0.3818782247743455	-0.24375205836660355	FALSE	0.741000679386483	0.970581684045969	0.114199812665027	0.36905066001524	1.0	-0.130725125979504
G07_bin.44	E07_bin.69	d__Bacteria;p__Bacillota;c__Clostridia;o__Oscillospirales;f__Oscillospiraceae;g__Oscillibacter;s__Oscillibacter welbionis	Oscillibacter welbionis	90.99	5.11	FALSE	TRUE	Predicted anaerobe	0.02024207989148936	0.01917406035	39	82.97872340425532	12	66.66666666666667	0.07816197823139581	0.06485781172392419	FALSE	0.611292148279377	0.943026319703049	0.174674836182006	0.420682035257118	1.0	-0.0336468050931087
G07_bin.45	F06_bin.75	d__Bacteria;p__Bacillota;c__Clostridia;o__Oscillospirales;f__Oscillospiraceae;g__Hominicoprocola;s__Hominicoprocola fusiformis	Hominicoprocola fusiformis	95.3	3.91	FALSE	TRUE	Predicted anaerobe	0.020853490436170213	0.024936671827777777	33	70.2127659574468	14	77.77777777777777	-0.25786681718330207	-0.18105542483082912	FALSE	0.877862907600692	0.984846414163431	0.0551768789344381	0.262449075047787	0.998455002464728	0.11159266410764
G07_bin.51	G05_bin.13	d__Bacteria;p__Bacillota;c__Clostridia;o__Oscillospirales;f__Acutalibacteraceae;g__Ruminococcoides;s__Ruminococcoides intestinale	Ruminococcoides intestinale	97.78	3.02	FALSE	TRUE	Predicted anaerobe	0.031344412370212765	0.048695141666666664	28	59.57446808510638	12	66.66666666666667	-0.6354056001413405	-0.37853950646718154	FALSE	0.761616688550638	0.972133645260907	-0.125743203390134	0.498149171638449	1.0	0.106552826238902
G07_bin.52	C08_bin.68	d__Bacteria;p__Bacteroidota;c__Bacteroidia;o__Bacteroidales;f__Bacteroidaceae;g__Paraprevotella;s__Paraprevotella clara	Paraprevotella clara	93.68	0.37	FALSE	TRUE	Predicted anaerobe	0.016002681540425532	0.014771226277777778	7	14.893617021276595	4	22.22222222222222	0.11544896382371184	0.017194526526935806	FALSE	0.685087242480974	0.958298854207417	-0.162327129438859	0.53958974622155	0.984915222484715	0.080144203350678
G07_bin.53	H05_bin.38	d__Bacteria;p__Bacteroidota;c__Bacteroidia;o__Bacteroidales;f__Tannerellaceae;g__Parabacteroides;s__Parabacteroides distasonis	Parabacteroides distasonis	97.31	1.28	FALSE	TRUE	Predicted anaerobe	0.0191519200106383	0.015457624805555556	38	80.85106382978724	13	72.22222222222223	0.3089904504728129	0.24982206633972107	FALSE	0.800241523595717	0.980547866156647	0.0807793789699571	0.757454983706646	1.0	0.0151554219661018
G07_bin.56	F07_bin.6	d__Bacteria;p__Bacillota;c__Clostridia;o__Oscillospirales;f__Acutalibacteraceae;g__CAG-217;s__CAG-217 sp000436335	CAG-217 sp000436335	86.7	1.34	FALSE	TRUE	Predicted anaerobe	0.010729373329787234	0.004916275911111111	14	29.78723404255319	2	11.11111111111111	1.1243404730426345	0.3349099281403592	FALSE	0.0814380715321465	0.530391542799108	-0.719257265049298	0.204019465805568	1.0	-0.225069286738347
G07_bin.59	F08_bin.12	d__Bacteria;p__Bacteroidota;c__Bacteroidia;o__Bacteroidales;f__Rikenellaceae;g__Alistipes_A;s__Alistipes_A hominis	Alistipes A hominis	91.71	5.25	FALSE	TRUE	Predicted anaerobe	0.011020090325531915	0.019522044983333334	20	42.5531914893617	6	33.333333333333336	-0.8243984004715267	-0.3508078299878837	FALSE	0.36023279919554	0.837128877065693	0.354952766413747	0.632092736021048	1.0	-0.0763183347167514
G07_bin.60	F01_bin.18	d__Bacteria;p__Bacteroidota;c__Bacteroidia;o__Bacteroidales;f__Bacteroidaceae;g__Bacteroides;s__Bacteroides caccae	Bacteroides caccae	85.74	8.62	FALSE	TRUE	Predicted anaerobe	0.16624461842553193	0.17224749055555555	28	59.57446808510638	14	77.77777777777777	-0.051172301243043734	-0.030485626272451584	FALSE	0.420264343483076	0.864450316653212	-0.331223111699734	0.176712717535403	0.990865384488956	0.124101884607921
G07_bin.66	H05_bin.43	d__Bacteria;p__Bacillota;c__Clostridia;o__Lachnospirales;f__Lachnospiraceae;g__Roseburia;s__Roseburia rectalis	Roseburia rectalis	95.27	0.07	FALSE	TRUE	Predicted anaerobe	0.019107709629787233	0.021512696622222223	35	74.46808510638297	13	72.22222222222223	-0.17094915377236802	-0.12730256131984852	FALSE	0.656775579577114	0.947865487459929	0.153666058920406	0.715137492825711	1.0	0.0471234987715838
G07_bin.70	B04_bin.18	d__Bacteria;p__Bacteroidota;c__Bacteroidia;o__Bacteroidales;f__Rikenellaceae;g__Alistipes;s__Alistipes onderdonkii	Alistipes onderdonkii	86.62	6.88	FALSE	TRUE	Predicted anaerobe	0.1632982593744681	0.08191679405555556	41	87.23404255319149	15	83.33333333333333	0.9951904918089911	0.868144897109971	FALSE	0.318079358129288	0.826466231054012	-0.373040227150669	0.531768115177707	1.0	-0.0546290443075456
G07_bin.74	D01_bin.64	d__Bacteria;p__Bacteroidota;c__Bacteroidia;o__Bacteroidales;f__Bacteroidaceae;g__Bacteroides;s__Bacteroides uniformis	Bacteroides uniformis	90.82	4.21	FALSE	TRUE	Predicted anaerobe	0.14979682382978723	0.12667024277777778	45	95.74468085106383	18	100.0	0.241911803943935	0.2316176846271718	FALSE	0.574282736710541	0.936541020716014	-0.199780277197111	0.412840342537399	1.0	0.0984441344354738
G07_bin.76	G07_bin.76	d__Bacteria;p__Bacteroidota;c__Bacteroidia;o__Bacteroidales;f__Bacteroidaceae;g__Phocaeicola;s__Phocaeicola coprocola	Phocaeicola coprocola	97.65	1.23	FALSE	TRUE	Predicted anaerobe	0.06349447370212766	0.003921564333333334	6	12.76595744680851	2	11.11111111111111	4.013682862125688	0.5123850462288112	FALSE	0.00453378820268088	0.127953578164549	-3.03052621304177	0.715198253052413	0.992616203292707	0.00833064925672175
G07_bin.80	G08_bin.17	d__Bacteria;p__Bacillota;c__Clostridia;o__Oscillospirales;f__Oscillospiraceae;g__Hominicoprocola;s__Hominicoprocola sp900317525	Hominicoprocola sp900317525	97.32	2.96	FALSE	TRUE	Predicted anaerobe	0.01588819620851064	0.034848483166666666	32	68.08510638297872	10	55.55555555555556	-1.1326467051082567	-0.7711637141162598	FALSE	0.267713410940957	0.793489111384863	0.410041859216178	0.657616755536331	1.0	-0.0208273587869933
G07_bin.85	G07_bin.85	d__Bacteria;p__Bacillota;c__Clostridia;o__Christensenellales;f__Aristaeellaceae;g__UBA11524;s__UBA11524 sp000437595	UBA11524 sp000437595	99.3	0.93	FALSE	TRUE	Predicted anaerobe	0.01810330904255319	0.0071341523333333335	21	44.680851063829785	6	33.333333333333336	1.3422153819216935	0.599713255752246	FALSE	0.178292215134212	0.685005582842001	-0.48071111198843	0.455508576776679	1.0	-0.105700015110962
G07_bin.90	H06_bin.64	d__Bacteria;p__Bacillota;c__Clostridia;o__Oscillospirales;f__Ruminococcaceae;g__Ruminiclostridium_E;s__Ruminiclostridium_E siraeum	Ruminiclostridium E siraeum	93.96	0	FALSE	TRUE	Predicted anaerobe	0.010292608729787234	0.008123339833333333	13	27.659574468085108	3	16.666666666666668	0.34108988930970857	0.09434401193672791	FALSE	0.593396458619625	0.940772237633192	0.211978788090964	0.544900083680072	1.0	-0.0916286363744657
G07_bin.92	F03_bin.1	d__Bacteria;p__Bacillota;c__Clostridia;o__Lachnospirales;f__Lachnospiraceae;g__Acetatifactor;s__Acetatifactor acetigignens	Acetatifactor acetigignens	98.26	3.1	FALSE	TRUE	Predicted anaerobe	0.02070507798297872	0.04049665652777778	28	59.57446808510638	17	94.44444444444444	-0.9674777565825446	-0.5763697273257713	FALSE	0.511899611210737	0.914731164555467	0.257103923987994	0.000449811252508779	0.148386033785234	0.536182963971494
G07_bin.93	D08_bin.97	d__Bacteria;p__Bacteroidota;c__Bacteroidia;o__Bacteroidales;f__Tannerellaceae;g__Parabacteroides;s__Parabacteroides merdae	Parabacteroides merdae	93.85	7.38	FALSE	TRUE	Predicted anaerobe	0.0250983871	0.025721512805555555	30	63.829787234042556	13	72.22222222222223	-0.03536692194120141	-0.022574631026298773	FALSE	0.566349593131893	0.936541020716014	-0.196579962768444	0.508952654485387	1.0	0.0437674316140431
G07_bin.99	C07_bin.89	d__Bacteria;p__Desulfobacterota;c__Desulfovibrionia;o__Desulfovibrionales;f__Desulfovibrionaceae;g__Bilophila;s__Bilophila wadsworthia	Bilophila wadsworthia	99.41	0.59	FALSE	TRUE	Predicted anaerobe	0.010345750159574469	0.00738100815	25	53.191489361702125	10	55.55555555555556	0.48658899491630575	0.2588239334661201	FALSE	0.769958015080884	0.973335000126514	-0.100091085147192	0.73751553888806	1.0	0.046764862620497
G08_bin.10	B04_bin.18	d__Bacteria;p__Bacteroidota;c__Bacteroidia;o__Bacteroidales;f__Rikenellaceae;g__Alistipes;s__Alistipes onderdonkii	Alistipes onderdonkii	97.63	2.88	FALSE	TRUE	Predicted anaerobe	0.06972268042978723	0.04405850077777778	37	78.72340425531915	14	77.77777777777777	0.6620871213561188	0.5212175210675829	FALSE	0.209598662089407	0.736494903547362	-0.563273722051427	0.528667059361378	1.0	-0.0866184458140379
G08_bin.11	G08_bin.11	d__Bacteria;p__Bacillota;c__Clostridia;o__UBA1212;f__UBA1255;g__Egerieisoma;s__Egerieisoma faecipullorum	Egerieisoma faecipullorum	96.15	1.05	FALSE	TRUE	Predicted anaerobe	0.017992350053191487	0.0	9	19.148936170212767	0	0.0	10.813969535038204	2.07076012373072	TRUE				0.149324419837226	1.0	-0.127260074631786
G08_bin.13	G05_bin.22	d__Bacteria;p__Bacillota;c__Clostridia;o__Christensenellales;f__CAG-138;g__PeH17;s__PeH17 sp000435055	PeH17 sp000435055	93.68	2.1	FALSE	TRUE	Predicted anaerobe	0.05324475559574468	0.0078420205	20	42.5531914893617	7	38.888888888888886	2.761774517797506	1.1752231990627686	FALSE	0.0281255412256391	0.312545076869915	-0.931811067438763	0.709994135114868	1.0	-0.0342439101528823
G08_bin.14	B01_bin.49	d__Bacteria;p__Bacillota;c__Clostridia;o__Oscillospirales;f__Oscillospiraceae;g__Lawsonibacter_A;s__Lawsonibacter_A hominis	Lawsonibacter A hominis	89.6	4.87	FALSE	TRUE	Predicted anaerobe	0.02569761045744681	0.007509627105555555	17	36.170212765957444	7	38.888888888888886	1.7734624904844583	0.6414651561326764	FALSE	0.142335591542768	0.640690333577322	-0.642278455737635	0.693051692710765	1.0	0.0482661548739473
G08_bin.15	D01_bin.67	d__Bacteria;p__Actinomycetota;c__Coriobacteriia;o__Coriobacteriales;f__Coriobacteriaceae;g__Collinsella;s__Collinsella sp905215825	Collinsella sp905215825	98.39	0.81	FALSE	TRUE	Predicted anaerobe	0.024976757127659576	0.005719494666666667	28	59.57446808510638	6	33.333333333333336	2.124683869315283	1.2657691136346365	FALSE	0.156906953758909	0.665824546740973	-0.544150486090969	0.106329051898749	1.0	-0.303051732675884
G08_bin.16	B01_bin.9	d__Bacteria;p__Verrucomicrobiota;c__Verrucomicrobiia;o__Verrucomicrobiales;f__Akkermansiaceae;g__Akkermansia;s__Akkermansia muciniphila	Akkermansia muciniphila	97.96	0	FALSE	TRUE	Predicted anaerobe	0.022829679000000002	0.01748239877777778	19	40.42553191489362	5	27.77777777777778	0.38481423118339797	0.15556319984009703	FALSE	0.932308089018659	0.996775823468346	0.0340977627038176	0.582688630624847	1.0	-0.0577165047876651
G08_bin.17	G08_bin.17	d__Bacteria;p__Bacillota;c__Clostridia;o__Oscillospirales;f__Oscillospiraceae;g__Hominicoprocola;s__Hominicoprocola sp900317525	Hominicoprocola sp900317525	97.05	0.45	FALSE	TRUE	Predicted anaerobe	0.03538115382978724	0.033857578222222226	33	70.2127659574468	12	66.66666666666667	0.06348397022629178	0.04457385143548146	FALSE	0.54189722463453	0.931555522488562	-0.211590693704128	0.705866724744229	1.0	0.0484852248087307
G08_bin.19	G04_bin.50	d__Bacteria;p__Bacillota;c__Clostridia;o__Lachnospirales;f__Lachnospiraceae;g__Butyribacter;s__Butyribacter sp003529475	Butyribacter sp003529475	94.63	0	FALSE	TRUE	Predicted anaerobe	0.013941489912765958	0.013679898749999999	24	51.06382978723404	7	38.888888888888886	0.0273074225994649	0.013944215795471436	FALSE	0.843344608590987	0.983217763396128	-0.0778808485375752	0.572964870503175	1.0	-0.029490112374408
G08_bin.23	D08_bin.51	d__Bacteria;p__Pseudomonadota;c__Alphaproteobacteria;o__RF32;f__CAG-239;g__JAFUYI01;s__JAFUYI01 sp001917175	JAFUYI01 sp001917175	96.77	0.1	FALSE	TRUE	Predicted anaerobe	0.019903777268085107	0.020827712138888888	7	14.893617021276595	4	22.22222222222222	-0.0654299876190237	-0.009744891773046082	FALSE	0.560895895566851	0.936541020716014	0.246015388540002	0.557434001529972	0.986166639365478	0.0735238914787625
G08_bin.26	C02_bin.89	d__Bacteria;p__Bacillota;c__Clostridia;o__Oscillospirales;f__Acutalibacteraceae;g__Hominenteromicrobium;s__Hominenteromicrobium mulieris	Hominenteromicrobium mulieris	93.36	2.81	FALSE	TRUE	Predicted anaerobe	0.012144682187234043	0.010365932716666667	32	68.08510638297872	11	61.111111111111114	0.22827114170978402	0.15541864967474656	FALSE	0.123752801903822	0.606530912345466	-0.560048279688975	0.566761301245199	1.0	-0.0599893014675566
G08_bin.33	A09_bin.62	d__Bacteria;p__Bacillota;c__Clostridia;o__Oscillospirales;f__Ruminococcaceae;g__Ruthenibacterium;s__Ruthenibacterium lactatiformans	Ruthenibacterium lactatiformans	87.15	6.01	FALSE	TRUE	Predicted anaerobe	0.025734994772340425	0.0151778835	38	80.85106382978724	16	88.88888888888889	0.7613711393958955	0.6155766658945537	FALSE	0.449279789431602	0.884830200132678	-0.265506935814564	0.509851838800615	1.0	0.064769186957748
G08_bin.34	H04_bin.57	d__Bacteria;p__Bacillota;c__Clostridia;o__Oscillospirales;f__Ruminococcaceae;g__Gemmiger;s__Gemmiger formicilis	Gemmiger formicilis	87.64	0	FALSE	TRUE	Predicted anaerobe	0.01639382755319149	0.01829371758888889	37	78.72340425531915	13	72.22222222222223	-0.15810421543061434	-0.12446502065814322	FALSE	0.369071807783408	0.837434938010914	0.298188033073215	0.41655596919212	1.0	0.0803687774767665
G08_bin.36	D05_bin.12	d__Bacteria;p__Bacillota;c__Clostridia;o__Oscillospirales;f__Oscillospiraceae;g__Scatomorpha;s__Scatomorpha sp900545405	Scatomorpha sp900545405	90.88	2.24	FALSE	TRUE	Predicted anaerobe	0.020737541676595743	0.03171247472222222	18	38.297872340425535	3	16.666666666666668	-0.6125649171130567	-0.23459932995819194	FALSE	0.000825518093690708	0.0698938652658133	1.62818856981848	0.317451843803941	1.0	-0.213011136329836
G08_bin.39	C07_bin.89	d__Bacteria;p__Desulfobacterota;c__Desulfovibrionia;o__Desulfovibrionales;f__Desulfovibrionaceae;g__Bilophila;s__Bilophila wadsworthia	Bilophila wadsworthia	98.82	0	FALSE	TRUE	Predicted anaerobe	0.009503720014893616	0.0038577412444444443	17	36.170212765957444	4	22.22222222222222	1.2985182875897692	0.46967682742608674	FALSE	0.369262649831584	0.837434938010914	-0.363368477631569	0.439861242973798	1.0	-0.125906319789814
G08_bin.42	H02_bin.18	d__Bacteria;p__Actinomycetota;c__Actinomycetes;o__Actinomycetales;f__Bifidobacteriaceae;g__Bifidobacterium;s__Bifidobacterium adolescentis	Bifidobacterium adolescentis	84.09	0.19	FALSE	TRUE	Predicted anaerobe	0.13444354089361701	0.09235412555555556	39	82.97872340425532	12	66.66666666666667	0.5417032303391975	0.4494984251750788	FALSE	0.447605994281269	0.884830200132678	-0.29071897060664	0.293286834053802	1.0	-0.110842850612262
G08_bin.46	D05_bin.78	d__Bacteria;p__Bacillota;c__Clostridia;o__Christensenellales;f__Aristaeellaceae;g__Limiplasma;s__Limiplasma merdipullorum	Limiplasma merdipullorum	95.16	3.49	FALSE	TRUE	Predicted anaerobe	0.013632130936170214	0.0066627407222222225	18	38.297872340425535	3	16.666666666666668	1.0317176623519437	0.3951259132411699	FALSE	0.0472686788948984	0.416057975619452	0.857129850483433	0.25207841628791	1.0	-0.201433164348686
G08_bin.51	C03_bin.49	d__Bacteria;p__Actinomycetota;c__Actinomycetes;o__Actinomycetales;f__Bifidobacteriaceae;g__Bifidobacterium;s__Bifidobacterium longum	Bifidobacterium longum	98.76	0.23	FALSE	TRUE	Predicted anaerobe	0.027902288297872342	0.014473678833333333	42	89.36170212765957	12	66.66666666666667	0.9464723124909947	0.845783768608974	FALSE	0.364935990052506	0.837128877065693	-0.297309577705088	0.120875538334935	1.0	-0.210882691845434
G08_bin.56	A07_bin.65	d__Bacteria;p__Bacteroidota;c__Bacteroidia;o__Bacteroidales;f__Barnesiellaceae;g__Barnesiella;s__Barnesiella intestinihominis	Barnesiella intestinihominis	92.38	1.51	FALSE	TRUE	Predicted anaerobe	0.05104804104255319	0.04187091275	32	68.08510638297872	12	66.66666666666667	0.28584530192526225	0.19461807790656152	FALSE	0.361451964536891	0.837128877065693	-0.295592827118152	0.813435018097085	1.0	0.0153969537342518
G08_bin.57	C07_bin.75	d__Bacteria;p__Bacillota;c__Clostridia;o__Christensenellales;f__CAG-314;g__CAG-314;s__CAG-314 sp000437915	CAG-314 sp000437915	92.74	0.81	FALSE	TRUE	Predicted anaerobe	0.01350397314893617	0.005852277583333333	12	25.53191489361702	4	22.22222222222222	1.204918706255818	0.30763881861850667	FALSE	0.0425640804984369	0.40041764617048	-0.843353675852152	0.755148448906569	0.999962972373617	-0.0375584417399974
G08_bin.58	D06_bin.80	d__Bacteria;p__Bacillota;c__Clostridia;o__Christensenellales;f__CAG-138;g__SFEL01;s__SFEL01 sp004557245	SFEL01 sp004557245	93.01	0.93	FALSE	TRUE	Predicted anaerobe	0.022302019414893615	0.003834142111111111	18	38.297872340425535	3	16.666666666666668	2.5370875187610493	0.9716505390999763	FALSE	0.0117757390249962	0.192084990701314	-1.08947342811865	0.167825448148622	1.0	-0.218711959045621
G08_bin.6	F07_bin.42	d__Bacteria;p__Bacillota;c__Clostridia;o__Lachnospirales;f__Lachnospiraceae;g__Lachnospira;s__Lachnospira eligens_A	Lachnospira eligens A	97.99	4.03	FALSE	TRUE	Predicted anaerobe	0.019375506665957446	0.022814250083333334	28	59.57446808510638	12	66.66666666666667	-0.23558901727119486	-0.14035090390624375	FALSE	0.84490927018071	0.983217763396128	0.0814169154429585	0.164294538460836	0.954415743109771	0.170209298031641
G08_bin.64	G08_bin.64	d__Bacteria;p__Bacillota;c__Clostridia;o__Oscillospirales;f__Oscillospiraceae;g__Scatomorpha;s__Scatomorpha merdavium	Scatomorpha merdavium	87.71	3.8	FALSE	TRUE	Predicted anaerobe	0.10021311217021275	0.001878146111111111	8	17.02127659574468	1	5.555555555555555	5.730101022898145	0.9753363443230885	FALSE	0.158125969317959	0.665824546740973	-0.656911716786861	0.453991509296717	1.0	-0.0704165458052351
G08_bin.70	G08_bin.70	d__Bacteria;p__Bacillota;c__Clostridia;o__Christensenellales;f__Aristaeellaceae;g__Alectryocaccomicrobium;s__Alectryocaccomicrobium faecavium	Alectryocaccomicrobium faecavium	95.9	3.36	FALSE	TRUE	Predicted anaerobe	0.01409418344680851	0.005201476722222222	11	23.404255319148938	3	16.666666666666668	1.4363590072734136	0.3361691293618628	FALSE	0.510777211186987	0.914731164555467	-0.26653099088787	0.677911214795211	1.0	-0.034845236586738
G08_bin.79	D08_bin.102	d__Bacteria;p__Pseudomonadota;c__Gammaproteobacteria;o__Burkholderiales;f__Burkholderiaceae_F;g__Sutterella;s__Sutterella wadsworthensis_A	Sutterella wadsworthensis A	80.62	7.18	FALSE	TRUE	Predicted anaerobe	0.01980182906382979	0.050196806777777776	11	23.404255319148938	4	22.22222222222222	-1.3415208919403048	-0.31397297470943303	FALSE	0.0203617388443171	0.272204298234555	1.07463120373643	0.768719152633045	0.999319519592941	-0.000934624619354865
G08_bin.8	C02_bin.32	d__Bacteria;p__Bacillota;c__Clostridia;o__Lachnospirales;f__Lachnospiraceae;g__Coprococcus_C;s__Coprococcus_C hominis	Coprococcus C hominis	93.29	0.34	FALSE	TRUE	Predicted anaerobe	0.014572667468085106	0.019240863305555557	11	23.404255319148938	9	50.0	-0.40066850273256777	-0.09377347936294139	FALSE	0.346077581501964	0.832730125672402	-0.377578986237954	0.0985027239667092	0.86572727190589	0.326077316722921
G08_bin.83	D08_bin.97	d__Bacteria;p__Bacteroidota;c__Bacteroidia;o__Bacteroidales;f__Tannerellaceae;g__Parabacteroides;s__Parabacteroides merdae	Parabacteroides merdae	96.67	0.64	FALSE	TRUE	Predicted anaerobe	0.02053336056382979	0.018614315722222222	29	61.702127659574465	12	66.66666666666667	0.14148478234693831	0.08729912102257896	FALSE	0.296660914022687	0.813109007689126	-0.354711470356533	0.554359933520159	1.0	0.0799558522441546
G08_bin.85	A05_bin.5	d__Archaea;p__Methanobacteriota;c__Methanobacteria;o__Methanobacteriales;f__Methanobacteriaceae;g__Methanocatella;s__Methanocatella smithii	Methanocatella smithii	97.6	0.8	FALSE	TRUE	Predicted anaerobe	0.011211312187234044	0.006259135388888889	13	27.659574468085108	3	16.666666666666668	0.8399029985127202	0.2323135953333056	FALSE	0.612068597326076	0.943026319703049	0.191029389543918	0.603839586779353	1.0	-0.0778386516051597
G08_bin.86	G08_bin.86	d__Bacteria;p__Bacillota;c__Clostridia;o__Oscillospirales;f__Oscillospiraceae;g__JAZOXB01;s__JAZOXB01 sp040096185	JAZOXB01 sp040096185	84.26	1.01	FALSE	TRUE	Predicted anaerobe	0.04208169638297873	0.024394697444444443	38	80.85106382978724	14	77.77777777777777	0.7863767883337245	0.6357939990783303	FALSE	0.244069224024934	0.775741915017688	-0.434455588438727	0.699928163417721	1.0	-0.0267370412609691
G08_bin.87	D08_bin.21	d__Bacteria;p__Bacteroidota;c__Bacteroidia;o__Bacteroidales;f__Rikenellaceae;g__Alistipes;s__Alistipes putredinis	Alistipes putredinis	93.68	4.05	FALSE	TRUE	Predicted anaerobe	0.09977305807234042	0.11026898955555556	37	78.72340425531915	15	83.33333333333333	-0.14429116394079225	-0.11359091629381518	FALSE	0.35439901810173	0.834818742665175	0.307420413437881	0.191785098456684	0.995807137835584	0.136195825367527
G08_bin.88	G08_bin.88	d__Bacteria;p__Bacillota_I;c__Bacilli_A;o__Erysipelotrichales;f__Erysipelotrichaceae;g__Merdibacter;s__Merdibacter merdipullorum	Merdibacter merdipullorum	95.28	1.13	FALSE	TRUE	Predicted anaerobe	0.01621689519148936	0.011959629888888889	16	34.04255319148936	4	22.22222222222222	0.43900844146097256	0.14944968219948002	FALSE	0.829495637935508	0.983217763396128	-0.0834502798785325	0.625802243341357	1.0	-0.0594019944813516
G08_bin.9	G08_bin.9	d__Bacteria;p__Bacillota;c__Clostridia;o__Oscillospirales;f__Ruminococcaceae;g__Faecalibacterium;s__Faecalibacterium taiwanense	Faecalibacterium taiwanense	100	0	FALSE	TRUE	Predicted anaerobe	0.100752647	0.08995153833333333	46	97.87234042553192	18	100.0	0.1635806904033606	0.1601002501820125	FALSE	0.605535170666014	0.941943598813799	-0.196035318001962	0.371772240085814	1.0	0.149108075841455
H01_bin.10	A09_bin.36	d__Bacteria;p__Bacillota;c__Clostridia;o__Oscillospirales;f__Oscillospiraceae;g__Oscillibacter;s__Oscillibacter segnis	Oscillibacter segnis	86.45	6.96	FALSE	TRUE	Predicted anaerobe	0.034065342361702125	0.035418255777777775	35	74.46808510638297	14	77.77777777777777	-0.056172287550137215	-0.04183042689903835	FALSE	0.904338304427549	0.989325797881398	0.0404560837934755	0.206900335845562	0.995043081852761	0.128518165027289
H01_bin.105	D01_bin.64	d__Bacteria;p__Bacteroidota;c__Bacteroidia;o__Bacteroidales;f__Bacteroidaceae;g__Bacteroides;s__Bacteroides uniformis	Bacteroides uniformis	87.79	0.87	FALSE	TRUE	Predicted anaerobe	0.1594562439574468	0.15267108305555555	45	95.74468085106383	18	100.0	0.06272973898336061	0.06006038838832399	FALSE	0.73138603629588	0.968083431841543	-0.11704403016013	0.29697719442594	1.0	0.127473485081934
H01_bin.11	H01_bin.11	d__Bacteria;p__Bacillota;c__Clostridia;o__Oscillospirales;f__Ruminococcaceae;g__Gemmiger;s__Gemmiger sp900540775	Gemmiger sp900540775	90.1	3.53	FALSE	TRUE	Predicted anaerobe	0.025820156674468086	0.03255772383333334	16	34.04255319148936	10	55.55555555555556	-0.33438649868500797	-0.11383370168000272	FALSE	0.709258114753235	0.965520800387922	-0.146233856773947	0.135318588116872	0.909290958340605	0.277257542491111
H01_bin.14	D08_bin.97	d__Bacteria;p__Bacteroidota;c__Bacteroidia;o__Bacteroidales;f__Tannerellaceae;g__Parabacteroides;s__Parabacteroides merdae	Parabacteroides merdae	88.55	3.46	FALSE	TRUE	Predicted anaerobe	0.024817925957446807	0.025303571833333333	30	63.829787234042556	11	61.111111111111114	-0.027947342525995716	-0.01783872927191216	FALSE	0.778279085886049	0.973995429764571	-0.0960179521098802	0.807084833417453	1.0	0.0237714240339132
H01_bin.16	G02_bin.41	d__Bacteria;p__Bacteroidota;c__Bacteroidia;o__Bacteroidales;f__Rikenellaceae;g__Alistipes_A;s__Alistipes_A indistinctus	Alistipes A indistinctus	93.27	1.92	FALSE	TRUE	Predicted anaerobe	0.01563229849787234	0.007288654694444444	29	61.702127659574465	8	44.44444444444444	1.0997500469439656	0.6785691779015958	FALSE	0.0872150319004823	0.536188191314732	-0.585748767265094	0.251268663444251	1.0	-0.213910543800017
H01_bin.20	H03_bin.22	d__Bacteria;p__Bacillota;c__Clostridia;o__Oscillospirales;f__Oscillospiraceae;g__Faecousia;s__Faecousia sp000434635	Faecousia sp000434635	95.75	2.24	FALSE	TRUE	Predicted anaerobe	0.02184141524468085	0.008741089	21	44.680851063829785	6	33.333333333333336	1.320192256802075	0.5898731360179483	FALSE	0.892353284045208	0.988426013077921	0.0484652351852715	0.481197584971056	1.0	-0.0969788864207138
H01_bin.25	C02_bin.32	d__Bacteria;p__Bacillota;c__Clostridia;o__Lachnospirales;f__Lachnospiraceae;g__Coprococcus_C;s__Coprococcus_C hominis	Coprococcus C hominis	90.6	0.71	FALSE	TRUE	Predicted anaerobe	0.013839253329787235	0.017601601777777778	11	23.404255319148938	9	50.0	-0.3467179317157529	-0.08114674997602728	FALSE	0.570791914267317	0.936541020716014	-0.219578549005835	0.129598625223582	0.886239810249726	0.313166467650139
H01_bin.27	F02_bin.66	d__Bacteria;p__Bacteroidota;c__Bacteroidia;o__Bacteroidales;f__Rikenellaceae;g__Tidjanibacter;s__Tidjanibacter inops	Tidjanibacter inops	96.15	0.48	FALSE	TRUE	Predicted anaerobe	0.02048318529574468	0.03827589477777778	24	51.06382978723404	7	38.888888888888886	-0.9016687321778476	-0.46042658664400726	FALSE	0.0302859705423667	0.326354276511079	0.861897546179413	0.710503085490213	1.0	-0.0605144782253062
H01_bin.28	G05_bin.13	d__Bacteria;p__Bacillota;c__Clostridia;o__Oscillospirales;f__Acutalibacteraceae;g__Ruminococcoides;s__Ruminococcoides intestinale	Ruminococcoides intestinale	98.66	1.01	FALSE	TRUE	Predicted anaerobe	0.03842980228723404	0.05503305944444444	28	59.57446808510638	12	66.66666666666667	-0.5179597455047692	-0.308571763279437	FALSE	0.536758540319952	0.931555522488562	-0.257868575809202	0.505087436579441	1.0	0.0879658557353027
H01_bin.30	B04_bin.18	d__Bacteria;p__Bacteroidota;c__Bacteroidia;o__Bacteroidales;f__Rikenellaceae;g__Alistipes;s__Alistipes onderdonkii	Alistipes onderdonkii	80.05	0.48	FALSE	TRUE	Predicted anaerobe	0.13436131707234042	0.1004953446111111	41	87.23404255319149	15	83.33333333333333	0.41895299082485676	0.365469630294024	FALSE	0.778433995882458	0.973995429764571	-0.121786744712454	0.651025885022719	1.0	-0.0374089602983374
H01_bin.33	C04_bin.103	d__Bacteria;p__Bacillota;c__Clostridia;o__Oscillospirales;f__Acutalibacteraceae;g__CAG-177;s__CAG-177 sp003514385	CAG-177 sp003514385	81.74	1.34	FALSE	TRUE	Predicted anaerobe	0.014389568106382979	0.013741970916666665	13	27.659574468085108	3	16.666666666666668	0.06638714197508663	0.018362400971832473	FALSE	0.129397137642362	0.614700919466969	0.651820721251788	0.55649559367995	1.0	-0.0576662430056071
H01_bin.34	G07_bin.107	d__Bacteria;p__Bacillota;c__Clostridia;o__Lachnospirales;f__Lachnospiraceae;g__Roseburia;s__Roseburia faecis	Roseburia faecis	95.65	5.23	FALSE	TRUE	Predicted anaerobe	0.026935570531914893	0.040093378722222225	29	61.702127659574465	11	61.111111111111114	-0.5736756553619682	-0.35397008522334206	FALSE	0.476591146409507	0.897647307538246	0.231986387258612	0.449598114242545	0.999760174721447	0.0876141194745604
H01_bin.35	H06_bin.61	d__Bacteria;p__Bacillota;c__Clostridia;o__Lachnospirales;f__Lachnospiraceae;g__Fusicatenibacter;s__Fusicatenibacter saccharivorans	Fusicatenibacter saccharivorans	97.05	0.63	FALSE	TRUE	Predicted anaerobe	0.022069570131914892	0.03174124116666667	44	93.61702127659575	17	94.44444444444444	-0.5241009039214157	-0.4906476547349424	FALSE	0.348184585254466	0.834470369140725	0.291402624121679	0.0688082474247026	0.854877078259738	0.26691906290285
H01_bin.40	A03_bin.68	d__Bacteria;p__Bacillota;c__Clostridia;o__Lachnospirales;f__Lachnospiraceae;g__Roseburia;s__Roseburia hominis	Roseburia hominis	96.54	3.54	FALSE	TRUE	Predicted anaerobe	0.01566315344255319	0.02751652715	23	48.93617021276596	14	77.77777777777777	-0.8125271259586542	-0.3976196573840222	FALSE	0.495164822259375	0.90641165575229	0.260433025009011	0.015104333602626	0.711975098999951	0.434978304110062
H01_bin.42	H01_bin.42	d__Bacteria;p__Actinomycetota;c__Coriobacteriia;o__Coriobacteriales;f__Coriobacteriaceae;g__Collinsella;s__Collinsella sp900540945	Collinsella sp900540945	80.04	3.23	FALSE	TRUE	Predicted anaerobe	0.021928612991489363	0.004270917394444444	23	48.93617021276596	5	27.77777777777778	2.357480415850902	1.1536606290334201	FALSE	0.00834767130900282	0.161486168340678	-1.02601508510528	0.114063773065152	1.0	-0.301627852861261
H01_bin.45	H01_bin.45	d__Bacteria;p__Bacteroidota;c__Bacteroidia;o__Bacteroidales;f__Bacteroidaceae;g__Prevotella;s__Prevotella sinensis	Prevotella sinensis	93.58	1.13	FALSE	TRUE	Predicted anaerobe	0.0860794589212766	0.6214629833333334	9	19.148936170212767	2	11.11111111111111	-2.851783170632587	-0.5460861390573039	FALSE	0.000107825034810476	0.0539104280935389	3.39819141740055	0.546941089943797	0.9988065074845	-0.0794693291990601
H01_bin.47	G07_bin.85	d__Bacteria;p__Bacillota;c__Clostridia;o__Christensenellales;f__Aristaeellaceae;g__UBA11524;s__UBA11524 sp000437595	UBA11524 sp000437595	99.3	1.17	FALSE	TRUE	Predicted anaerobe	0.027627192787234044	0.011261831972222223	20	42.5531914893617	7	38.888888888888886	1.2938890724035703	0.5505910946398171	FALSE	0.481807072182395	0.900238809691037	-0.257049738996126	0.668373651767991	1.0	-0.0301418255809384
H01_bin.48	H05_bin.34	d__Bacteria;p__Pseudomonadota;c__Gammaproteobacteria;o__Enterobacterales;f__Enterobacteriaceae;g__Escherichia;s__Escherichia coli	Escherichia coli	95.99	0.87	FALSE	FALSE	Facultative/other	0.042602406974468085	0.0018744693	16	34.04255319148936	2	11.11111111111111	4.49904334759901	1.5315892247145566	FALSE	0.225729113459953	0.764231036679804	-0.500691056918004	0.106773998973983	1.0	-0.232478477834031
H01_bin.58	H01_bin.58	d__Bacteria;p__Bacillota;c__Clostridia;o__Oscillospirales;f__Oscillospiraceae;g__Vescimonas;s__Vescimonas sp900554275	Vescimonas sp900554275	80.24	3.68	FALSE	TRUE	Predicted anaerobe	0.10190179665957447	0.019437350000000003	6	12.76595744680851	1	5.555555555555555	2.389675573977003	0.3050649668906812	FALSE	0.0104534129543848	0.181054458332153	-2.17869837356482	0.632208679638848	0.998765873625856	-0.0355185077916254
H01_bin.72	H05_bin.43	d__Bacteria;p__Bacillota;c__Clostridia;o__Lachnospirales;f__Lachnospiraceae;g__Roseburia;s__Roseburia rectalis	Roseburia rectalis	96.46	0.48	FALSE	TRUE	Predicted anaerobe	0.0466596374106383	0.02608157677777778	38	80.85106382978724	11	61.111111111111114	0.8389001262689885	0.6782596765579055	FALSE	0.323587689170049	0.826466231054012	0.322240539242628	0.329159660518542	1.0	-0.0607025002702078
H01_bin.77	E04_bin.61	d__Bacteria;p__Bacillota;c__Clostridia;o__Oscillospirales;f__Oscillospiraceae;g__Hominicoprocola;s__Hominicoprocola sp003522105	Hominicoprocola sp003522105	83.12	1.51	FALSE	TRUE	Predicted anaerobe	0.039079118391489365	0.006623308888888889	9	19.148936170212767	1	5.555555555555555	2.55896643315188	0.4900148489014238	FALSE	0.00674337147197703	0.151768537685761	1.67257508146863	0.405575284066005	0.999718204233331	-0.119152935203637
H01_bin.83	D08_bin.21	d__Bacteria;p__Bacteroidota;c__Bacteroidia;o__Bacteroidales;f__Rikenellaceae;g__Alistipes;s__Alistipes putredinis	Alistipes putredinis	99.04	1.44	FALSE	TRUE	Predicted anaerobe	0.10756725482978724	0.13970945638888888	36	76.59574468085107	15	83.33333333333333	-0.3771598550826599	-0.28888839963778207	FALSE	0.191682410967698	0.708208228680469	0.437169285680468	0.120223413364599	0.919677850917503	0.142466274443933
H01_bin.87	H01_bin.87	d__Bacteria;p__Bacillota;c__Clostridia;o__Lachnospirales;f__Lachnospiraceae;g__Acetatifactor;s__Acetatifactor intestinalis	Acetatifactor intestinalis	98.55	1.55	FALSE	TRUE	Predicted anaerobe	0.08840835344680852	0.040521761305555556	25	53.191489361702125	12	66.66666666666667	1.125292999256782	0.59856010598765	FALSE	0.974399373604167	1	0.0121822664878489	0.077643698122088	0.86502668206763	0.209121108331448
H01_bin.93	H01_bin.93	d__Bacteria;p__Bacillota;c__Clostridia;o__Oscillospirales;f__Oscillospiraceae;g__CAG-170;s__CAG-170 sp900553545	CAG-170 sp900553545	80.43	3.52	FALSE	TRUE	Predicted anaerobe	0.055072616021276596	0.026751603994444446	29	61.702127659574465	12	66.66666666666667	1.0414324900286889	0.6425860044857867	FALSE	0.0993361922264836	0.569741128318348	-0.623519982744402	0.848012122452757	1.0	0.029970991804588
H01_bin.94	F08_bin.12	d__Bacteria;p__Bacteroidota;c__Bacteroidia;o__Bacteroidales;f__Rikenellaceae;g__Alistipes_A;s__Alistipes_A hominis	Alistipes A hominis	100	3.85	FALSE	TRUE	Predicted anaerobe	0.011096781891489362	0.020883298027777778	20	42.5531914893617	6	33.333333333333336	-0.9115993742444132	-0.38791462733804816	FALSE	0.244889268213535	0.775741915017688	0.450015241335511	0.703097359338066	1.0	-0.0770747360939413
H02_bin.11	C04_bin.103	d__Bacteria;p__Bacillota;c__Clostridia;o__Oscillospirales;f__Acutalibacteraceae;g__CAG-177;s__CAG-177 sp003514385	CAG-177 sp003514385	90.53	0	FALSE	TRUE	Predicted anaerobe	0.02125997590851064	0.009386931833333332	13	27.659574468085108	3	16.666666666666668	1.1785567108763575	0.3259837710934606	FALSE	0.233877508378509	0.764231036679804	0.484218271653036	0.563178849035833	1.0	-0.0789719617544485
H02_bin.12	H05_bin.43	d__Bacteria;p__Bacillota;c__Clostridia;o__Lachnospirales;f__Lachnospiraceae;g__Roseburia;s__Roseburia rectalis	Roseburia rectalis	97.58	0	FALSE	TRUE	Predicted anaerobe	0.022562930331914893	0.0389937535	36	76.59574468085107	13	72.22222222222223	-0.7890192515760472	-0.6043551714199511	FALSE	0.415388786557201	0.862590440516194	0.33013449284724	0.611444165843189	1.0	0.0712114970008401
H02_bin.14	H02_bin.14	d__Bacteria;p__Bacillota;c__Clostridia;o__Oscillospirales;f__Oscillospiraceae;g__Vescimonas;s__Vescimonas sp900547745	Vescimonas sp900547745	82.05	1.85	FALSE	TRUE	Predicted anaerobe	0.0941852744893617	0.004998883333333333	8	17.02127659574468	1	5.555555555555555	4.233093771804478	0.7205265994560814	FALSE	0.290155263311897	0.809039733623089	0.464368325627725	0.342372486301811	1.0	-0.104541668583567
H02_bin.16	A06_bin.107	d__Bacteria;p__Bacteroidota;c__Bacteroidia;o__Bacteroidales;f__Marinifilaceae;g__Odoribacter;s__Odoribacter splanchnicus	Odoribacter splanchnicus	89.61	1.16	FALSE	TRUE	Predicted anaerobe	0.012421522478723404	0.014951118316666666	36	76.59574468085107	15	83.33333333333333	-0.26721502518292334	-0.20467533843798383	FALSE	0.73880813648282	0.970163121614811	0.0999913542498392	0.180372798306711	0.983513919496978	0.148121655686595
H02_bin.18	H02_bin.18	d__Bacteria;p__Actinomycetota;c__Actinomycetes;o__Actinomycetales;f__Bifidobacteriaceae;g__Bifidobacterium;s__Bifidobacterium adolescentis	Bifidobacterium adolescentis	98.53	1.7	FALSE	TRUE	Predicted anaerobe	0.16029388828723404	0.10926188877777777	39	82.97872340425532	12	66.66666666666667	0.5528871176734812	0.4587786721120376	FALSE	0.579482978341287	0.936541020716014	-0.213630887685576	0.30303200939008	1.0	-0.100823859558759
H02_bin.19	H02_bin.19	d__Bacteria;p__Pseudomonadota;c__Gammaproteobacteria;o__Burkholderiales;f__Burkholderiaceae_F;g__Sutterella;s__Sutterella seckii	Sutterella seckii	97.52	0	FALSE	TRUE	Predicted anaerobe	0.012247611361702127	0.05125397533333333	4	8.51063829787234	3	16.666666666666668	-2.0642674899574938	-0.17568233957085053	FALSE	0.692689248269993	0.962481766538651	0.188015572780819	0.436273669039144	0.978961496442621	0.09561552884021
H02_bin.24	H06_bin.61	d__Bacteria;p__Bacillota;c__Clostridia;o__Lachnospirales;f__Lachnospiraceae;g__Fusicatenibacter;s__Fusicatenibacter saccharivorans	Fusicatenibacter saccharivorans	91.59	5.06	FALSE	TRUE	Predicted anaerobe	0.020719899721276594	0.02551127827777778	42	89.36170212765957	17	94.44444444444444	-0.2999874532345408	-0.2680738943798024	FALSE	0.650232779496966	0.947865487459929	0.136713051882951	0.0715038569471846	0.856113866216635	0.286321758009465
H02_bin.28	G08_bin.17	d__Bacteria;p__Bacillota;c__Clostridia;o__Oscillospirales;f__Oscillospiraceae;g__Hominicoprocola;s__Hominicoprocola sp900317525	Hominicoprocola sp900317525	92.61	1.34	FALSE	TRUE	Predicted anaerobe	0.03651606754042553	0.03171137326666667	33	70.2127659574468	11	61.111111111111114	0.20347121015417013	0.14286276457633224	FALSE	0.925530743491557	0.996153363714411	-0.0331799718506533	0.647987407397227	1.0	-0.00126607700973268
H02_bin.3	G07_bin.85	d__Bacteria;p__Bacillota;c__Clostridia;o__Christensenellales;f__Aristaeellaceae;g__UBA11524;s__UBA11524 sp000437595	UBA11524 sp000437595	91.61	0.7	FALSE	TRUE	Predicted anaerobe	0.02104419674042553	0.009293185088888888	24	51.06382978723404	8	44.44444444444444	1.1783112000641325	0.6016908255646634	FALSE	0.0147194626320738	0.226685439446516	-0.920046600765456	0.58035175780919	1.0	-0.0853174800984509
H02_bin.41	H02_bin.41	d__Bacteria;p__Bacillota;c__Clostridia;o__Oscillospirales;f__Ruminococcaceae;g__Ruminococcus_C;s__Ruminococcus_C callidus	Ruminococcus C callidus	85.91	0	FALSE	TRUE	Predicted anaerobe	0.021692474276595746	0.00046147752777777777	11	23.404255319148938	1	5.555555555555555	5.524526713199852	1.2929743371318803	FALSE	0.00492895786968352	0.130801299885034	-1.52796240487534	0.136390881421014	1.0	-0.197626513328378
H02_bin.46	H07_bin.23	d__Bacteria;p__Bacillota;c__Clostridia;o__Oscillospirales;f__Ruminococcaceae;g__Faecalibacterium;s__Faecalibacterium longum	Faecalibacterium longum	86.14	7.73	FALSE	TRUE	Predicted anaerobe	0.03315556814893617	0.02477107183333333	41	87.23404255319149	15	83.33333333333333	0.4204476520283407	0.36677348368429724	FALSE	0.510791951545609	0.914731164555467	-0.19979612427679	0.757907086907404	1.0	-0.00124869169275337
H02_bin.5	H05_bin.38	d__Bacteria;p__Bacteroidota;c__Bacteroidia;o__Bacteroidales;f__Tannerellaceae;g__Parabacteroides;s__Parabacteroides distasonis	Parabacteroides distasonis	90.13	1.15	FALSE	TRUE	Predicted anaerobe	0.014802347965957446	0.010177753361111111	37	78.72340425531915	13	72.22222222222223	0.5399644078169198	0.4250783636005539	FALSE	0.348732171005123	0.834470369140725	-0.3056387642157	0.492384227503457	1.0	-0.0685537732892052
H02_bin.50	E06_bin.85	d__Bacteria;p__Bacteroidota;c__Bacteroidia;o__Bacteroidales;f__Rikenellaceae;g__Alistipes;s__Alistipes shahii	Alistipes shahii	98.08	0.24	FALSE	TRUE	Predicted anaerobe	0.07698879001276596	0.03899887288888889	36	76.59574468085107	10	55.55555555555556	0.9810334607958447	0.7514298848649024	FALSE	0.621245020076193	0.943026319703049	-0.170385973965858	0.080769488366627	1.0	-0.177114884978067
H02_bin.58	C02_bin.89	d__Bacteria;p__Bacillota;c__Clostridia;o__Oscillospirales;f__Acutalibacteraceae;g__Hominenteromicrobium;s__Hominenteromicrobium mulieris	Hominenteromicrobium mulieris	96.98	0	FALSE	TRUE	Predicted anaerobe	0.01369035994893617	0.0148100668	31	65.95744680851064	12	66.66666666666667	-0.11333815291986389	-0.07475495192586767	FALSE	0.218324848848012	0.753750643207311	-0.454432657074522	0.860588724915487	1.0	-0.0175233815547872
H02_bin.61	F06_bin.75	d__Bacteria;p__Bacillota;c__Clostridia;o__Oscillospirales;f__Oscillospiraceae;g__Hominicoprocola;s__Hominicoprocola fusiformis	Hominicoprocola fusiformis	96.64	2.68	FALSE	TRUE	Predicted anaerobe	0.04753951081702128	0.032952851722222225	34	72.34042553191489	14	77.77777777777777	0.5285894388052372	0.38238384934846953	FALSE	0.878218038221588	0.984846414163431	0.0560698189238305	0.106375155216808	0.900607330522309	0.174531503143079
H02_bin.65	B09_bin.93	d__Bacteria;p__Bacillota;c__Clostridia;o__Oscillospirales;f__Oscillospiraceae;g__CAG-103;s__CAG-103 sp000432375	CAG-103 sp000432375	83.93	0.95	FALSE	TRUE	Predicted anaerobe	0.01177209774468085	0.010879338472222222	22	46.808510638297875	9	50.0	0.11368011387813519	0.05321196819827605	FALSE	0.767049433962965	0.973335000126514	-0.10681697856264	0.726528213908864	0.999938210065385	0.0315255871406821
H02_bin.76	D02_bin.11	d__Bacteria;p__Bacteroidota;c__Bacteroidia;o__Bacteroidales;f__Bacteroidaceae;g__Phocaeicola;s__Phocaeicola vulgatus	Phocaeicola vulgatus	97.13	5.28	FALSE	TRUE	Predicted anaerobe	0.25698967774468084	0.3182748699444444	46	97.87234042553192	17	94.44444444444444	-0.3085520279475228	-0.30198709118268185	FALSE	0.804002265002688	0.981759872681963	0.105929673096924	0.821786538207034	1.0	0.0282561199463896
H03_bin.1	F07_bin.6	d__Bacteria;p__Bacillota;c__Clostridia;o__Oscillospirales;f__Acutalibacteraceae;g__CAG-217;s__CAG-217 sp000436335	CAG-217 sp000436335	94.63	1.36	FALSE	TRUE	Predicted anaerobe	0.009327886531914895	0.007012046888888889	14	29.78723404255319	2	11.11111111111111	0.4112044282932755	0.12248642544906078	FALSE	0.56747937244614	0.936541020716014	-0.22148419698591	0.270748108563574	1.0	-0.180890206521139
H03_bin.10	F08_bin.12	d__Bacteria;p__Bacteroidota;c__Bacteroidia;o__Bacteroidales;f__Rikenellaceae;g__Alistipes_A;s__Alistipes_A hominis	Alistipes A hominis	80.25	5.81	FALSE	TRUE	Predicted anaerobe	0.00909817085106383	0.021290193	21	44.680851063829785	5	27.77777777777778	-1.2256332437852904	-0.5476233642444914	FALSE	0.088633575341928	0.536188191314732	0.694495131199746	0.369665613019014	1.0	-0.194633179036108
H03_bin.103	G05_bin.13	d__Bacteria;p__Bacillota;c__Clostridia;o__Oscillospirales;f__Acutalibacteraceae;g__Ruminococcoides;s__Ruminococcoides intestinale	Ruminococcoides intestinale	90.71	1.34	FALSE	TRUE	Predicted anaerobe	0.0409883105212766	0.06629627447222222	28	59.57446808510638	12	66.66666666666667	-0.6935809373970493	-0.4131971541939868	FALSE	0.905138936101844	0.989325797881398	-0.0505948959887637	0.454831495415005	1.0	0.125414520134562
H03_bin.106	A01_bin.66	d__Bacteria;p__Bacillota;c__Clostridia;o__Christensenellales;f__Aristaeellaceae;g__Ventricola;s__Ventricola sp900542395	Ventricola sp900542395	90.99	2.28	FALSE	TRUE	Predicted anaerobe	0.014329923106382978	0.0030142949444444444	22	46.808510638297875	4	22.22222222222222	2.2453665376281076	1.0510226346344334	FALSE	0.0881251742512373	0.536188191314732	-0.621104444955871	0.131001478803343	1.0	-0.322686804161725
H03_bin.109	G05_bin.10	d__Bacteria;p__Bacillota;c__Clostridia;o__Christensenellales;f__CAG-138;g__Phil1;s__Phil1 sp001940855	Phil1 sp001940855	91.7	0.81	FALSE	TRUE	Predicted anaerobe	0.014292017919148936	0.0034648661777777778	10	21.27659574468085	4	22.22222222222222	2.041189392289456	0.43429561538073536	FALSE	0.0178419957666307	0.245915259481158	-1.08114426845655	0.792865385255299	0.999515004628579	0.00833837295904201
H03_bin.14	D08_bin.21	d__Bacteria;p__Bacteroidota;c__Bacteroidia;o__Bacteroidales;f__Rikenellaceae;g__Alistipes;s__Alistipes putredinis	Alistipes putredinis	82.53	0.48	FALSE	TRUE	Predicted anaerobe	0.21119058422765957	0.18119208905555556	37	78.72340425531915	15	83.33333333333333	0.22101423739094342	0.17398993156308312	FALSE	0.760956438737879	0.972133645260907	0.10045383523538	0.336200569767475	1.0	0.0765061005350398
H03_bin.16	F03_bin.29	d__Bacteria;p__Bacteroidota;c__Bacteroidia;o__Bacteroidales;f__Bacteroidaceae;g__Bacteroides;s__Bacteroides cellulosilyticus	Bacteroides cellulosilyticus	86.4	6.18	FALSE	TRUE	Predicted anaerobe	0.05854419593617021	0.103928856	30	63.829787234042556	10	55.55555555555556	-0.8278906235716852	-0.5284408235563949	FALSE	0.157127673547451	0.665824546740973	0.563547741217532	0.834833497786961	1.0	0.03539763324296
H03_bin.18	H03_bin.18	d__Bacteria;p__Bacillota_I;c__Bacilli_A;o__ML615J-28;f__CAG-313;g__CAG-313;s__CAG-313 sp000433035	CAG-313 sp000433035	98.67	0.11	FALSE	TRUE	Predicted anaerobe	0.01227507285106383	0.008601393472222222	11	23.404255319148938	4	22.22222222222222	0.5125877983706039	0.11996735706546048	FALSE	0.204582258137187	0.736494903547362	-0.511220721396568	0.813451138801811	0.999177198926514	-0.00507066782944376
H03_bin.2	H03_bin.2	d__Bacteria;p__Bacillota;c__Clostridia;o__Oscillospirales;f__CAG-382;g__UBA1206;s__UBA1206 sp000433115	UBA1206 sp000433115	92.81	0.34	FALSE	TRUE	Predicted anaerobe	0.009156479723404255	0.002690433611111111	6	12.76595744680851	1	5.555555555555555	1.7631767097067328	0.22508638847319992	FALSE	0.00549299067420793	0.137317697544445	5.07512746446835	0.653002829879187	1.0	-0.0663034381968167
H03_bin.21	C07_bin.75	d__Bacteria;p__Bacillota;c__Clostridia;o__Christensenellales;f__CAG-314;g__CAG-314;s__CAG-314 sp000437915	CAG-314 sp000437915	91.94	0.81	FALSE	TRUE	Predicted anaerobe	0.030748013668085106	0.0097520798	10	21.27659574468085	4	22.22222222222222	1.6557018878437253	0.35227699741355856	FALSE	0.116191908558499	0.602133567284286	-0.673121565730378	0.752356892478481	0.998182567912015	0.0542548084167154
H03_bin.22	H03_bin.22	d__Bacteria;p__Bacillota;c__Clostridia;o__Oscillospirales;f__Oscillospiraceae;g__Faecousia;s__Faecousia sp000434635	Faecousia sp000434635	94.07	1.13	FALSE	TRUE	Predicted anaerobe	0.023847893263829786	0.010584044055555556	25	53.191489361702125	7	38.888888888888886	1.1712132403559603	0.6229857661467874	FALSE	0.708765888651827	0.965520800387922	0.129932599083095	0.295230165391273	1.0	-0.145029154211429
H03_bin.24	D01_bin.64	d__Bacteria;p__Bacteroidota;c__Bacteroidia;o__Bacteroidales;f__Bacteroidaceae;g__Bacteroides;s__Bacteroides uniformis	Bacteroides uniformis	93.32	9.7	FALSE	TRUE	Predicted anaerobe	0.1441565235106383	0.152162629	45	95.74468085106383	18	100.0	-0.07797268792979235	-0.07465470120937566	FALSE	0.88890038803698	0.988426013077921	-0.0473773498238005	0.219446160864244	1.0	0.129151893246644
H03_bin.30	G07_bin.85	d__Bacteria;p__Bacillota;c__Clostridia;o__Christensenellales;f__Aristaeellaceae;g__UBA11524;s__UBA11524 sp000437595	UBA11524 sp000437595	97.2	0.93	FALSE	TRUE	Predicted anaerobe	0.07035910785957447	0.00878909981111111	22	46.808510638297875	8	44.44444444444444	2.9995143806355458	1.404028007957064	FALSE	0.0945288626624585	0.559673006160933	-0.6151077718318	0.761080617127593	1.0	-0.0287742102205159
H03_bin.31	H05_bin.38	d__Bacteria;p__Bacteroidota;c__Bacteroidia;o__Bacteroidales;f__Tannerellaceae;g__Parabacteroides;s__Parabacteroides distasonis	Parabacteroides distasonis	94.6	1.73	FALSE	TRUE	Predicted anaerobe	0.013350971865957446	0.00968828733888889	35	74.46808510638297	12	66.66666666666667	0.4622230487076538	0.34420865329293365	FALSE	0.734638317057156	0.968956171401791	-0.110724445579894	0.677438820894269	1.0	-0.0241749434445951
H03_bin.33	D06_bin.80	d__Bacteria;p__Bacillota;c__Clostridia;o__Christensenellales;f__CAG-138;g__SFEL01;s__SFEL01 sp004557245	SFEL01 sp004557245	98.39	1.88	FALSE	TRUE	Predicted anaerobe	0.016479092587234043	0.0024311541666666666	17	36.170212765957444	2	11.11111111111111	2.755876693977641	0.9968064637791467	FALSE	0.600491652488209	0.940772237633192	0.195773185233137	0.108027424606776	1.0	-0.247661877777527
H03_bin.35	H07_bin.23	d__Bacteria;p__Bacillota;c__Clostridia;o__Oscillospirales;f__Ruminococcaceae;g__Faecalibacterium;s__Faecalibacterium longum	Faecalibacterium longum	82.63	5.69	FALSE	TRUE	Predicted anaerobe	0.02948190995744681	0.022909147166666668	40	85.1063829787234	15	83.33333333333333	0.3637658956934754	0.30958799633487266	FALSE	0.342243224200296	0.831898310564131	-0.302882190164453	0.778939242583961	1.0	-0.0278086231373887
H03_bin.36	H01_bin.87	d__Bacteria;p__Bacillota;c__Clostridia;o__Lachnospirales;f__Lachnospiraceae;g__Acetatifactor;s__Acetatifactor intestinalis	Acetatifactor intestinalis	95.17	1.7	FALSE	TRUE	Predicted anaerobe	0.03629770354255319	0.03490296422222222	25	53.191489361702125	12	66.66666666666667	0.05651283124351997	0.030060016618893598	FALSE	0.502038135903377	0.912368802646777	0.267869861959841	0.0891522714154482	0.877127346040802	0.24560780574928
H03_bin.37	B08_bin.66	d__Bacteria;p__Bacteroidota;c__Bacteroidia;o__Bacteroidales;f__Rikenellaceae;g__Alistipes;s__Alistipes communis	Alistipes communis	85.1	1.44	FALSE	TRUE	Predicted anaerobe	0.029541984570212766	0.017750765277777778	29	61.702127659574465	11	61.111111111111114	0.7345612721406563	0.45323993387402195	FALSE	0.433522944075781	0.874402692510218	-0.274981683968705	0.824130126834201	1.0	-0.0238980835108315
H03_bin.38	H03_bin.38	d__Bacteria;p__Bacillota;c__Clostridia;o__Christensenellales;f__UBA1750;g__Spyradocola;s__Spyradocola sp905193155	Spyradocola sp905193155	84.8	7.77	FALSE	TRUE	Predicted anaerobe	0.008102928863829788	0.006884266111111111	6	12.76595744680851	2	11.11111111111111	0.2348258523235722	0.02997776838173262	FALSE	0.0862230104529918	0.536188191314732	-0.957586798387879	0.787486110348672	0.997732794626204	-0.0214038444144561
H03_bin.50	E04_bin.61	d__Bacteria;p__Bacillota;c__Clostridia;o__Oscillospirales;f__Oscillospiraceae;g__Hominicoprocola;s__Hominicoprocola sp003522105	Hominicoprocola sp003522105	83.98	4.19	FALSE	TRUE	Predicted anaerobe	0.05385764989361702	0.010520610305555555	11	23.404255319148938	2	11.11111111111111	2.354830074762376	0.5511304430294923	FALSE	0.490772594482132	0.903226691861454	0.291350698081542	0.444504758446363	1.0	-0.0725767200164059
H03_bin.58	D08_bin.97	d__Bacteria;p__Bacteroidota;c__Bacteroidia;o__Bacteroidales;f__Tannerellaceae;g__Parabacteroides;s__Parabacteroides merdae	Parabacteroides merdae	96.9	2.02	FALSE	TRUE	Predicted anaerobe	0.016356354046808512	0.01337277613888889	29	61.702127659574465	12	66.66666666666667	0.2903555452358531	0.17915554918807958	FALSE	0.254922305569997	0.787792906488093	-0.376191866744696	0.611432467749983	1.0	0.0580507588006389
H03_bin.59	A04_bin.93	d__Bacteria;p__Bacillota;c__Clostridia;o__Oscillospirales;f__Ruminococcaceae;g__Gemmiger;s__Gemmiger qucibialis	Gemmiger qucibialis	98.41	1.36	FALSE	TRUE	Predicted anaerobe	0.018658491325531917	0.015114625944444444	36	76.59574468085107	14	77.77777777777777	0.30370587966122903	0.23262578016604776	FALSE	0.339262826146987	0.831898310564131	-0.315746106217222	0.631466543389879	1.0	0.046745463717295
H03_bin.62	G07_bin.76	d__Bacteria;p__Bacteroidota;c__Bacteroidia;o__Bacteroidales;f__Bacteroidaceae;g__Phocaeicola;s__Phocaeicola coprocola	Phocaeicola coprocola	92.62	6.82	FALSE	TRUE	Predicted anaerobe	0.06643832787234043	0.006185338222222222	6	12.76595744680851	2	11.11111111111111	3.4229779447965107	0.43697590784636303	FALSE	0.00602785751113249	0.143749526272835	-2.70912696413876	0.76262689832872	0.995227236924952	-0.00057084006980221
H03_bin.66	H03_bin.66	d__Bacteria;p__Bacillota;c__Clostridia;o__Christensenellales;f__Borkfalkiaceae;g__UMGS621;s__UMGS621 sp900543915	UMGS621 sp900543915	94.48	1.88	FALSE	TRUE	Predicted anaerobe	0.007581612853191489	0.005357163777777778	9	19.148936170212767	4	22.22222222222222	0.5002465093311557	0.09579188476554044	FALSE	0.958570660879808	0.997272460529139	-0.0203630844742653	0.701342347845239	0.997989163176854	0.0522312276594755
H03_bin.67	G06_bin.24	d__Bacteria;p__Bacillota;c__Clostridia;o__Oscillospirales;f__Oscillospiraceae;g__CAG-170;s__CAG-170 sp000432135	CAG-170 sp000432135	89.93	4.5	FALSE	TRUE	Predicted anaerobe	0.04017440163829787	0.017571410111111112	29	61.702127659574465	10	55.55555555555556	1.1925848137646393	0.7358502042377562	FALSE	0.523388282012459	0.921370658829853	-0.215213890938636	0.661500562520937	1.0	-0.0220157338260256
H03_bin.68	D01_bin.67	d__Bacteria;p__Actinomycetota;c__Coriobacteriia;o__Coriobacteriales;f__Coriobacteriaceae;g__Collinsella;s__Collinsella sp905215825	Collinsella sp905215825	89.26	2.58	FALSE	TRUE	Predicted anaerobe	0.02011036005531915	0.006362756722222222	29	61.702127659574465	7	38.888888888888886	1.6586666299769945	1.023432601475167	FALSE	0.403553791982326	0.856335508584847	-0.273815805937811	0.118075065056082	1.0	-0.296036989772227
H03_bin.70	A06_bin.107	d__Bacteria;p__Bacteroidota;c__Bacteroidia;o__Bacteroidales;f__Marinifilaceae;g__Odoribacter;s__Odoribacter splanchnicus	Odoribacter splanchnicus	99.46	0.81	FALSE	TRUE	Predicted anaerobe	0.012989934340425531	0.010653454611111111	34	72.34042553191489	15	83.33333333333333	0.2858294366540698	0.2067702307710292	FALSE	0.43519470418729	0.874659618371966	-0.248423557831428	0.389234306155357	1.0	0.0744050300627034
H03_bin.72	H03_bin.72	d__Bacteria;p__Bacillota;c__Clostridia;o__Oscillospirales;f__CAG-272;g__UMGS1312;s__UMGS1312 sp900550625	UMGS1312 sp900550625	89.11	1.12	FALSE	TRUE	Predicted anaerobe	0.006472420829787234	0.007057035333333334	7	14.893617021276595	3	16.666666666666668	-0.12457244065852983	-0.018553342225738484	FALSE	0.00143439322089052	0.0806621623298192	2.37892835110039	0.668781088296156	0.994054396405452	0.00669004780388859
H03_bin.78	B04_bin.18	d__Bacteria;p__Bacteroidota;c__Bacteroidia;o__Bacteroidales;f__Rikenellaceae;g__Alistipes;s__Alistipes onderdonkii	Alistipes onderdonkii	98.79	6.49	FALSE	TRUE	Predicted anaerobe	0.09039021984042553	0.049040068722222226	36	76.59574468085107	14	77.77777777777777	0.8820711233208978	0.6756289455223897	FALSE	0.214670500377499	0.744023683569576	-0.48074297192927	0.536997248562169	1.0	-0.110526533600641
H03_bin.80	D06_bin.25	d__Bacteria;p__Bacillota;c__Clostridia;o__Oscillospirales;f__Ruminococcaceae;g__CAG-115;s__CAG-115 sp003531585	CAG-115 sp003531585	92.26	1.34	FALSE	TRUE	Predicted anaerobe	0.018945014414893616	0.02001398596666667	17	36.170212765957444	11	61.111111111111114	-0.07914963141230075	-0.028628590085300273	FALSE	0.550562969501603	0.934449157730506	-0.235327523383363	0.115231047727939	0.899277226838002	0.309206437571216
H03_bin.87	B09_bin.93	d__Bacteria;p__Bacillota;c__Clostridia;o__Oscillospirales;f__Oscillospiraceae;g__CAG-103;s__CAG-103 sp000432375	CAG-103 sp000432375	86.07	0.69	FALSE	TRUE	Predicted anaerobe	0.0130585016	0.013273396972222223	23	48.93617021276596	10	55.55555555555556	-0.02353040026127133	-0.011514876723600864	FALSE	0.909484501336059	0.989877810111322	0.0398620291568253	0.651859241015792	1.0	0.0289541274580026
H03_bin.90	F06_bin.47	d__Bacteria;p__Verrucomicrobiota;c__Lentisphaeria;o__Victivallales;f__Victivallaceae;g__Victivallis;s__Victivallis lenta	Victivallis lenta	92.43	5.07	FALSE	TRUE	Predicted anaerobe	0.008458568572340426	0.0024078612444444446	8	17.02127659574468	4	22.22222222222222	1.8083866799128416	0.3078104987085688	FALSE	0.234468892444274	0.764231036679804	-0.487600896026745	0.723490910179267	0.994331591168865	0.014602381441993
H03_bin.96	D08_bin.51	d__Bacteria;p__Pseudomonadota;c__Alphaproteobacteria;o__RF32;f__CAG-239;g__JAFUYI01;s__JAFUYI01 sp001917175	JAFUYI01 sp001917175	97.85	0.1	FALSE	TRUE	Predicted anaerobe	0.017057020278723405	0.009472406277777777	6	12.76595744680851	2	11.11111111111111	0.8478860886604391	0.10824077727580073	FALSE	0.124171682842379	0.606530912345466	0.800619978940649	0.761969647459176	0.994003751971263	0.0263951125771016
H04_bin.10	C04_bin.103	d__Bacteria;p__Bacillota;c__Clostridia;o__Oscillospirales;f__Acutalibacteraceae;g__CAG-177;s__CAG-177 sp003514385	CAG-177 sp003514385	95.93	0	FALSE	TRUE	Predicted anaerobe	0.02425553963191489	0.00974016641111111	13	27.659574468085108	3	16.666666666666668	1.3154101965895437	0.36383686288646955	FALSE	0.364549129464417	0.837128877065693	0.36147352484926	0.534044819226646	1.0	-0.0568602665201
H04_bin.11	C08_bin.86	d__Bacteria;p__Bacillota;c__Negativicutes;o__Acidaminococcales;f__Acidaminococcaceae;g__Phascolarctobacterium;s__Phascolarctobacterium faecium	Phascolarctobacterium faecium	88.6	1.5	FALSE	TRUE	Predicted anaerobe	0.038493294440425534	0.010708578055555555	13	27.659574468085108	3	16.666666666666668	1.8448683636102503	0.5102827388709203	FALSE	0.16317915270255	0.67061543604847	0.562274506131656	0.51401135792533	1.0	-0.0722442832262025
H04_bin.15	G04_bin.79	d__Bacteria;p__Pseudomonadota;c__Gammaproteobacteria;o__Burkholderiales;f__Burkholderiaceae_F;g__Parasutterella;s__Parasutterella excrementihominis	Parasutterella excrementihominis	96.88	0.94	FALSE	TRUE	Predicted anaerobe	0.03372184803829787	0.002747576311111111	21	44.680851063829785	5	27.77777777777778	3.6126386446884395	1.6141576923076006	FALSE	0.00263537037216196	0.0976185108688325	-1.24433965508285	0.218665697586518	1.0	-0.221742259108417
H04_bin.18	H05_bin.38	d__Bacteria;p__Bacteroidota;c__Bacteroidia;o__Bacteroidales;f__Tannerellaceae;g__Parabacteroides;s__Parabacteroides distasonis	Parabacteroides distasonis	97.12	0	FALSE	TRUE	Predicted anaerobe	0.0268973159893617	0.01879498416111111	37	78.72340425531915	13	72.22222222222223	0.5168833977715261	0.40690820675630784	FALSE	0.276440385374898	0.797907475968457	-0.360608629979347	0.557624918535232	1.0	-0.0643164549315801
H04_bin.19	C06_bin.29	d__Bacteria;p__Bacillota;c__Clostridia;o__Oscillospirales;f__Oscillospiraceae;g__Vescimonas;s__Vescimonas coprocola	Vescimonas coprocola	89.85	2.17	FALSE	TRUE	Predicted anaerobe	0.033084554434042554	0.01642160358888889	28	59.57446808510638	11	61.111111111111114	1.0101205650376857	0.6017739536394723	FALSE	0.404023801700248	0.856335508584847	-0.34930141989964	0.614484587992094	1.0	0.0590029196183779
H04_bin.2	A06_bin.107	d__Bacteria;p__Bacteroidota;c__Bacteroidia;o__Bacteroidales;f__Marinifilaceae;g__Odoribacter;s__Odoribacter splanchnicus	Odoribacter splanchnicus	95.7	0	FALSE	TRUE	Predicted anaerobe	0.011479840161702127	0.0099205965	36	76.59574468085107	15	83.33333333333333	0.2104064447332796	0.16116238319995885	FALSE	0.577719519274764	0.936541020716014	-0.164791298056316	0.458048480272007	1.0	0.0705706365530722
H04_bin.20	H05_bin.43	d__Bacteria;p__Bacillota;c__Clostridia;o__Lachnospirales;f__Lachnospiraceae;g__Roseburia;s__Roseburia rectalis	Roseburia rectalis	97.88	0	FALSE	TRUE	Predicted anaerobe	0.025158758265957447	0.023624155694444444	36	76.59574468085107	14	77.77777777777777	0.09076071414105412	0.0695188448739989	FALSE	0.862520001016194	0.984846414163431	0.0584006574821374	0.693651402523873	1.0	0.0428936024011623
H04_bin.25	B04_bin.18	d__Bacteria;p__Bacteroidota;c__Bacteroidia;o__Bacteroidales;f__Rikenellaceae;g__Alistipes;s__Alistipes onderdonkii	Alistipes onderdonkii	98.7	0.48	FALSE	TRUE	Predicted anaerobe	0.20266174210638296	0.09948415638888888	41	87.23404255319149	15	83.33333333333333	1.0264612531754291	0.8954236463870765	FALSE	0.283674760937061	0.803142874117985	-0.405509307394902	0.473922874140888	1.0	-0.064191420370438
H04_bin.30	B01_bin.68	d__Bacteria;p__Actinomycetota;c__Coriobacteriia;o__Coriobacteriales;f__QAMH01;g__QAMH01;s__QAMH01 sp900544245	QAMH01 sp900544245	98.39	0.92	FALSE	TRUE	Predicted anaerobe	0.0100432809	0.010756750255555557	16	34.04255319148936	7	38.888888888888886	-0.09891646130344721	-0.033673688954365004	FALSE	0.957082267538605	0.99690442516441	-0.0204063716103086	0.554503406658126	0.9970772704304	0.11827587724041
H04_bin.32	H04_bin.32	d__Bacteria;p__Bacillota;c__Clostridia;o__Oscillospirales;f__Oscillospiraceae;g__Evtepia;s__Evtepia excrementipullorum	Evtepia excrementipullorum	86.58	0.34	FALSE	TRUE	Predicted anaerobe	0.013614472361702127	0.01899914011111111	10	21.27659574468085	5	27.77777777777778	-0.48049291299515023	-0.1022325346798192	FALSE	0.66457035797096	0.950608283565862	0.168977663443767	0.558033906818295	0.996356333268322	0.0266029338828026
H04_bin.33	H04_bin.33	d__Bacteria;p__Bacillota;c__Clostridia;o__Oscillospirales;f__Acutalibacteraceae;g__Clostridium_A;s__Clostridium_A leptum	Clostridium A leptum	94.28	2.35	FALSE	TRUE	Predicted anaerobe	0.0274000081	0.0108152579	38	80.85106382978724	12	66.66666666666667	1.340301358495922	1.0836479068690432	FALSE	0.252718495368987	0.787792906488093	-0.391344706003515	0.297266349055684	1.0	-0.114715737006562
H04_bin.36	D07_bin.75	d__Bacteria;p__Bacillota;c__Clostridia;o__Lachnospirales;f__Lachnospiraceae;g__Blautia_A;s__Blautia_A fusiformis	Blautia A fusiformis	94.38	2.74	FALSE	TRUE	Predicted anaerobe	0.0459010699893617	0.06814984699444444	43	91.48936170212765	16	88.88888888888889	-0.5700800415468861	-0.5215625912024703	FALSE	0.66006355247194	0.947865487459929	0.161487020840469	0.40022099813902	1.0	0.114338854102021
H04_bin.37	E06_bin.85	d__Bacteria;p__Bacteroidota;c__Bacteroidia;o__Bacteroidales;f__Rikenellaceae;g__Alistipes;s__Alistipes shahii	Alistipes shahii	88.83	0.16	FALSE	TRUE	Predicted anaerobe	0.11839626902127659	0.04726942534444444	36	76.59574468085107	10	55.55555555555556	1.324461060929039	1.014480812626498	FALSE	0.654497112074534	0.947865487459929	-0.180704052268526	0.140642162940858	1.0	-0.147380515524686
H04_bin.40	E04_bin.38	d__Bacteria;p__Bacillota;c__Clostridia;o__Lachnospirales;f__Lachnospiraceae;g__Blautia_A;s__Blautia_A faecis	Blautia A faecis	90.17	7.83	FALSE	TRUE	Predicted anaerobe	0.07418402708510638	0.08533166038888888	46	97.87234042553192	18	100.0	-0.20194713075490398	-0.19765038329203366	FALSE	0.720985502798737	0.967807090243617	0.106891846508111	0.166664405689368	1.0	0.181622636440847
H04_bin.49	C07_bin.89	d__Bacteria;p__Desulfobacterota;c__Desulfovibrionia;o__Desulfovibrionales;f__Desulfovibrionaceae;g__Bilophila;s__Bilophila wadsworthia	Bilophila wadsworthia	98.82	0.59	FALSE	TRUE	Predicted anaerobe	0.011305520359574469	0.007397541222222222	26	55.319148936170215	10	55.55555555555556	0.6112362756470935	0.33813070567711556	FALSE	0.937763912604883	0.99690442516441	0.0269136555119545	0.800202389749274	1.0	0.0660072563798846
H04_bin.57	H04_bin.57	d__Bacteria;p__Bacillota;c__Clostridia;o__Oscillospirales;f__Ruminococcaceae;g__Gemmiger;s__Gemmiger formicilis	Gemmiger formicilis	95.92	0	FALSE	TRUE	Predicted anaerobe	0.026951681195744683	0.02119071633333333	39	82.97872340425532	14	77.77777777777777	0.346797446947694	0.28776809427574607	FALSE	0.722150520519229	0.967807090243617	0.111417730006559	0.402389966595638	1.0	0.090888613073393
H04_bin.6	C07_bin.25	d__Bacteria;p__Bacillota;c__Clostridia;o__Lachnospirales;f__Lachnospiraceae;g__Anaerobutyricum;s__Anaerobutyricum hallii	Anaerobutyricum hallii	93.96	8.95	FALSE	TRUE	Predicted anaerobe	0.03785785449148936	0.04343298477777778	45	95.74468085106383	18	100.0	-0.1981495441820124	-0.18971764868490548	FALSE	0.991307749198244	1	0.00336797413050757	0.192831269757621	1.0	0.146763548908117
H04_bin.60	B01_bin.9	d__Bacteria;p__Verrucomicrobiota;c__Verrucomicrobiia;o__Verrucomicrobiales;f__Akkermansiaceae;g__Akkermansia;s__Akkermansia muciniphila	Akkermansia muciniphila	97.96	0.68	FALSE	TRUE	Predicted anaerobe	0.03290469343404255	0.04237164175	19	40.42553191489362	7	38.888888888888886	-0.36470771426753873	-0.14743503342730288	FALSE	0.382817970714401	0.848603965392884	-0.381014113659354	0.842858131147813	1.0	0.00182699353008768
H04_bin.65	G08_bin.17	d__Bacteria;p__Bacillota;c__Clostridia;o__Oscillospirales;f__Oscillospiraceae;g__Hominicoprocola;s__Hominicoprocola sp900317525	Hominicoprocola sp900317525	92.62	4.7	FALSE	TRUE	Predicted anaerobe	0.03829164085106383	0.031016639055555555	32	68.08510638297872	11	61.111111111111114	0.3038987727151512	0.2069098026996774	FALSE	0.412994551381405	0.858835453048116	-0.283538170051013	0.668168777716275	1.0	-0.00803365681287721
H04_bin.66	B04_bin.53	d__Bacteria;p__Bacillota;c__Clostridia;o__Oscillospirales;f__Oscillospiraceae;g__Lawsonibacter;s__Lawsonibacter asaccharolyticus	Lawsonibacter asaccharolyticus	85.85	9.31	FALSE	TRUE	Predicted anaerobe	0.022361558993617022	0.022828536488888888	40	85.1063829787234	17	94.44444444444444	-0.029804408509528483	-0.02536545405066254	FALSE	0.827969786664355	0.983217763396128	-0.0661575473351012	0.245714208934426	1.0	0.164633933457791
H04_bin.68	H04_bin.68	d__Bacteria;p__Bacillota;c__Clostridia;o__Lachnospirales;f__Lachnospiraceae;g__Blautia_A;s__Blautia_A ammoniilytica	Blautia A ammoniilytica	90.06	2.85	FALSE	TRUE	Predicted anaerobe	0.020558927142553193	0.014640696755555556	38	80.85106382978724	13	72.22222222222223	0.48949726835467045	0.3957637488824995	FALSE	0.633422315746609	0.945612827369833	-0.146886785389528	0.594770746717155	1.0	0.0164848826114151
H04_bin.7	H04_bin.7	d__Bacteria;p__Bacillota;c__Clostridia;o__Lachnospirales;f__Lachnospiraceae;g__Copromonas;s__Copromonas avistercoris	Copromonas avistercoris	97.7	0	FALSE	TRUE	Predicted anaerobe	0.01810777406382979	0.0	7	14.893617021276595	0	0.0	10.823190002499995	1.6119644684574461	TRUE				0.222901811139843	0.999998407244728	-0.117078785570314
H04_bin.70	D01_bin.64	d__Bacteria;p__Bacteroidota;c__Bacteroidia;o__Bacteroidales;f__Bacteroidaceae;g__Bacteroides;s__Bacteroides uniformis	Bacteroides uniformis	95.91	0	FALSE	TRUE	Predicted anaerobe	0.180540964	0.14475573705555556	45	95.74468085106383	18	100.0	0.3186859353079889	0.3051248316778617	FALSE	0.426153986737974	0.867547815186894	-0.270056707377285	0.460241111849732	1.0	0.0604856566070366
H04_bin.71	F06_bin.75	d__Bacteria;p__Bacillota;c__Clostridia;o__Oscillospirales;f__Oscillospiraceae;g__Hominicoprocola;s__Hominicoprocola fusiformis	Hominicoprocola fusiformis	92.74	3.36	FALSE	TRUE	Predicted anaerobe	0.03640769545531915	0.03001949861111111	33	70.2127659574468	14	77.77777777777777	0.2782592430844154	0.19537351110182358	FALSE	0.590086639856223	0.939278465232197	-0.183457999559675	0.14695839905504	0.952472831061602	0.149348197526568
H04_bin.74	B02_bin.41	d__Bacteria;p__Bacillota;c__Clostridia;o__Lachnospirales;f__Lachnospiraceae;g__Dorea_A;s__Dorea_A longicatena	Dorea A longicatena	85.38	0.23	FALSE	TRUE	Predicted anaerobe	0.033874942687234046	0.04112848877777778	42	89.36170212765957	16	88.88888888888889	-0.2798444661501911	-0.2500737782618729	FALSE	0.831858422758471	0.983217763396128	0.0737695894867293	0.323929714856711	1.0	0.128188507903521
H04_bin.82	D08_bin.97	d__Bacteria;p__Bacteroidota;c__Bacteroidia;o__Bacteroidales;f__Tannerellaceae;g__Parabacteroides;s__Parabacteroides merdae	Parabacteroides merdae	96.92	0.58	FALSE	TRUE	Predicted anaerobe	0.021367358617021277	0.032348099033333334	30	63.829787234042556	11	61.111111111111114	-0.5980432502142875	-0.3817297341793325	FALSE	0.976996199889494	1	0.0102074685707933	0.777655267760785	1.0	0.0198348964577828
H04_bin.85	F03_bin.13	d__Bacteria;p__Bacteroidota;c__Bacteroidia;o__Bacteroidales;f__Rikenellaceae;g__Alistipes;s__Alistipes finegoldii	Alistipes finegoldii	89.17	0	FALSE	TRUE	Predicted anaerobe	0.10362464633404254	0.03747132972777778	37	78.72340425531915	13	72.22222222222223	1.4672623527087505	1.1550788734090165	FALSE	0.459625008965662	0.889241856301357	-0.275352611170868	0.518187622518226	1.0	-0.0742709280241804
H05_bin.12	A07_bin.65	d__Bacteria;p__Bacteroidota;c__Bacteroidia;o__Bacteroidales;f__Barnesiellaceae;g__Barnesiella;s__Barnesiella intestinihominis	Barnesiella intestinihominis	99.25	0	FALSE	TRUE	Predicted anaerobe	0.06778688549361703	0.07229168322222222	32	68.08510638297872	11	61.111111111111114	-0.09281023505678634	-0.06318994727270559	FALSE	0.942967547145948	0.99690442516441	0.0270701182639463	0.742868540848876	1.0	-0.018101429442207
H05_bin.14	C04_bin.103	d__Bacteria;p__Bacillota;c__Clostridia;o__Oscillospirales;f__Acutalibacteraceae;g__CAG-177;s__CAG-177 sp003514385	CAG-177 sp003514385	96.6	0.67	FALSE	TRUE	Predicted anaerobe	0.018979344563829787	0.017039664444444446	13	27.659574468085108	3	16.666666666666668	0.15544676453443068	0.042995913594629766	FALSE	0.0148654788193799	0.226685439446516	1.13294751030399	0.567078736910355	1.0	-0.0887286505389392
H05_bin.17	G05_bin.13	d__Bacteria;p__Bacillota;c__Clostridia;o__Oscillospirales;f__Acutalibacteraceae;g__Ruminococcoides;s__Ruminococcoides intestinale	Ruminococcoides intestinale	99.33	1.34	FALSE	TRUE	Predicted anaerobe	0.06400085262765957	0.06520816436111111	28	59.57446808510638	12	66.66666666666667	-0.0269573098771713	-0.016059673969378647	FALSE	0.583649734063882	0.937445088175046	-0.25131397289249	0.439960366577555	1.0	0.0982683399970113
H05_bin.19	A09_bin.62	d__Bacteria;p__Bacillota;c__Clostridia;o__Oscillospirales;f__Ruminococcaceae;g__Ruthenibacterium;s__Ruthenibacterium lactatiformans	Ruthenibacterium lactatiformans	82.04	3.85	FALSE	TRUE	Predicted anaerobe	0.026762234440425532	0.015217091377777778	38	80.85106382978724	17	94.44444444444444	0.8140971630203316	0.6582062169100553	FALSE	0.250672977735844	0.787449742781504	-0.395702848367566	0.31835772838996	1.0	0.0636881570988855
H05_bin.2	H04_bin.57	d__Bacteria;p__Bacillota;c__Clostridia;o__Oscillospirales;f__Ruminococcaceae;g__Gemmiger;s__Gemmiger formicilis	Gemmiger formicilis	94.9	1.5	FALSE	TRUE	Predicted anaerobe	0.02087053520212766	0.02029390965	35	74.46808510638297	13	72.22222222222223	0.04040113652209696	0.030085952729221137	FALSE	0.176180849620943	0.685005582842001	0.476260789204601	0.306785800017159	1.0	0.142534709321594
H05_bin.27	H05_bin.27	d__Bacteria;p__Actinomycetota;c__Coriobacteriia;o__Coriobacteriales;f__Coriobacteriaceae;g__Collinsella;s__	Collinsella	100	0.81	FALSE	TRUE	Predicted anaerobe	0.023374088668085106	0.0042061139444444446	22	46.808510638297875	4	22.22222222222222	2.471541441891469	1.156891738757709	FALSE	0.293185383891983	0.809446603353953	-0.379399665916094	0.109806548233724	1.0	-0.291529241157474
H05_bin.33	G07_bin.85	d__Bacteria;p__Bacillota;c__Clostridia;o__Christensenellales;f__Aristaeellaceae;g__UBA11524;s__UBA11524 sp000437595	UBA11524 sp000437595	96.5	1.17	FALSE	TRUE	Predicted anaerobe	0.030187061585106385	0.012123058944444444	20	42.5531914893617	7	38.888888888888886	1.3154648470964103	0.5597722753601746	FALSE	0.383255896631319	0.848603965392884	-0.320424256593185	0.66236199306239	1.0	-0.0839391184103049
H05_bin.34	H05_bin.34	d__Bacteria;p__Pseudomonadota;c__Gammaproteobacteria;o__Enterobacterales;f__Enterobacteriaceae;g__Escherichia;s__Escherichia coli	Escherichia coli	99.96	0.12	FALSE	FALSE	Facultative/other	0.029244852634042553	0.0017863045	17	36.170212765957444	2	11.11111111111111	4.025572116939301	1.4560579997440026	FALSE	0.12632671822699	0.608696219532762	-0.622375682005409	0.0708245480772803	0.999766081750297	-0.242499898353485
H05_bin.36	F02_bin.66	d__Bacteria;p__Bacteroidota;c__Bacteroidia;o__Bacteroidales;f__Rikenellaceae;g__Tidjanibacter;s__Tidjanibacter inops	Tidjanibacter inops	87.5	0.48	FALSE	TRUE	Predicted anaerobe	0.030080250265957446	0.0331473475	22	46.808510638297875	7	38.888888888888886	-0.14003249379457153	-0.06554712475490582	FALSE	0.0152110158457569	0.227270472048368	0.924614498190993	0.83690097752326	1.0	-0.00680941081031519
H05_bin.38	H05_bin.38	d__Bacteria;p__Bacteroidota;c__Bacteroidia;o__Bacteroidales;f__Tannerellaceae;g__Parabacteroides;s__Parabacteroides distasonis	Parabacteroides distasonis	98.65	0	FALSE	TRUE	Predicted anaerobe	0.021067836021276595	0.01562943115	32	68.08510638297872	11	61.111111111111114	0.4305387200062605	0.29313274553617735	FALSE	0.713546123017116	0.965572986119905	0.138783296034655	0.807632510558078	1.0	0.00918744911362682
H05_bin.41	H05_bin.41	d__Bacteria;p__Bacillota;c__Clostridia;o__Lachnospirales;f__Lachnospiraceae;g__Faecalimonas;s__Faecalimonas sp029983955	Faecalimonas sp029983955	97.31	1.27	FALSE	TRUE	Predicted anaerobe	0.025414298999999998	0.0057750518333333336	16	34.04255319148936	3	16.666666666666668	2.135806205705242	0.7270829636443377	FALSE	0.938454549151539	0.99690442516441	-0.0285459463437881	0.314172976991776	1.0	-0.143269857060781
H05_bin.42	A06_bin.107	d__Bacteria;p__Bacteroidota;c__Bacteroidia;o__Bacteroidales;f__Marinifilaceae;g__Odoribacter;s__Odoribacter splanchnicus	Odoribacter splanchnicus	96.24	0	FALSE	TRUE	Predicted anaerobe	0.014983943674468085	0.019600328555555557	37	78.72340425531915	14	77.77777777777777	-0.38723381923832034	-0.30484364493229477	FALSE	0.175847846263399	0.685005582842001	0.403680493092411	0.271542378550195	0.998875894920662	0.103487752535477
H05_bin.43	H05_bin.43	d__Bacteria;p__Bacillota;c__Clostridia;o__Lachnospirales;f__Lachnospiraceae;g__Roseburia;s__Roseburia rectalis	Roseburia rectalis	99.52	0.05	FALSE	TRUE	Predicted anaerobe	0.041053023595744684	0.027193829166666666	35	74.46808510638297	11	61.111111111111114	0.5940301242243118	0.442362858464913	FALSE	0.579837920681825	0.936541020716014	0.186761197339984	0.536132823949877	1.0	-0.0296806079213643
H05_bin.44	D03_bin.84	d__Bacteria;p__Actinomycetota;c__Actinomycetes;o__Actinomycetales;f__Bifidobacteriaceae;g__Bifidobacterium;s__Bifidobacterium catenulatum	Bifidobacterium catenulatum	81.59	4.78	FALSE	TRUE	Predicted anaerobe	0.07197855608510638	0.011227898333333333	24	51.06382978723404	5	27.77777777777778	2.6793953279277014	1.3682018695801028	FALSE	0.00938372971260313	0.1720027982372	-0.989714817084567	0.137424707166064	1.0	-0.230155445896529
H05_bin.46	C08_bin.68	d__Bacteria;p__Bacteroidota;c__Bacteroidia;o__Bacteroidales;f__Bacteroidaceae;g__Paraprevotella;s__Paraprevotella clara	Paraprevotella clara	97.38	0.74	FALSE	TRUE	Predicted anaerobe	0.009974955391489362	0.031329427888888886	8	17.02127659574468	4	22.22222222222222	-1.6501509557474359	-0.28087675842509546	FALSE	0.12333634543993	0.606530912345466	0.676350783836269	0.538205822602973	0.992262061387248	0.0538611504110808
H05_bin.51	F02_bin.31	d__Bacteria;p__Verrucomicrobiota;c__Verrucomicrobiia;o__Verrucomicrobiales;f__Akkermansiaceae;g__Akkermansia;s__Akkermansia massiliensis	Akkermansia massiliensis	97.96	1.36	FALSE	TRUE	Predicted anaerobe	0.0274063025106383	0.028136027777777777	8	17.02127659574468	4	22.22222222222222	-0.037897314777619	-0.006450606770658553	FALSE	0.161481539184938	0.67061543604847	-0.603911924561289	0.609152394448253	0.987212926524587	0.0570311936078283
H05_bin.53	H07_bin.23	d__Bacteria;p__Bacillota;c__Clostridia;o__Oscillospirales;f__Ruminococcaceae;g__Faecalibacterium;s__Faecalibacterium longum	Faecalibacterium longum	92.41	6.77	FALSE	TRUE	Predicted anaerobe	0.04149544818723404	0.02278476002222222	43	91.48936170212765	16	88.88888888888889	0.864598502436065	0.7910156511649105	FALSE	0.483415925137282	0.900238809691037	-0.226697669197558	0.655261905246058	1.0	0.0504644290703448
H05_bin.55	E07_bin.8	d__Bacteria;p__Bacteroidota;c__Bacteroidia;o__Bacteroidales;f__Bacteroidaceae;g__Bacteroides;s__Bacteroides fragilis	Bacteroides fragilis	96.08	3.72	FALSE	TRUE	Predicted anaerobe	0.23219082937234042	0.09791274866666666	25	53.191489361702125	10	55.55555555555556	1.2456571654201	0.6625835986277128	FALSE	0.796910079570952	0.980179166504932	0.0996047825362856	0.613517264153703	1.0	0.0543127838366392
H05_bin.56	H06_bin.61	d__Bacteria;p__Bacillota;c__Clostridia;o__Lachnospirales;f__Lachnospiraceae;g__Fusicatenibacter;s__Fusicatenibacter saccharivorans	Fusicatenibacter saccharivorans	89.6	8.21	FALSE	TRUE	Predicted anaerobe	0.02305573100851064	0.025401746977777778	43	91.48936170212765	17	94.44444444444444	-0.13974454394766303	-0.12785139127126618	FALSE	0.885696789137616	0.986697300179625	0.0429672074094628	0.190194223572198	0.996989029408212	0.178834018006704
H05_bin.62	D01_bin.64	d__Bacteria;p__Bacteroidota;c__Bacteroidia;o__Bacteroidales;f__Bacteroidaceae;g__Bacteroides;s__Bacteroides uniformis	Bacteroides uniformis	86.61	2.54	FALSE	TRUE	Predicted anaerobe	0.17688851185106383	0.1421319175	45	95.74468085106383	18	100.0	0.31558984493180003	0.3021604898283192	FALSE	0.630628961826167	0.943026319703049	-0.174153526629844	0.368124214818197	1.0	0.112403926059865
H05_bin.65	F03_bin.29	d__Bacteria;p__Bacteroidota;c__Bacteroidia;o__Bacteroidales;f__Bacteroidaceae;g__Bacteroides;s__Bacteroides cellulosilyticus	Bacteroides cellulosilyticus	93.47	4.45	FALSE	TRUE	Predicted anaerobe	0.08356109057446809	0.08866023294444444	27	57.4468085106383	10	55.55555555555556	-0.08544590295317786	-0.04908594424969792	FALSE	0.944877858166047	0.99690442516441	0.0305895875463579	0.703606818792886	1.0	0.0556701669628214
H05_bin.66	A05_bin.109	d__Bacteria;p__Bacteroidota;c__Bacteroidia;o__Bacteroidales;f__Bacteroidaceae;g__Bacteroides;s__Bacteroides sp900755095	Bacteroides sp900755095	81.94	4.7	FALSE	TRUE	Predicted anaerobe	0.18142137323404256	0.13051133972222223	45	95.74468085106383	16	88.88888888888889	0.4751382482206826	0.4549195993602281	FALSE	0.338976814347502	0.831898310564131	0.377588624968481	0.616494765325703	1.0	0.0605938086746951
H05_bin.72	F06_bin.75	d__Bacteria;p__Bacillota;c__Clostridia;o__Oscillospirales;f__Oscillospiraceae;g__Hominicoprocola;s__Hominicoprocola fusiformis	Hominicoprocola fusiformis	96.64	9.7	FALSE	TRUE	Predicted anaerobe	0.04267580989361702	0.02572734286111111	33	70.2127659574468	14	77.77777777777777	0.7298934357809923	0.5124783698036754	FALSE	0.838424123352024	0.983217763396128	-0.0782903759819256	0.0767448302173258	0.864426374107266	0.189078464928776
H05_bin.8	F05_bin.48	d__Bacteria;p__Pseudomonadota;c__Gammaproteobacteria;o__Burkholderiales;f__Burkholderiaceae_F;g__Sutterella;s__Sutterella wadsworthensis	Sutterella wadsworthensis	93.17	0.62	FALSE	TRUE	Predicted anaerobe	0.051778601055319146	0.04028136038888889	22	46.808510638297875	6	33.333333333333336	0.362164070897216	0.169523607654016	FALSE	0.72039807736146	0.967807090243617	-0.137055317172369	0.484006287091072	1.0	-0.148259651767427
H06_bin.1	H06_bin.1	d__Bacteria;p__Bacillota;c__Clostridia;o__Oscillospirales;f__Oscillospiraceae;g__Vescimonas;s__Vescimonas sp000435975	Vescimonas sp000435975	87.58	1.17	FALSE	TRUE	Predicted anaerobe	0.020684593829787233	0.007342411555555556	11	23.404255319148938	3	16.666666666666668	1.4929645035482082	0.349417224234687	FALSE	0.707237086869539	0.965055671875703	-0.151173873957852	0.740064633549568	1.0	-0.0213042081471769
H06_bin.13	A09_bin.36	d__Bacteria;p__Bacillota;c__Clostridia;o__Oscillospirales;f__Oscillospiraceae;g__Oscillibacter;s__Oscillibacter segnis	Oscillibacter segnis	92.59	6.4	FALSE	TRUE	Predicted anaerobe	0.024350938731914892	0.024518890705555556	34	72.34042553191489	14	77.77777777777777	-0.009912263366277886	-0.007170573499009535	FALSE	0.688581943404499	0.960574885028904	-0.134744910909876	0.321966427491632	0.999606065444992	0.0845296436398398
H06_bin.14	E01_bin.44	d__Bacteria;p__Bacillota;c__Clostridia;o__Lachnospirales;f__Lachnospiraceae;g__Roseburia_C;s__Roseburia_C amylophila	Roseburia C amylophila	96.94	1.31	FALSE	TRUE	Predicted anaerobe	0.01598587089148936	0.008226187277777778	15	31.914893617021278	5	27.77777777777778	0.9576510017469073	0.30563329842986403	FALSE	0.703207652763056	0.964931101887307	-0.144620339105038	0.784747436643288	1.0	-0.0256171847802151
H06_bin.15	D01_bin.67	d__Bacteria;p__Actinomycetota;c__Coriobacteriia;o__Coriobacteriales;f__Coriobacteriaceae;g__Collinsella;s__Collinsella sp905215825	Collinsella sp905215825	97.58	0.81	FALSE	TRUE	Predicted anaerobe	0.02464444065744681	0.005370609833333333	29	61.702127659574465	6	33.333333333333336	2.1960059214824574	1.3549823770849205	FALSE	0.228652087544744	0.764231036679804	-0.417189294704123	0.0617541348397215	1.0	-0.363149655043538
H06_bin.17	F02_bin.66	d__Bacteria;p__Bacteroidota;c__Bacteroidia;o__Bacteroidales;f__Rikenellaceae;g__Tidjanibacter;s__Tidjanibacter inops	Tidjanibacter inops	91.59	0	FALSE	TRUE	Predicted anaerobe	0.02126545735106383	0.025024229166666665	22	46.808510638297875	7	38.888888888888886	-0.2347118884747917	-0.10986513928607272	FALSE	0.157208598079285	0.665824546740973	0.528788812502388	0.825979244765955	1.0	0.0153876137125346
H06_bin.19	D08_bin.97	d__Bacteria;p__Bacteroidota;c__Bacteroidia;o__Bacteroidales;f__Tannerellaceae;g__Parabacteroides;s__Parabacteroides merdae	Parabacteroides merdae	98.46	5.77	FALSE	TRUE	Predicted anaerobe	0.043606625851063834	0.04561359683333333	30	63.829787234042556	12	66.66666666666667	-0.06490202056055165	-0.04142682163439467	FALSE	0.731607257656467	0.968083431841543	-0.117563072902463	0.567677557454522	1.0	0.0504485505758344
H06_bin.22	G06_bin.24	d__Bacteria;p__Bacillota;c__Clostridia;o__Oscillospirales;f__Oscillospiraceae;g__CAG-170;s__CAG-170 sp000432135	CAG-170 sp000432135	90.92	5.8	FALSE	TRUE	Predicted anaerobe	0.03422939107872341	0.014163026444444445	29	61.702127659574465	9	50.0	1.2725091869688114	0.7851652430233091	FALSE	0.262997252241686	0.787792906488093	-0.410453673241061	0.463496485730891	1.0	-0.113002317065962
H06_bin.24	D06_bin.80	d__Bacteria;p__Bacillota;c__Clostridia;o__Christensenellales;f__CAG-138;g__SFEL01;s__SFEL01 sp004557245	SFEL01 sp004557245	98.39	1.08	FALSE	TRUE	Predicted anaerobe	0.014866237925531914	0.0026320679055555555	18	38.297872340425535	3	16.666666666666668	2.4932702753802287	0.9548694671668961	FALSE	0.00439142450256171	0.127953578164549	-1.23964321566129	0.158070597751151	1.0	-0.252148654901917
H06_bin.34	F08_bin.12	d__Bacteria;p__Bacteroidota;c__Bacteroidia;o__Bacteroidales;f__Rikenellaceae;g__Alistipes_A;s__Alistipes_A hominis	Alistipes A hominis	97.6	0	FALSE	TRUE	Predicted anaerobe	0.009078619917021276	0.018437390944444444	19	40.42553191489362	5	27.77777777777778	-1.0212836404195842	-0.4128593439994063	FALSE	0.107050090406768	0.584834897934392	0.664139681126892	0.497340382978529	1.0	-0.124280143688781
H06_bin.40	B04_bin.18	d__Bacteria;p__Bacteroidota;c__Bacteroidia;o__Bacteroidales;f__Rikenellaceae;g__Alistipes;s__Alistipes onderdonkii	Alistipes onderdonkii	86.92	3.59	FALSE	TRUE	Predicted anaerobe	0.12956397472978723	0.06859689557777778	41	87.23404255319149	15	83.33333333333333	0.9173504863168965	0.8002419135955906	FALSE	0.331415045369218	0.829841389701096	-0.403027921047391	0.458713763122536	1.0	-0.103283072728334
H06_bin.43	H05_bin.38	d__Bacteria;p__Bacteroidota;c__Bacteroidia;o__Bacteroidales;f__Tannerellaceae;g__Parabacteroides;s__Parabacteroides distasonis	Parabacteroides distasonis	93.46	0.38	FALSE	TRUE	Predicted anaerobe	0.014909578278723405	0.01097925678888889	37	78.72340425531915	12	66.66666666666667	0.4411129374053082	0.34725912093609373	FALSE	0.848228518143742	0.984395296096654	-0.0622391079813382	0.528302285858982	1.0	-0.023095510289925
H06_bin.45	G03_bin.17	d__Bacteria;p__Bacillota;c__Clostridia;o__Oscillospirales;f__Oscillospiraceae;g__Vescimonas;s__Vescimonas sp900545585	Vescimonas sp900545585	87.56	2.35	FALSE	TRUE	Predicted anaerobe	0.030727116331914894	0.03353851172222222	18	38.297872340425535	4	22.22222222222222	-0.126266945196524	-0.04835755347951983	FALSE	0.919079123115909	0.995607713112347	-0.0432479603590855	0.39321689457943	1.0	-0.18075986072428
H06_bin.49	F03_bin.1	d__Bacteria;p__Bacillota;c__Clostridia;o__Lachnospirales;f__Lachnospiraceae;g__Acetatifactor;s__Acetatifactor acetigignens	Acetatifactor acetigignens	93.44	1.93	FALSE	TRUE	Predicted anaerobe	0.01564383085531915	0.038155827105555554	29	61.702127659574465	15	83.33333333333333	-1.2857656955493568	-0.7933447908708797	FALSE	0.288427788325842	0.809039733623089	0.447567841503012	0.0080624642525897	0.621593466018916	0.401713686702547
H06_bin.5	B01_bin.9	d__Bacteria;p__Verrucomicrobiota;c__Verrucomicrobiia;o__Verrucomicrobiales;f__Akkermansiaceae;g__Akkermansia;s__Akkermansia muciniphila	Akkermansia muciniphila	96.6	0.68	FALSE	TRUE	Predicted anaerobe	0.019658211159574467	0.013583695611111111	19	40.42553191489362	5	27.77777777777778	0.5329280256669947	0.21543898909942338	FALSE	0.387411724148733	0.854052279529052	-0.343300701820213	0.500968591929244	1.0	-0.0987724949432281
H06_bin.51	C02_bin.89	d__Bacteria;p__Bacillota;c__Clostridia;o__Oscillospirales;f__Acutalibacteraceae;g__Hominenteromicrobium;s__Hominenteromicrobium mulieris	Hominenteromicrobium mulieris	86.58	1.9	FALSE	TRUE	Predicted anaerobe	0.025899787380851066	0.016043892972222223	33	70.2127659574468	9	50.0	0.690573992001519	0.484871100767024	FALSE	0.682666809607394	0.956915519751198	-0.145950648083708	0.271780063355166	1.0	-0.139131762464134
H06_bin.56	G08_bin.17	d__Bacteria;p__Bacillota;c__Clostridia;o__Oscillospirales;f__Oscillospiraceae;g__Hominicoprocola;s__Hominicoprocola sp900317525	Hominicoprocola sp900317525	87.92	2.85	FALSE	TRUE	Predicted anaerobe	0.02443851220212766	0.018990692033333333	32	68.08510638297872	11	61.111111111111114	0.3636947090037474	0.2476219295344663	FALSE	0.513235622570694	0.915299006502024	-0.239362110222024	0.654767919823031	1.0	-0.0147450558502114
H06_bin.57	H06_bin.57	d__Bacteria;p__Bacillota;c__Clostridia;o__Oscillospirales;f__UBA644;g__UBA644;s__UBA644 sp900547165	UBA644 sp900547165	93.74	0	FALSE	TRUE	Predicted anaerobe	0.013390349234042554	0.004333443244444444	12	25.53191489361702	4	22.22222222222222	1.625359508922588	0.4149854065334267	FALSE	0.0121341472564622	0.194364989387296	-1.15604868995436	0.730716089490131	1.0	-0.0487995105796695
H06_bin.6	D08_bin.102	d__Bacteria;p__Pseudomonadota;c__Gammaproteobacteria;o__Burkholderiales;f__Burkholderiaceae_F;g__Sutterella;s__Sutterella wadsworthensis_A	Sutterella wadsworthensis A	87.89	1.99	FALSE	TRUE	Predicted anaerobe	0.027962417680851063	0.05794113277777778	11	23.404255319148938	4	22.22222222222222	-1.0508319094271488	-0.2459393830574178	FALSE	0.0127358337013303	0.200392144433322	1.16335396152209	0.793953677105754	0.999041617524868	-0.0261880632726145
H06_bin.61	H06_bin.61	d__Bacteria;p__Bacillota;c__Clostridia;o__Lachnospirales;f__Lachnospiraceae;g__Fusicatenibacter;s__Fusicatenibacter saccharivorans	Fusicatenibacter saccharivorans	99.07	0.95	FALSE	TRUE	Predicted anaerobe	0.023249795212765958	0.02898786913888889	43	91.48936170212765	17	94.44444444444444	-0.31810849515956935	-0.29103543174173363	FALSE	0.651833078342443	0.947865487459929	0.137035437622927	0.0728841343592769	0.856236877279181	0.250464015207714
H06_bin.62	D08_bin.21	d__Bacteria;p__Bacteroidota;c__Bacteroidia;o__Bacteroidales;f__Rikenellaceae;g__Alistipes;s__Alistipes putredinis	Alistipes putredinis	88.94	1.44	FALSE	TRUE	Predicted anaerobe	0.11060059105531915	0.11578882088888888	37	78.72340425531915	15	83.33333333333333	-0.06613103186250148	-0.05206059955133095	FALSE	0.299539598749319	0.816149170582814	0.350686467814552	0.189437177188384	0.994610559356152	0.133072847119506
H06_bin.64	H06_bin.64	d__Bacteria;p__Bacillota;c__Clostridia;o__Oscillospirales;f__Ruminococcaceae;g__Ruminiclostridium_E;s__Ruminiclostridium_E siraeum	Ruminiclostridium E siraeum	98.99	0	FALSE	TRUE	Predicted anaerobe	0.02163692425531915	0.020933191	13	27.659574468085108	3	16.666666666666668	0.04768077682046039	0.013188299971616704	FALSE	0.34929290712254	0.834470369140725	0.363750742337991	0.610140853228675	1.0	-0.104545082862815
H06_bin.73	H03_bin.22	d__Bacteria;p__Bacillota;c__Clostridia;o__Oscillospirales;f__Oscillospiraceae;g__Faecousia;s__Faecousia sp000434635	Faecousia sp000434635	92.24	8.62	FALSE	TRUE	Predicted anaerobe	0.02902579109574468	0.013544603888888888	28	59.57446808510638	7	38.888888888888886	1.0990493881877683	0.654752827005479	FALSE	0.827147760633651	0.983217763396128	0.0755915456703615	0.173342348348502	1.0	-0.187120570773602
H06_bin.75	H04_bin.57	d__Bacteria;p__Bacillota;c__Clostridia;o__Oscillospirales;f__Ruminococcaceae;g__Gemmiger;s__Gemmiger formicilis	Gemmiger formicilis	92.38	4.31	FALSE	TRUE	Predicted anaerobe	0.02841019343829787	0.022828665555555554	37	78.72340425531915	13	72.22222222222223	0.3154380164489656	0.2483235448640793	FALSE	0.390006893803486	0.854052279529052	0.288121794127434	0.523875021467655	1.0	0.0728024463311452
H06_bin.79	B09_bin.106	d__Bacteria;p__Bacteroidota;c__Bacteroidia;o__Bacteroidales;f__Marinifilaceae;g__Butyricimonas;s__Butyricimonas virosa	Butyricimonas virosa	91.4	0	FALSE	TRUE	Predicted anaerobe	0.017792093787234044	0.006679246666666666	20	42.5531914893617	3	16.666666666666668	1.412131282371706	0.6009069286688111	FALSE	0.805811100647082	0.981926308310777	0.0884699802877653	0.145827194446879	1.0	-0.229348551335288
H06_bin.81	A07_bin.65	d__Bacteria;p__Bacteroidota;c__Bacteroidia;o__Bacteroidales;f__Barnesiellaceae;g__Barnesiella;s__Barnesiella intestinihominis	Barnesiella intestinihominis	94.34	0	FALSE	TRUE	Predicted anaerobe	0.055574986468085105	0.06484189680555556	32	68.08510638297872	11	61.111111111111114	-0.22245350849143253	-0.15145770790906044	FALSE	0.780164443773224	0.973995429764571	-0.104976734481067	0.720166854413377	1.0	-0.0322381523558232
H06_bin.84	G07_bin.85	d__Bacteria;p__Bacillota;c__Clostridia;o__Christensenellales;f__Aristaeellaceae;g__UBA11524;s__UBA11524 sp000437595	UBA11524 sp000437595	99.3	1.17	FALSE	TRUE	Predicted anaerobe	0.026273969468085107	0.006502345111111111	18	38.297872340425535	7	38.888888888888886	2.0129341113640944	0.7709109362670999	FALSE	0.0242863241425977	0.296448216675059	-0.90198510863754	0.850549612006353	1.0	-0.00416326874224455
H06_bin.86	H06_bin.86	d__Bacteria;p__Bacillota_I;c__Bacilli_A;o__ML615J-28;f__CAG-313;g__CAG-313;s__CAG-313 sp900539265	CAG-313 sp900539265	88	3.43	FALSE	TRUE	Predicted anaerobe	0.009980718680851063	0.0	7	14.893617021276595	0	0.0	9.964444651576857	1.4840662247029361	TRUE				0.237045667198481	1.0	-0.137791285555236
H06_bin.88	C07_bin.75	d__Bacteria;p__Bacillota;c__Clostridia;o__Christensenellales;f__CAG-314;g__CAG-314;s__CAG-314 sp000437915	CAG-314 sp000437915	88.65	1.66	FALSE	TRUE	Predicted anaerobe	0.01976709569361702	0.008125584516666666	10	21.27659574468085	4	22.22222222222222	1.2815126710505296	0.2726622704362829	FALSE	0.026870093657459	0.308225977567497	-1.02393803959096	0.739453240344031	0.997349045308896	0.0515673789311818
H06_bin.90	A04_bin.71	d__Bacteria;p__Bacteroidota;c__Bacteroidia;o__Bacteroidales;f__Rikenellaceae;g__Alistipes_A;s__Alistipes_A ihumii	Alistipes A ihumii	99.04	0.48	FALSE	TRUE	Predicted anaerobe	0.015601378929787234	0.011946995722222223	18	38.297872340425535	7	38.888888888888886	0.38474302607104566	0.14734839296337918	FALSE	0.110250007059628	0.586899738179697	-0.636369875651092	0.796296380069737	0.999787791083547	0.020554345453582
H06_bin.91	A06_bin.107	d__Bacteria;p__Bacteroidota;c__Bacteroidia;o__Bacteroidales;f__Marinifilaceae;g__Odoribacter;s__Odoribacter splanchnicus	Odoribacter splanchnicus	94.19	1.08	FALSE	TRUE	Predicted anaerobe	0.011589573274468086	0.011683616366666667	36	76.59574468085107	15	83.33333333333333	-0.011649434193129067	-0.008922970871332902	FALSE	0.729713218448359	0.968074598146667	-0.103603258290413	0.510269762940022	1.0	0.0690170719981113
H06_bin.93	C04_bin.103	d__Bacteria;p__Bacillota;c__Clostridia;o__Oscillospirales;f__Acutalibacteraceae;g__CAG-177;s__CAG-177 sp003514385	CAG-177 sp003514385	97.27	0.34	FALSE	TRUE	Predicted anaerobe	0.06454007463829788	0.0138844785	13	27.659574468085108	3	16.666666666666668	2.2159070766669866	0.612910468014273	FALSE	0.163407364423325	0.67061543604847	0.595984734504057	0.604099069568449	1.0	-0.0610980101849428
H06_bin.95	G01_bin.80	d__Bacteria;p__Bacillota;c__Clostridia;o__Lachnospirales;f__Lachnospiraceae;g__Suilimivivens;s__Suilimivivens sp000438155	Suilimivivens sp000438155	81.89	4.11	FALSE	TRUE	Predicted anaerobe	0.008728226710638299	0.011849496944444446	12	25.53191489361702	5	27.77777777777778	-0.4406303733497702	-0.11250137191909025	FALSE	0.19198895738132	0.708208228680469	-0.515743939197079	0.725489809346445	0.997429907704788	0.0266750620307633
H07_bin.11	H07_bin.11	d__Bacteria;p__Bacillota;c__Clostridia;o__Lachnospirales;f__Lachnospiraceae;g__Pilosibacter;s__Pilosibacter sp900066785	Pilosibacter sp900066785	95.57	0.79	FALSE	TRUE	Predicted anaerobe	0.029756149919148937	0.024940706083333333	31	65.95744680851064	16	88.88888888888889	0.25459198615192125	0.1679223738448842	FALSE	0.143929620075394	0.642982071593091	-0.53391218909048	0.0692884207493814	0.855856686306393	0.222022192542121
H07_bin.16	H07_bin.16	d__Bacteria;p__Bacteroidota;c__Bacteroidia;o__Bacteroidales;f__Bacteroidaceae;g__Bacteroides;s__Bacteroides xylanisolvens	Bacteroides xylanisolvens	94.3	5.58	FALSE	TRUE	Predicted anaerobe	0.2705671144574468	0.3404869522777778	43	91.48936170212765	15	83.33333333333333	-0.3316020643777246	-0.3033806120902587	FALSE	0.755699202758528	0.971972917985348	0.128136569982961	0.693299776699395	1.0	0.0107123282303963
H07_bin.18	B04_bin.18	d__Bacteria;p__Bacteroidota;c__Bacteroidia;o__Bacteroidales;f__Rikenellaceae;g__Alistipes;s__Alistipes onderdonkii	Alistipes onderdonkii	97.66	0.48	FALSE	TRUE	Predicted anaerobe	0.12057720769361702	0.0945773473611111	41	87.23404255319149	15	83.33333333333333	0.35035775229068067	0.3056312307216576	FALSE	0.511664959676826	0.914731164555467	-0.282397491207816	0.607963428580547	1.0	-0.0656199823271155
H07_bin.21	F08_bin.12	d__Bacteria;p__Bacteroidota;c__Bacteroidia;o__Bacteroidales;f__Rikenellaceae;g__Alistipes_A;s__Alistipes_A hominis	Alistipes A hominis	100	0.24	FALSE	TRUE	Predicted anaerobe	0.011800397765957447	0.022296286594444444	21	44.680851063829785	5	27.77777777777778	-0.9173928085651035	-0.409898914465259	FALSE	0.05435609990706	0.442546829057653	0.803943198219627	0.378734239524217	1.0	-0.130279124598338
H07_bin.22	F03_bin.13	d__Bacteria;p__Bacteroidota;c__Bacteroidia;o__Bacteroidales;f__Rikenellaceae;g__Alistipes;s__Alistipes finegoldii	Alistipes finegoldii	90.88	0.48	FALSE	TRUE	Predicted anaerobe	0.07267766803404255	0.042852052277777775	37	78.72340425531915	13	72.22222222222223	0.7620096923621847	0.5998799705829965	FALSE	0.783109623294931	0.974712528751968	-0.0994387922111638	0.67844890438843	1.0	-0.0263347559942706
H07_bin.23	H07_bin.23	d__Bacteria;p__Bacillota;c__Clostridia;o__Oscillospirales;f__Ruminococcaceae;g__Faecalibacterium;s__Faecalibacterium longum	Faecalibacterium longum	97.79	0	FALSE	TRUE	Predicted anaerobe	0.06734276791489362	0.0529830315	45	95.74468085106383	17	94.44444444444444	0.3459345755642237	0.33121395532744824	FALSE	0.965688233087963	0.997964486761695	0.0131043741310329	0.26510079916659	1.0	0.138914691469666
H07_bin.24	D02_bin.11	d__Bacteria;p__Bacteroidota;c__Bacteroidia;o__Bacteroidales;f__Bacteroidaceae;g__Phocaeicola;s__Phocaeicola vulgatus	Phocaeicola vulgatus	93.98	2.63	FALSE	TRUE	Predicted anaerobe	0.23765421538297873	0.271010098	46	97.87234042553192	16	88.88888888888889	-0.1894751453060097	-0.18544375923566905	FALSE	0.342197870548029	0.831898310564131	0.374171043880106	0.580935674623108	1.0	0.0355381233500465
H07_bin.27	H07_bin.27	d__Bacteria;p__Bacillota;c__Bacilli;o__Lactobacillales;f__Lactobacillaceae;g__Lactobacillus;s__Lactobacillus acidophilus	Lactobacillus acidophilus	85.84	1.61	FALSE	FALSE	Facultative/other	0.00878441879787234	0.0006383516666666666	6	12.76595744680851	1	5.555555555555555	3.7617397866618747	0.48022210042492014	FALSE	0.212498846927123	0.740829313404755	0.69923066939218	0.623226627345158	0.99932024018848	-0.0545633662128572
H07_bin.29	H07_bin.29	d__Bacteria;p__Bacillota;c__Clostridia;o__Oscillospirales;f__Oscillospiraceae;g__Oscillibacter;s__Oscillibacter sp944387015	Oscillibacter sp944387015	97.32	3.36	FALSE	TRUE	Predicted anaerobe	0.043651902010638295	0.02766051411111111	37	78.72340425531915	13	72.22222222222223	0.6580255296342966	0.5180200977972123	FALSE	0.627874813080316	0.943026319703049	-0.162035503336449	0.689320603437027	1.0	-0.00822244577401469
H07_bin.3	D03_bin.27	d__Bacteria;p__Bacillota_I;c__Bacilli_A;o__RFN20;f__CAG-288;g__CAG-288;s__CAG-288 sp000437395	CAG-288 sp000437395	89.51	1.12	FALSE	TRUE	Predicted anaerobe	0.01660097515957447	0.0016238664722222223	12	25.53191489361702	3	16.666666666666668	3.345774781139127	0.854240369652543	FALSE	0.000621623951213614	0.0690240485449429	-1.8080891708356	0.430028987941041	1.0	-0.126586640778331
H07_bin.33	C03_bin.49	d__Bacteria;p__Actinomycetota;c__Actinomycetes;o__Actinomycetales;f__Bifidobacteriaceae;g__Bifidobacterium;s__Bifidobacterium longum	Bifidobacterium longum	96.49	1.69	FALSE	TRUE	Predicted anaerobe	0.030172795965957445	0.014668386833333333	41	87.23404255319149	12	66.66666666666667	1.040033031747744	0.9072628574820746	FALSE	0.346112240085436	0.832730125672402	-0.295358731250743	0.154460344905671	1.0	-0.16296675326335
H07_bin.34	B08_bin.66	d__Bacteria;p__Bacteroidota;c__Bacteroidia;o__Bacteroidales;f__Rikenellaceae;g__Alistipes;s__Alistipes communis	Alistipes communis	92.31	8.17	FALSE	TRUE	Predicted anaerobe	0.04125268072340425	0.0246228705	30	63.829787234042556	11	61.111111111111114	0.7442527954792817	0.4750549758378394	FALSE	0.88028565574544	0.984846414163431	-0.0536761142650877	0.782914606481897	1.0	0.00273666246894347
H07_bin.41	H06_bin.61	d__Bacteria;p__Bacillota;c__Clostridia;o__Lachnospirales;f__Lachnospiraceae;g__Fusicatenibacter;s__Fusicatenibacter saccharivorans	Fusicatenibacter saccharivorans	95.78	4.7	FALSE	TRUE	Predicted anaerobe	0.023005140617021278	0.03367713363888889	43	91.48936170212765	17	94.44444444444444	-0.5496144209509106	-0.5028387255508331	FALSE	0.569137673320201	0.936541020716014	0.176665512867506	0.0775340396101816	0.862409986407019	0.253701027142158
H07_bin.44	C06_bin.29	d__Bacteria;p__Bacillota;c__Clostridia;o__Oscillospirales;f__Oscillospiraceae;g__Vescimonas;s__Vescimonas coprocola	Vescimonas coprocola	82.21	2.68	FALSE	TRUE	Predicted anaerobe	0.03660164460638298	0.01541740363888889	31	65.95744680851064	13	72.22222222222223	1.246807298010705	0.8223622603900395	FALSE	0.0742792781105901	0.518849370364329	-0.674060100734184	0.456677236522156	1.0	0.0805126269062633
H07_bin.48	H07_bin.48	d__Bacteria;p__Bacillota;c__Clostridia;o__Lachnospirales;f__Lachnospiraceae;g__Mediterraneibacter;s__Mediterraneibacter faecis	Mediterraneibacter faecis	84.56	0.66	FALSE	TRUE	Predicted anaerobe	0.05658834035319149	0.05090624438888889	38	80.85106382978724	17	94.44444444444444	0.1526337400242938	0.12340600257283328	FALSE	0.726713116557787	0.968074598146667	-0.138349442133843	0.137831572869646	0.962516182363408	0.189021722684407
H07_bin.5	H05_bin.38	d__Bacteria;p__Bacteroidota;c__Bacteroidia;o__Bacteroidales;f__Tannerellaceae;g__Parabacteroides;s__Parabacteroides distasonis	Parabacteroides distasonis	97.63	2.06	FALSE	TRUE	Predicted anaerobe	0.015129454206382979	0.01429477398888889	37	78.72340425531915	12	66.66666666666667	0.08181649185731198	0.06440872763235199	FALSE	0.730089628013646	0.968074598146667	0.113806801912629	0.592348868150578	1.0	-0.0252760881078813
H07_bin.53	C02_bin.89	d__Bacteria;p__Bacillota;c__Clostridia;o__Oscillospirales;f__Acutalibacteraceae;g__Hominenteromicrobium;s__Hominenteromicrobium mulieris	Hominenteromicrobium mulieris	92.62	0	FALSE	TRUE	Predicted anaerobe	0.014548362240425532	0.010462647733333334	30	63.829787234042556	11	61.111111111111114	0.4752218311863735	0.3033330837359831	FALSE	0.109662342855767	0.586899738179697	-0.563239877188914	0.76435379657595	1.0	-0.0496218980222056
H07_bin.54	B09_bin.61	d__Bacteria;p__Bacillota;c__Clostridia;o__Oscillospirales;f__Ruminococcaceae;g__Hominimerdicola;s__Hominimerdicola aceti	Hominimerdicola aceti	98.63	0	FALSE	TRUE	Predicted anaerobe	0.019201647291489363	0.011902748055555556	29	61.702127659574465	9	50.0	0.6894749721006277	0.42542072746634474	FALSE	0.982207228163816	1	0.0081920032646246	0.611146045774829	1.0	-0.0499127981289479
H07_bin.57	E06_bin.85	d__Bacteria;p__Bacteroidota;c__Bacteroidia;o__Bacteroidales;f__Rikenellaceae;g__Alistipes;s__Alistipes shahii	Alistipes shahii	87.64	2.64	FALSE	TRUE	Predicted anaerobe	0.10226404849787234	0.03120224272222222	36	76.59574468085107	9	50.0	1.712256185839353	1.3115153763875895	FALSE	0.553581063461833	0.936541020716014	-0.202513203837214	0.019231360087344	1.0	-0.259366798092915
H07_bin.59	F06_bin.46	d__Bacteria;p__Bacillota;c__Bacilli;o__Lactobacillales;f__Streptococcaceae;g__Streptococcus;s__Streptococcus thermophilus	Streptococcus thermophilus	99.63	0	FALSE	FALSE	Facultative/other	0.009704389478723404	0.004983627961111111	16	34.04255319148936	5	27.77777777777778	0.9600349888912879	0.3268204217502257	FALSE	0.945750101960039	0.99690442516441	-0.0259640646469231	0.730845877173011	1.0	-0.0595190983945195
H07_bin.63	H07_bin.63	d__Bacteria;p__Bacteroidota;c__Bacteroidia;o__Bacteroidales;f__Bacteroidaceae;g__Bacteroides;s__Bacteroides thetaiotaomicron	Bacteroides thetaiotaomicron	91.1	1.05	FALSE	TRUE	Predicted anaerobe	0.09732998844680851	0.05781937911111111	43	91.48936170212765	14	77.77777777777777	0.7512299907688674	0.6872955234693894	FALSE	0.642901271676886	0.947865487459929	-0.174676184880604	0.318256228033639	1.0	-0.0408969073626283
H07_bin.66	H05_bin.43	d__Bacteria;p__Bacillota;c__Clostridia;o__Lachnospirales;f__Lachnospiraceae;g__Roseburia;s__Roseburia rectalis	Roseburia rectalis	97.91	0	FALSE	TRUE	Predicted anaerobe	0.020054708955319148	0.025931869222222223	35	74.46808510638297	13	72.22222222222223	-0.3706222061191439	-0.27599525987595824	FALSE	0.588245888822321	0.939278465232197	0.189990071005557	0.595897304846369	1.0	0.0594827855670156
H07_bin.69	D08_bin.97	d__Bacteria;p__Bacteroidota;c__Bacteroidia;o__Bacteroidales;f__Tannerellaceae;g__Parabacteroides;s__Parabacteroides merdae	Parabacteroides merdae	86.92	1.15	FALSE	TRUE	Predicted anaerobe	0.028142548844680853	0.0266210245	30	63.829787234042556	11	61.111111111111114	0.08015761502719795	0.05116443512374338	FALSE	0.876348873233296	0.984846414163431	-0.0537870375836573	0.8070722061373	1.0	0.0352326952348449
H07_bin.7	A04_bin.93	d__Bacteria;p__Bacillota;c__Clostridia;o__Oscillospirales;f__Ruminococcaceae;g__Gemmiger;s__Gemmiger qucibialis	Gemmiger qucibialis	97.28	2.04	FALSE	TRUE	Predicted anaerobe	0.031856250021276594	0.013422070066666666	37	78.72340425531915	14	77.77777777777777	1.2463475935940034	0.9811672545314495	FALSE	0.30326166752858	0.816968552826994	-0.337106581664184	0.719457691920152	1.0	0.0377797651286971
H07_bin.70	E07_bin.69	d__Bacteria;p__Bacillota;c__Clostridia;o__Oscillospirales;f__Oscillospiraceae;g__Oscillibacter;s__Oscillibacter welbionis	Oscillibacter welbionis	91.44	3.02	FALSE	TRUE	Predicted anaerobe	0.025260531731914893	0.026364649833333333	41	87.23404255319149	14	77.77777777777777	-0.0616959186226267	-0.05381984390484457	FALSE	0.666981850084441	0.951283547365845	0.156864933311416	0.658269545668019	1.0	-0.00780892485835729
H07_bin.72	F05_bin.48	d__Bacteria;p__Pseudomonadota;c__Gammaproteobacteria;o__Burkholderiales;f__Burkholderiaceae_F;g__Sutterella;s__Sutterella wadsworthensis	Sutterella wadsworthensis	98.76	0	FALSE	TRUE	Predicted anaerobe	0.03620963191702128	0.021784264277777778	18	38.297872340425535	6	33.333333333333336	0.732823382354822	0.28065576345503823	FALSE	0.842609338926575	0.983217763396128	-0.0789674316936918	0.834729625645085	1.0	-0.0126759824612164
H07_bin.8	A06_bin.107	d__Bacteria;p__Bacteroidota;c__Bacteroidia;o__Bacteroidales;f__Marinifilaceae;g__Odoribacter;s__Odoribacter splanchnicus	Odoribacter splanchnicus	95.7	1.08	FALSE	TRUE	Predicted anaerobe	0.012954400438297872	0.01478975118888889	37	78.72340425531915	16	88.88888888888889	-0.1910174339519675	-0.15037542672814463	FALSE	0.593485771057119	0.940772237633192	0.165891260908278	0.125602706338586	0.926891801909527	0.166201456371492
H08_bin.10	D02_bin.11	d__Bacteria;p__Bacteroidota;c__Bacteroidia;o__Bacteroidales;f__Bacteroidaceae;g__Phocaeicola;s__Phocaeicola vulgatus	Phocaeicola vulgatus	97.39	1.88	FALSE	TRUE	Predicted anaerobe	0.19640765867021276	0.28111407325	43	91.48936170212765	17	94.44444444444444	-0.5172823609652437	-0.4732583302447974	FALSE	0.449654154812001	0.884830200132678	0.336799640058808	0.478888068148016	1.0	0.0838548772865578
H08_bin.11	B01_bin.9	d__Bacteria;p__Verrucomicrobiota;c__Verrucomicrobiia;o__Verrucomicrobiales;f__Akkermansiaceae;g__Akkermansia;s__Akkermansia muciniphila	Akkermansia muciniphila	97.16	0	FALSE	TRUE	Predicted anaerobe	0.024711776144680852	0.07215008955555556	19	40.42553191489362	8	44.44444444444444	-1.545418731179332	-0.6247437423916448	FALSE	0.312723883040844	0.826466231054012	-0.469126592911086	0.639138800811479	0.99850022025725	0.070086541152834
H08_bin.15	H08_bin.15	d__Bacteria;p__Bacillota;c__Clostridia;o__Lachnospirales;f__Lachnospiraceae;g__Otoolea;s__Otoolea fessa	Otoolea fessa	92.83	1.9	FALSE	TRUE	Predicted anaerobe	0.021249254606382977	0.019069249205555555	39	82.97872340425532	16	88.88888888888889	0.15608661342606747	0.12951867922588578	FALSE	0.606866722817419	0.943026319703049	-0.163716347487231	0.14612759183617	0.957610500435303	0.177191835021682
H08_bin.18	H07_bin.23	d__Bacteria;p__Bacillota;c__Clostridia;o__Oscillospirales;f__Ruminococcaceae;g__Faecalibacterium;s__Faecalibacterium longum	Faecalibacterium longum	80.19	0	FALSE	TRUE	Predicted anaerobe	0.05605213397234043	0.06394270822222223	44	93.61702127659575	17	94.44444444444444	-0.1899787938298528	-0.17785248784071328	FALSE	0.668651663232876	0.951283547365845	0.141161363259537	0.26416240407253	1.0	0.146669355418473
H08_bin.20	G07_bin.107	d__Bacteria;p__Bacillota;c__Clostridia;o__Lachnospirales;f__Lachnospiraceae;g__Roseburia;s__Roseburia faecis	Roseburia faecis	94.04	1.76	FALSE	TRUE	Predicted anaerobe	0.025834875325531914	0.04391751527777778	28	59.57446808510638	11	61.111111111111114	-0.7652466541235484	-0.45589162373317776	FALSE	0.235544773959805	0.764231036679804	0.402681630094405	0.303472992127347	0.99565159187084	0.121739908729714
H08_bin.21	H05_bin.43	d__Bacteria;p__Bacillota;c__Clostridia;o__Lachnospirales;f__Lachnospiraceae;g__Roseburia;s__Roseburia rectalis	Roseburia rectalis	98.15	0	FALSE	TRUE	Predicted anaerobe	0.0295740971	0.029594748027777777	37	78.72340425531915	14	77.77777777777777	-0.0010067097014427211	-0.0007925161479442698	FALSE	0.703341119189268	0.964931101887307	0.128970051350804	0.579902966827984	1.0	0.0856024150977726
H08_bin.28	B02_bin.41	d__Bacteria;p__Bacillota;c__Clostridia;o__Lachnospirales;f__Lachnospiraceae;g__Dorea_A;s__Dorea_A longicatena	Dorea A longicatena	95.92	2.48	FALSE	TRUE	Predicted anaerobe	0.026895962804255318	0.04370074508333333	43	91.48936170212765	18	100.0	-0.7000620369973922	-0.6404822891678269	FALSE	0.795847877145286	0.980179166504932	0.0840365897771691	0.0192270469711269	0.815898306350904	0.291421675675979
H08_bin.31	H06_bin.61	d__Bacteria;p__Bacillota;c__Clostridia;o__Lachnospirales;f__Lachnospiraceae;g__Fusicatenibacter;s__Fusicatenibacter saccharivorans	Fusicatenibacter saccharivorans	94.87	5.59	FALSE	TRUE	Predicted anaerobe	0.022460770478723403	0.029390756333333334	43	91.48936170212765	17	94.44444444444444	-0.3878036762596664	-0.3547991080673544	FALSE	0.623684294156285	0.943026319703049	0.145073575605545	0.098451460049472	0.884516280715528	0.247301402051093
H08_bin.32	H05_bin.38	d__Bacteria;p__Bacteroidota;c__Bacteroidia;o__Bacteroidales;f__Tannerellaceae;g__Parabacteroides;s__Parabacteroides distasonis	Parabacteroides distasonis	97.5	0	FALSE	TRUE	Predicted anaerobe	0.02617075736170213	0.016869666305555555	33	70.2127659574468	10	55.55555555555556	0.6332204487695979	0.4446015916892922	FALSE	0.206786147858628	0.736494903547362	0.429025908904338	0.55527743440195	1.0	-0.0139545371443426
H08_bin.40	F03_bin.40	d__Bacteria;p__Bacillota;c__Clostridia;o__Lachnospirales;f__Lachnospiraceae;g__Blautia_A;s__Blautia_A wexlerae	Blautia A wexlerae	98.36	2.53	FALSE	TRUE	Predicted anaerobe	0.04452352539361702	0.055977741222222224	44	93.61702127659575	18	100.0	-0.33021915300092086	-0.30914133472426636	FALSE	0.483546114514717	0.900238809691037	0.227411320783708	0.0469905158861416	0.853216845729895	0.272774191104626
H08_bin.42	E03_bin.16	d__Bacteria;p__Pseudomonadota;c__Alphaproteobacteria;o__RF32;f__CAG-239;g__Scatocola;s__Scatocola faecipullorum	Scatocola faecipullorum	95.7	0	FALSE	TRUE	Predicted anaerobe	0.23351341859787236	0.019262596833333333	11	23.404255319148938	2	11.11111111111111	3.5989443541798956	0.8423061254463585	FALSE	0.0221333638356848	0.27910014822587	-1.10760982299201	0.39471997533475	1.0	-0.0979734399044565
H08_bin.44	D01_bin.67	d__Bacteria;p__Actinomycetota;c__Coriobacteriia;o__Coriobacteriales;f__Coriobacteriaceae;g__Collinsella;s__Collinsella sp905215825	Collinsella sp905215825	96.77	5.38	FALSE	TRUE	Predicted anaerobe	0.018330141423404254	0.005534642233333333	29	61.702127659574465	7	38.888888888888886	1.7258384848371453	1.0648790651122813	FALSE	0.0986710325882616	0.569600960850419	-0.552362715195402	0.114571947083425	1.0	-0.26509604841465
H08_bin.46	G07_bin.76	d__Bacteria;p__Bacteroidota;c__Bacteroidia;o__Bacteroidales;f__Bacteroidaceae;g__Phocaeicola;s__Phocaeicola coprocola	Phocaeicola coprocola	91.61	2.23	FALSE	TRUE	Predicted anaerobe	0.2447430901276596	0.007218058611111111	6	12.76595744680851	2	11.11111111111111	5.081575059629015	0.6487117097398741	FALSE	0.00337814399253466	0.113327170164653	-3.27761580730831	0.749331858121412	0.998213945721379	-0.0228455144349947
H08_bin.6	E06_bin.85	d__Bacteria;p__Bacteroidota;c__Bacteroidia;o__Bacteroidales;f__Rikenellaceae;g__Alistipes;s__Alistipes shahii	Alistipes shahii	87.82	0	FALSE	TRUE	Predicted anaerobe	0.06911299157446808	0.0357776285	36	76.59574468085107	9	50.0	0.9497047118493145	0.7274333963101132	FALSE	0.774357189660335	0.973859377503757	0.0923833205866075	0.0737855765809598	1.0	-0.219920699703951
