MAG ID	Marker Lineage	Completeness	Contamination	Strain Heterogeneity	Genome Size Bp	Ambiguous Bases	Scaffolds	Contigs	N50 Scaffolds	N50 Contigs	Mean Scaffold Length Bp	Mean Contig Length Bp	Longest Scaffold Bp	Longest Contig Bp	Gc	Coding Density	Predicted Genes	In Filtered MAG Directory
A01_bin.12	o__Clostridiales (UID1212)	97.99	1.23	20	2362010	0	110	110	34483	34483	21472.0	21472.0	168471	168471	61.7	87.09	2242	TRUE
A01_bin.14	o__Clostridiales (UID1212)	97.28	1.86	0	3224326	0	87	87	65111	65111	37061.0	37061.0	166806	166806	58.4	87.39	2985	TRUE
A01_bin.16	p__Bacteroidetes (UID2605)	96.95	7.45	25	2678953	0	30	30	177100	177100	89298.0	89298.0	399827	399827	62	90.29	2191	TRUE
A01_bin.17	f__Bifidobacteriaceae (UID1462)	94.41	0.77	33.33	2308583	0	45	45	83717	83717	51301.0	51301.0	208730	208730	60.1	88.18	1984	TRUE
A01_bin.20	k__Bacteria (UID2982)	97.96	0.0	0	3079112	0	45	45	95106	95106	68424.0	68424.0	274819	274819	57.9	87.63	2556	TRUE
A01_bin.21	o__Bacteroidales (UID2621)	98.85	1.06	0	4021565	0	50	50	146354	146354	80431.0	80431.0	365504	365504	45.5	90.2	3300	TRUE
A01_bin.23	p__Bacteroidetes (UID2605)	93.32	0.96	0	1839394	0	19	19	195472	195472	96810.0	96810.0	256124	256124	55.3	86.71	1593	TRUE
A01_bin.25	o__Clostridiales (UID1212)	97.05	0.68	0	2546995	0	242	242	16209	16209	10524.0	10524.0	66603	66603	56.5	83.68	2159	TRUE
A01_bin.28	o__Clostridiales (UID1212)	89.35	4.62	13.33	2336113	0	390	390	8103	8103	5990.0	5990.0	31443	31443	59.9	87.46	2381	TRUE
A01_bin.29	o__Clostridiales (UID1212)	94.16	1.34	12.5	2163083	0	165	165	18892	18892	13109.0	13109.0	74809	74809	62.3	89.45	2149	TRUE
A01_bin.31	f__Lachnospiraceae (UID1256)	91.73	0.0	0	2276978	0	67	67	60844	60844	33984.0	33984.0	130270	130270	42.2	89.33	2058	TRUE
A01_bin.32	o__Clostridiales (UID1212)	94.41	1.93	83.33	1950005	0	151	151	19859	19859	12913.0	12913.0	81747	81747	59.3	87.78	1944	TRUE
A01_bin.34	p__Bacteroidetes (UID2605)	97.58	0.48	0	2679208	0	47	47	92101	92101	57004.0	57004.0	315999	315999	60.1	88.3	2183	TRUE
A01_bin.40	p__Bacteroidetes (UID2605)	95.73	0.96	50	2772923	0	35	35	104266	104266	79226.0	79226.0	389406	389406	59.3	89.92	2263	TRUE
A01_bin.47	c__Clostridia (UID1118)	93.01	0.81	0	2841231	0	348	348	11837	11837	8164.0	8164.0	45724	45724	59.5	89.26	2700	TRUE
A01_bin.49	o__Clostridiales (UID1212)	92.73	1.73	40	2181759	0	260	260	13843	13843	8391.0	8391.0	60111	60111	57.3	89.12	2241	TRUE
A01_bin.5	p__Bacteroidetes (UID2605)	97.6	0.48	0	2515951	0	20	20	199859	199859	125797.0	125797.0	504526	504526	58.3	84.44	2034	TRUE
A01_bin.53	p__Bacteroidetes (UID2605)	81.62	0.0	0	2218732	0	27	27	109878	109878	82175.0	82175.0	392083	392083	59.9	90.02	1781	TRUE
A01_bin.54	o__Clostridiales (UID1212)	96.31	2.35	25	2645440	0	90	90	53019	53019	29393.0	29393.0	203549	203549	61.6	87.03	2599	TRUE
A01_bin.6	o__Clostridiales (UID1212)	91.28	0.0	0	2172963	0	37	37	94268	94268	58728.0	58728.0	263148	263148	53.4	88.35	2001	TRUE
A01_bin.61	o__Clostridiales (UID1226)	85.23	5.91	28.57	2369920	0	289	289	11288	11288	8200.0	8200.0	52663	52663	45.7	89.33	2270	TRUE
A01_bin.63	p__Bacteroidetes (UID2605)	99.52	0.96	50	2422965	0	40	40	164708	164708	60574.0	60574.0	228952	228952	56	86.41	2100	TRUE
A01_bin.65	f__Lachnospiraceae (UID1286)	83.09	3.56	0	2370211	0	67	67	57925	57925	35376.0	35376.0	122987	122987	47.3	89.26	2122	TRUE
A01_bin.66	c__Clostridia (UID1118)	97.98	0.27	0	2566478	0	87	87	40677	40677	29499.0	29499.0	118114	118114	59.8	87.63	2262	TRUE
A01_bin.69	p__Actinobacteria (UID2112)	98.39	0.12	0	1626563	0	8	8	306209	306209	203320.0	203320.0	681788	681788	54.4	89.76	1456	TRUE
A01_bin.72	o__Clostridiales (UID1212)	94.58	2.89	57.14	2156014	0	84	84	39945	39945	25666.0	25666.0	103462	103462	60.1	88.61	1987	TRUE
A01_bin.77	o__Clostridiales (UID1212)	92.56	4.7	18.18	2242544	0	218	218	16118	16118	10286.0	10286.0	102339	102339	61.5	90.21	2297	TRUE
A01_bin.82	p__Bacteroidetes (UID2605)	99.42	0.1	100	3010615	0	31	31	153055	153055	97116.0	97116.0	313334	313334	59.5	90.91	2385	TRUE
A01_bin.83	p__Actinobacteria (UID2112)	88.31	4.95	81.82	2359108	0	318	318	11261	11261	7418.0	7418.0	102483	102483	63.8	87.8	2172	TRUE
A01_bin.84	o__Clostridiales (UID1212)	90.6	2.24	25	2090048	0	70	70	51064	51064	29857.0	29857.0	177933	177933	37.2	89.62	2046	TRUE
A01_bin.85	o__Clostridiales (UID1212)	98.63	0.0	0	2417053	0	75	75	58648	58648	32227.0	32227.0	127117	127117	43.2	88	2212	TRUE
A01_bin.86	o__Clostridiales (UID1212)	90.65	9.12	0	5732609	0	757	757	11683	11683	7572.0	7572.0	96187	96187	54.8	89.26	6118	TRUE
A01_bin.87	k__Bacteria (UID203)	88.95	6.41	8.7	3904815	0	625	625	8875	8875	6247.0	6247.0	49658	49658	42.8	91.2	3648	TRUE
A01_bin.90	o__Clostridiales (UID1212)	94.97	2.01	50	1936776	0	79	79	43274	43274	24516.0	24516.0	131427	131427	61.3	88.55	1866	TRUE
A01_bin.91	o__Bacteroidales (UID2621)	90.85	0.72	40	4157057	0	161	161	47197	47197	25820.0	25820.0	174368	174368	45.5	91.16	3519	TRUE
A01_bin.93	o__Clostridiales (UID1212)	96.08	5.5	21.43	3153817	0	237	237	20261	20261	13307.0	13307.0	66345	66345	62.9	89.12	3140	TRUE
A02_bin.13	p__Actinobacteria (UID2112)	96.77	0.2	0	1546094	0	51	51	53664	53664	30315.0	30315.0	154695	154695	54.6	89.59	1380	TRUE
A02_bin.15	o__Clostridiales (UID1212)	90.48	0.34	0	2344644	0	70	70	50096	50096	33494.0	33494.0	181797	181797	60.4	86.68	2086	TRUE
A02_bin.17	f__Bifidobacteriaceae (UID1462)	97.7	4.49	22.73	2125254	0	47	47	70484	70484	45218.0	45218.0	199937	199937	62.9	86.15	1742	TRUE
A02_bin.20	c__Deltaproteobacteria (UID3218)	92.01	0.0	0	3757058	0	315	315	17920	17920	11927.0	11927.0	68860	68860	60.8	84.85	3324	TRUE
A02_bin.25	o__Clostridiales (UID1212)	97.99	3.86	10	4315686	0	456	456	15167	15167	9464.0	9464.0	67554	67554	37.7	82.66	4222	TRUE
A02_bin.27	o__Bacteroidales (UID2657)	87.9	1.3	50	4007969	0	45	45	127775	127775	89065.0	89065.0	376072	376072	46.7	91.28	3254	TRUE
A02_bin.32	o__Clostridiales (UID1212)	90.25	1.9	50	2214494	0	304	304	10771	10771	7284.0	7284.0	97359	97359	38.5	91.08	2201	TRUE
A02_bin.41	o__Lactobacillales (UID544)	85.25	1.06	50	1272510	0	308	308	4701	4701	4131.0	4131.0	14709	14709	39.7	85.64	1537	TRUE
A02_bin.42	f__Bifidobacteriaceae (UID1462)	84.52	2.34	33.33	1928709	0	87	87	36020	36020	22169.0	22169.0	111053	111053	60.3	87.79	1649	TRUE
A02_bin.44	o__Bacteroidales (UID2621)	80.19	0.38	0	3786313	0	43	43	143631	143631	88053.0	88053.0	249333	249333	44.9	91.24	3180	TRUE
A02_bin.50	o__Bacteroidales (UID2657)	94.05	0.93	0	3220964	0	109	109	52367	52367	29550.0	29550.0	272220	272220	40.4	90.03	2606	TRUE
A02_bin.52	o__Selenomonadales (UID1024)	95.21	0.6	0	2265970	0	75	75	53138	53138	30212.0	30212.0	108872	108872	54.7	90.04	2029	TRUE
A02_bin.54	o__Clostridiales (UID1212)	83.46	2.57	83.33	1618207	0	392	392	4644	4644	4128.0	4128.0	20168	20168	60	88.72	1796	TRUE
A02_bin.55	k__Bacteria (UID2569)	95.7	0.81	100	3526875	0	168	168	30353	30353	20993.0	20993.0	101595	101595	43.8	89.72	3036	TRUE
A02_bin.58	o__Bacteroidales (UID2621)	83.78	0.38	0	3277893	0	65	65	78727	78727	50429.0	50429.0	185478	185478	45.9	89.98	2639	TRUE
A02_bin.69	f__Lachnospiraceae (UID1286)	99.52	0.48	0	2670908	0	45	45	112365	112365	59353.0	59353.0	248214	248214	41.7	88.83	2445	TRUE
A02_bin.80	p__Actinobacteria (UID2112)	94.35	0.81	0	2006762	0	48	48	65843	65843	41807.0	41807.0	152886	152886	60.2	87.74	1729	TRUE
A02_bin.81	k__Bacteria (UID203)	82.76	6.9	0	3060205	0	78	78	90579	90579	39233.0	39233.0	234535	234535	43.7	89.78	2897	TRUE
A03_bin.12	o__Clostridiales (UID1226)	95.15	2.11	80	2729931	0	96	96	55862	55862	28436.0	28436.0	150695	150695	48.6	88.29	2422	TRUE
A03_bin.14	o__Clostridiales (UID1212)	98.66	1.01	0	2132451	0	18	18	349395	349395	118469.0	118469.0	446425	446425	40.6	88.17	2001	TRUE
A03_bin.15	p__Proteobacteria (UID3887)	96.88	0.0	0	2408386	0	22	22	212817	212817	109472.0	109472.0	383037	383037	57.2	86.17	2126	TRUE
A03_bin.17	o__Clostridiales (UID1212)	92.1	4.08	0	3697454	0	829	829	5826	5826	4460.0	4460.0	41623	41623	34.7	86.17	4196	TRUE
A03_bin.18	p__Bacteroidetes (UID2605)	95.77	0.58	50	2965784	0	39	39	118237	118237	76045.0	76045.0	267389	267389	58.9	89.44	2433	TRUE
A03_bin.19	o__Clostridiales (UID1212)	90.45	7.82	75	2124457	0	137	137	22209	22209	15506.0	15506.0	70515	70515	59.6	87.71	1992	TRUE
A03_bin.2	o__Clostridiales (UID1212)	91.95	0.4	100	2191459	0	121	121	29136	29136	18111.0	18111.0	86837	86837	58.2	87.25	2190	TRUE
A03_bin.20	o__Bacteroidales (UID2657)	93.57	0.46	33.33	3851964	0	49	49	117946	117946	78611.0	78611.0	330430	330430	46.6	91.56	3141	TRUE
A03_bin.21	o__Clostridiales (UID1226)	86.91	0.27	50	2168407	0	101	101	32888	32888	21469.0	21469.0	111940	111940	45.1	89.77	1836	TRUE
A03_bin.22	o__Clostridiales (UID1212)	93.29	0.0	0	2466621	0	43	43	88226	88226	57363.0	57363.0	290086	290086	40.8	91.09	2248	TRUE
A03_bin.28	f__Lachnospiraceae (UID1255)	96.22	1.34	0	3043533	0	87	87	73893	73893	34983.0	34983.0	151639	151639	48	88.4	2736	TRUE
A03_bin.30	p__Actinobacteria (UID2112)	95.56	5.91	90.91	2848152	0	382	382	12769	12769	7455.0	7455.0	160793	160793	63.5	87.23	2637	TRUE
A03_bin.31	o__Clostridiales (UID1212)	88.59	0.0	0	2489830	0	18	18	229638	229638	138323.0	138323.0	311853	311853	44.3	90.95	2277	TRUE
A03_bin.33	f__Lachnospiraceae (UID1286)	98.01	2.73	0	3138917	0	93	93	98574	98574	33751.0	33751.0	199707	199707	43.3	89.64	3046	TRUE
A03_bin.36	o__Clostridiales (UID1212)	97.99	0.67	0	3018020	0	51	51	87870	87870	59176.0	59176.0	259351	259351	46	89.17	2666	TRUE
A03_bin.40	f__Lachnospiraceae (UID1286)	91.3	2.05	0	3135401	0	60	60	96499	96499	52256.0	52256.0	286399	286399	43.1	89.58	2788	TRUE
A03_bin.43	o__Bacteroidales (UID2621)	88.44	0.38	0	3936649	0	39	39	137579	137579	100939.0	100939.0	437914	437914	45.3	91.12	3229	TRUE
A03_bin.45	o__Clostridiales (UID1212)	92.62	0.0	0	2661122	0	43	43	113745	113745	61886.0	61886.0	254442	254442	37.5	90.15	2479	TRUE
A03_bin.47	k__Bacteria (UID203)	93.04	6.9	82.35	3645666	0	64	64	85557	85557	56963.0	56963.0	211272	211272	45.5	90.02	2925	TRUE
A03_bin.5	k__Bacteria (UID1453)	88.03	0.85	0	1924745	0	14	14	282708	282708	137481.0	137481.0	855631	855631	30.5	92.04	1978	TRUE
A03_bin.59	o__Clostridiales (UID1212)	91.36	1.13	66.67	2377751	0	276	276	11713	11713	8615.0	8615.0	48946	48946	56.4	84.27	2176	TRUE
A03_bin.63	k__Bacteria (UID2569)	88.48	0.54	0	4392460	0	694	694	8520	8520	6329.0	6329.0	50163	50163	43	91.14	3989	TRUE
A03_bin.66	o__Bacteroidales (UID2657)	96.65	0.0	0	3703795	0	38	38	175531	175531	97468.0	97468.0	326471	326471	48.4	91.27	2913	TRUE
A03_bin.68	f__Lachnospiraceae (UID1286)	99.28	0.24	0	2999146	0	57	57	74671	74671	52616.0	52616.0	172971	172971	49.7	89.39	2678	TRUE
A03_bin.7	o__Clostridiales (UID1212)	80.26	0.81	0	1722083	0	513	513	3810	3810	3356.0	3356.0	15894	15894	38.5	90.99	1966	TRUE
A03_bin.75	o__Clostridiales (UID1226)	93.51	2.87	33.33	3291706	0	224	224	28721	28721	14695.0	14695.0	124202	124202	41	89.68	2909	TRUE
A03_bin.77	o__Clostridiales (UID1212)	85.02	2.01	25	1908787	0	356	356	6842	6842	5361.0	5361.0	34859	34859	56.1	86.22	1956	TRUE
A04_bin.11	o__Clostridiales (UID1212)	87.11	4.6	72.73	2110978	0	340	340	8324	8324	6208.0	6208.0	36701	36701	57.9	86.84	2148	TRUE
A04_bin.15	o__Clostridiales (UID1212)	93.54	1.36	50	2394854	0	135	135	37301	37301	17739.0	17739.0	78266	78266	60.6	86.96	2085	TRUE
A04_bin.2	o__Clostridiales (UID1212)	85.52	2.91	60	1846475	0	317	317	7122	7122	5824.0	5824.0	29841	29841	62.3	87.33	1764	TRUE
A04_bin.21	k__Bacteria (UID2982)	97.96	1.36	0	2727007	0	22	22	230429	230429	123954.0	123954.0	834337	834337	55.3	88.37	2300	TRUE
A04_bin.22	k__Bacteria (UID203)	84.2	2.51	6.25	1690232	0	135	135	18740	18740	12520.0	12520.0	68434	68434	62.1	90	1691	TRUE
A04_bin.29	o__Clostridiales (UID1212)	80.86	3.47	62.5	1660713	0	74	74	30386	30386	22442.0	22442.0	73360	73360	63.2	88.18	1614	TRUE
A04_bin.3	p__Actinobacteria (UID2112)	92.74	0.81	0	1979659	0	41	41	64139	64139	48284.0	48284.0	141039	141039	59.9	87.18	1684	TRUE
A04_bin.35	p__Bacteroidetes (UID2605)	99.2	5.77	7.69	2420085	0	36	36	90581	90581	67224.0	67224.0	184664	184664	54.8	86.56	2137	TRUE
A04_bin.36	f__Lachnospiraceae (UID1256)	86.55	0.81	33.33	2287790	0	67	67	56320	56320	34146.0	34146.0	117386	117386	41.8	88.6	2172	TRUE
A04_bin.38	c__Deltaproteobacteria (UID3218)	96.75	0.61	50	3881496	0	485	485	11119	11119	8003.0	8003.0	58650	58650	60.3	85.21	3534	TRUE
A04_bin.39	o__Bacteroidales (UID2617)	98.11	0.19	0	3230212	0	30	30	178188	178188	107673.0	107673.0	465066	465066	43.3	89.81	2629	TRUE
A04_bin.45	o__Bacteroidales (UID2621)	96.15	3.08	0	4079199	0	64	64	90615	90615	63737.0	63737.0	340185	340185	45.6	89.81	3392	TRUE
A04_bin.47	o__Lactobacillales (UID544)	92.88	1.59	16.67	1498310	0	222	222	9211	9211	6749.0	6749.0	46258	46258	39.5	84.84	1711	TRUE
A04_bin.50	o__Clostridiales (UID1226)	96.15	5.33	45.45	3504819	0	370	370	15168	15168	9472.0	9472.0	83136	83136	41.8	86.8	3312	TRUE
A04_bin.56	o__Bacteroidales (UID2657)	87.39	1.3	25	2851898	0	57	57	73394	73394	50033.0	50033.0	130475	130475	43.3	89.6	2303	TRUE
A04_bin.62	f__Lachnospiraceae (UID1286)	92.51	0.36	100	2036194	0	160	160	20046	20046	12726.0	12726.0	58192	58192	42.6	89.33	1931	TRUE
A04_bin.63	p__Bacteroidetes (UID2605)	87.82	3.85	44.44	2705916	0	25	25	156811	156811	108236.0	108236.0	344369	344369	58.2	89.36	2268	TRUE
A04_bin.71	p__Bacteroidetes (UID2605)	100.0	0.0	0	2573674	0	26	26	185410	185410	98987.0	98987.0	316358	316358	58.2	84.12	2087	TRUE
A04_bin.72	o__Clostridiales (UID1212)	80.77	0.89	0	1937642	0	418	418	5705	5705	4635.0	4635.0	24097	24097	35.4	90.18	2019	TRUE
A04_bin.76	o__Bacteroidales (UID2657)	99.26	0.0	0	3616003	0	33	33	229201	229201	109575.0	109575.0	700345	700345	48.5	91.15	2875	TRUE
A04_bin.8	o__Clostridiales (UID1212)	89.49	3.36	40	2050026	0	187	187	16662	16662	10962.0	10962.0	62433	62433	37.2	90.1	2078	TRUE
A04_bin.81	o__Bacteroidales (UID2617)	94.96	1.13	0	3274141	0	185	185	26368	26368	17698.0	17698.0	92890	92890	38.4	89.76	2692	TRUE
A04_bin.91	k__Bacteria (UID2569)	99.19	0.0	0	4104683	0	58	58	129346	129346	70770.0	70770.0	389420	389420	43.4	90.2	3306	TRUE
A04_bin.93	o__Clostridiales (UID1212)	99.32	0.68	0	2569107	0	225	225	15877	15877	11418.0	11418.0	57087	57087	56.4	83.83	2199	TRUE
A05_bin.1	k__Bacteria (UID2982)	80.9	0.68	0	2411291	0	21	21	136452	136452	114823.0	114823.0	639708	639708	57.9	88.03	2020	TRUE
A05_bin.101	o__Clostridiales (UID1120)	98.6	1.17	0	3074796	0	97	97	49342	49342	31698.0	31698.0	164991	164991	58	87.14	2625	TRUE
A05_bin.102	o__Clostridiales (UID1212)	97.99	0.67	0	2522564	0	91	91	90012	90012	27720.0	27720.0	215868	215868	36.8	88.61	2465	TRUE
A05_bin.109	o__Bacteroidales (UID2657)	93.43	1.02	0	5855880	0	97	97	103481	103481	60369.0	60369.0	315081	315081	41.7	90.87	4586	TRUE
A05_bin.111	o__Bacteroidales (UID2621)	93.81	0.0	0	4454890	0	55	55	127151	127151	80998.0	80998.0	274139	274139	45.2	91.33	3683	TRUE
A05_bin.113	o__Clostridiales (UID1212)	97.32	2.37	28.57	3448839	0	209	209	30565	30565	16501.0	16501.0	153448	153448	38.4	83.99	3097	TRUE
A05_bin.115	p__Firmicutes (UID1022)	100.0	0.0	0	2034471	0	35	35	160410	160410	58127.0	58127.0	548776	548776	47.9	89.77	1982	TRUE
A05_bin.117	f__Bifidobacteriaceae (UID1462)	99.54	3.57	60	2275035	0	57	57	62007	62007	39912.0	39912.0	160938	160938	62.8	86.09	1920	TRUE
A05_bin.119	o__Clostridiales (UID1212)	89.53	0.91	50	2552155	0	284	284	12933	12933	8986.0	8986.0	42084	42084	56.3	83.8	2318	TRUE
A05_bin.12	p__Bacteroidetes (UID2605)	94.96	0.0	0	2919185	0	41	41	98113	98113	71199.0	71199.0	308716	308716	58.6	89.75	2458	TRUE
A05_bin.123	o__Clostridiales (UID1212)	93.96	0.0	0	1933665	0	48	48	55849	55849	40284.0	40284.0	136974	136974	48	88.04	1885	TRUE
A05_bin.15	o__Clostridiales (UID1212)	97.32	0.67	0	2637005	0	45	45	86863	86863	58600.0	58600.0	339544	339544	43.8	88.29	2426	TRUE
A05_bin.19	k__Bacteria (UID203)	98.28	9.66	80.95	4271580	0	58	58	107718	107718	73647.0	73647.0	251704	251704	45.4	90.24	3582	TRUE
A05_bin.33	o__Clostridiales (UID1120)	96.28	0.0	0	1736452	0	99	99	28331	28331	17539.0	17539.0	74583	74583	48.1	91.71	1711	TRUE
A05_bin.34	o__Bacteroidales (UID2657)	81.04	0.56	0	5556858	0	83	83	121489	121489	66950.0	66950.0	535026	535026	42.9	90.82	4174	TRUE
A05_bin.35	o__Clostridiales (UID1212)	97.15	0.0	0	2743617	0	55	55	114059	114059	49883.0	49883.0	262146	262146	40.7	90.67	2526	TRUE
A05_bin.36	f__Bifidobacteriaceae (UID1462)	97.5	1.76	55.56	2191171	0	62	62	58853	58853	35341.0	35341.0	259781	259781	60.1	87.52	1878	TRUE
A05_bin.39	o__Clostridiales (UID1212)	94.63	1.9	0	2667881	0	198	198	23016	23016	13474.0	13474.0	106800	106800	58.2	88.85	2607	TRUE
A05_bin.42	k__Bacteria (UID2329)	92.13	3.37	0	1341915	0	57	57	43526	43526	23542.0	23542.0	107577	107577	26.1	89.68	1414	TRUE
A05_bin.45	f__Lachnospiraceae (UID1286)	98.79	0.0	0	2648305	0	47	47	94189	94189	56346.0	56346.0	450330	450330	41.7	89.4	2434	TRUE
A05_bin.47	p__Actinobacteria (UID2112)	99.19	0.0	0	2049626	0	22	22	162915	162915	93164.0	93164.0	492897	492897	61.3	87.48	1782	TRUE
A05_bin.49	o__Lactobacillales (UID544)	96.27	2.06	83.33	1971623	0	108	108	28244	28244	18255.0	18255.0	114942	114942	40	88.78	1880	TRUE
A05_bin.5	p__Euryarchaeota (UID3)	100.0	0.0	0	1800533	0	24	24	135760	135760	75022.0	75022.0	375825	375825	31.1	90.1	1775	TRUE
A05_bin.50	c__Clostridia (UID1118)	97.58	1.88	33.33	1894005	0	87	87	35158	35158	21770.0	21770.0	95975	95975	53.6	88.85	1835	TRUE
A05_bin.57	o__Clostridiales (UID1226)	91.35	2.78	33.33	2766986	0	267	267	16594	16594	10363.0	10363.0	59426	59426	48.7	88.35	2608	TRUE
A05_bin.58	o__Clostridiales (UID1212)	80.86	6.01	7.14	1912240	0	493	493	4663	4663	3878.0	3878.0	16881	16881	63.2	87.68	2152	TRUE
A05_bin.65	o__Clostridiales (UID1212)	91.71	5.3	25	2305442	0	395	395	7301	7301	5836.0	5836.0	74354	74354	60.8	87.71	2245	TRUE
A05_bin.79	o__Clostridiales (UID1212)	97.99	0.34	0	1910177	0	20	20	150194	150194	95508.0	95508.0	256625	256625	44.5	89.66	1794	TRUE
A05_bin.88	o__Clostridiales (UID1212)	98.51	5.1	41.67	2273979	0	77	77	50469	50469	29532.0	29532.0	233608	233608	59.7	86.46	2063	TRUE
A05_bin.89	o__Clostridiales (UID1212)	93.59	4.81	45.45	2455545	0	349	349	10576	10576	7035.0	7035.0	49658	49658	57.7	86.72	2556	TRUE
A05_bin.9	o__Lactobacillales (UID355)	88.59	2.98	21.74	1821249	0	65	65	48401	48401	28019.0	28019.0	137264	137264	38.7	87.74	1851	TRUE
A05_bin.91	o__Clostridiales (UID1120)	92.86	2.48	75	2404929	0	305	305	10344	10344	7885.0	7885.0	42998	42998	51.8	87.18	2443	TRUE
A05_bin.92	g__Lactobacillus (UID436)	85.19	1.49	0	2494530	0	464	464	7053	7053	5376.0	5376.0	29205	29205	46.5	85.8	2725	TRUE
A05_bin.96	p__Bacteroidetes (UID2605)	97.68	0.48	0	3282716	0	28	28	259885	259885	117239.0	117239.0	442653	442653	58.5	90.3	2663	TRUE
A06_bin.102	f__Lachnospiraceae (UID1286)	94.04	3.15	81.82	2152373	0	222	222	15193	15193	9695.0	9695.0	100038	100038	42.7	90.1	2080	TRUE
A06_bin.103	k__Bacteria (UID2329)	97.75	0.0	0	1573670	0	19	19	143756	143756	82824.0	82824.0	406040	406040	29.3	91.45	1408	TRUE
A06_bin.104	o__Clostridiales (UID1226)	86.92	4.43	9.09	3770921	0	407	407	16250	16250	9265.0	9265.0	107529	107529	41.2	86.05	3686	TRUE
A06_bin.106	o__Clostridiales (UID1212)	97.99	0.0	0	2553417	0	64	64	57464	57464	39897.0	39897.0	164659	164659	44.7	91.28	2347	TRUE
A06_bin.107	k__Bacteria (UID2569)	99.46	0.0	0	4192519	0	47	47	162827	162827	89202.0	89202.0	301696	301696	43.4	90.16	3409	TRUE
A06_bin.108	o__Clostridiales (UID1212)	82.49	0.0	0	1783453	0	186	186	13246	13246	9588.0	9588.0	93869	93869	57.4	84.44	1721	TRUE
A06_bin.17	o__Clostridiales (UID1212)	96.64	2.01	0	2118580	0	66	66	45870	45870	32099.0	32099.0	130567	130567	59	87.12	2050	TRUE
A06_bin.20	k__Bacteria (UID2329)	92.7	3.93	0	1384592	0	31	31	78592	78592	44664.0	44664.0	209165	209165	27	90.31	1442	TRUE
A06_bin.22	f__Lachnospiraceae (UID1286)	88.31	0.6	0	2959853	0	93	93	53693	53693	31826.0	31826.0	116009	116009	43.1	89.18	2656	TRUE
A06_bin.27	o__Bacteroidales (UID2657)	87.98	1.12	33.33	4139246	0	53	53	187322	187322	78098.0	78098.0	408713	408713	46.4	91.33	3419	TRUE
A06_bin.30	o__Clostridiales (UID1212)	98.66	1.34	0	3048016	0	135	135	64691	64691	22577.0	22577.0	240745	240745	32.5	86.25	2836	TRUE
A06_bin.31	o__Clostridiales (UID1226)	88.32	1.6	30	2496925	0	294	294	13398	13398	8492.0	8492.0	61024	61024	45	88.19	2341	TRUE
A06_bin.35	p__Proteobacteria (UID3887)	80.0	0.62	0	1506472	0	19	19	131391	131391	79288.0	79288.0	237142	237142	56	89.55	1349	TRUE
A06_bin.37	p__Bacteroidetes (UID2605)	83.97	2.52	66.67	1992386	0	488	488	4682	4682	4082.0	4082.0	24862	24862	59.3	85.18	1967	TRUE
A06_bin.41	o__Clostridiales (UID1212)	85.46	0.0	0	1696435	0	30	30	73945	73945	56547.0	56547.0	275231	275231	46.7	87.02	1412	TRUE
A06_bin.42	k__Bacteria (UID2982)	96.6	0.85	0	2661631	0	130	130	30310	30310	20474.0	20474.0	104281	104281	55.7	88.6	2331	TRUE
A06_bin.43	p__Bacteroidetes (UID2605)	81.19	1.44	66.67	2233027	0	106	106	31610	31610	21066.0	21066.0	149083	149083	59.6	90.9	1870	TRUE
A06_bin.44	o__Selenomonadales (UID1024)	99.38	2.1	0	2243813	0	25	25	201021	201021	89752.0	89752.0	367011	367011	43.9	90.28	2099	TRUE
A06_bin.46	o__Clostridiales (UID1212)	98.63	0.0	0	2614270	0	59	59	69867	69867	44309.0	44309.0	283576	283576	43	88.34	2375	TRUE
A06_bin.47	f__Lachnospiraceae (UID1255)	97.0	3.07	16.67	2662855	0	241	241	18110	18110	11049.0	11049.0	70187	70187	49.2	88.67	2484	TRUE
A06_bin.50	o__Clostridiales (UID1212)	96.37	1.36	0	2375895	0	231	231	15190	15190	10285.0	10285.0	52103	52103	56.5	83.47	2043	TRUE
A06_bin.57	o__Clostridiales (UID1120)	98.6	1.28	0	2790939	0	92	92	45344	45344	30336.0	30336.0	196849	196849	58.4	87.11	2370	TRUE
A06_bin.60	o__Clostridiales (UID1212)	93.29	4.7	14.29	2540857	0	90	90	40579	40579	28231.0	28231.0	112971	112971	37.1	89.66	2494	TRUE
A06_bin.61	o__Clostridiales (UID1212)	93.36	0.0	0	2115991	0	86	86	42879	42879	24604.0	24604.0	114838	114838	52.2	88.65	1949	TRUE
A06_bin.64	o__Clostridiales (UID1212)	92.32	6.4	50	2146720	0	296	296	10050	10050	7252.0	7252.0	70165	70165	58.3	87.64	2233	TRUE
A06_bin.67	o__Clostridiales (UID1212)	91.77	2.72	85.71	2135855	0	165	165	20837	20837	12944.0	12944.0	159542	159542	60.7	86.96	2032	TRUE
A06_bin.69	k__Bacteria (UID1453)	80.34	0.0	0	1992280	0	29	29	125415	125415	68699.0	68699.0	403658	403658	35.1	92.61	1962	TRUE
A06_bin.76	o__Bacteroidales (UID2621)	97.56	0.38	0	3999189	0	56	56	123373	123373	71414.0	71414.0	363859	363859	45.5	90.08	3240	TRUE
A06_bin.8	k__Bacteria (UID203)	98.28	9.64	6.45	2265011	0	203	203	17117	17117	11157.0	11157.0	56110	56110	56.9	88.7	2226	TRUE
A06_bin.83	f__Lachnospiraceae (UID1286)	91.51	0.97	0	2329179	0	98	98	37841	37841	23767.0	23767.0	128867	128867	44.8	90.6	2109	TRUE
A06_bin.91	p__Bacteroidetes (UID2605)	83.41	0.64	100	2320934	0	66	66	57392	57392	35165.0	35165.0	205672	205672	60.2	90.07	1926	TRUE
A06_bin.92	p__Bacteroidetes (UID2605)	81.04	0.24	100	1885666	0	27	27	122551	122551	69839.0	69839.0	339221	339221	54.5	87.58	1711	TRUE
A06_bin.97	k__Bacteria (UID2565)	87.1	0.0	0	1627131	0	46	46	54466	54466	35372.0	35372.0	184728	184728	49.6	89.59	1633	TRUE
A07_bin.17	o__Clostridiales (UID1212)	82.53	0.85	50	2301304	0	502	502	5841	5841	4584.0	4584.0	23550	23550	56.5	84.44	2194	TRUE
A07_bin.18	k__Bacteria (UID2982)	92.18	0.0	0	2860792	0	80	80	56281	56281	35759.0	35759.0	130108	130108	58.5	88.25	2405	TRUE
A07_bin.2	p__Actinobacteria (UID2112)	92.74	0.81	0	1515428	0	31	31	62368	62368	48884.0	48884.0	260832	260832	54.2	89.62	1309	TRUE
A07_bin.20	p__Actinobacteria (UID2112)	95.36	0.0	0	2490123	0	68	68	67810	67810	36619.0	36619.0	195199	195199	63.6	86.96	2136	TRUE
A07_bin.23	o__Clostridiales (UID1212)	83.9	1.79	33.33	1700031	0	294	294	7510	7510	5782.0	5782.0	37551	37551	62	90.18	1769	TRUE
A07_bin.24	p__Bacteroidetes (UID2605)	86.15	0.64	100	2466971	0	62	62	79385	79385	39789.0	39789.0	197623	197623	60.3	90.63	1995	TRUE
A07_bin.25	o__Bacteroidales (UID2657)	96.16	0.74	0	3510087	0	31	31	198022	198022	113228.0	113228.0	319905	319905	48.6	91.69	2721	TRUE
A07_bin.27	o__Selenomonadales (UID1024)	99.4	0.6	0	1815208	0	15	15	170527	170527	121013.0	121013.0	246646	246646	46	90.54	1731	TRUE
A07_bin.28	o__Bacteroidales (UID2621)	98.27	0.38	100	3797121	0	136	136	41891	41891	27920.0	27920.0	180832	180832	45.6	89.99	3179	TRUE
A07_bin.29	o__Lactobacillales (UID544)	81.61	7.01	52.27	1477107	0	423	423	3721	3721	3491.0	3491.0	27695	27695	40.4	89.42	1734	TRUE
A07_bin.3	p__Bacteroidetes (UID2605)	97.55	2.43	11.11	2901294	0	42	42	107820	107820	69078.0	69078.0	250360	250360	58.7	89.6	2375	TRUE
A07_bin.31	c__Deltaproteobacteria (UID3218)	91.66	0.59	0	3299290	0	643	643	6178	6178	5131.0	5131.0	39586	39586	60.7	85.77	3165	TRUE
A07_bin.37	o__Bacteroidales (UID2657)	85.67	0.93	25	3019285	0	126	126	45739	45739	23962.0	23962.0	157240	157240	40.7	89.29	2594	TRUE
A07_bin.4	o__Clostridiales (UID1212)	87.58	0.17	100	1809173	0	109	109	28946	28946	16597.0	16597.0	172408	172408	53.7	88.42	1737	TRUE
A07_bin.40	o__Clostridiales (UID1212)	92.62	0.22	0	2171300	0	100	100	31541	31541	21713.0	21713.0	90771	90771	58.6	86.48	2059	TRUE
A07_bin.44	o__Clostridiales (UID1212)	88.0	5.1	90.91	2074438	0	297	297	9384	9384	6984.0	6984.0	40686	40686	59.1	88.24	2054	TRUE
A07_bin.5	o__Clostridiales (UID1212)	90.11	0.36	100	1841600	0	288	288	8777	8777	6394.0	6394.0	24749	24749	52.1	89.19	1906	TRUE
A07_bin.50	k__Bacteria (UID2569)	97.31	0.0	0	4118639	0	70	70	92339	92339	58837.0	58837.0	228428	228428	43.7	90.14	3396	TRUE
A07_bin.52	o__Clostridiales (UID1212)	94.97	4.7	14.29	2914794	0	163	163	34142	34142	17882.0	17882.0	198431	198431	36.7	89.25	2891	TRUE
A07_bin.55	o__Clostridiales (UID1226)	89.24	1.27	0	3618657	0	233	233	29461	29461	15530.0	15530.0	89579	89579	41.3	85.73	3346	TRUE
A07_bin.60	o__Clostridiales (UID1212)	94.3	8.85	51.85	2176781	0	370	370	7597	7597	5883.0	5883.0	46904	46904	58.6	88.03	2305	TRUE
A07_bin.61	o__Clostridiales (UID1212)	89.03	2.27	72.73	2090870	0	112	112	29486	29486	18668.0	18668.0	84266	84266	61	86.93	1825	TRUE
A07_bin.62	c__Deltaproteobacteria (UID3218)	96.13	1.22	0	2449003	0	123	123	30159	30159	19910.0	19910.0	99723	99723	64	86.38	2136	TRUE
A07_bin.63	o__Clostridiales (UID1212)	89.93	3.19	12.5	2063679	0	71	71	49554	49554	29065.0	29065.0	101002	101002	58.9	86.9	2011	TRUE
A07_bin.64	o__Clostridiales (UID1212)	87.13	0.67	0	2093129	0	477	477	5412	5412	4388.0	4388.0	27498	27498	36.2	88.11	2180	TRUE
A07_bin.65	o__Bacteroidales (UID2617)	99.62	0.0	0	3239238	0	16	16	287444	287444	202452.0	202452.0	490190	490190	43.5	89.68	2594	TRUE
A07_bin.69	p__Proteobacteria (UID3887)	80.12	0.93	50	2039630	0	106	106	36209	36209	19241.0	19241.0	135412	135412	63	85.99	1838	TRUE
A07_bin.74	o__Clostridiales (UID1120)	98.6	1.17	0	2852857	0	174	174	26270	26270	16395.0	16395.0	124964	124964	58.4	87.42	2421	TRUE
A07_bin.75	p__Actinobacteria (UID2112)	100.0	0.0	0	2120542	0	43	43	65355	65355	49314.0	49314.0	167846	167846	57.7	85.08	1739	TRUE
A07_bin.77	o__Clostridiales (UID1212)	85.97	1.01	100	2175697	0	464	464	5493	5493	4689.0	4689.0	28785	28785	50.3	89.51	2109	TRUE
A07_bin.79	o__Bacteroidales (UID2621)	99.18	0.38	0	4568086	0	82	82	93831	93831	55708.0	55708.0	339874	339874	45.2	91.12	3856	TRUE
A07_bin.8	o__Clostridiales (UID1212)	92.57	5.91	62.5	2074548	0	115	115	30607	30607	18039.0	18039.0	150620	150620	60	87.19	1954	TRUE
A07_bin.85	o__Bacteroidales (UID2657)	98.79	2.27	50	3405736	0	64	64	79938	79938	53214.0	53214.0	215263	215263	44.4	91.48	2975	TRUE
A07_bin.87	k__Bacteria (UID2372)	89.42	0.71	0	1712358	0	200	200	12432	12432	8561.0	8561.0	54328	54328	34.5	90.35	1825	TRUE
A07_bin.89	p__Actinobacteria (UID2112)	91.13	0.81	0	2044174	0	104	104	38512	38512	19655.0	19655.0	127794	127794	60.1	87.27	1771	TRUE
A07_bin.90	f__Lachnospiraceae (UID1255)	89.88	2.85	13.33	2957866	0	144	144	36290	36290	20540.0	20540.0	111009	111009	48.7	88.91	2775	TRUE
A08_bin.1	f__Bifidobacteriaceae (UID1458)	94.39	2.39	83.33	1714367	0	106	106	28423	28423	16173.0	16173.0	118664	118664	60.1	88.47	1423	TRUE
A08_bin.10	p__Bacteroidetes (UID2605)	95.03	4.62	23.53	3146499	0	183	183	32530	32530	17193.0	17193.0	120615	120615	58.8	90.22	2707	TRUE
A08_bin.101	o__Clostridiales (UID1226)	89.49	6.74	42.31	3340800	0	589	589	7944	7944	5671.0	5671.0	55563	55563	42.2	86.98	3357	TRUE
A08_bin.103	o__Clostridiales (UID1212)	96.26	1.7	0	2411345	0	298	298	11148	11148	8091.0	8091.0	38893	38893	56.3	83.67	2137	TRUE
A08_bin.108	c__Clostridia (UID1118)	96.91	0.81	0	1870168	0	149	149	23304	23304	12551.0	12551.0	148997	148997	48.3	86.87	1628	TRUE
A08_bin.14	o__Bacteroidales (UID2657)	95.17	0.0	0	3545864	0	55	55	104993	104993	64470.0	64470.0	305283	305283	48.5	91.05	2799	TRUE
A08_bin.15	k__Bacteria (UID1453)	88.89	1.99	0	1864561	0	71	71	43167	43167	26261.0	26261.0	126673	126673	32.3	89.9	1893	TRUE
A08_bin.19	k__Bacteria (UID1453)	86.7	1.14	0	2079517	0	198	198	14674	14674	10502.0	10502.0	113132	113132	35.3	92.07	2215	TRUE
A08_bin.2	p__Actinobacteria (UID2112)	85.48	0.81	0	1499132	0	265	265	7513	7513	5657.0	5657.0	31190	31190	53.2	86.61	1489	TRUE
A08_bin.27	o__Clostridiales (UID1212)	80.82	8.72	45	2123228	0	103	103	37953	37953	20613.0	20613.0	135261	135261	61.2	89.43	1978	TRUE
A08_bin.30	o__Clostridiales (UID1212)	98.66	0.94	0	2486237	0	99	99	35401	35401	25113.0	25113.0	119228	119228	45.2	87.07	2184	TRUE
A08_bin.31	o__Clostridiales (UID1212)	92.79	2.92	66.67	1818035	0	155	155	21551	21551	11729.0	11729.0	78632	78632	61.8	89.41	1859	TRUE
A08_bin.32	c__Deltaproteobacteria (UID3218)	97.34	0.0	0	3755609	0	247	247	25110	25110	15204.0	15204.0	104422	104422	60.4	84.66	3233	TRUE
A08_bin.36	o__Clostridiales (UID1212)	92.62	2.91	20	2554365	0	206	206	22044	22044	12399.0	12399.0	92747	92747	44.5	89.78	2348	TRUE
A08_bin.37	k__Bacteria (UID2982)	97.96	0.0	0	2626070	0	18	18	187548	187548	145892.0	145892.0	513403	513403	55.7	88.34	2184	TRUE
A08_bin.45	o__Clostridiales (UID1212)	94.41	3.47	0	1866971	0	366	366	6514	6514	5101.0	5101.0	27312	27312	51.2	90.69	1892	TRUE
A08_bin.59	o__Clostridiales (UID1212)	86.52	0.0	0	1645872	0	305	305	7127	7127	5396.0	5396.0	30341	30341	54.5	91.27	1734	TRUE
A08_bin.6	o__Clostridiales (UID1212)	99.33	1.9	40	1920172	0	123	123	23477	23477	15611.0	15611.0	99076	99076	41.2	87.41	1856	TRUE
A08_bin.63	o__Bacteroidales (UID2621)	98.65	0.13	0	4792321	0	59	59	120155	120155	81225.0	81225.0	275007	275007	45.1	91.18	3982	TRUE
A08_bin.69	o__Clostridiales (UID1212)	95.25	7.07	36.84	1939818	0	214	214	12329	12329	9064.0	9064.0	51983	51983	59.5	87.43	1964	TRUE
A08_bin.7	f__Lachnospiraceae (UID1286)	95.07	1.77	20	3011859	0	166	166	28341	28341	18143.0	18143.0	108326	108326	47.3	89.07	2766	TRUE
A08_bin.78	f__Lachnospiraceae (UID1286)	92.16	0.97	100	2247571	0	89	89	33609	33609	25253.0	25253.0	130879	130879	42.3	89.19	2050	TRUE
A08_bin.8	k__Bacteria (UID2569)	91.4	0.54	0	3770845	0	122	122	48452	48452	30908.0	30908.0	137675	137675	43.6	89.82	3169	TRUE
A08_bin.80	p__Bacteroidetes (UID2605)	82.85	2.16	33.33	1999937	0	106	106	27200	27200	18867.0	18867.0	144162	144162	55.1	88.12	1893	TRUE
A08_bin.84	o__Clostridiales (UID1212)	94.76	6.77	26.67	2697393	0	314	314	13619	13619	8590.0	8590.0	46048	46048	61.6	87.55	2826	TRUE
A08_bin.86	p__Proteobacteria (UID3887)	96.85	1.04	0	2474621	0	298	298	11855	11855	8304.0	8304.0	64670	64670	48.9	89.29	2457	TRUE
A08_bin.88	p__Bacteroidetes (UID2605)	87.28	4.85	28.57	2451710	0	443	443	7020	7020	5534.0	5534.0	45215	45215	56.1	90.26	2305	TRUE
A08_bin.90	o__Clostridiales (UID1120)	97.9	0.93	0	2996208	0	159	159	33837	33837	18844.0	18844.0	127164	127164	58.4	87.6	2556	TRUE
A08_bin.91	o__Clostridiales (UID1212)	96.98	2.35	0	2088428	0	59	59	66321	66321	35397.0	35397.0	156500	156500	37	89.81	2003	TRUE
A08_bin.93	o__Bacteroidales (UID2657)	86.12	0.56	0	2954615	0	42	42	97711	97711	70347.0	70347.0	215328	215328	40.7	90.4	2318	TRUE
A09_bin.11	o__Clostridiales (UID1212)	97.87	0.69	50	2177115	0	85	85	41216	41216	25613.0	25613.0	103419	103419	53.6	88.78	2052	TRUE
A09_bin.16	o__Clostridiales (UID1212)	91.28	0.22	0	1870011	0	50	50	50806	50806	37400.0	37400.0	174828	174828	62	89.12	1748	TRUE
A09_bin.17	f__Lachnospiraceae (UID1256)	87.1	1.75	60	2051467	0	203	203	13185	13185	10105.0	10105.0	86104	86104	42.6	89.75	1901	TRUE
A09_bin.21	o__Clostridiales (UID1212)	93.96	1.34	0	3176636	0	121	121	54469	54469	26253.0	26253.0	148191	148191	55.6	88.94	3027	TRUE
A09_bin.24	f__Enterobacteriaceae (UID5103)	97.6	1.19	36.36	4751862	0	321	321	22907	22907	14803.0	14803.0	77368	77368	50.7	88.38	4618	TRUE
A09_bin.3	o__Clostridiales (UID1226)	94.09	3.01	16.67	6128634	0	155	155	62549	62549	39539.0	39539.0	223908	223908	49.5	89.89	5410	TRUE
A09_bin.31	p__Bacteroidetes (UID2605)	88.33	1.92	50	2656536	0	123	123	38053	38053	21597.0	21597.0	105654	105654	59.5	90.45	2218	TRUE
A09_bin.32	p__Proteobacteria (UID3887)	99.38	1.24	50	2819103	0	51	51	95436	95436	55276.0	55276.0	224782	224782	55.2	86.6	2282	TRUE
A09_bin.34	f__Bifidobacteriaceae (UID1458)	95.18	1.97	87.5	1730587	0	119	119	22901	22901	14542.0	14542.0	72419	72419	59.7	88.37	1488	TRUE
A09_bin.36	o__Clostridiales (UID1212)	98.66	0.13	0	2998615	0	194	194	38752	38752	15456.0	15456.0	212026	212026	56.6	85.93	3085	TRUE
A09_bin.38	o__Clostridiales (UID1212)	96.26	1.7	33.33	2617374	0	229	229	16265	16265	11429.0	11429.0	65977	65977	56.2	83.43	2237	TRUE
A09_bin.39	p__Actinobacteria (UID2112)	90.51	8.67	30	1856437	0	472	472	4638	4638	3933.0	3933.0	42187	42187	60.5	87.99	1917	TRUE
A09_bin.42	o__Clostridiales (UID1120)	98.6	1.17	0	2941929	0	163	163	31528	31528	18048.0	18048.0	104229	104229	58.3	87.35	2473	TRUE
A09_bin.47	p__Bacteroidetes (UID2605)	85.02	0.0	0	2506683	0	28	28	135502	135502	89524.0	89524.0	412071	412071	59.6	88.51	2082	TRUE
A09_bin.48	p__Bacteroidetes (UID2605)	93.75	0.48	100	2090511	0	27	27	128218	128218	77426.0	77426.0	194030	194030	56.8	86.56	1773	TRUE
A09_bin.53	f__Lachnospiraceae (UID1286)	96.14	0.16	100	2545916	0	53	53	81233	81233	48036.0	48036.0	340138	340138	41.6	87.98	2349	TRUE
A09_bin.54	o__Clostridiales (UID1212)	87.02	0.34	0	2045789	0	47	47	76009	76009	43527.0	43527.0	205651	205651	38.7	86.61	1950	TRUE
A09_bin.58	o__Clostridiales (UID1120)	97.16	0.71	0	2039035	0	21	21	261783	261783	97096.0	97096.0	314150	314150	45.5	88.87	1964	TRUE
A09_bin.62	o__Clostridiales (UID1212)	95.92	0.0	0	3071443	0	130	130	37493	37493	23626.0	23626.0	183795	183795	58.6	87.57	2818	TRUE
A09_bin.9	k__Bacteria (UID203)	80.52	0.86	100	5545625	0	126	126	74688	74688	44012.0	44012.0	197697	197697	42.5	89.96	4532	TRUE
B01_bin.1	p__Bacteroidetes (UID2605)	96.39	0.24	0	2700837	0	110	110	42998	42998	24553.0	24553.0	139161	139161	55.4	88.16	2228	TRUE
B01_bin.11	p__Bacteroidetes (UID2605)	98.94	0.11	100	2710379	0	91	91	44397	44397	29784.0	29784.0	102772	102772	60.1	90.29	2229	TRUE
B01_bin.12	f__Lachnospiraceae (UID1286)	93.66	0.56	0	2121033	0	108	108	27569	27569	19639.0	19639.0	80665	80665	42.7	88.7	1986	TRUE
B01_bin.15	p__Actinobacteria (UID2112)	98.39	0.81	0	2055014	0	92	92	34769	34769	22337.0	22337.0	97408	97408	60.3	87.27	1759	TRUE
B01_bin.20	p__Bacteroidetes (UID2605)	94.81	0.72	100	2343862	0	232	232	14729	14729	10102.0	10102.0	49948	49948	63.2	90.69	2054	TRUE
B01_bin.23	o__Clostridiales (UID1212)	85.11	6.03	34.38	2195563	0	501	501	5086	5086	4382.0	4382.0	29915	29915	60.2	88.29	2387	TRUE
B01_bin.26	o__Clostridiales (UID1120)	82.27	1.05	0	2165245	0	544	544	4655	4655	3980.0	3980.0	25375	25375	50.5	91.83	2377	TRUE
B01_bin.27	p__Bacteroidetes (UID2605)	94.71	4.38	53.33	3158742	0	76	76	70387	70387	41562.0	41562.0	239619	239619	58.5	90.35	2626	TRUE
B01_bin.28	o__Clostridiales (UID1226)	93.62	1.42	33.33	2406116	0	86	86	40235	40235	27978.0	27978.0	94254	94254	49.1	88.66	2133	TRUE
B01_bin.3	c__Clostridia (UID1118)	98.39	0.0	0	2126384	0	53	53	70385	70385	40120.0	40120.0	225161	225161	53	89.88	1987	TRUE
B01_bin.31	o__Clostridiales (UID1212)	80.01	9.06	8.7	3484512	0	983	983	3987	3987	3544.0	3544.0	34707	34707	55.9	89.14	3978	TRUE
B01_bin.41	o__Clostridiales (UID1212)	91.28	1.16	44.44	2035919	0	95	95	28263	28263	21430.0	21430.0	93560	93560	58.9	86.58	1945	TRUE
B01_bin.43	c__Deltaproteobacteria (UID3218)	96.27	0.24	27.27	3749262	0	738	738	6300	6300	5080.0	5080.0	29758	29758	60.3	85.05	3597	TRUE
B01_bin.44	c__Clostridia (UID1118)	99.19	1.88	33.33	1850657	0	102	102	27810	27810	18143.0	18143.0	96226	96226	53.7	89.19	1809	TRUE
B01_bin.48	o__Clostridiales (UID1212)	89.17	1.81	0	1814889	0	264	264	9227	9227	6874.0	6874.0	48618	48618	47.5	90.23	1820	TRUE
B01_bin.49	o__Clostridiales (UID1212)	92.62	4.52	33.33	3035378	0	149	149	33371	33371	20371.0	20371.0	120809	120809	61.9	88.06	2868	TRUE
B01_bin.53	o__Clostridiales (UID1212)	93.29	0.34	0	1982109	0	48	48	68239	68239	41293.0	41293.0	195139	195139	53.6	88.9	1841	TRUE
B01_bin.55	c__Clostridia (UID1118)	93.95	0.81	0	1610605	0	23	23	128877	128877	70026.0	70026.0	285439	285439	49	90.69	1402	TRUE
B01_bin.56	k__Bacteria (UID203)	86.78	8.78	6.06	1703602	0	290	290	8068	8068	5874.0	5874.0	50163	50163	63	90.23	1754	TRUE
B01_bin.6	c__Clostridia (UID1118)	95.3	1.88	33.33	1814252	0	344	344	7091	7091	5273.0	5273.0	27216	27216	48.6	87.5	1707	TRUE
B01_bin.60	o__Bacteroidales (UID2617)	91.7	0.0	0	2975792	0	18	18	221890	221890	165321.0	165321.0	440999	440999	43.4	89.27	2371	TRUE
B01_bin.61	o__Clostridiales (UID1212)	97.28	2.04	25	2572845	0	237	237	16136	16136	10855.0	10855.0	61407	61407	56.2	84.41	2264	TRUE
B01_bin.63	c__Clostridia (UID1118)	97.55	0.81	0	1493821	0	23	23	97579	97579	64948.0	64948.0	200423	200423	47.6	90.24	1337	TRUE
B01_bin.64	o__Clostridiales (UID1212)	87.92	2.01	0	1935687	0	48	48	58049	58049	40326.0	40326.0	111123	111123	53.5	88.51	1832	TRUE
B01_bin.65	o__Clostridiales (UID1212)	93.29	2.77	20	1854930	0	67	67	46716	46716	27685.0	27685.0	173513	173513	61.2	88.65	1778	TRUE
B01_bin.66	c__Clostridia (UID1118)	89.28	1.61	0	1953435	0	226	226	13118	13118	8643.0	8643.0	68589	68589	67.1	88.48	1838	TRUE
B01_bin.67	p__Bacteroidetes (UID2605)	99.04	0.11	0	2225307	0	25	25	164727	164727	89012.0	89012.0	354675	354675	56.6	87.02	1912	TRUE
B01_bin.68	p__Actinobacteria (UID2112)	98.92	0.27	0	1887964	0	144	144	18515	18515	13110.0	13110.0	103094	103094	60.5	90.72	1799	TRUE
B01_bin.71	o__Clostridiales (UID1212)	94.63	1.01	0	2113511	0	103	103	38510	38510	20519.0	20519.0	186885	186885	37.2	85.95	2041	TRUE
B01_bin.75	o__Bacteroidales (UID2621)	99.42	0.51	0	4513357	0	86	86	116833	116833	52480.0	52480.0	317717	317717	45.5	91.31	3767	TRUE
B01_bin.9	k__Bacteria (UID2982)	97.96	0.0	0	2745535	0	24	24	453114	453114	114397.0	114397.0	491338	491338	55.5	88.2	2299	TRUE
B02_bin.101	k__Bacteria (UID2982)	92.52	0.0	0	2681841	0	31	31	177558	177558	86511.0	86511.0	405579	405579	55.5	88.08	2295	TRUE
B02_bin.103	o__Clostridiales (UID1212)	91.72	6.29	60	1797557	0	348	348	7132	7132	5165.0	5165.0	58196	58196	62.1	89.89	1976	TRUE
B02_bin.11	o__Clostridiales (UID1212)	87.35	6.77	20	1939622	0	86	86	44602	44602	22553.0	22553.0	144020	144020	60.4	88.45	1882	TRUE
B02_bin.18	p__Bacteroidetes (UID2605)	97.12	1.57	63.64	2383256	0	61	61	69512	69512	39069.0	39069.0	193525	193525	57	85.17	1944	TRUE
B02_bin.24	c__Clostridia (UID1118)	96.37	1.48	0	2694726	0	41	41	141458	141458	65725.0	65725.0	321497	321497	58.1	88.95	2583	TRUE
B02_bin.26	p__Bacteroidetes (UID2605)	97.22	2.4	40	2349596	0	70	70	49561	49561	33565.0	33565.0	166450	166450	57.8	88.56	1958	TRUE
B02_bin.31	o__Clostridiales (UID1120)	97.9	1.86	20	3005044	0	197	197	25244	25244	15254.0	15254.0	75908	75908	58.3	87.28	2656	TRUE
B02_bin.40	p__Bacteroidetes (UID2605)	93.59	3.87	30	2598353	0	56	56	90773	90773	46399.0	46399.0	212329	212329	60.5	90.2	2128	TRUE
B02_bin.41	f__Lachnospiraceae (UID1256)	94.15	0.29	0	2828600	0	151	151	35970	35970	18732.0	18732.0	100072	100072	41.5	88.54	2778	TRUE
B02_bin.43	o__Bacteroidales (UID2657)	98.88	1.49	12.5	4316487	0	58	58	105965	105965	74422.0	74422.0	309776	309776	46.5	91.33	3600	TRUE
B02_bin.44	o__Clostridiales (UID1226)	94.51	1.77	28.57	2539809	0	102	102	37266	37266	24900.0	24900.0	259454	259454	49	88.41	2273	TRUE
B02_bin.49	p__Actinobacteria (UID2112)	96.1	7.66	90	2168827	0	366	366	7763	7763	5925.0	5925.0	35721	35721	60.4	88.13	2047	TRUE
B02_bin.54	o__Clostridiales (UID1212)	85.69	1.95	0	2133094	0	433	433	6283	6283	4926.0	4926.0	24442	24442	56.9	84.43	1968	TRUE
B02_bin.55	o__Clostridiales (UID1212)	93.96	0.71	33.33	2097970	0	175	175	18594	18594	11988.0	11988.0	91400	91400	54	88.71	2071	TRUE
B02_bin.56	g__Prevotella (UID2724)	93.07	1.1	20	3367587	0	144	144	36387	36387	23386.0	23386.0	112274	112274	43.3	86.6	2885	TRUE
B02_bin.57	o__Clostridiales (UID1212)	80.47	3.33	0	1694802	0	474	474	3788	3788	3575.0	3575.0	23791	23791	56.6	87.1	1845	TRUE
B02_bin.6	o__Bacteroidales (UID2654)	97.56	5.64	44.74	5529533	0	158	158	78669	78669	34997.0	34997.0	269898	269898	42	88.97	4823	TRUE
B02_bin.60	p__Bacteroidetes (UID2605)	99.52	4.01	27.27	2251534	0	34	34	114775	114775	66221.0	66221.0	229357	229357	54.9	86.93	1996	TRUE
B02_bin.68	o__Selenomonadales (UID1024)	89.1	0.0	0	1765986	0	9	9	365345	365345	196220.0	196220.0	639603	639603	59	89.65	1522	TRUE
B02_bin.70	c__Deltaproteobacteria (UID3218)	95.54	0.62	0	2526139	0	324	324	11700	11700	7796.0	7796.0	78260	78260	57.1	86.94	2313	TRUE
B02_bin.73	k__Bacteria (UID203)	81.03	0.0	0	3267526	0	76	76	64138	64138	42993.0	42993.0	192550	192550	47.1	91.19	2721	TRUE
B02_bin.74	c__Clostridia (UID1118)	83.91	3.09	20	2284664	0	491	491	5745	5745	4653.0	4653.0	22231	22231	60.5	89.01	2343	TRUE
B02_bin.75	p__Bacteroidetes (UID2605)	92.03	0.48	0	2098271	0	298	298	10145	10145	7041.0	7041.0	39945	39945	50	84.23	1851	TRUE
B02_bin.77	p__Firmicutes (UID1022)	97.47	3.8	0	1818473	0	24	24	143769	143769	75769.0	75769.0	223697	223697	56.9	88.5	1697	TRUE
B02_bin.78	c__Clostridia (UID1118)	94.5	0.81	0	1938849	0	128	128	21963	21963	15147.0	15147.0	98053	98053	53.3	90.16	1879	TRUE
B02_bin.81	p__Bacteroidetes (UID2605)	92.4	0.96	0	2483166	0	27	27	106214	106214	91969.0	91969.0	281874	281874	55.5	89.64	2032	TRUE
B02_bin.84	p__Bacteroidetes (UID2605)	92.55	3.94	11.11	2548040	0	51	51	79840	79840	49961.0	49961.0	237988	237988	58.2	84.28	2088	TRUE
B02_bin.88	o__Bacteroidales (UID2617)	99.62	3.02	0	3278511	0	24	24	299755	299755	136604.0	136604.0	348988	348988	43.3	89.52	2630	TRUE
B02_bin.91	p__Bacteroidetes (UID2605)	93.89	8.27	82.61	2668667	0	126	126	33747	33747	21179.0	21179.0	108299	108299	60.5	90.45	2215	TRUE
B02_bin.95	o__Clostridiales (UID1212)	92.02	4.31	57.14	2353389	0	282	282	12045	12045	8345.0	8345.0	55556	55556	60.6	86.65	2125	TRUE
B02_bin.96	o__Clostridiales (UID1212)	92.62	0.0	0	1919949	0	46	46	54872	54872	41738.0	41738.0	247093	247093	62.3	89.38	1795	TRUE
B02_bin.97	k__Bacteria (UID2566)	84.82	0.74	0	1739002	0	327	327	6995	6995	5318.0	5318.0	24139	24139	49.8	89.52	1791	TRUE
B02_bin.98	k__Bacteria (UID2329)	91.57	1.12	0	1077902	0	15	15	133338	133338	71860.0	71860.0	227864	227864	29.6	91.52	1087	TRUE
B02_bin.99	o__Clostridiales (UID1212)	90.83	0.67	0	1632116	0	15	15	146258	146258	108807.0	108807.0	188237	188237	45.4	90.67	1489	TRUE
B03_bin.10	o__Clostridiales (UID1212)	92.62	0.0	0	1663761	0	23	23	138967	138967	72337.0	72337.0	322207	322207	61.6	89.72	1622	TRUE
B03_bin.11	o__Bacteroidales (UID2617)	90.75	3.02	0	3297732	0	146	146	34861	34861	22587.0	22587.0	195094	195094	38.6	89.18	2657	TRUE
B03_bin.12	o__Bacteroidales (UID2617)	98.87	0.0	0	3052110	0	16	16	405433	405433	190756.0	190756.0	801190	801190	40	89.6	2550	TRUE
B03_bin.13	c__Deltaproteobacteria (UID3218)	95.64	3.25	16.67	3098904	0	502	502	7366	7366	6173.0	6173.0	28322	28322	62.1	86.14	2891	TRUE
B03_bin.16	k__Bacteria (UID2569)	84.49	0.72	0	4014579	0	873	873	5557	5557	4598.0	4598.0	22522	22522	43.5	91.32	3786	TRUE
B03_bin.17	o__Clostridiales (UID1212)	82.47	3.38	22.22	1965748	0	424	424	5557	5557	4636.0	4636.0	17751	17751	41.8	91.06	2109	TRUE
B03_bin.22	f__Lachnospiraceae (UID1255)	94.06	0.19	0	2688025	0	82	82	55925	55925	32780.0	32780.0	206830	206830	48.8	88.79	2408	TRUE
B03_bin.24	p__Bacteroidetes (UID2605)	91.68	3.12	62.5	2490810	0	409	409	7580	7580	6090.0	6090.0	96870	96870	55.6	88.24	2286	TRUE
B03_bin.27	c__Clostridia (UID1118)	99.19	1.08	0	1845107	0	88	88	31928	31928	20967.0	20967.0	170088	170088	53.5	89.56	1818	TRUE
B03_bin.29	o__Clostridiales (UID1212)	85.23	1.38	0	1889692	0	49	49	62993	62993	38565.0	38565.0	316627	316627	60.2	87.93	1793	TRUE
B03_bin.30	o__Bacteroidales (UID2657)	83.05	6.51	26.92	5840644	0	332	332	37896	37896	17592.0	17592.0	178479	178479	41.7	89.68	4962	TRUE
B03_bin.34	c__Clostridia (UID1118)	91.53	2.28	0	2569974	0	40	40	131534	131534	64249.0	64249.0	257428	257428	58.2	88.84	2354	TRUE
B03_bin.36	o__Clostridiales (UID1212)	98.29	2.01	0	1812433	0	193	193	13952	13952	9390.0	9390.0	82865	82865	41.6	88	1773	TRUE
B03_bin.37	p__Bacteroidetes (UID2605)	97.12	0.0	0	2808456	0	15	15	276635	276635	187230.0	187230.0	589761	589761	54.7	89.47	2334	TRUE
B03_bin.39	o__Clostridiales (UID1212)	95.99	0.0	0	2532315	0	161	161	28174	28174	15728.0	15728.0	97971	97971	47.4	88.49	2428	TRUE
B03_bin.4	k__Bacteria (UID203)	82.76	4.31	33.33	2552868	0	35	35	149668	149668	72939.0	72939.0	376763	376763	59.3	89.86	2106	TRUE
B03_bin.40	k__Bacteria (UID2569)	92.11	0.0	0	3887434	0	127	127	48808	48808	30609.0	30609.0	108251	108251	43.7	90.24	3185	TRUE
B03_bin.44	o__Bacteroidales (UID2621)	96.86	0.38	0	4756295	0	53	53	139981	139981	89741.0	89741.0	313487	313487	45.1	91.15	3994	TRUE
B03_bin.45	p__Bacteroidetes (UID2605)	94.23	0.48	0	2592497	0	38	38	111373	111373	68223.0	68223.0	340080	340080	59.6	88.2	2133	TRUE
B03_bin.46	o__Clostridiales (UID1212)	99.32	0.68	0	2458594	0	226	226	14789	14789	10878.0	10878.0	60137	60137	56.5	84.14	2108	TRUE
B03_bin.47	f__Enterobacteriaceae (UID5103)	96.61	1.9	35.71	4612219	0	445	445	16484	16484	10364.0	10364.0	113045	113045	50.8	88.45	4676	TRUE
B03_bin.49	o__Clostridiales (UID1212)	83.22	1.34	0	1671653	0	19	19	125847	125847	87981.0	87981.0	212771	212771	43.8	89.81	1537	TRUE
B03_bin.54	o__Clostridiales (UID1120)	91.67	2.27	16.67	2376719	0	387	387	8733	8733	6141.0	6141.0	28730	28730	43.5	90.32	2450	TRUE
B03_bin.55	k__Bacteria (UID203)	85.52	2.59	100	6186777	0	79	79	135436	135436	78313.0	78313.0	411249	411249	42.8	90.25	4926	TRUE
B03_bin.58	f__Lachnospiraceae (UID1286)	93.24	2.03	0	3029140	0	67	67	72947	72947	45211.0	45211.0	261015	261015	44.1	89.01	2671	TRUE
B03_bin.63	o__Clostridiales (UID1212)	97.36	6.85	26.92	2844493	0	197	197	23713	23713	14439.0	14439.0	77017	77017	61.9	89.77	2815	TRUE
B03_bin.66	o__Clostridiales (UID1120)	99.3	2.56	0	3155707	0	93	93	51666	51666	33932.0	33932.0	205416	205416	58.2	87.28	2697	TRUE
B03_bin.70	f__Lachnospiraceae (UID1286)	99.4	0.48	0	2972930	0	94	94	44936	44936	31626.0	31626.0	220070	220070	49.7	89.57	2687	TRUE
B03_bin.74	c__Clostridia (UID1118)	85.48	0.81	0	1388528	0	15	15	225512	225512	92568.0	92568.0	348465	348465	48.9	90.66	1214	TRUE
B03_bin.75	o__Clostridiales (UID1226)	97.15	1.9	33.33	3443570	0	139	139	46794	46794	24773.0	24773.0	167458	167458	41.7	85.88	3021	TRUE
B03_bin.76	p__Bacteroidetes (UID2605)	81.73	0.16	100	1769872	0	31	31	105671	105671	57092.0	57092.0	194757	194757	57.5	86.26	1483	TRUE
B03_bin.77	o__Clostridiales (UID1212)	90.41	1.53	100	2062905	0	187	187	15902	15902	11031.0	11031.0	46850	46850	59.1	88.08	1962	TRUE
B03_bin.9	k__Bacteria (UID2982)	96.6	1.04	0	2994017	0	34	34	115557	115557	88059.0	88059.0	403808	403808	56.9	88.12	2467	TRUE
B04_bin.11	o__Clostridiales (UID1212)	95.92	4.08	10	2591708	0	78	78	54320	54320	33227.0	33227.0	209510	209510	59.7	87.16	2294	TRUE
B04_bin.13	o__Clostridiales (UID1212)	93.31	4.65	42.86	2132011	0	132	132	21676	21676	16151.0	16151.0	101234	101234	61.2	89.78	2120	TRUE
B04_bin.15	o__Clostridiales (UID1212)	88.84	5.06	81.82	1777601	0	136	136	20637	20637	13070.0	13070.0	98878	98878	61.4	87.5	1664	TRUE
B04_bin.17	o__Bacteroidales (UID2657)	95.17	1.57	66.67	4368180	0	42	42	163180	163180	104004.0	104004.0	347838	347838	46.6	90.99	3580	TRUE
B04_bin.18	p__Bacteroidetes (UID2605)	99.28	0.48	0	3395547	0	18	18	267185	267185	188641.0	188641.0	483087	483087	58.3	90.02	2806	TRUE
B04_bin.29	o__Clostridiales (UID1212)	91.95	1.23	25	2233954	0	139	139	25049	25049	16071.0	16071.0	94250	94250	45.8	87.35	2198	TRUE
B04_bin.3	o__Clostridiales (UID1226)	94.94	3.16	9.09	2504046	0	76	76	50200	50200	32947.0	32947.0	138205	138205	44.8	89.27	2085	TRUE
B04_bin.30	o__Clostridiales (UID1212)	95.97	3.91	0	2739099	0	200	200	23984	23984	13695.0	13695.0	107980	107980	45.4	87.23	2805	TRUE
B04_bin.32	o__Clostridiales (UID1212)	91.88	0.68	0	2413772	0	214	214	15673	15673	11279.0	11279.0	46562	46562	56.4	83.26	2046	TRUE
B04_bin.33	o__Clostridiales (UID1212)	96.64	0.67	0	2621762	0	58	58	64284	64284	45202.0	45202.0	225080	225080	38.3	90.87	2319	TRUE
B04_bin.34	o__Clostridiales (UID1212)	88.59	0.0	0	1584629	0	9	9	263008	263008	176069.0	176069.0	374746	374746	53.9	91.08	1431	TRUE
B04_bin.43	o__Bacteroidales (UID2657)	96.65	2.06	50	6436269	0	67	67	174276	174276	96063.0	96063.0	406898	406898	42.8	91.17	4826	TRUE
B04_bin.49	p__Bacteroidetes (UID2605)	88.89	1.2	0	1778486	0	385	385	5506	5506	4619.0	4619.0	29064	29064	57.5	87.33	1759	TRUE
B04_bin.52	o__Bacteroidales (UID2621)	95.19	0.0	0	4275053	0	32	32	158131	158131	133595.0	133595.0	493447	493447	45	91.18	3545	TRUE
B04_bin.53	o__Clostridiales (UID1212)	95.85	1.7	40	2642615	0	224	224	17180	17180	11797.0	11797.0	57335	57335	61.5	87.45	2621	TRUE
B04_bin.7	o__Clostridiales (UID1212)	91.64	0.67	0	2111336	0	26	26	108241	108241	81205.0	81205.0	236123	236123	58.5	87.28	2004	TRUE
B04_bin.73	p__Actinobacteria (UID2112)	92.74	0.12	0	1452784	0	8	8	299642	299642	181598.0	181598.0	629861	629861	44.7	88.47	1239	TRUE
B04_bin.77	f__Lachnospiraceae (UID1286)	98.07	0.48	0	2516377	0	80	80	45326	45326	31454.0	31454.0	104860	104860	42	89.03	2328	TRUE
B04_bin.79	o__Clostridiales (UID1212)	92.12	1.14	25	2869341	0	200	200	23643	23643	14346.0	14346.0	90621	90621	63.2	89.11	2798	TRUE
B04_bin.80	o__Bacteroidales (UID2654)	88.35	3.97	27.78	4509103	0	40	40	221399	221399	112727.0	112727.0	438263	438263	41.5	90	3609	TRUE
B05_bin.10	p__Proteobacteria (UID3887)	98.14	0.0	0	2834166	0	79	79	63353	63353	35875.0	35875.0	165056	165056	55.1	86.84	2355	TRUE
B05_bin.100	f__Lachnospiraceae (UID1286)	87.31	1.95	0	2109451	0	99	99	33768	33768	21307.0	21307.0	94219	94219	41.5	89.99	1975	TRUE
B05_bin.103	o__Clostridiales (UID1212)	92.28	0.22	100	2099249	0	84	84	45180	45180	24991.0	24991.0	231264	231264	53.7	88.81	1995	TRUE
B05_bin.104	p__Bacteroidetes (UID2605)	92.55	0.48	100	2594882	0	41	41	135301	135301	63289.0	63289.0	486499	486499	60.2	88.51	2094	TRUE
B05_bin.105	k__Bacteria (UID2372)	90.6	2.02	33.33	1525864	0	45	45	59428	59428	33908.0	33908.0	195563	195563	37.4	91.77	1516	TRUE
B05_bin.112	o__Selenomonadales (UID1024)	100.0	1.01	0	2290237	0	63	63	58099	58099	36352.0	36352.0	191218	191218	47.2	88.01	2126	TRUE
B05_bin.113	p__Actinobacteria (UID2112)	97.98	1.21	33.33	2135233	0	142	142	22746	22746	15036.0	15036.0	59261	59261	60.9	86.9	1882	TRUE
B05_bin.16	o__Clostridiales (UID1212)	96.09	1.01	0	1879538	0	130	130	27761	27761	14457.0	14457.0	97097	97097	41.2	87.9	1840	TRUE
B05_bin.17	o__Clostridiales (UID1212)	93.06	0.0	0	2023228	0	17	17	154968	154968	119013.0	119013.0	301529	301529	45.5	90.91	1792	TRUE
B05_bin.18	f__Lachnospiraceae (UID1286)	96.46	2.73	14.29	2990995	0	68	68	113227	113227	43985.0	43985.0	245003	245003	43.3	90.22	2804	TRUE
B05_bin.2	f__Pasteurellaceae (UID4932)	98.29	5.55	93.18	1946706	0	236	236	12594	12594	8248.0	8248.0	53147	53147	39.5	91.01	2003	TRUE
B05_bin.20	o__Bacteroidales (UID2621)	95.52	2.12	100	4244969	0	196	196	36149	36149	21658.0	21658.0	158869	158869	45.3	91.49	3594	TRUE
B05_bin.23	p__Bacteroidetes (UID2605)	85.67	0.99	33.33	2638778	0	47	47	104785	104785	56144.0	56144.0	248736	248736	59	89.64	2195	TRUE
B05_bin.25	g__Prevotella (UID2724)	92.21	1.97	12.5	2946715	0	85	85	52432	52432	34667.0	34667.0	182985	182985	45.3	88.19	2548	TRUE
B05_bin.26	o__Bacteroidales (UID2617)	97.74	0.57	0	3341597	0	114	114	53522	53522	29312.0	29312.0	142525	142525	38.4	89.18	2662	TRUE
B05_bin.27	k__Bacteria (UID203)	80.69	8.62	40	3693687	0	302	302	18966	18966	12230.0	12230.0	81115	81115	47	91.33	3208	TRUE
B05_bin.3	o__Clostridiales (UID1212)	87.92	0.0	0	1907083	0	24	24	111329	111329	79461.0	79461.0	318649	318649	51.8	88.56	1746	TRUE
B05_bin.33	o__Clostridiales (UID1212)	95.3	0.0	0	2394795	0	73	73	48181	48181	32805.0	32805.0	117881	117881	35.9	88.11	2185	TRUE
B05_bin.36	o__Clostridiales (UID1212)	91.28	0.0	0	1995949	0	15	15	375612	375612	133063.0	133063.0	512497	512497	41.3	89.29	1727	TRUE
B05_bin.38	o__Clostridiales (UID1212)	95.08	9.31	29.63	1791734	0	166	166	16358	16358	10793.0	10793.0	72933	72933	61.9	89.66	1813	TRUE
B05_bin.39	o__Clostridiales (UID1212)	87.95	3.46	45.45	2933388	0	369	369	12576	12576	7949.0	7949.0	50777	50777	56.3	89.47	3033	TRUE
B05_bin.40	o__Bacteroidales (UID2621)	91.35	1.09	40	3812359	0	184	184	32316	32316	20719.0	20719.0	140175	140175	45.8	90.06	3248	TRUE
B05_bin.44	p__Actinobacteria (UID2112)	98.73	7.4	9.52	2416112	0	110	110	36724	36724	21964.0	21964.0	95281	95281	62.5	87.87	2162	TRUE
B05_bin.45	c__Clostridia (UID1118)	87.22	9.62	11.11	2509963	0	492	492	6453	6453	5101.0	5101.0	31136	31136	59	88.18	2616	TRUE
B05_bin.46	f__Lachnospiraceae (UID1286)	99.28	1.21	0	2820356	0	72	72	91540	91540	39171.0	39171.0	300807	300807	41.5	88.72	2617	TRUE
B05_bin.47	o__Clostridiales (UID1212)	92.58	5.54	63.64	2475655	0	128	128	28825	28825	19341.0	19341.0	108548	108548	61.1	87.7	2368	TRUE
B05_bin.48	o__Clostridiales (UID1212)	93.29	4.7	0	2548622	0	62	62	60044	60044	41106.0	41106.0	115494	115494	46.3	90.38	2285	TRUE
B05_bin.49	k__Bacteria (UID203)	91.38	8.13	69.57	2107003	0	135	135	23873	23873	15607.0	15607.0	71296	71296	54.8	86.66	1900	TRUE
B05_bin.52	o__Selenomonadales (UID1024)	81.76	2.34	0	1622284	0	320	320	6230	6230	5069.0	5069.0	37338	37338	54.9	90.13	1665	TRUE
B05_bin.57	p__Actinobacteria (UID2112)	80.1	2.16	28.57	1460426	0	304	304	5711	5711	4804.0	4804.0	27344	27344	66.5	90	1474	TRUE
B05_bin.59	k__Bacteria (UID2328)	100.0	1.44	0	1582686	0	39	39	70424	70424	40581.0	40581.0	121672	121672	29.4	91.09	1454	TRUE
B05_bin.6	o__Clostridiales (UID1212)	85.12	5.65	35.29	2138895	0	262	262	11904	11904	8163.0	8163.0	51455	51455	59	86.88	2286	TRUE
B05_bin.64	k__Bacteria (UID2569)	96.24	0.0	0	4112628	0	55	55	127067	127067	74775.0	74775.0	380515	380515	43.4	90	3428	TRUE
B05_bin.71	o__Clostridiales (UID1212)	93.69	4.29	80	2063031	0	187	187	15938	15938	11032.0	11032.0	49066	49066	59.8	88.22	1965	TRUE
B05_bin.76	k__Bacteria (UID2329)	92.7	0.56	0	1402651	0	52	52	53639	53639	26974.0	26974.0	125333	125333	25	91.33	1392	TRUE
B05_bin.78	o__Clostridiales (UID1212)	84.44	2.24	60	1785949	0	389	389	5661	5661	4591.0	4591.0	19656	19656	56.1	85.87	1849	TRUE
B05_bin.80	f__Bifidobacteriaceae (UID1458)	89.75	4.0	20	2107662	0	161	161	19929	19929	13091.0	13091.0	64934	64934	59.6	88.44	1845	TRUE
B05_bin.82	o__Clostridiales (UID1212)	95.75	5.37	0	2217405	0	21	21	182553	182553	105590.0	105590.0	270557	270557	51.2	88.23	2127	TRUE
B05_bin.85	o__Clostridiales (UID1212)	89.5	0.51	50	2222735	0	280	280	10278	10278	7938.0	7938.0	48116	48116	43.3	88.54	2177	TRUE
B05_bin.87	o__Clostridiales (UID1226)	94.51	3.48	60	2532796	0	231	231	17759	17759	10964.0	10964.0	88834	88834	49	88.58	2379	TRUE
B05_bin.9	o__Clostridiales (UID1212)	90.38	0.12	100	2151856	0	68	68	51819	51819	31644.0	31644.0	136471	136471	58.5	89.87	1870	TRUE
B05_bin.91	o__Clostridiales (UID1212)	86.03	0.0	0	1769280	0	44	44	66672	66672	40210.0	40210.0	124173	124173	62.8	89.64	1651	TRUE
B06_bin.1	k__Bacteria (UID2565)	90.86	0.0	0	1669882	0	51	51	56505	56505	32742.0	32742.0	144031	144031	47.3	89.31	1673	TRUE
B06_bin.101	p__Bacteroidetes (UID2605)	98.56	0.0	0	2498774	0	88	88	41981	41981	28395.0	28395.0	163474	163474	58.5	84.24	2061	TRUE
B06_bin.102	o__Clostridiales (UID1212)	94.63	0.0	0	2684091	0	74	74	55258	55258	36271.0	36271.0	153980	153980	53	89.04	2440	TRUE
B06_bin.103	o__Clostridiales (UID1212)	83.11	3.58	37.5	1756727	0	120	120	22658	22658	14639.0	14639.0	71786	71786	58.4	87.23	1763	TRUE
B06_bin.105	c__Clostridia (UID1118)	95.36	0.86	0	1628218	0	142	142	16568	16568	11466.0	11466.0	48897	48897	59.8	88.51	1490	TRUE
B06_bin.108	o__Clostridiales (UID1212)	93.13	0.67	0	2637682	0	178	178	26421	26421	14818.0	14818.0	84329	84329	43.3	88.32	2357	TRUE
B06_bin.110	k__Bacteria (UID2982)	91.95	1.06	33.33	2465531	0	222	222	16560	16560	11105.0	11105.0	86161	86161	56	88.67	2235	TRUE
B06_bin.111	p__Proteobacteria (UID3887)	96.77	1.25	0	1903651	0	30	30	108280	108280	63455.0	63455.0	199910	199910	47	90.71	1778	TRUE
B06_bin.112	o__Bacteroidales (UID2621)	96.92	0.38	0	3217948	0	25	25	328797	328797	128717.0	128717.0	591973	591973	49.8	89.41	2774	TRUE
B06_bin.15	k__Bacteria (UID2982)	90.54	3.76	7.69	4915896	0	521	521	12926	12926	9435.0	9435.0	68378	68378	60.3	90.96	4114	TRUE
B06_bin.17	c__Clostridia (UID1118)	91.18	1.83	16.67	1809308	0	237	237	11244	11244	7634.0	7634.0	49844	49844	55.5	91.06	1700	TRUE
B06_bin.18	o__Bacteroidales (UID2657)	94.56	1.98	50	3637906	0	65	65	106083	106083	55967.0	55967.0	379467	379467	45.7	91.17	2981	TRUE
B06_bin.23	o__Clostridiales (UID1212)	89.43	0.89	50	1986005	0	203	203	14569	14569	9783.0	9783.0	52175	52175	51.7	88.98	1983	TRUE
B06_bin.24	k__Bacteria (UID2565)	96.77	0.0	0	1781377	0	51	51	53198	53198	34928.0	34928.0	145921	145921	51.3	85.78	1710	TRUE
B06_bin.27	o__Clostridiales (UID1212)	84.1	7.05	9.52	1879612	0	54	54	71719	71719	34807.0	34807.0	215428	215428	59.9	88.86	1827	TRUE
B06_bin.28	k__Bacteria (UID2569)	99.46	0.0	0	4151230	0	71	71	120578	120578	58468.0	58468.0	253833	253833	43.4	90.32	3418	TRUE
B06_bin.32	o__Bacteroidales (UID2617)	97.17	0.75	50	3186704	0	82	82	63059	63059	38862.0	38862.0	163113	163113	52.2	91.3	2597	TRUE
B06_bin.34	o__Clostridiales (UID1212)	96.2	0.67	100	2163767	0	229	229	15764	15764	9448.0	9448.0	97372	97372	46.4	87.25	2131	TRUE
B06_bin.36	o__Clostridiales (UID1212)	95.97	0.0	0	1825596	0	57	57	48149	48149	32028.0	32028.0	110126	110126	54	90.97	1703	TRUE
B06_bin.4	o__Clostridiales (UID1212)	94.63	0.67	0	1992863	0	41	41	100477	100477	48606.0	48606.0	256936	256936	37.8	92.8	1925	TRUE
B06_bin.47	c__Spirochaetia (UID2496)	97.2	4.0	45.45	2583205	0	148	148	27139	27139	17454.0	17454.0	94237	94237	28	87.39	2516	TRUE
B06_bin.48	o__Clostridiales (UID1212)	85.41	2.01	0	1919011	0	383	383	6015	6015	5010.0	5010.0	39154	39154	37.8	90.59	2076	TRUE
B06_bin.51	o__Bacteroidales (UID2657)	97.86	1.63	75	4984610	0	83	83	152532	152532	60055.0	60055.0	388545	388545	41.9	89.6	3890	TRUE
B06_bin.56	p__Bacteroidetes (UID2605)	89.42	0.8	33.33	2133548	0	182	182	16010	16010	11722.0	11722.0	64051	64051	57.1	86.51	1935	TRUE
B06_bin.58	p__Proteobacteria (UID3887)	98.2	1.24	0	2585361	0	296	296	11839	11839	8734.0	8734.0	72209	72209	55.4	86.96	2334	TRUE
B06_bin.59	f__Lachnospiraceae (UID1255)	92.44	0.77	0	2756842	0	119	119	37910	37910	23166.0	23166.0	130781	130781	48.9	88.48	2434	TRUE
B06_bin.6	k__Bacteria (UID1453)	84.62	0.0	0	2070005	0	70	70	59582	59582	29571.0	29571.0	189501	189501	35.5	92.01	2073	TRUE
B06_bin.60	p__Proteobacteria (UID3887)	88.75	0.0	0	1905112	0	76	76	40662	40662	25067.0	25067.0	176276	176276	57.2	88.08	1788	TRUE
B06_bin.61	f__Lachnospiraceae (UID1286)	92.16	3.0	25	2627838	0	207	207	21986	21986	12694.0	12694.0	52617	52617	44.6	89.3	2425	TRUE
B06_bin.62	c__Clostridia (UID1118)	92.25	4.64	0	2922106	0	356	356	12111	12111	8208.0	8208.0	47433	47433	51	83.47	2572	TRUE
B06_bin.66	o__Bacteroidales (UID2657)	87.26	0.12	66.67	2974600	0	208	208	21612	21612	14300.0	14300.0	70413	70413	45.8	88.31	2580	TRUE
B06_bin.67	f__Lachnospiraceae (UID1286)	98.31	4.18	23.08	2809638	0	56	56	100611	100611	50172.0	50172.0	192534	192534	43.8	90.66	2621	TRUE
B06_bin.69	p__Bacteroidetes (UID2605)	92.07	0.48	0	2041100	0	34	34	144078	144078	60032.0	60032.0	247207	247207	54.6	86.99	1838	TRUE
B06_bin.7	p__Bacteroidetes (UID2605)	91.78	1.46	80	3352154	0	153	153	36912	36912	21909.0	21909.0	121003	121003	59.3	91.56	2647	TRUE
B06_bin.73	c__Clostridia (UID1118)	92.74	0.81	0	2171204	0	24	24	158667	158667	90466.0	90466.0	313126	313126	51.1	87.74	1965	TRUE
B06_bin.74	o__Clostridiales (UID1226)	96.18	9.02	7.69	2703242	0	186	186	22302	22302	14533.0	14533.0	113099	113099	48.8	88.43	2469	TRUE
B06_bin.76	o__Bacteroidales (UID2657)	95.24	5.58	19.05	4210911	0	302	302	24790	24790	13943.0	13943.0	98095	98095	46.7	91.13	3722	TRUE
B06_bin.8	o__Clostridiales (UID1212)	98.64	3.4	0	2620806	0	232	232	15452	15452	11296.0	11296.0	73942	73942	56.2	83.59	2230	TRUE
B06_bin.83	o__Clostridiales (UID1212)	90.1	3.02	0	2032679	0	53	53	73115	73115	38352.0	38352.0	183313	183313	61.8	89.23	1944	TRUE
B06_bin.86	o__Clostridiales (UID1212)	97.99	0.0	0	2756336	0	76	76	48481	48481	36267.0	36267.0	184094	184094	46.9	88.1	2531	TRUE
B06_bin.9	p__Proteobacteria (UID3887)	97.5	0.62	0	1943915	0	43	43	86517	86517	45207.0	45207.0	152698	152698	56	88.72	1749	TRUE
B06_bin.94	o__Selenomonadales (UID1024)	98.8	0.6	0	1788969	0	11	11	175068	175068	162633.0	162633.0	643116	643116	46	90.54	1652	TRUE
B06_bin.95	o__Clostridiales (UID1212)	92.16	2.61	85.71	2110544	0	93	93	36766	36766	22694.0	22694.0	103977	103977	60.4	88.06	1959	TRUE
B07_bin.10	o__Clostridiales (UID1212)	94.63	0.0	0	2008909	0	31	31	154621	154621	64803.0	64803.0	299674	299674	47.7	87.74	1963	TRUE
B07_bin.16	c__Deltaproteobacteria (UID3218)	90.59	2.66	0	3532409	0	679	679	6319	6319	5202.0	5202.0	47328	47328	60.2	85.6	3405	TRUE
B07_bin.20	o__Clostridiales (UID1212)	87.18	9.94	29.17	3377502	0	655	655	7068	7068	5156.0	5156.0	43496	43496	56.1	89.5	3674	TRUE
B07_bin.24	p__Bacteroidetes (UID2605)	96.01	3.37	75	2735735	0	60	60	67506	67506	45595.0	45595.0	244836	244836	58.9	89.7	2309	TRUE
B07_bin.25	c__Clostridia (UID1118)	91.94	3.63	0	1941846	0	46	46	67497	67497	42214.0	42214.0	170929	170929	45.7	88.15	1617	TRUE
B07_bin.30	o__Clostridiales (UID1212)	94.8	1.36	0	2176083	0	49	49	65762	65762	44409.0	44409.0	106901	106901	58.7	86.78	2118	TRUE
B07_bin.31	o__Clostridiales (UID1212)	93.29	0.67	0	2271186	0	74	74	54800	54800	30691.0	30691.0	118716	118716	57.7	85.91	2163	TRUE
B07_bin.36	p__Firmicutes (UID1022)	99.28	0.65	100	2336061	0	191	191	17258	17258	12230.0	12230.0	84264	84264	51.9	76.95	2003	TRUE
B07_bin.47	o__Clostridiales (UID1212)	91.87	1.78	33.33	1982937	0	299	299	8928	8928	6631.0	6631.0	25006	25006	44.6	90.24	2002	TRUE
B07_bin.5	k__Bacteria (UID203)	93.73	6.33	9.38	1987048	0	286	286	10101	10101	6947.0	6947.0	52779	52779	54	88.83	2031	TRUE
B07_bin.51	k__Bacteria (UID203)	81.38	5.17	66.67	3543825	0	80	80	73902	73902	44297.0	44297.0	179686	179686	45.8	89.52	2884	TRUE
B07_bin.52	k__Bacteria (UID2569)	95.16	0.0	0	3804851	0	88	88	71485	71485	43236.0	43236.0	179805	179805	43.5	89.36	3176	TRUE
B07_bin.55	o__Clostridiales (UID1212)	99.33	0.0	0	2626457	0	26	26	240236	240236	101017.0	101017.0	318961	318961	41.3	88.37	2269	TRUE
B07_bin.56	o__Clostridiales (UID1226)	92.01	8.65	37.5	2584290	0	449	449	7895	7895	5755.0	5755.0	28408	28408	49.1	88.53	2594	TRUE
B07_bin.6	f__Lachnospiraceae (UID1286)	91.87	1.69	16.67	2926858	0	106	106	46996	46996	27611.0	27611.0	116015	116015	47.3	89.4	2619	TRUE
B07_bin.67	f__Lachnospiraceae (UID1286)	94.88	6.86	6.25	3441055	0	95	95	58320	58320	36221.0	36221.0	186280	186280	44.1	88.74	3122	TRUE
B07_bin.89	o__Clostridiales (UID1212)	86.18	1.2	50	1759118	0	121	121	25931	25931	14538.0	14538.0	68154	68154	61.2	87.93	1681	TRUE
B07_bin.9	c__Clostridia (UID1118)	91.53	1.61	0	2037877	0	66	66	56452	56452	30876.0	30876.0	126756	126756	50.4	87.75	1651	TRUE
B07_bin.91	p__Bacteroidetes (UID2605)	82.69	7.21	33.33	2545630	0	28	28	168521	168521	90915.0	90915.0	259854	259854	54	88.35	2110	TRUE
B07_bin.96	o__Clostridiales (UID1212)	90.6	0.89	0	1958312	0	42	42	72249	72249	46626.0	46626.0	197608	197608	61.8	89.28	1817	TRUE
B08_bin.10	p__Bacteroidetes (UID2605)	87.98	0.48	100	2852591	0	61	61	78891	78891	46763.0	46763.0	192958	192958	58.6	89.82	2393	TRUE
B08_bin.11	c__Deltaproteobacteria (UID3218)	97.01	0.0	0	3853290	0	528	528	9946	9946	7297.0	7297.0	51836	51836	60.4	84.88	3561	TRUE
B08_bin.12	o__Clostridiales (UID1226)	97.05	1.48	66.67	2699882	0	279	279	14703	14703	9676.0	9676.0	81669	81669	49	88.61	2539	TRUE
B08_bin.13	p__Bacteroidetes (UID2605)	98.08	4.81	8.33	2498287	0	35	35	154740	154740	71379.0	71379.0	225010	225010	54.4	86.84	2236	TRUE
B08_bin.14	p__Proteobacteria (UID3887)	85.71	0.0	0	2605503	0	37	37	118867	118867	70419.0	70419.0	249444	249444	55.2	86.41	2070	TRUE
B08_bin.17	f__Lachnospiraceae (UID1286)	89.37	0.74	0	2335854	0	35	35	118516	118516	66738.0	66738.0	247875	247875	41.1	89.76	2184	TRUE
B08_bin.25	o__Bacteroidales (UID2621)	97.88	0.51	0	4393451	0	56	56	118847	118847	78454.0	78454.0	277956	277956	45.1	91.24	3669	TRUE
B08_bin.29	c__Clostridia (UID1118)	91.34	0.81	0	1320747	0	122	122	14417	14417	10825.0	10825.0	63394	63394	49.6	90.37	1250	TRUE
B08_bin.3	o__Clostridiales (UID1212)	87.01	6.04	58.33	2490847	0	139	139	26960	26960	17919.0	17919.0	85541	85541	60.9	87.85	2310	TRUE
B08_bin.32	k__Bacteria (UID2328)	92.67	0.78	0	1638570	0	343	343	5998	5998	4777.0	4777.0	23370	23370	28.7	90.27	1770	TRUE
B08_bin.33	k__Bacteria (UID2569)	99.46	0.0	0	4017121	0	68	68	91257	91257	59075.0	59075.0	260732	260732	43.3	89.49	3364	TRUE
B08_bin.35	o__Clostridiales (UID1120)	94.08	1.47	0	1820668	0	110	110	24070	24070	16551.0	16551.0	88605	88605	49.6	85.72	1653	TRUE
B08_bin.38	f__Bifidobacteriaceae (UID1458)	86.09	10.0	52.27	1924703	0	301	301	9634	9634	6394.0	6394.0	39101	39101	56	87.9	1881	TRUE
B08_bin.39	o__Clostridiales (UID1212)	88.59	1.41	50	1937353	0	45	45	65650	65650	43052.0	43052.0	370852	370852	60.4	88.46	1868	TRUE
B08_bin.42	o__Clostridiales (UID1212)	90.77	2.91	80	2397014	0	296	296	12068	12068	8098.0	8098.0	41728	41728	37.7	90.52	2418	TRUE
B08_bin.44	o__Clostridiales (UID1212)	97.96	1.13	0	2594988	0	235	235	15783	15783	11042.0	11042.0	84063	84063	56.4	83.51	2215	TRUE
B08_bin.45	f__Lachnospiraceae (UID1286)	94.1	7.2	68.57	3271642	0	212	212	23652	23652	15432.0	15432.0	76438	76438	47.2	89.01	3063	TRUE
B08_bin.46	o__Clostridiales (UID1212)	93.31	8.13	87.5	2305333	0	110	110	40897	40897	20957.0	20957.0	185532	185532	58.7	88.11	2142	TRUE
B08_bin.47	o__Bacteroidales (UID2657)	88.82	1.3	33.33	3755010	0	112	112	65360	65360	33526.0	33526.0	237321	237321	42.8	91.47	3008	TRUE
B08_bin.49	o__Clostridiales (UID1212)	89.26	5.48	72.73	2142439	0	266	266	12013	12013	8054.0	8054.0	75398	75398	57.9	87.11	2103	TRUE
B08_bin.5	f__Lachnospiraceae (UID1286)	87.28	2.82	0	2528851	0	418	418	7939	7939	6049.0	6049.0	46510	46510	50.6	90.16	2512	TRUE
B08_bin.50	o__Clostridiales (UID1212)	97.72	0.0	0	2655937	0	67	67	71502	71502	39640.0	39640.0	328720	328720	44.6	89.73	2294	TRUE
B08_bin.51	o__Clostridiales (UID1212)	90.6	1.34	0	1861223	0	29	29	83357	83357	64180.0	64180.0	286470	286470	60.9	88.91	1824	TRUE
B08_bin.6	o__Bacteroidales (UID2657)	95.42	0.74	0	6325345	0	84	84	157751	157751	75301.0	75301.0	451150	451150	43	91.16	4697	TRUE
B08_bin.60	o__Clostridiales (UID1212)	84.23	0.0	0	1794189	0	16	16	168667	168667	112136.0	112136.0	447736	447736	44.9	89.6	1655	TRUE
B08_bin.62	k__Bacteria (UID2565)	86.02	0.0	0	1662777	0	51	51	50397	50397	32603.0	32603.0	135503	135503	47.2	89.79	1638	TRUE
B08_bin.66	p__Bacteroidetes (UID2605)	99.04	0.48	0	2768247	0	30	30	126395	126395	92274.0	92274.0	313914	313914	59.6	88.3	2262	TRUE
B08_bin.67	f__Lachnospiraceae (UID1286)	92.93	0.97	50	2210406	0	131	131	24940	24940	16873.0	16873.0	104549	104549	42.1	89.26	2067	TRUE
B08_bin.69	o__Clostridiales (UID1212)	84.19	8.86	50	2531506	0	404	404	8896	8896	6266.0	6266.0	41409	41409	58.7	89.14	2538	TRUE
B08_bin.7	k__Bacteria (UID2569)	98.41	1.08	0	4797467	0	363	363	24354	24354	13216.0	13216.0	92211	92211	43.2	91.03	4007	TRUE
B08_bin.70	f__Bifidobacteriaceae (UID1462)	89.2	5.41	43.33	1970219	0	280	280	10389	10389	7036.0	7036.0	53301	53301	63.3	86.52	1766	TRUE
B08_bin.76	o__Bacteroidales (UID2657)	96.77	8.55	19.44	4882490	0	70	70	138988	138988	69749.0	69749.0	350880	350880	46.3	90.56	4137	TRUE
B08_bin.79	p__Bacteroidetes (UID2605)	95.67	3.04	44.44	2920621	0	39	39	123472	123472	74887.0	74887.0	339617	339617	59.1	89.64	2383	TRUE
B08_bin.80	o__Clostridiales (UID1212)	97.32	0.89	50	2335556	0	63	63	62596	62596	37072.0	37072.0	147179	147179	53.3	88.37	2224	TRUE
B08_bin.83	p__Actinobacteria (UID2112)	97.58	3.15	16.67	2022027	0	164	164	20321	20321	12329.0	12329.0	69774	69774	60.3	87.38	1817	TRUE
B08_bin.85	o__Clostridiales (UID1212)	97.09	0.23	0	2674910	0	115	115	50472	50472	23260.0	23260.0	159681	159681	43.2	88.27	2492	TRUE
B08_bin.9	o__Clostridiales (UID1212)	83.89	0.0	0	2148363	0	44	44	75773	75773	48826.0	48826.0	270084	270084	53.6	88.66	1907	TRUE
B08_bin.90	o__Bacteroidales (UID2654)	89.61	3.76	9.09	4759720	0	69	69	135404	135404	68981.0	68981.0	554327	554327	41.3	90.07	3942	TRUE
B08_bin.91	o__Bacteroidales (UID2621)	96.15	0.38	0	4076552	0	64	64	125277	125277	63696.0	63696.0	226870	226870	45.6	89.96	3397	TRUE
B08_bin.92	o__Clostridiales (UID1212)	91.84	0.68	0	2423084	0	90	90	41688	41688	26923.0	26923.0	122771	122771	60.4	87.21	2100	TRUE
B09_bin.10	o__Clostridiales (UID1212)	82.21	0.0	0	1827801	0	178	178	19390	19390	10268.0	10268.0	81677	81677	46.3	88.51	1791	TRUE
B09_bin.102	p__Bacteroidetes (UID2605)	90.74	3.63	90	2654380	0	252	252	16427	16427	10533.0	10533.0	141585	141585	59.5	91.5	2302	TRUE
B09_bin.104	o__Bacteroidales (UID2621)	93.46	2.69	0	3931643	0	63	63	93182	93182	62407.0	62407.0	304661	304661	45.4	89.86	3256	TRUE
B09_bin.106	k__Bacteria (UID2569)	97.31	0.18	100	4061208	0	183	183	36222	36222	22192.0	22192.0	101511	101511	42.7	91.02	3391	TRUE
B09_bin.12	o__Clostridiales (UID1212)	95.3	1.34	0	2146471	0	51	51	53154	53154	42087.0	42087.0	162594	162594	58.7	86.98	2114	TRUE
B09_bin.18	o__Clostridiales (UID1212)	92.86	0.0	0	2312885	0	135	135	26655	26655	17132.0	17132.0	143027	143027	60.8	86.58	2010	TRUE
B09_bin.2	f__Lachnospiraceae (UID1286)	98.33	3.4	0	3154875	0	86	86	77664	77664	36684.0	36684.0	167759	167759	43.3	89.81	3001	TRUE
B09_bin.25	p__Actinobacteria (UID2112)	94.52	6.95	72.73	2131385	0	341	341	8226	8226	6250.0	6250.0	32748	32748	60.2	87.58	2014	TRUE
B09_bin.33	o__Clostridiales (UID1212)	89.03	4.54	55.56	2133881	0	216	216	14304	14304	9879.0	9879.0	56821	56821	60.7	88.46	2097	TRUE
B09_bin.35	f__Lachnospiraceae (UID1286)	98.71	0.29	50	2687649	0	58	58	70768	70768	46338.0	46338.0	190366	190366	41.9	88.84	2451	TRUE
B09_bin.49	o__Clostridiales (UID1226)	80.6	1.9	33.33	2678437	0	506	506	6758	6758	5293.0	5293.0	36686	36686	44.4	89.77	2772	TRUE
B09_bin.51	k__Bacteria (UID2565)	94.62	0.0	0	1690636	0	66	66	38646	38646	25615.0	25615.0	172078	172078	44.6	89.03	1676	TRUE
B09_bin.52	c__Deltaproteobacteria (UID3218)	91.19	0.61	0	2248514	0	400	400	7321	7321	5621.0	5621.0	32633	32633	64.3	86.38	2158	TRUE
B09_bin.55	o__Clostridiales (UID1226)	85.09	2.85	20	2446660	0	227	227	15254	15254	10778.0	10778.0	66889	66889	49.4	86.82	2270	TRUE
B09_bin.57	c__Deltaproteobacteria (UID3218)	100.0	1.22	0	4135827	0	256	256	25096	25096	16155.0	16155.0	107984	107984	59.9	84.19	3630	TRUE
B09_bin.58	o__Clostridiales (UID1226)	89.82	1.27	0	2274093	0	112	112	30177	30177	20304.0	20304.0	146869	146869	45.1	89.9	1921	TRUE
B09_bin.60	k__Bacteria (UID2372)	88.95	0.84	25	1807368	0	155	155	17025	17025	11660.0	11660.0	77702	77702	34.2	89.74	1805	TRUE
B09_bin.61	o__Clostridiales (UID1212)	98.63	0.0	0	2653097	0	29	29	164383	164383	91486.0	91486.0	391624	391624	42.7	88.23	2438	TRUE
B09_bin.66	o__Clostridiales (UID1212)	90.32	3.24	33.33	1973139	0	90	90	35913	35913	21923.0	21923.0	155153	155153	37.1	90.15	1935	TRUE
B09_bin.73	o__Bacteroidales (UID2621)	99.04	0.77	0	4400454	0	34	34	144230	144230	129425.0	129425.0	731185	731185	45.1	91.02	3646	TRUE
B09_bin.74	o__Clostridiales (UID1212)	95.2	2.04	0	2615862	0	218	218	18929	18929	11999.0	11999.0	58039	58039	56.3	84.75	2312	TRUE
B09_bin.75	o__Bacteroidales (UID2617)	87.94	2.34	0	3051570	0	415	415	9845	9845	7353.0	7353.0	49436	49436	38.8	89.57	2651	TRUE
B09_bin.76	o__Bacteroidales (UID2654)	86.8	1.16	100	3940051	0	368	368	14558	14558	10706.0	10706.0	89315	89315	42.3	89.74	3496	TRUE
B09_bin.82	k__Bacteria (UID2565)	92.47	0.0	0	1650147	0	44	44	63172	63172	37503.0	37503.0	219797	219797	45.9	89.75	1655	TRUE
B09_bin.83	p__Bacteroidetes (UID2605)	99.2	1.44	33.33	2121974	0	31	31	108502	108502	68450.0	68450.0	246718	246718	54.8	86.85	1854	TRUE
B09_bin.86	o__Clostridiales (UID1212)	92.23	0.22	0	1854085	0	180	180	15214	15214	10300.0	10300.0	60616	60616	48.3	88.47	1874	TRUE
B09_bin.93	o__Clostridiales (UID1212)	93.29	0.0	0	1936550	0	44	44	84727	84727	44012.0	44012.0	124771	124771	62	89.31	1795	TRUE
B09_bin.97	o__Clostridiales (UID1226)	95.02	5.03	20	2624416	0	207	207	18107	18107	12678.0	12678.0	71218	71218	49.5	85.67	2400	TRUE
B09_bin.99	k__Bacteria (UID2569)	99.46	0.0	0	4085110	0	52	52	133530	133530	78559.0	78559.0	385981	385981	43.4	90.4	3281	TRUE
C01_bin.10	f__Lachnospiraceae (UID1286)	97.85	3.38	22.22	3695147	0	101	101	65157	65157	36585.0	36585.0	141907	141907	46.5	88.93	3483	TRUE
C01_bin.16	o__Bacteroidales (UID2621)	92.5	2.31	0	4314436	0	31	31	207187	207187	139175.0	139175.0	404966	404966	44.7	91.08	3561	TRUE
C01_bin.21	o__Clostridiales (UID1212)	98.66	0.0	0	1958864	0	20	20	148637	148637	97943.0	97943.0	383115	383115	36.4	91.36	1835	TRUE
C01_bin.23	o__Clostridiales (UID1212)	88.19	8.05	57.69	2076199	0	96	96	39389	39389	21627.0	21627.0	173753	173753	62	89.16	1977	TRUE
C01_bin.25	p__Actinobacteria (UID2112)	81.05	9.34	81.82	1969191	0	515	515	4374	4374	3823.0	3823.0	25522	25522	60.4	87.64	2025	TRUE
C01_bin.30	p__Bacteroidetes (UID2605)	91.35	2.88	0	2513062	0	32	32	110377	110377	78533.0	78533.0	351919	351919	58.3	84.34	2047	TRUE
C01_bin.32	f__Lachnospiraceae (UID1286)	85.19	2.24	0	2494190	0	39	39	88796	88796	63953.0	63953.0	325061	325061	43.7	90.49	2395	TRUE
C01_bin.33	o__Clostridiales (UID1212)	91.13	0.45	50	2497390	0	218	218	17277	17277	11455.0	11455.0	73275	73275	44.7	89.7	2304	TRUE
C01_bin.34	f__Lachnospiraceae (UID1256)	82.46	1.75	0	2141022	0	123	123	27485	27485	17406.0	17406.0	119480	119480	42.1	88.51	2041	TRUE
C01_bin.35	o__Clostridiales (UID1212)	97.99	0.67	0	2072733	0	109	109	51169	51169	19015.0	19015.0	225745	225745	41.1	88.28	2026	TRUE
C01_bin.37	o__Clostridiales (UID1226)	99.29	1.27	0	2734173	0	233	233	18079	18079	11734.0	11734.0	86769	86769	48.9	88.12	2541	TRUE
C01_bin.43	f__Enterobacteriaceae (UID5103)	90.87	1.26	45.45	3877987	0	710	710	7122	7122	5461.0	5461.0	40163	40163	51.4	89.43	4142	TRUE
C01_bin.44	o__Clostridiales (UID1212)	83.51	1.33	0	2316176	0	316	316	9842	9842	7329.0	7329.0	77046	77046	45.2	91.27	2328	TRUE
C01_bin.45	o__Clostridiales (UID1212)	84.97	2.82	28.57	1466670	0	310	310	6089	6089	4731.0	4731.0	20939	20939	62.3	89.54	1639	TRUE
C01_bin.46	o__Clostridiales (UID1212)	90.26	2.35	25	2151885	0	297	297	10955	10955	7245.0	7245.0	43969	43969	55.9	85.4	2125	TRUE
C01_bin.49	o__Clostridiales (UID1212)	99.32	1.5	20	2403915	0	222	222	15498	15498	10828.0	10828.0	43549	43549	56.5	83.69	2083	TRUE
C01_bin.5	o__Clostridiales (UID1120)	95.8	1.17	0	2745052	0	91	91	43226	43226	30165.0	30165.0	144065	144065	58.5	87.18	2335	TRUE
C01_bin.51	p__Actinobacteria (UID2112)	96.77	2.15	50	2578353	0	236	236	21103	21103	10925.0	10925.0	98793	98793	63.8	87.35	2312	TRUE
C01_bin.54	o__Clostridiales (UID1212)	87.58	6.04	21.43	2074843	0	110	110	89720	89720	18862.0	18862.0	243739	243739	62.2	89.39	1982	TRUE
C01_bin.55	k__Bacteria (UID2569)	92.96	4.35	0	3923063	0	350	350	17044	17044	11208.0	11208.0	94107	94107	43.6	89.88	3456	TRUE
C01_bin.56	k__Bacteria (UID203)	83.56	7.55	92.31	2099816	0	439	439	5855	5855	4783.0	4783.0	28561	28561	60.2	87	2176	TRUE
C01_bin.57	p__Proteobacteria (UID3887)	90.42	0.21	100	1659447	0	343	343	5740	5740	4838.0	4838.0	23849	23849	50.1	90.23	1810	TRUE
C01_bin.60	o__Clostridiales (UID1212)	84.02	2.01	0	1938863	0	59	59	44028	44028	32862.0	32862.0	120696	120696	60.2	87.31	1920	TRUE
C01_bin.65	p__Bacteroidetes (UID2605)	99.52	0.0	0	2148932	0	35	35	99796	99796	61398.0	61398.0	421583	421583	56.9	86.29	1823	TRUE
C01_bin.67	o__Clostridiales (UID1212)	83.74	2.35	40	1756071	0	305	305	7122	7122	5757.0	5757.0	25157	25157	59.6	87.77	1840	TRUE
C01_bin.72	o__Clostridiales (UID1212)	97.25	0.34	100	2410994	0	127	127	36427	36427	18984.0	18984.0	78096	78096	53.8	89.07	2188	TRUE
C01_bin.83	o__Clostridiales (UID1212)	93.08	6.94	17.65	2539072	0	158	158	24487	24487	16070.0	16070.0	81468	81468	61	87.92	2400	TRUE
C01_bin.85	p__Actinobacteria (UID2112)	85.54	0.92	50	1341374	0	196	196	8985	8985	6843.0	6843.0	34421	34421	55	90.24	1313	TRUE
C01_bin.9	p__Bacteroidetes (UID2605)	85.3	7.21	40	2509445	0	32	32	166516	166516	78420.0	78420.0	298723	298723	62.1	90.81	2056	TRUE
C02_bin.10	p__Bacteroidetes (UID2605)	93.64	0.64	25	2552279	0	38	38	99227	99227	67165.0	67165.0	270615	270615	59.7	89.7	2058	TRUE
C02_bin.12	g__Prevotella (UID2724)	92.57	0.84	0	2629524	0	89	89	42171	42171	29545.0	29545.0	182759	182759	46	88.98	2207	TRUE
C02_bin.28	f__Lachnospiraceae (UID1286)	86.59	3.16	33.33	2459723	0	122	122	29387	29387	20161.0	20161.0	111094	111094	47.2	89.62	2210	TRUE
C02_bin.30	o__Bacteroidales (UID2621)	84.71	2.37	0	3494256	0	55	55	105956	105956	63531.0	63531.0	246886	246886	45.9	90.15	2840	TRUE
C02_bin.31	o__Bacteroidales (UID2657)	97.8	2.1	46.15	4402861	0	49	49	174701	174701	89854.0	89854.0	376128	376128	46.4	91.13	3637	TRUE
C02_bin.32	o__Clostridiales (UID1212)	98.66	0.0	0	2617951	0	17	17	204609	204609	153997.0	153997.0	696705	696705	44.2	91.03	2374	TRUE
C02_bin.33	o__Bacteroidales (UID2657)	98.17	0.0	0	3810954	0	68	68	97446	97446	56043.0	56043.0	293164	293164	48.4	90.84	3102	TRUE
C02_bin.39	o__Bacteroidales (UID2657)	96.47	3.07	16.67	4618349	0	203	203	39345	39345	22750.0	22750.0	188609	188609	41.9	89.9	3855	TRUE
C02_bin.43	o__Clostridiales (UID1212)	89.93	1.34	100	2170941	0	83	83	45034	45034	26155.0	26155.0	134777	134777	58.8	86.78	2161	TRUE
C02_bin.44	p__Bacteroidetes (UID2605)	95.6	0.24	0	2405770	0	209	209	17647	17647	11510.0	11510.0	55845	55845	55.9	90.27	2114	TRUE
C02_bin.45	f__Lachnospiraceae (UID1286)	96.26	0.97	50	2484809	0	99	99	37247	37247	25099.0	25099.0	110276	110276	42.1	88.93	2288	TRUE
C02_bin.46	o__Bacteroidales (UID2621)	86.3	0.38	0	4171048	0	172	172	37733	37733	24250.0	24250.0	131553	131553	45.2	91.12	3538	TRUE
C02_bin.5	o__Clostridiales (UID1212)	89.5	1.36	0	2342504	0	259	259	12904	12904	9044.0	9044.0	35894	35894	56.7	83.88	2033	TRUE
C02_bin.54	o__Clostridiales (UID1212)	82.11	5.03	60	2709414	0	538	538	6239	6239	5036.0	5036.0	35824	35824	56.8	90.45	2925	TRUE
C02_bin.56	o__Clostridiales (UID1212)	86.49	4.7	14.29	1639983	0	330	330	6264	6264	4969.0	4969.0	30615	30615	62.4	90.47	1800	TRUE
C02_bin.67	o__Clostridiales (UID1212)	87.83	2.01	0	1617973	0	263	263	8250	8250	6151.0	6151.0	30357	30357	48.4	88.56	1724	TRUE
C02_bin.70	p__Bacteroidetes (UID2605)	93.43	0.96	0	2054918	0	27	27	99805	99805	76108.0	76108.0	333568	333568	54.7	86.76	1795	TRUE
C02_bin.79	k__Bacteria (UID2569)	98.48	0.0	0	4170418	0	106	106	54455	54455	39343.0	39343.0	272723	272723	43.5	89.99	3434	TRUE
C02_bin.82	f__Lachnospiraceae (UID1286)	91.3	1.75	33.33	2318453	0	49	49	85228	85228	47315.0	47315.0	185876	185876	41.1	89.57	2173	TRUE
C02_bin.83	o__Clostridiales (UID1212)	91.95	3.27	0	2810287	0	40	40	125177	125177	70257.0	70257.0	345616	345616	51.4	86.97	2576	TRUE
C02_bin.89	o__Clostridiales (UID1212)	98.66	0.0	0	2372151	0	29	29	147010	147010	81798.0	81798.0	263631	263631	53.2	88.49	2243	TRUE
C02_bin.95	p__Bacteroidetes (UID2605)	96.79	0.0	0	2155538	0	78	78	45334	45334	27635.0	27635.0	106631	106631	57	86.63	1854	TRUE
C02_bin.97	p__Bacteroidetes (UID2605)	97.1	0.72	0	2803965	0	68	68	75085	75085	41234.0	41234.0	240104	240104	58.9	89.93	2372	TRUE
C03_bin.1	o__Clostridiales (UID1226)	81.8	3.54	30	2530151	0	274	274	13381	13381	9234.0	9234.0	78450	78450	45.6	88.47	2363	TRUE
C03_bin.10	o__Clostridiales (UID1212)	81.85	3.5	18.18	1944467	0	391	391	6733	6733	4973.0	4973.0	27574	27574	37.8	90.82	2071	TRUE
C03_bin.11	o__Clostridiales (UID1212)	93.03	6.38	73.68	2427334	0	85	85	54321	54321	28556.0	28556.0	153809	153809	57.6	87.12	2277	TRUE
C03_bin.13	o__Clostridiales (UID1212)	83.57	5.9	56.25	1804373	0	73	73	32171	32171	24717.0	24717.0	148562	148562	60.7	86.54	1658	TRUE
C03_bin.15	o__Clostridiales (UID1212)	93.5	3.26	60	2014252	0	223	223	13872	13872	9032.0	9032.0	46578	46578	59.4	87.46	1977	TRUE
C03_bin.17	f__Lachnospiraceae (UID1286)	88.41	1.21	0	2426977	0	84	84	61563	61563	28892.0	28892.0	144266	144266	44.2	90.74	2318	TRUE
C03_bin.20	o__Clostridiales (UID1212)	82.55	3.69	16.67	1923186	0	92	92	37299	37299	20904.0	20904.0	103374	103374	62.6	87.42	1854	TRUE
C03_bin.22	o__Clostridiales (UID1226)	85.5	3.92	30.77	2122163	0	407	407	7055	7055	5214.0	5214.0	60478	60478	48.4	91.65	2214	TRUE
C03_bin.24	o__Bacteroidales (UID2657)	96.52	1.3	9.09	4194791	0	68	68	92485	92485	61688.0	61688.0	237529	237529	46.6	91.41	3409	TRUE
C03_bin.35	o__Clostridiales (UID1212)	91.21	0.06	0	1781366	0	71	71	39195	39195	25089.0	25089.0	99889	99889	62.9	89.59	1652	TRUE
C03_bin.37	o__Clostridiales (UID1226)	93.43	1.58	80	2369663	0	217	217	15392	15392	10920.0	10920.0	73076	73076	49.5	88.98	2235	TRUE
C03_bin.41	o__Clostridiales (UID1226)	89.14	7.17	78.57	2418959	0	256	256	13421	13421	9449.0	9449.0	61668	61668	49.8	86.89	2256	TRUE
C03_bin.42	f__Lachnospiraceae (UID1286)	93.42	0.16	0	2363958	0	140	140	27205	27205	16885.0	16885.0	67152	67152	42.4	89.33	2224	TRUE
C03_bin.45	p__Bacteroidetes (UID2605)	100.0	0.0	0	2955823	0	23	23	205594	205594	128514.0	128514.0	334671	334671	58.6	89.63	2431	TRUE
C03_bin.49	f__Bifidobacteriaceae (UID1462)	99.6	0.0	0	2185978	0	45	45	76337	76337	48577.0	48577.0	194521	194521	60.1	87.72	1785	TRUE
C03_bin.52	p__Actinobacteria (UID2112)	96.26	0.4	0	3003733	0	229	229	19411	19411	13116.0	13116.0	103980	103980	64.7	87.85	2670	TRUE
C03_bin.54	o__Clostridiales (UID1212)	93.65	2.04	33.33	2489332	0	108	108	32875	32875	23049.0	23049.0	137038	137038	60.5	86.49	2173	TRUE
C03_bin.57	p__Bacteroidetes (UID2605)	97.23	0.48	0	2534792	0	74	74	47682	47682	34253.0	34253.0	165801	165801	60.6	90.34	2087	TRUE
C03_bin.61	p__Proteobacteria (UID3887)	85.0	0.52	100	1397190	0	190	190	9435	9435	7353.0	7353.0	40695	40695	58.5	89.82	1349	TRUE
C04_bin.10	k__Bacteria (UID203)	87.93	4.08	18.75	1920937	0	42	42	73763	73763	45736.0	45736.0	180919	180919	59.9	88.69	1775	TRUE
C04_bin.100	o__Clostridiales (UID1212)	95.0	0.0	0	2211190	0	37	37	124708	124708	59761.0	59761.0	251138	251138	53.4	88.46	2040	TRUE
C04_bin.101	p__Bacteroidetes (UID2605)	81.22	0.0	0	2471795	0	65	65	61183	61183	38027.0	38027.0	168911	168911	59.6	89.94	2005	TRUE
C04_bin.103	o__Clostridiales (UID1212)	97.27	0.0	0	2167594	0	9	9	321038	321038	240843.0	240843.0	468511	468511	51.5	89.3	2002	TRUE
C04_bin.11	o__Clostridiales (UID1120)	80.54	0.0	0	1973421	0	65	65	39414	39414	30360.0	30360.0	166290	166290	59.6	86.87	1722	TRUE
C04_bin.12	o__Clostridiales (UID1212)	85.23	0.0	0	2060072	0	58	58	54484	54484	35518.0	35518.0	114539	114539	53.8	88.82	1822	TRUE
C04_bin.16	p__Bacteroidetes (UID2605)	88.94	4.81	0	1986980	0	29	29	99998	99998	68516.0	68516.0	209036	209036	55.1	86.94	1770	TRUE
C04_bin.18	k__Bacteria (UID2372)	94.47	0.13	100	1979354	0	196	196	14630	14630	10098.0	10098.0	65858	65858	34.3	91.25	2116	TRUE
C04_bin.24	k__Bacteria (UID2372)	89.89	2.73	16.67	1614916	0	57	57	46522	46522	28331.0	28331.0	176507	176507	37.4	91.68	1631	TRUE
C04_bin.29	f__Lachnospiraceae (UID1286)	99.28	0.97	50	2795141	0	54	54	90385	90385	51761.0	51761.0	338572	338572	41.6	89.09	2576	TRUE
C04_bin.31	p__Bacteroidetes (UID2605)	83.69	4.9	63.64	2684949	0	49	49	75139	75139	54794.0	54794.0	180039	180039	58.9	89.86	2272	TRUE
C04_bin.34	f__Lachnospiraceae (UID1286)	95.57	1.95	0	2782387	0	68	68	65031	65031	40917.0	40917.0	187076	187076	43.7	90.34	2598	TRUE
C04_bin.35	o__Clostridiales (UID1212)	89.82	3.52	42.86	1794411	0	131	131	21889	21889	13697.0	13697.0	63939	63939	62.6	88.69	1756	TRUE
C04_bin.37	p__Bacteroidetes (UID2605)	99.04	0.0	0	2139513	0	31	31	117806	117806	69016.0	69016.0	282780	282780	56.9	86.65	1815	TRUE
C04_bin.38	o__Clostridiales (UID1226)	92.04	5.7	23.08	3443290	0	381	381	13159	13159	9037.0	9037.0	53581	53581	41.4	86.07	3334	TRUE
C04_bin.39	k__Bacteria (UID203)	80.52	7.14	40	2257450	0	110	110	35546	35546	20522.0	20522.0	82617	82617	58.6	87.38	2058	TRUE
C04_bin.40	o__Bacteroidales (UID2621)	91.73	0.79	75	4378957	0	50	50	133879	133879	87579.0	87579.0	249166	249166	45.1	91.17	3614	TRUE
C04_bin.44	k__Bacteria (UID2569)	81.15	1.61	0	3274036	0	700	700	5920	5920	4677.0	4677.0	22401	22401	43.7	90.71	3199	TRUE
C04_bin.50	f__Lachnospiraceae (UID1255)	94.64	3.88	20	2975509	0	151	151	30293	30293	19705.0	19705.0	75356	75356	48.5	88.72	2742	TRUE
C04_bin.51	k__Bacteria (UID2982)	93.2	1.5	33.33	2476198	0	258	258	12527	12527	9597.0	9597.0	55247	55247	56.1	88.89	2251	TRUE
C04_bin.56	f__Bifidobacteriaceae (UID1462)	98.85	6.12	37.5	2353443	0	116	116	41394	41394	20288.0	20288.0	84078	84078	62.8	86.37	2016	TRUE
C04_bin.63	k__Bacteria (UID2569)	94.07	3.05	85.71	4642929	0	353	353	20655	20655	13152.0	13152.0	73196	73196	42.7	90.87	4073	TRUE
C04_bin.64	o__Clostridiales (UID1212)	95.97	1.74	0	1793426	0	107	107	35290	35290	16760.0	16760.0	133322	133322	36.6	91.91	1727	TRUE
C04_bin.65	o__Clostridiales (UID1120)	80.79	1.12	0	2161885	0	520	520	4654	4654	4157.0	4157.0	24101	24101	52.5	86.91	2221	TRUE
C04_bin.66	o__Bacteroidales (UID2617)	99.62	0.0	0	3116803	0	27	27	142439	142439	115437.0	115437.0	249866	249866	43.3	89.54	2497	TRUE
C04_bin.67	o__Clostridiales (UID1212)	94.78	0.68	0	2618593	0	211	211	18418	18418	12410.0	12410.0	60705	60705	56.4	83.9	2235	TRUE
C04_bin.69	o__Clostridiales (UID1212)	90.6	3.69	57.14	2244692	0	240	240	12781	12781	9352.0	9352.0	36692	36692	59	89.21	2208	TRUE
C04_bin.70	o__Selenomonadales (UID1024)	91.62	0.9	0	1903998	0	105	105	28469	28469	18133.0	18133.0	168280	168280	48	88.45	1864	TRUE
C04_bin.78	p__Euryarchaeota (UID3)	96.46	0.0	0	2112959	0	334	334	9852	9852	6326.0	6326.0	88182	88182	30.2	90.1	2330	TRUE
C04_bin.79	o__Clostridiales (UID1212)	93.29	2.35	0	1965941	0	96	96	35389	35389	20478.0	20478.0	138921	138921	37	89.69	1926	TRUE
C04_bin.8	o__Clostridiales (UID1212)	98.66	1.03	0	1974458	0	14	14	226170	226170	141032.0	141032.0	906377	906377	41.2	88.01	1844	TRUE
C04_bin.83	o__Bacteroidales (UID2716)	82.03	0.09	0	2390675	0	83	83	34886	34886	28803.0	28803.0	84947	84947	50.3	83.71	1885	TRUE
C04_bin.86	o__Clostridiales (UID1212)	98.66	0.67	0	2773692	0	16	16	377720	377720	173355.0	173355.0	601289	601289	44	89.66	2385	TRUE
C04_bin.87	p__Bacteroidetes (UID2605)	93.17	0.9	100	2442451	0	62	62	63660	63660	39394.0	39394.0	133658	133658	60.3	88.53	1982	TRUE
C04_bin.88	o__Clostridiales (UID1212)	95.24	1.36	0	2453309	0	80	80	49232	49232	30666.0	30666.0	236215	236215	60.5	87.27	2112	TRUE
C04_bin.9	o__Clostridiales (UID1212)	97.32	1.34	0	2072601	0	52	52	66287	66287	39857.0	39857.0	188021	188021	58.8	86.64	1982	TRUE
C04_bin.92	o__Clostridiales (UID1212)	90.1	2.35	75	1641502	0	68	68	47692	47692	24139.0	24139.0	117668	117668	61.7	89.41	1610	TRUE
C04_bin.93	o__Clostridiales (UID1212)	88.59	0.67	100	1844108	0	77	77	35737	35737	23949.0	23949.0	139641	139641	62.8	89.52	1779	TRUE
C04_bin.99	o__Clostridiales (UID1212)	83.04	3.59	53.33	1892567	0	227	227	12025	12025	8337.0	8337.0	53506	53506	60.7	87.94	1890	TRUE
C05_bin.1	o__Clostridiales (UID1120)	99.3	2.21	0	2897231	0	67	67	69778	69778	43242.0	43242.0	142955	142955	58.3	86.99	2471	TRUE
C05_bin.100	o__Clostridiales (UID1212)	82.55	0.67	0	2032613	0	67	67	79047	79047	30337.0	30337.0	183246	183246	57.8	89.14	1952	TRUE
C05_bin.102	c__Clostridia (UID1118)	93.15	0.81	0	1367594	0	71	71	29992	29992	19261.0	19261.0	161958	161958	42.8	87.55	1234	TRUE
C05_bin.108	k__Bacteria (UID203)	95.61	6.22	21.74	2139873	0	279	279	12017	12017	7669.0	7669.0	138968	138968	37.1	90	2253	TRUE
C05_bin.109	p__Bacteroidetes (UID2605)	98.56	0.96	0	2215341	0	33	33	106161	106161	67131.0	67131.0	294384	294384	54.6	86.89	1997	TRUE
C05_bin.11	f__Lachnospiraceae (UID1286)	96.7	2.33	62.5	2857591	0	264	264	16914	16914	10824.0	10824.0	79521	79521	50	89.85	2720	TRUE
C05_bin.117	f__Lachnospiraceae (UID1255)	98.66	0.19	0	2910075	0	76	76	63039	63039	38290.0	38290.0	209709	209709	48.4	88.67	2600	TRUE
C05_bin.119	o__Clostridiales (UID1212)	85.51	0.15	28.57	2188232	0	369	369	8199	8199	5930.0	5930.0	32070	32070	41.4	91.01	2255	TRUE
C05_bin.12	o__Clostridiales (UID1120)	80.86	5.94	0	1434176	0	26	26	112366	112366	55160.0	55160.0	250772	250772	27.5	89.48	1435	TRUE
C05_bin.122	o__Clostridiales (UID1212)	99.33	0.0	0	2376182	0	25	25	172339	172339	95047.0	95047.0	366238	366238	41.9	88.17	2052	TRUE
C05_bin.123	p__Bacteroidetes (UID2605)	93.3	2.18	57.14	2412813	0	334	334	9603	9603	7223.0	7223.0	36589	36589	58.9	84.74	2204	TRUE
C05_bin.14	p__Bacteroidetes (UID2605)	85.82	1.68	66.67	2778917	0	110	110	39544	39544	25262.0	25262.0	144520	144520	59.8	91.6	2230	TRUE
C05_bin.16	k__Bacteria (UID2329)	91.57	1.12	0	1100326	0	19	19	147710	147710	57911.0	57911.0	270632	270632	29.6	91.38	1109	TRUE
C05_bin.19	o__Clostridiales (UID1212)	96.0	0.18	0	2711989	0	227	227	17929	17929	11947.0	11947.0	67777	67777	53	88.82	2602	TRUE
C05_bin.26	o__Bacteroidales (UID2657)	88.85	6.39	43.33	6430736	0	79	79	148037	148037	81401.0	81401.0	477809	477809	42.8	91.25	4878	TRUE
C05_bin.29	o__Clostridiales (UID1212)	93.96	0.67	0	2190852	0	34	34	128009	128009	64436.0	64436.0	274706	274706	53.3	88.65	2042	TRUE
C05_bin.32	o__Clostridiales (UID1212)	80.22	4.03	42.86	1533439	0	311	311	5941	5941	4930.0	4930.0	61787	61787	54	90.47	1741	TRUE
C05_bin.33	c__Clostridia (UID1118)	94.35	0.16	0	1473174	0	12	12	145307	145307	122764.0	122764.0	469747	469747	49	90.57	1291	TRUE
C05_bin.34	k__Bacteria (UID2329)	82.13	1.12	0	1252166	0	224	224	7116	7116	5590.0	5590.0	34632	34632	33.9	92.3	1279	TRUE
C05_bin.36	k__Bacteria (UID2565)	87.1	1.08	100	1747287	0	51	51	52532	52532	34260.0	34260.0	185316	185316	49.1	89.87	1768	TRUE
C05_bin.38	o__Clostridiales (UID1212)	91.01	0.34	0	1773783	0	23	23	170536	170536	77121.0	77121.0	309956	309956	40.7	88.11	1689	TRUE
C05_bin.47	k__Bacteria (UID2982)	93.31	1.36	50	2820735	0	234	234	17918	17918	12054.0	12054.0	72156	72156	56.6	87.35	2515	TRUE
C05_bin.49	o__Clostridiales (UID1212)	91.4	0.67	0	2138725	0	231	231	12141	12141	9258.0	9258.0	55953	55953	48.6	91.55	2126	TRUE
C05_bin.5	o__Bacteroidales (UID2617)	98.49	0.0	0	3111131	0	61	61	79105	79105	51002.0	51002.0	239462	239462	48.8	88.85	2419	TRUE
C05_bin.51	k__Bacteria (UID203)	98.25	7.46	23.08	3021513	0	250	250	21524	21524	12086.0	12086.0	159111	159111	38.5	83.19	2715	TRUE
C05_bin.52	p__Actinobacteria (UID2112)	89.74	3.23	25	1788162	0	322	322	7034	7034	5553.0	5553.0	31255	31255	60.3	87.83	1697	TRUE
C05_bin.53	o__Clostridiales (UID1226)	91.73	3.16	50	2667576	0	330	330	11852	11852	8083.0	8083.0	57628	57628	49	88.59	2575	TRUE
C05_bin.55	k__Bacteria (UID2569)	97.31	0.0	0	3876533	0	100	100	67534	67534	38765.0	38765.0	170964	170964	43.4	89.31	3325	TRUE
C05_bin.6	p__Bacteroidetes (UID2605)	88.86	0.96	50	2580328	0	34	34	144523	144523	75892.0	75892.0	214258	214258	54.8	89.45	2156	TRUE
C05_bin.60	o__Clostridiales (UID1226)	98.18	2.85	0	2980157	0	84	84	53375	53375	35478.0	35478.0	141079	141079	45.2	89.96	2662	TRUE
C05_bin.61	f__Lachnospiraceae (UID1286)	99.28	0.97	20	2562545	0	43	43	114757	114757	59594.0	59594.0	253954	253954	42	88.86	2371	TRUE
C05_bin.62	o__Clostridiales (UID1212)	80.87	0.73	0	2036218	0	130	130	25293	25293	15663.0	15663.0	80003	80003	42.9	88.46	1774	TRUE
C05_bin.65	o__Bacteroidales (UID2657)	93.72	2.97	11.11	3711102	0	31	31	270114	270114	119712.0	119712.0	561287	561287	45.1	91.52	3009	TRUE
C05_bin.68	p__Bacteroidetes (UID2605)	93.75	5.29	20	2803480	0	42	42	111623	111623	66749.0	66749.0	382106	382106	59.8	88.34	2281	TRUE
C05_bin.76	p__Bacteroidetes (UID2605)	95.19	0.0	0	1992649	0	35	35	99306	99306	56932.0	56932.0	224702	224702	57.1	86.43	1687	TRUE
C05_bin.77	o__Clostridiales (UID1212)	81.18	5.17	41.67	1643176	0	484	484	3831	3831	3394.0	3394.0	14717	14717	59.9	88.64	1910	TRUE
C05_bin.78	k__Bacteria (UID2329)	90.45	0.56	0	1105822	0	25	25	73781	73781	44232.0	44232.0	158994	158994	28.1	90.51	1172	TRUE
C05_bin.79	o__Clostridiales (UID1212)	93.06	2.87	85.71	1618070	0	262	262	8410	8410	6175.0	6175.0	30936	30936	62.1	90.05	1729	TRUE
C05_bin.81	k__Bacteria (UID203)	85.96	8.77	37.93	2378886	0	110	110	30685	30685	21626.0	21626.0	126585	126585	45	89.24	2077	TRUE
C05_bin.83	p__Bacteroidetes (UID2605)	90.21	0.48	100	2618170	0	51	51	74792	74792	51336.0	51336.0	200554	200554	59.1	89.99	2166	TRUE
C05_bin.86	k__Bacteria (UID2329)	84.83	3.93	0	1080212	0	16	16	150094	150094	67513.0	67513.0	253934	253934	26.1	92.67	1082	TRUE
C05_bin.87	o__Clostridiales (UID1212)	83.89	6.27	0	2180880	0	76	76	48558	48558	28695.0	28695.0	106916	106916	61.1	88.79	2080	TRUE
C05_bin.9	o__Clostridiales (UID1212)	90.11	1.44	20	1709219	0	207	207	12816	12816	8257.0	8257.0	46843	46843	38.5	90.48	1707	TRUE
C05_bin.90	o__Clostridiales (UID1212)	91.5	1.34	0	1910054	0	66	66	41025	41025	28940.0	28940.0	123992	123992	51.1	86.14	1690	TRUE
C05_bin.92	p__Actinobacteria (UID2112)	99.19	0.81	0	1804516	0	144	144	19553	19553	12531.0	12531.0	105972	105972	60.7	90.74	1737	TRUE
C06_bin.10	o__Clostridiales (UID1212)	90.58	6.32	10.53	2842631	0	520	520	7003	7003	5466.0	5466.0	41891	41891	60.2	88.94	3063	TRUE
C06_bin.11	o__Clostridiales (UID1226)	95.38	1.94	0	3057246	0	163	163	29589	29589	18756.0	18756.0	155516	155516	41.2	90.21	2665	TRUE
C06_bin.18	o__Clostridiales (UID1212)	89.08	0.4	100	2201881	0	154	154	23250	23250	14297.0	14297.0	94054	94054	57.5	86.78	2074	TRUE
C06_bin.2	k__Bacteria (UID2569)	99.46	0.0	0	4112843	0	35	35	159234	159234	117509.0	117509.0	671541	671541	43.4	90.04	3333	TRUE
C06_bin.20	o__Clostridiales (UID1226)	89.69	1.8	16.67	2515785	0	138	138	28366	28366	18230.0	18230.0	80639	80639	44.8	89.22	2142	TRUE
C06_bin.21	f__Lachnospiraceae (UID1286)	95.89	3.04	9.09	2765158	0	50	50	90818	90818	55303.0	55303.0	232801	232801	43.7	90.47	2589	TRUE
C06_bin.22	o__Clostridiales (UID1212)	88.61	3.71	77.78	2272620	0	99	99	41791	41791	22955.0	22955.0	174722	174722	58.3	86.56	2080	TRUE
C06_bin.26	o__Clostridiales (UID1212)	97.99	1.54	0	2881554	0	70	70	74630	74630	41165.0	41165.0	178749	178749	52	86.66	2669	TRUE
C06_bin.29	o__Clostridiales (UID1212)	90.27	0.71	33.33	1855896	0	78	78	35309	35309	23793.0	23793.0	181998	181998	60.6	86.68	1751	TRUE
C06_bin.30	c__Deltaproteobacteria (UID3218)	97.63	0.03	100	3940445	0	404	404	13798	13798	9753.0	9753.0	59325	59325	60.1	84.63	3527	TRUE
C06_bin.35	f__Lachnospiraceae (UID1256)	94.35	8.97	30.56	3038650	0	220	220	28935	28935	13812.0	13812.0	81444	81444	40.2	86.64	2986	TRUE
C06_bin.37	o__Lactobacillales (UID544)	92.12	0.36	33.33	1473571	0	249	249	7550	7550	5917.0	5917.0	57519	57519	39.6	85.4	1680	TRUE
C06_bin.41	o__Clostridiales (UID1212)	96.64	0.0	0	2649259	0	37	37	116306	116306	71601.0	71601.0	266321	266321	42	89.69	2414	TRUE
C06_bin.42	o__Clostridiales (UID1226)	94.01	8.5	19.05	2633096	0	187	187	20683	20683	14080.0	14080.0	67683	67683	49.5	85.99	2364	TRUE
C06_bin.43	k__Bacteria (UID203)	98.25	9.41	22.22	2899134	0	31	31	140052	140052	93520.0	93520.0	618759	618759	44	90.7	2655	TRUE
C06_bin.44	o__Clostridiales (UID1212)	95.64	1.68	0	2288165	0	303	303	10869	10869	7551.0	7551.0	35604	35604	38.6	90.84	2211	TRUE
C06_bin.46	f__Lachnospiraceae (UID1256)	89.24	2.62	26.67	2361599	0	111	111	43654	43654	21275.0	21275.0	124367	124367	41.9	89.06	2230	TRUE
C06_bin.52	o__Clostridiales (UID1212)	89.87	2.27	25	2172780	0	482	482	5214	5214	4507.0	4507.0	31272	31272	56.8	84.91	2110	TRUE
C06_bin.54	o__Clostridiales (UID1226)	82.1	5.06	30.77	2587741	0	326	326	11040	11040	7937.0	7937.0	66918	66918	49.2	88.59	2517	TRUE
C06_bin.55	o__Clostridiales (UID1212)	95.3	3.52	11.11	3014318	0	75	75	68219	68219	40190.0	40190.0	225229	225229	60.3	86.89	2912	TRUE
C06_bin.58	o__Clostridiales (UID1212)	94.97	4.59	63.64	1952335	0	74	74	38403	38403	26382.0	26382.0	153064	153064	60.3	86.74	1761	TRUE
C06_bin.63	o__Clostridiales (UID1226)	96.84	8.86	4.76	4010118	0	342	342	21055	21055	11725.0	11725.0	75419	75419	41.5	86.23	3812	TRUE
C07_bin.10	o__Clostridiales (UID1226)	88.19	2.22	50	2649759	0	85	85	42011	42011	31173.0	31173.0	143065	143065	48.6	88.55	2319	TRUE
C07_bin.13	o__Bacteroidales (UID2621)	92.31	0.79	20	3731151	0	54	54	118594	118594	69095.0	69095.0	207415	207415	45.7	90.16	3036	TRUE
C07_bin.14	o__Clostridiales (UID1212)	89.06	4.73	73.68	3041968	0	401	401	12627	12627	7585.0	7585.0	40186	40186	56.2	89.41	3152	TRUE
C07_bin.15	p__Bacteroidetes (UID2605)	93.73	0.48	0	2529174	0	32	32	112550	112550	79036.0	79036.0	387796	387796	59.6	90.36	2053	TRUE
C07_bin.16	p__Bacteroidetes (UID2605)	94.23	0.96	50	2606909	0	54	54	70125	70125	48276.0	48276.0	194923	194923	60.3	88.61	2119	TRUE
C07_bin.18	k__Bacteria (UID2569)	95.16	0.0	0	4265495	0	68	68	92513	92513	62727.0	62727.0	453275	453275	42.4	90.91	3550	TRUE
C07_bin.25	o__Clostridiales (UID1212)	93.06	0.8	0	2850166	0	282	282	18518	18518	10106.0	10106.0	96644	96644	38.3	82.84	2598	TRUE
C07_bin.29	f__Enterobacteriaceae (UID5103)	85.15	0.08	0	3795310	0	15	15	552859	552859	253020.0	253020.0	721854	721854	51	89.2	3466	TRUE
C07_bin.3	o__Clostridiales (UID1212)	88.59	2.01	0	1838789	0	81	81	32896	32896	22701.0	22701.0	116494	116494	62.4	89.59	1741	TRUE
C07_bin.30	o__Clostridiales (UID1212)	90.72	0.0	0	2541089	0	58	58	67812	67812	43811.0	43811.0	164386	164386	45	86.43	2246	TRUE
C07_bin.33	f__Lachnospiraceae (UID1256)	90.35	1.46	0	2102851	0	273	273	11388	11388	7702.0	7702.0	46105	46105	42.3	89.38	1999	TRUE
C07_bin.36	o__Bacteroidales (UID2657)	90.84	3.08	16.67	5091441	0	711	711	11196	11196	7160.0	7160.0	72567	72567	43.8	90.24	4662	TRUE
C07_bin.38	o__Clostridiales (UID1212)	94.3	0.0	0	1923897	0	285	285	10446	10446	6750.0	6750.0	49073	49073	46.7	87.72	1944	TRUE
C07_bin.41	o__Clostridiales (UID1212)	93.62	0.89	0	1942335	0	56	56	53021	53021	34684.0	34684.0	117605	117605	58.8	86.74	1864	TRUE
C07_bin.43	k__Bacteria (UID2569)	99.46	0.54	0	4233559	0	89	89	72249	72249	47568.0	47568.0	208949	208949	43.4	89.83	3656	TRUE
C07_bin.45	o__Clostridiales (UID1212)	96.98	2.01	0	2647519	0	75	75	62274	62274	35300.0	35300.0	167651	167651	61.6	87.29	2665	TRUE
C07_bin.5	k__Bacteria (UID203)	84.61	6.93	77.78	2775541	0	144	144	29284	29284	19274.0	19274.0	166655	166655	57.2	87.04	2600	TRUE
C07_bin.52	o__Clostridiales (UID1212)	94.9	0.68	0	3109143	0	154	154	36907	36907	20189.0	20189.0	132153	132153	58.6	87.28	2936	TRUE
C07_bin.53	o__Burkholderiales (UID4000)	80.85	1.81	12.5	1828995	0	459	459	4345	4345	3984.0	3984.0	22346	22346	50.1	89	2030	TRUE
C07_bin.55	p__Bacteroidetes (UID2605)	94.09	4.97	53.33	3075178	0	86	86	66858	66858	35757.0	35757.0	176712	176712	59.9	91.42	2437	TRUE
C07_bin.6	o__Clostridiales (UID1212)	83.18	6.88	14.29	2553436	0	343	343	11992	11992	7444.0	7444.0	43958	43958	58.5	88.81	2576	TRUE
C07_bin.60	k__Bacteria (UID2329)	92.13	4.49	0	1338602	0	44	44	54917	54917	30422.0	30422.0	100503	100503	25.7	90.18	1386	TRUE
C07_bin.61	f__Bifidobacteriaceae (UID1462)	91.08	2.0	28.57	2034439	0	185	185	17035	17035	10996.0	10996.0	111107	111107	60	87.5	1795	TRUE
C07_bin.62	o__Clostridiales (UID1120)	96.0	1.52	0	2779287	0	192	192	21392	21392	14475.0	14475.0	93414	93414	58.6	87.27	2341	TRUE
C07_bin.63	p__Actinobacteria (UID2112)	95.16	0.0	0	2519957	0	88	88	49847	49847	28635.0	28635.0	136397	136397	63.7	87.17	2155	TRUE
C07_bin.64	c__Clostridia (UID1118)	96.37	1.28	33.33	1744118	0	142	142	19320	19320	12282.0	12282.0	84921	84921	54	89.58	1727	TRUE
C07_bin.66	k__Bacteria (UID203)	89.34	8.67	26.09	2129260	0	238	238	12741	12741	8946.0	8946.0	52986	52986	57.3	88.32	2135	TRUE
C07_bin.69	o__Clostridiales (UID1212)	86.56	1.9	16.67	2215164	0	416	416	7165	7165	5324.0	5324.0	37272	37272	64.1	90.5	2279	TRUE
C07_bin.7	p__Bacteroidetes (UID2605)	98.61	0.98	33.33	2295122	0	28	28	148524	148524	81968.0	81968.0	432453	432453	54.3	86.79	2062	TRUE
C07_bin.71	o__Clostridiales (UID1212)	82.47	2.35	25	1704489	0	305	305	7373	7373	5588.0	5588.0	20434	20434	61.2	88.53	1763	TRUE
C07_bin.75	c__Clostridia (UID1118)	93.95	0.81	0	1483827	0	15	15	190176	190176	98921.0	98921.0	366669	366669	48.9	90.23	1324	TRUE
C07_bin.77	f__Lachnospiraceae (UID1286)	96.82	1.33	0	2312393	0	150	150	23474	23474	15415.0	15415.0	90970	90970	42.6	89.41	2146	TRUE
C07_bin.80	o__Clostridiales (UID1212)	82.33	1.01	0	1943430	0	121	121	28270	28270	16061.0	16061.0	71797	71797	61.9	86.86	1676	TRUE
C07_bin.83	k__Bacteria (UID2982)	97.96	0.0	0	2677756	0	24	24	178196	178196	111573.0	111573.0	820954	820954	55.4	88.26	2263	TRUE
C07_bin.84	p__Proteobacteria (UID3887)	98.84	0.0	0	2800461	0	99	99	44453	44453	28287.0	28287.0	147423	147423	55.3	86.91	2298	TRUE
C07_bin.89	c__Deltaproteobacteria (UID3218)	99.62	0.0	0	3897926	0	383	383	14434	14434	10177.0	10177.0	72467	72467	60.3	84.48	3463	TRUE
C07_bin.9	o__Clostridiales (UID1212)	95.92	0.68	0	2651771	0	218	218	17111	17111	12164.0	12164.0	72298	72298	56.1	83.98	2255	TRUE
C07_bin.90	k__Bacteria (UID2565)	92.47	0.0	0	1723733	0	49	49	56197	56197	35178.0	35178.0	199548	199548	49.2	90.03	1736	TRUE
C07_bin.94	o__Clostridiales (UID1212)	95.71	1.87	75	2128704	0	72	72	46520	46520	29565.0	29565.0	163652	163652	59.7	86.55	1940	TRUE
C08_bin.11	k__Bacteria (UID2565)	93.55	0.0	0	1721910	0	42	42	58359	58359	40997.0	40997.0	253814	253814	49.2	89.58	1730	TRUE
C08_bin.14	c__Clostridia (UID1118)	94.35	0.16	100	2016077	0	187	187	15361	15361	10781.0	10781.0	46917	46917	52.1	88.87	1899	TRUE
C08_bin.16	f__Lachnospiraceae (UID1255)	95.79	1.05	0	3004013	0	87	87	63490	63490	34528.0	34528.0	189478	189478	48.3	88.58	2705	TRUE
C08_bin.17	o__Clostridiales (UID1212)	97.99	0.06	0	2580687	0	70	70	55269	55269	36866.0	36866.0	213203	213203	47.4	88.29	2445	TRUE
C08_bin.18	k__Bacteria (UID2329)	97.19	0.0	0	1762800	0	153	153	23854	23854	11521.0	11521.0	103565	103565	29.4	90.06	1711	TRUE
C08_bin.19	o__Clostridiales (UID1212)	97.99	0.0	0	2668604	0	25	25	130892	130892	106744.0	106744.0	259277	259277	44.3	91.16	2438	TRUE
C08_bin.21	o__Bacteroidales (UID2621)	95.53	0.77	0	4443215	0	44	44	175955	175955	100982.0	100982.0	390758	390758	45	91.25	3683	TRUE
C08_bin.23	o__Clostridiales (UID1212)	84.16	1.01	0	2889616	0	89	89	62015	62015	32467.0	32467.0	352181	352181	42.1	87.96	2592	TRUE
C08_bin.24	o__Bacteroidales (UID2657)	97.56	9.74	27.91	7389994	0	125	125	117748	117748	59119.0	59119.0	386953	386953	42.5	90.89	5671	TRUE
C08_bin.27	o__Clostridiales (UID1212)	92.28	6.26	23.08	2745719	0	110	110	43769	43769	24961.0	24961.0	105959	105959	58.4	87.29	2682	TRUE
C08_bin.28	o__Clostridiales (UID1212)	93.75	2.72	71.43	1948442	0	108	108	24906	24906	18041.0	18041.0	68106	68106	61.1	87.11	1791	TRUE
C08_bin.30	f__Lachnospiraceae (UID1286)	99.52	2.9	6.67	3375950	0	78	78	68634	68634	43281.0	43281.0	214129	214129	46.6	88.96	3036	TRUE
C08_bin.32	k__Bacteria (UID2565)	97.75	0.0	0	1783362	0	40	40	60026	60026	44584.0	44584.0	141034	141034	51.4	85.5	1653	TRUE
C08_bin.33	o__Clostridiales (UID1212)	96.31	4.96	20	2871119	0	254	254	18458	18458	11303.0	11303.0	87974	87974	56.8	86.56	2891	TRUE
C08_bin.34	o__Clostridiales (UID1120)	80.71	1.17	25	1502999	0	368	368	4705	4705	4084.0	4084.0	22011	22011	60	85.77	1470	TRUE
C08_bin.38	o__Clostridiales (UID1212)	90.51	7.02	87.5	2504238	0	305	305	11848	11848	8210.0	8210.0	55395	55395	60.3	87.18	2308	TRUE
C08_bin.40	p__Bacteroidetes (UID2605)	100.0	1.12	33.33	3012682	0	76	76	68542	68542	39640.0	39640.0	257409	257409	59.5	88.15	2444	TRUE
C08_bin.42	o__Bacteroidales (UID2617)	99.62	0.38	0	3150370	0	29	29	209393	209393	108633.0	108633.0	324607	324607	43.5	89.38	2662	TRUE
C08_bin.48	f__Lachnospiraceae (UID1255)	89.62	1.77	0	3020355	0	169	169	27483	27483	17871.0	17871.0	100948	100948	42	91.1	2780	TRUE
C08_bin.49	f__Lachnospiraceae (UID1286)	96.78	0.97	33.33	2959679	0	58	58	77796	77796	51028.0	51028.0	235870	235870	49.6	89.71	2665	TRUE
C08_bin.50	p__Proteobacteria (UID3887)	85.71	0.0	0	2637781	0	40	40	94638	94638	65944.0	65944.0	196534	196534	55.5	86.56	2213	TRUE
C08_bin.52	o__Clostridiales (UID1212)	82.16	2.04	100	1884734	0	86	86	34166	34166	21915.0	21915.0	102338	102338	58.8	86.2	1698	TRUE
C08_bin.60	p__Bacteroidetes (UID2605)	96.63	0.19	50	2159857	0	87	87	33839	33839	24825.0	24825.0	137468	137468	56.9	86.56	1884	TRUE
C08_bin.61	f__Lachnospiraceae (UID1286)	87.11	2.05	20	2204350	0	358	358	7686	7686	6157.0	6157.0	35336	35336	42.9	89.57	2228	TRUE
C08_bin.63	o__Clostridiales (UID1212)	86.24	0.0	0	1956374	0	57	57	50807	50807	34322.0	34322.0	130916	130916	58.9	86.77	1876	TRUE
C08_bin.64	k__Bacteria (UID203)	96.55	5.17	68.75	2192444	0	40	40	104907	104907	54811.0	54811.0	288861	288861	54.8	86.91	1916	TRUE
C08_bin.66	o__Clostridiales (UID1212)	97.99	1.34	0	2769805	0	32	32	110178	110178	86556.0	86556.0	275416	275416	37.7	90.19	2564	TRUE
C08_bin.67	k__Bacteria (UID2569)	96.24	0.0	0	3752058	0	83	83	66831	66831	45205.0	45205.0	199318	199318	43.4	89.46	3118	TRUE
C08_bin.68	o__Bacteroidales (UID2657)	99.26	0.0	0	3786591	0	35	35	278296	278296	108188.0	108188.0	685262	685262	48.5	91.18	2994	TRUE
C08_bin.7	o__Clostridiales (UID1212)	90.39	0.0	0	2211357	0	117	117	26956	26956	18900.0	18900.0	94560	94560	41.3	90.87	2058	TRUE
C08_bin.71	o__Clostridiales (UID1212)	85.7	1.7	50	1831993	0	227	227	10665	10665	8070.0	8070.0	46952	46952	53.8	88.78	1874	TRUE
C08_bin.74	c__Deltaproteobacteria (UID3218)	95.27	0.0	0	3891070	0	529	529	10285	10285	7355.0	7355.0	40803	40803	60.1	84.91	3568	TRUE
C08_bin.77	o__Bacteroidales (UID2657)	87.63	3.37	7.69	3031129	0	93	93	82736	82736	32592.0	32592.0	215765	215765	45.5	91.46	2542	TRUE
C08_bin.8	o__Clostridiales (UID1120)	98.6	0.93	0	2913700	0	212	212	20720	20720	13743.0	13743.0	77866	77866	58.3	87.16	2536	TRUE
C08_bin.81	o__Clostridiales (UID1212)	97.99	1.23	33.33	1951960	0	106	106	28775	28775	18414.0	18414.0	123178	123178	39.1	87.34	1900	TRUE
C08_bin.82	o__Clostridiales (UID1212)	89.88	1.16	75	2582022	0	189	189	20778	20778	13661.0	13661.0	135972	135972	43.6	88.4	2345	TRUE
C08_bin.86	o__Selenomonadales (UID1024)	99.38	1.5	0	2142108	0	22	22	153557	153557	97368.0	97368.0	289736	289736	44.2	90.13	1995	TRUE
C08_bin.87	o__Clostridiales (UID1212)	98.32	0.0	0	2546389	0	58	58	59629	59629	43903.0	43903.0	222896	222896	44.9	86.71	2221	TRUE
D01_bin.11	o__Clostridiales (UID1120)	89.97	1.17	0	2608532	0	407	407	8774	8774	6409.0	6409.0	39063	39063	57.7	88.74	2640	TRUE
D01_bin.12	o__Clostridiales (UID1212)	85.76	7.04	13.04	2652751	0	461	461	7183	7183	5754.0	5754.0	46680	46680	58.7	89.2	2707	TRUE
D01_bin.16	p__Actinobacteria (UID2112)	95.16	0.81	100	2638544	0	69	69	58277	58277	38239.0	38239.0	204161	204161	63.4	87.27	2236	TRUE
D01_bin.20	o__Clostridiales (UID1212)	92.56	0.67	100	1966865	0	166	166	17736	17736	11848.0	11848.0	84750	84750	52.6	89.17	1907	TRUE
D01_bin.21	f__Lachnospiraceae (UID1286)	95.07	0.0	0	2436334	0	78	78	49457	49457	31235.0	31235.0	149738	149738	41.8	88.66	2273	TRUE
D01_bin.23	o__Clostridiales (UID1212)	97.52	2.01	0	2432592	0	113	113	29099	29099	21527.0	21527.0	119306	119306	37.4	89.97	2369	TRUE
D01_bin.24	k__Bacteria (UID2982)	97.96	0.0	0	2800510	0	26	26	191815	191815	107711.0	107711.0	399402	399402	55.5	88.32	2363	TRUE
D01_bin.25	p__Bacteroidetes (UID2605)	96.63	0.0	0	2171788	0	27	27	172651	172651	80436.0	80436.0	300783	300783	56.7	86.23	1842	TRUE
D01_bin.28	o__Bacteroidales (UID2657)	94.73	2.04	55.56	5255509	0	108	108	75467	75467	48662.0	48662.0	484528	484528	42.6	89.98	4130	TRUE
D01_bin.34	o__Clostridiales (UID1212)	96.6	0.95	75	2420901	0	234	234	14355	14355	10345.0	10345.0	58640	58640	56.5	84.04	2111	TRUE
D01_bin.36	o__Clostridiales (UID1212)	92.45	0.11	100	2092700	0	128	128	25615	25615	16349.0	16349.0	106473	106473	55.8	84.56	1954	TRUE
D01_bin.38	f__Lachnospiraceae (UID1255)	96.67	0.77	0	2858549	0	72	72	77770	77770	39702.0	39702.0	189039	189039	48.4	88.82	2536	TRUE
D01_bin.40	o__Clostridiales (UID1212)	99.33	6.26	10.53	3897266	0	233	233	38197	38197	16726.0	16726.0	172245	172245	37.8	82.93	3672	TRUE
D01_bin.44	o__Clostridiales (UID1226)	82.23	1.1	50	2964808	0	276	276	16906	16906	10742.0	10742.0	126993	126993	41.7	86.6	2758	TRUE
D01_bin.46	o__Clostridiales (UID1120)	97.9	5.01	0	3004507	0	87	87	49009	49009	34534.0	34534.0	216515	216515	58.2	87.29	2504	TRUE
D01_bin.47	o__Bacteroidales (UID2654)	98.5	2.26	28.57	4708957	0	85	85	107943	107943	55399.0	55399.0	230056	230056	42.1	89.78	3890	TRUE
D01_bin.53	o__Clostridiales (UID1226)	91.35	3.45	16.67	2748009	0	44	44	105204	105204	62454.0	62454.0	265631	265631	48.1	88.07	2443	TRUE
D01_bin.57	o__Clostridiales (UID1212)	95.3	0.55	14.29	2066188	0	55	55	55058	55058	37567.0	37567.0	117416	117416	58.8	87.24	1969	TRUE
D01_bin.60	f__Lachnospiraceae (UID1286)	87.62	2.17	0	2713225	0	50	50	105618	105618	54264.0	54264.0	307461	307461	43.6	90.36	2590	TRUE
D01_bin.63	c__Deltaproteobacteria (UID3218)	86.17	1.48	33.33	1904056	0	442	442	5158	5158	4307.0	4307.0	19170	19170	59.5	88.39	1949	TRUE
D01_bin.64	o__Bacteroidales (UID2657)	98.88	0.0	0	4583710	0	32	32	232984	232984	143240.0	143240.0	524713	524713	46.3	91.28	3790	TRUE
D01_bin.65	o__Clostridiales (UID1212)	95.42	2.61	80	2069385	0	170	170	16881	16881	12172.0	12172.0	98452	98452	59.9	87.71	1959	TRUE
D01_bin.66	f__Bifidobacteriaceae (UID1462)	94.59	1.11	75	2113536	0	85	85	43475	43475	24865.0	24865.0	125706	125706	60.1	88.05	1807	TRUE
D01_bin.67	p__Actinobacteria (UID2112)	100.0	0.81	0	2107207	0	50	50	61827	61827	42144.0	42144.0	202472	202472	60.1	87.04	1822	TRUE
D01_bin.68	p__Actinobacteria (UID2112)	80.65	0.81	0	1538018	0	16	16	125173	125173	96126.0	96126.0	337106	337106	53.5	86	1329	TRUE
D01_bin.71	p__Bacteroidetes (UID2605)	92.7	2.4	33.33	2308422	0	412	412	7106	7106	5602.0	5602.0	38885	38885	59.1	84.81	2151	TRUE
D01_bin.76	o__Clostridiales (UID1212)	97.15	1.68	42.86	2403669	0	164	164	23714	23714	14656.0	14656.0	81484	81484	38.4	90.91	2280	TRUE
D01_bin.78	o__Clostridiales (UID1212)	99.33	1.01	0	2080171	0	24	24	210052	210052	86673.0	86673.0	377152	377152	41.1	87.95	1947	TRUE
D02_bin.11	o__Bacteroidales (UID2654)	98.87	0.38	33.33	4397902	0	76	76	94363	94363	57867.0	57867.0	309191	309191	42.1	90.12	3564	TRUE
D02_bin.20	f__Lachnospiraceae (UID1255)	82.92	2.78	33.33	2258210	0	423	423	6538	6538	5338.0	5338.0	32699	32699	49.7	89.48	2245	TRUE
D02_bin.21	p__Bacteroidetes (UID2605)	98.8	4.35	33.33	2257997	0	91	91	41261	41261	24813.0	24813.0	157863	157863	55	86.57	2014	TRUE
D02_bin.28	o__Clostridiales (UID1226)	85.87	1.48	75	2770257	0	279	279	15682	15682	9929.0	9929.0	83299	83299	50.4	90.51	2561	TRUE
D02_bin.3	k__Bacteria (UID203)	82.23	1.79	100	1939643	0	65	65	49152	49152	29840.0	29840.0	141644	141644	59.8	87.59	1754	TRUE
D02_bin.33	o__Bacteroidales (UID2657)	93.3	0.28	100	3642581	0	299	299	19531	19531	12182.0	12182.0	69603	69603	47.8	91.39	3127	TRUE
D02_bin.37	o__Bacteroidales (UID2621)	94.5	0.38	0	3815343	0	77	77	68698	68698	49549.0	49549.0	172172	172172	45.8	90.12	3177	TRUE
D02_bin.38	f__Bifidobacteriaceae (UID1462)	88.36	0.58	100	1889980	0	28	28	98464	98464	67499.0	67499.0	282068	282068	62.9	85.89	1565	TRUE
D02_bin.45	o__Clostridiales (UID1226)	84.31	1.79	25	2096168	0	172	172	16438	16438	12187.0	12187.0	61030	61030	49.8	86.93	1860	TRUE
D02_bin.46	o__Clostridiales (UID1212)	95.08	2.68	16.67	1892302	0	157	157	16829	16829	12052.0	12052.0	56976	56976	59.4	87.18	1886	TRUE
D02_bin.51	o__Clostridiales (UID1212)	91.61	2.63	44.44	2228326	0	137	137	26464	26464	16265.0	16265.0	97387	97387	60.8	86.81	1960	TRUE
D02_bin.53	p__Actinobacteria (UID2112)	95.21	1.83	22.22	1969957	0	249	249	10667	10667	7911.0	7911.0	42928	42928	62.5	85.53	1745	TRUE
D02_bin.63	o__Clostridiales (UID1226)	97.68	2.97	15.38	3095548	0	70	70	77467	77467	44222.0	44222.0	269472	269472	47.8	88.37	2737	TRUE
D02_bin.68	f__Lachnospiraceae (UID1286)	86.23	0.66	7.14	2486637	0	53	53	68469	68469	46917.0	46917.0	251569	251569	41.8	88.49	2280	TRUE
D02_bin.7	o__Clostridiales (UID1212)	99.33	5.5	7.14	4129291	0	348	348	22451	22451	11865.0	11865.0	89867	89867	38	82.92	3922	TRUE
D02_bin.9	p__Bacteroidetes (UID2605)	94.9	1.44	25	2779408	0	123	123	30822	30822	22596.0	22596.0	168914	168914	59.6	90.47	2334	TRUE
D03_bin.1	p__Bacteroidetes (UID2605)	98.12	0.0	0	2524952	0	41	41	84444	84444	61584.0	61584.0	244146	244146	58.6	84.08	2035	TRUE
D03_bin.12	p__Bacteroidetes (UID2605)	87.74	8.23	0	2728950	0	35	35	182128	182128	77970.0	77970.0	424447	424447	59.9	88.61	2230	TRUE
D03_bin.13	o__Bacteroidales (UID2621)	80.42	2.69	11.11	3135084	0	44	44	87387	87387	71251.0	71251.0	244285	244285	46.1	89.82	2591	TRUE
D03_bin.14	o__Clostridiales (UID1212)	84.92	2.01	33.33	1670895	0	345	345	5709	5709	4843.0	4843.0	31989	31989	47.6	90.71	1776	TRUE
D03_bin.15	o__Clostridiales (UID1212)	90.44	6.6	92.86	1844131	0	410	410	5618	5618	4497.0	4497.0	39973	39973	58.7	88.04	2030	TRUE
D03_bin.18	c__Deltaproteobacteria (UID3218)	91.04	0.19	16.67	3750402	0	409	409	12527	12527	9169.0	9169.0	57517	57517	60.5	85.36	3364	TRUE
D03_bin.19	k__Bacteria (UID2569)	93.55	0.72	0	3802550	0	173	173	34322	34322	21980.0	21980.0	119554	119554	43.5	89.94	3247	TRUE
D03_bin.23	p__Proteobacteria (UID3887)	96.89	0.1	0	2782887	0	139	139	35295	35295	20020.0	20020.0	111551	111551	55.3	86.93	2331	TRUE
D03_bin.26	p__Bacteroidetes (UID2605)	98.24	2.08	0	2545563	0	47	47	91974	91974	54160.0	54160.0	339131	339131	54.5	87.23	2263	TRUE
D03_bin.27	k__Bacteria (UID2329)	96.25	2.25	0	2639003	0	425	425	10845	10845	6209.0	6209.0	59286	59286	31.8	88.89	2791	TRUE
D03_bin.3	k__Bacteria (UID2329)	92.7	3.37	0	1277552	0	14	14	166656	166656	91253.0	91253.0	326240	326240	26.1	89.45	1306	TRUE
D03_bin.37	o__Bacteroidales (UID2621)	93.3	1.28	50	4208187	0	252	252	29011	29011	16699.0	16699.0	100231	100231	45.5	91.42	3598	TRUE
D03_bin.4	k__Bacteria (UID2329)	93.26	0.0	0	1631741	0	22	22	226644	226644	74170.0	74170.0	447826	447826	29.4	91.47	1456	TRUE
D03_bin.40	o__Bacteroidales (UID2657)	88.53	1.02	60	3527586	0	191	191	31611	31611	18469.0	18469.0	130898	130898	47.4	91.25	3011	TRUE
D03_bin.44	p__Actinobacteria (UID2112)	82.0	1.73	0	1133190	0	311	311	3924	3924	3643.0	3643.0	14613	14613	55.3	91.12	1212	TRUE
D03_bin.50	f__Lachnospiraceae (UID1255)	93.34	1.53	50	2981344	0	323	323	14746	14746	9230.0	9230.0	93498	93498	49.2	88.3	2912	TRUE
D03_bin.53	k__Bacteria (UID203)	84.64	5.17	93.75	2621621	0	101	101	43457	43457	25956.0	25956.0	172389	172389	59.5	90.34	2181	TRUE
D03_bin.55	p__Bacteroidetes (UID2605)	99.04	0.0	0	2787752	0	23	23	228489	228489	121206.0	121206.0	539741	539741	55	89.53	2315	TRUE
D03_bin.57	f__Bifidobacteriaceae (UID1462)	97.35	4.93	58.33	2274623	0	137	137	27013	27013	16603.0	16603.0	94457	94457	60.3	87.72	1991	TRUE
D03_bin.59	o__Clostridiales (UID1212)	87.31	5.85	56.52	2109425	0	224	224	13291	13291	9417.0	9417.0	43144	43144	61.8	88.44	2089	TRUE
D03_bin.66	k__Bacteria (UID2982)	97.96	0.0	0	2764986	0	28	28	191099	191099	98749.0	98749.0	833559	833559	55.4	88.46	2358	TRUE
D03_bin.71	o__Clostridiales (UID1120)	98.6	1.17	0	2871040	0	80	80	56261	56261	35888.0	35888.0	104233	104233	58.4	87.04	2430	TRUE
D03_bin.74	o__Clostridiales (UID1212)	92.79	0.67	100	1869766	0	280	280	8757	8757	6677.0	6677.0	41951	41951	59.6	88.6	1945	TRUE
D03_bin.75	p__Bacteroidetes (UID2605)	92.39	0.24	0	2658506	0	34	34	117035	117035	78191.0	78191.0	267322	267322	59	90.12	2175	TRUE
D03_bin.77	o__Clostridiales (UID1212)	94.63	0.0	0	2137208	0	110	110	42939	42939	19429.0	19429.0	175843	175843	53.7	88.54	2018	TRUE
D03_bin.8	f__Lachnospiraceae (UID1286)	86.61	4.07	33.33	1982557	0	387	387	6600	6600	5122.0	5122.0	23577	23577	43.1	89.38	2054	TRUE
D03_bin.84	f__Bifidobacteriaceae (UID1458)	90.8	3.41	50	1812989	0	111	111	26793	26793	16333.0	16333.0	99002	99002	56.3	88.02	1571	TRUE
D03_bin.85	o__Clostridiales (UID1212)	80.11	6.12	66.67	1796285	0	410	410	5210	5210	4381.0	4381.0	21591	21591	60.4	87.6	1921	TRUE
D03_bin.86	o__Bacteroidales (UID2657)	94.42	7.06	21.74	3863130	0	121	121	51306	51306	31926.0	31926.0	157560	157560	44.3	90.48	3284	TRUE
D03_bin.88	o__Clostridiales (UID1226)	97.75	7.93	12.5	2728877	0	207	207	22202	22202	13182.0	13182.0	71575	71575	49	88.67	2484	TRUE
D03_bin.89	p__Actinobacteria (UID2112)	99.19	2.15	0	2059213	0	75	75	41861	41861	27456.0	27456.0	103431	103431	60.1	86.99	1755	TRUE
D03_bin.90	o__Clostridiales (UID1212)	98.64	5.82	6.25	2467791	0	218	218	16004	16004	11320.0	11320.0	43248	43248	56.5	83.68	2129	TRUE
D03_bin.91	f__Lachnospiraceae (UID1286)	92.95	3.26	18.18	2825624	0	53	53	119988	119988	53313.0	53313.0	264398	264398	43.7	90.51	2665	TRUE
D04_bin.18	f__Lachnospiraceae (UID1256)	90.16	3.61	50	2310066	0	145	145	24657	24657	15931.0	15931.0	76237	76237	42.4	90.01	2208	TRUE
D04_bin.20	o__Clostridiales (UID1212)	95.24	1.02	16.67	2347251	0	61	61	57584	57584	38479.0	38479.0	158429	158429	60.3	86.73	2034	TRUE
D04_bin.22	o__Lactobacillales (UID544)	94.01	0.0	0	1709799	0	77	77	45758	45758	22205.0	22205.0	130776	130776	38.9	84.36	1834	TRUE
D04_bin.26	p__Actinobacteria (UID2112)	97.31	0.22	0	2454212	0	133	133	32001	32001	18452.0	18452.0	204543	204543	63.8	86.9	2126	TRUE
D04_bin.28	o__Clostridiales (UID1212)	89.26	0.67	0	3052689	0	159	159	35360	35360	19199.0	19199.0	127564	127564	38.3	82.52	2685	TRUE
D04_bin.38	o__Clostridiales (UID1226)	87.34	1.03	50	2441655	0	78	78	50766	50766	31303.0	31303.0	148224	148224	45.2	88.4	2215	TRUE
D04_bin.40	o__Clostridiales (UID1212)	82.02	2.96	0	1820193	0	317	317	7479	7479	5741.0	5741.0	66573	66573	54	88.35	1881	TRUE
D04_bin.44	c__Deltaproteobacteria (UID3218)	96.2	1.78	0	3752474	0	545	545	8998	8998	6885.0	6885.0	39293	39293	60.3	84.66	3445	TRUE
D04_bin.48	o__Selenomonadales (UID1024)	97.01	1.5	0	2225210	0	17	17	321839	321839	130894.0	130894.0	561307	561307	44.1	90.1	2128	TRUE
D04_bin.5	o__Clostridiales (UID1212)	99.33	0.47	0	3346111	0	102	102	49852	49852	32805.0	32805.0	152725	152725	62.2	88.51	3249	TRUE
D04_bin.50	o__Clostridiales (UID1212)	96.09	4.83	66.67	2239689	0	78	78	50545	50545	28713.0	28713.0	159567	159567	57.8	87.04	2044	TRUE
D04_bin.52	o__Clostridiales (UID1212)	96.17	1.34	0	2389402	0	244	244	14098	14098	9792.0	9792.0	83514	83514	38.5	91.1	2271	TRUE
D04_bin.58	o__Clostridiales (UID1212)	97.32	2.57	40	2624906	0	274	274	14878	14878	9579.0	9579.0	66788	66788	45.3	87.64	2778	TRUE
D04_bin.64	o__Bacteroidales (UID2621)	96.73	0.19	0	4537012	0	43	43	208668	208668	105511.0	105511.0	681953	681953	45.1	91.02	3762	TRUE
D04_bin.7	p__Actinobacteria (UID2112)	99.19	0.81	0	2044902	0	57	57	52868	52868	35875.0	35875.0	178329	178329	60.3	87.57	1760	TRUE
D05_bin.10	p__Bacteroidetes (UID2605)	84.97	1.54	75	2573952	0	41	41	104063	104063	62779.0	62779.0	258488	258488	59.6	90.04	2094	TRUE
D05_bin.104	k__Bacteria (UID203)	98.28	5.17	40.74	4615107	0	154	154	53533	53533	29968.0	29968.0	197967	197967	46.3	91.02	4004	TRUE
D05_bin.12	o__Clostridiales (UID1212)	91.21	0.98	20	2159472	0	265	265	11287	11287	8148.0	8148.0	42096	42096	63.7	91.64	2165	TRUE
D05_bin.14	p__Bacteroidetes (UID2605)	93.8	1.28	20	2392253	0	279	279	12627	12627	8574.0	8574.0	40213	40213	55.9	90.53	2156	TRUE
D05_bin.15	o__Bacteroidales (UID2617)	96.6	0.0	0	3018300	0	104	104	45200	45200	29022.0	29022.0	117464	117464	38.5	89.18	2406	TRUE
D05_bin.16	p__Bacteroidetes (UID2605)	96.39	1.92	50	2472453	0	148	148	24867	24867	16705.0	16705.0	73218	73218	58.7	84.29	2107	TRUE
D05_bin.19	k__Bacteria (UID2982)	97.28	0.0	0	2592602	0	27	27	129974	129974	96022.0	96022.0	306925	306925	55.7	88.25	2140	TRUE
D05_bin.23	f__Lachnospiraceae (UID1286)	96.62	0.0	0	2742156	0	42	42	117496	117496	65289.0	65289.0	258556	258556	41.6	88.92	2494	TRUE
D05_bin.25	o__Bacteroidales (UID2657)	93.8	1.52	66.67	3767860	0	147	147	40377	40377	25631.0	25631.0	127120	127120	44	91.65	3031	TRUE
D05_bin.26	o__Clostridiales (UID1212)	87.61	2.04	66.67	2338627	0	139	139	26539	26539	16824.0	16824.0	231537	231537	60.6	87.05	2056	TRUE
D05_bin.30	o__Clostridiales (UID1226)	90.9	3.8	14.29	2590061	0	254	254	18205	18205	10197.0	10197.0	53936	53936	44.7	89.01	2318	TRUE
D05_bin.32	o__Lactobacillales (UID544)	100.0	0.0	0	1697585	0	72	72	44089	44089	23577.0	23577.0	118962	118962	39.1	84.51	1843	TRUE
D05_bin.33	o__Clostridiales (UID1226)	86.27	4.79	18.75	3252283	0	598	598	6993	6993	5438.0	5438.0	30033	30033	41.2	89.34	3250	TRUE
D05_bin.35	o__Bacteroidales (UID2621)	91.42	0.0	0	4143377	0	169	169	35768	35768	24517.0	24517.0	113318	113318	45.3	91.16	3445	TRUE
D05_bin.36	p__Bacteroidetes (UID2605)	92.53	1.12	40	2646287	0	65	65	59495	59495	40712.0	40712.0	183630	183630	59.4	89.91	2190	TRUE
D05_bin.39	f__Lachnospiraceae (UID1256)	92.28	4.68	0	2643780	0	95	95	70233	70233	27829.0	27829.0	184327	184327	42.8	87.85	2501	TRUE
D05_bin.4	f__Bifidobacteriaceae (UID1462)	95.21	0.58	33.33	2008039	0	75	75	45002	45002	26773.0	26773.0	92272	92272	60.2	87.67	1709	TRUE
D05_bin.45	k__Bacteria (UID1453)	81.09	5.13	45.45	1909114	0	376	376	6758	6758	5077.0	5077.0	20964	20964	37.2	89.7	2138	TRUE
D05_bin.46	o__Clostridiales (UID1212)	94.3	5.2	77.78	2165625	0	323	323	8800	8800	6704.0	6704.0	38728	38728	55.8	85.09	2181	TRUE
D05_bin.47	k__Bacteria (UID1453)	88.79	4.13	8.33	1898371	0	109	109	30113	30113	17416.0	17416.0	100555	100555	32.1	90.17	1941	TRUE
D05_bin.53	p__Actinobacteria (UID2112)	95.25	1.4	0	2521463	0	187	187	23784	23784	13483.0	13483.0	117234	117234	63.6	87.43	2247	TRUE
D05_bin.59	o__Clostridiales (UID1212)	91.61	0.67	0	2575096	0	108	108	36873	36873	23843.0	23843.0	155876	155876	45.3	87.78	2517	TRUE
D05_bin.61	g__Prevotella (UID2724)	83.78	1.18	20	2612207	0	72	72	59008	59008	36280.0	36280.0	161452	161452	45.6	88.32	2192	TRUE
D05_bin.64	o__Clostridiales (UID1212)	89.26	7.49	17.86	3437392	0	197	197	31302	31302	17448.0	17448.0	149091	149091	37.9	82.86	3124	TRUE
D05_bin.66	k__Bacteria (UID2372)	91.82	0.0	0	2130086	0	66	66	50713	50713	32274.0	32274.0	161991	161991	30	90.3	2244	TRUE
D05_bin.67	f__Lachnospiraceae (UID1255)	92.84	2.47	15.38	2566780	0	299	299	11331	11331	8584.0	8584.0	50759	50759	49.1	88.68	2459	TRUE
D05_bin.70	k__Bacteria (UID2569)	99.07	0.0	0	4089073	0	64	64	111936	111936	63891.0	63891.0	398694	398694	43.6	90.12	3354	TRUE
D05_bin.72	o__Clostridiales (UID1120)	91.16	2.13	0	2231843	0	293	293	10199	10199	7617.0	7617.0	47179	47179	49.9	85.85	2080	TRUE
D05_bin.78	c__Clostridia (UID1118)	98.79	0.27	0	2964440	0	150	150	36055	36055	19762.0	19762.0	118361	118361	61.2	89.91	2760	TRUE
D05_bin.82	o__Clostridiales (UID1212)	97.32	0.0	0	1889780	0	15	15	166972	166972	125985.0	125985.0	492385	492385	42	91.36	1719	TRUE
D05_bin.84	o__Clostridiales (UID1212)	87.27	1.01	50	1876644	0	109	109	28756	28756	17216.0	17216.0	97860	97860	52.4	87.46	1861	TRUE
D05_bin.91	o__Clostridiales (UID1212)	92.76	1.02	0	2342281	0	304	304	10707	10707	7704.0	7704.0	32667	32667	56.4	83.78	2089	TRUE
D05_bin.96	o__Clostridiales (UID1212)	94.3	0.67	0	2405660	0	63	63	53262	53262	38185.0	38185.0	162378	162378	45.1	86.83	2129	TRUE
D05_bin.97	f__Lachnospiraceae (UID1256)	82.57	1.96	18.18	2327788	0	113	113	37873	37873	20599.0	20599.0	80449	80449	41.8	88.96	2188	TRUE
D05_bin.98	k__Bacteria (UID203)	98.28	6.9	29.41	2230544	0	26	26	113138	113138	85790.0	85790.0	300928	300928	56.7	86.26	1903	TRUE
D06_bin.1	o__Clostridiales (UID1212)	91.19	2.01	0	2137815	0	263	263	11381	11381	8128.0	8128.0	66619	66619	55.8	85.36	2074	TRUE
D06_bin.12	o__Clostridiales (UID1226)	95.25	2.66	0	3340225	0	158	158	41666	41666	21140.0	21140.0	112734	112734	41.2	89.81	2895	TRUE
D06_bin.17	p__Bacteroidetes (UID2605)	97.28	0.48	0	2213501	0	28	28	137847	137847	79053.0	79053.0	310409	310409	56.4	86.75	1886	TRUE
D06_bin.21	o__Clostridiales (UID1212)	80.49	1.19	66.67	1915073	0	167	167	16218	16218	11467.0	11467.0	67608	67608	60.3	87.56	1842	TRUE
D06_bin.25	o__Clostridiales (UID1212)	95.97	0.0	0	2380026	0	71	71	54609	54609	33521.0	33521.0	107336	107336	53.6	88.47	2141	TRUE
D06_bin.26	p__Bacteroidetes (UID2605)	95.98	0.48	0	3176963	0	29	29	158697	158697	109550.0	109550.0	328014	328014	58.3	90.02	2638	TRUE
D06_bin.33	f__Lachnospiraceae (UID1286)	95.47	0.0	0	2580255	0	43	43	90227	90227	60005.0	60005.0	237147	237147	42.2	88.79	2489	TRUE
D06_bin.37	o__Clostridiales (UID1212)	84.56	1.68	0	2164118	0	59	59	57042	57042	36679.0	36679.0	156184	156184	59	88.87	1949	TRUE
D06_bin.38	o__Clostridiales (UID1212)	97.09	2.03	0	2818377	0	109	109	46711	46711	25856.0	25856.0	195248	195248	57.2	87.84	2383	TRUE
D06_bin.39	o__Clostridiales (UID1212)	94.63	2.01	14.29	2365054	0	124	124	29983	29983	19073.0	19073.0	117857	117857	62.2	87.54	2286	TRUE
D06_bin.4	o__Bacteroidales (UID2657)	94.97	1.43	36.36	4111968	0	43	43	144807	144807	95627.0	95627.0	426051	426051	46.7	91.13	3361	TRUE
D06_bin.42	c__Clostridia (UID1118)	97.18	1.13	25	3016343	0	289	289	16305	16305	10437.0	10437.0	66942	66942	61.4	90.57	2841	TRUE
D06_bin.47	f__Lachnospiraceae (UID1286)	92.14	5.88	28	3053922	0	158	158	35455	35455	19328.0	19328.0	97744	97744	46.6	89.69	2856	TRUE
D06_bin.48	k__Bacteria (UID203)	81.38	0.0	0	3421054	0	70	70	80878	80878	48872.0	48872.0	252652	252652	46.2	90.41	2906	TRUE
D06_bin.49	o__Clostridiales (UID1212)	80.7	0.76	0	1759074	0	52	52	51452	51452	33828.0	33828.0	133508	133508	58.9	86.51	1721	TRUE
D06_bin.55	o__Clostridiales (UID1212)	91.93	8.11	70.83	2599949	0	101	101	49538	49538	25742.0	25742.0	129478	129478	62.7	90.31	2464	TRUE
D06_bin.56	o__Clostridiales (UID1212)	97.28	1.36	0	2535766	0	231	231	14908	14908	10977.0	10977.0	76938	76938	56.5	83.39	2155	TRUE
D06_bin.58	o__Clostridiales (UID1212)	86.62	1.16	25	2147099	0	209	209	13275	13275	10273.0	10273.0	50274	50274	63.1	90.46	2085	TRUE
D06_bin.59	f__Lachnospiraceae (UID1255)	98.85	0.57	0	2784026	0	83	83	57406	57406	33542.0	33542.0	249459	249459	48.6	88.58	2454	TRUE
D06_bin.61	o__Clostridiales (UID1212)	83.56	0.0	0	2211006	0	37	37	74971	74971	59756.0	59756.0	387431	387431	43.7	88.18	2021	TRUE
D06_bin.65	f__Lachnospiraceae (UID1286)	95.89	2.66	22.22	3027781	0	107	107	54651	54651	28297.0	28297.0	187175	187175	43.3	90	2933	TRUE
D06_bin.7	o__Bacteroidales (UID2617)	83.03	0.0	0	2352069	0	440	440	7261	7261	5345.0	5345.0	35025	35025	44.3	89.65	2144	TRUE
D06_bin.71	p__Bacteroidetes (UID2605)	96.95	1.2	33.33	3070391	0	196	196	23244	23244	15665.0	15665.0	78925	78925	59.3	90.52	2610	TRUE
D06_bin.8	o__Clostridiales (UID1212)	97.32	0.34	0	2024922	0	10	10	246452	246452	202492.0	202492.0	633010	633010	53.4	90.81	1871	TRUE
D06_bin.80	c__Clostridia (UID1118)	99.19	1.08	0	1781490	0	66	66	42218	42218	26992.0	26992.0	95059	95059	53.5	89.05	1697	TRUE
D06_bin.82	o__Clostridiales (UID1212)	91.61	0.0	0	2237500	0	92	92	39667	39667	24320.0	24320.0	99295	99295	60.8	86.75	1959	TRUE
D06_bin.88	f__Lachnospiraceae (UID1286)	97.99	0.72	0	2925494	0	54	54	125520	125520	54175.0	54175.0	224541	224541	49.4	89.59	2627	TRUE
D06_bin.89	k__Bacteria (UID2982)	97.96	1.36	0	3141953	0	32	32	140187	140187	98186.0	98186.0	394371	394371	57.7	87.84	2619	TRUE
D06_bin.94	f__Bifidobacteriaceae (UID1462)	92.84	2.04	43.75	2209992	0	79	79	40372	40372	27974.0	27974.0	241774	241774	60.2	87.64	1890	TRUE
D06_bin.95	p__Actinobacteria (UID2112)	100.0	0.12	0	1713741	0	16	16	243973	243973	107108.0	107108.0	385694	385694	54.5	89.53	1500	TRUE
D07_bin.15	o__Clostridiales (UID1212)	92.95	3.38	0	2229361	0	38	38	92603	92603	58667.0	58667.0	338064	338064	58.3	87.03	2175	TRUE
D07_bin.19	o__Clostridiales (UID1212)	85.87	7.16	6.67	2282946	0	292	292	11443	11443	7818.0	7818.0	36556	36556	62.4	87.44	2333	TRUE
D07_bin.2	o__Clostridiales (UID1226)	96.65	3.7	66.67	3660976	0	430	430	13920	13920	8513.0	8513.0	75114	75114	41.6	86.5	3542	TRUE
D07_bin.24	o__Clostridiales (UID1226)	93.59	3.24	14.29	2656385	0	268	268	15122	15122	9911.0	9911.0	71530	71530	41.6	90.53	2416	TRUE
D07_bin.25	p__Actinobacteria (UID2112)	99.19	0.0	0	2719949	0	107	107	42881	42881	25420.0	25420.0	122748	122748	63.2	87.25	2341	TRUE
D07_bin.27	o__Clostridiales (UID1212)	90.82	0.85	0	2249545	0	93	93	38718	38718	24188.0	24188.0	200787	200787	60.6	86.71	1979	TRUE
D07_bin.29	o__Clostridiales (UID1212)	94.25	1.03	50	2353239	0	323	323	10587	10587	7285.0	7285.0	51487	51487	43.4	88.49	2385	TRUE
D07_bin.3	f__Lachnospiraceae (UID1255)	95.9	3.03	16.67	2707344	0	261	261	15789	15789	10372.0	10372.0	56200	56200	49.1	88.75	2511	TRUE
D07_bin.34	o__Bacteroidales (UID2657)	97.03	3.72	62.5	6806838	0	60	60	174429	174429	113447.0	113447.0	589337	589337	42.5	91.12	5190	TRUE
D07_bin.37	f__Lachnospiraceae (UID1256)	87.76	2.83	14.29	2581785	0	389	389	9126	9126	6636.0	6636.0	34419	34419	51.6	89.85	2550	TRUE
D07_bin.38	o__Clostridiales (UID1212)	85.03	4.97	45	1996628	0	334	334	8056	8056	5977.0	5977.0	31361	31361	37.8	90.63	2112	TRUE
D07_bin.46	o__Clostridiales (UID1212)	81.72	0.22	0	2307882	0	452	452	6110	6110	5105.0	5105.0	35824	35824	53.8	90.08	2429	TRUE
D07_bin.49	c__Deltaproteobacteria (UID3218)	98.22	0.0	0	4063003	0	206	206	36325	36325	19723.0	19723.0	160236	160236	59.8	84.04	3560	TRUE
D07_bin.51	o__Bacteroidales (UID2657)	92.19	0.0	0	4320167	0	61	61	141174	141174	70822.0	70822.0	329590	329590	46.6	90.7	3719	TRUE
D07_bin.53	o__Bacteroidales (UID2657)	95.54	2.23	42.86	5887417	0	57	57	224299	224299	103288.0	103288.0	367080	367080	43	90.27	4606	TRUE
D07_bin.55	f__Lachnospiraceae (UID1286)	99.94	5.38	4.35	3113676	0	67	67	96705	96705	46472.0	46472.0	234583	234583	43.4	89.84	2974	TRUE
D07_bin.58	o__Clostridiales (UID1212)	94.74	2.68	14.29	2427219	0	109	109	36526	36526	22268.0	22268.0	129204	129204	56.8	84.89	2330	TRUE
D07_bin.61	o__Clostridiales (UID1212)	96.64	3.06	0	2634716	0	232	232	16445	16445	11356.0	11356.0	57097	57097	56	83.49	2243	TRUE
D07_bin.63	o__Clostridiales (UID1212)	91.95	0.0	0	2371010	0	50	50	86730	86730	47420.0	47420.0	154577	154577	41	91.2	2191	TRUE
D07_bin.68	f__Lachnospiraceae (UID1286)	99.52	1.21	25	2456300	0	40	40	84732	84732	61407.0	61407.0	318438	318438	42	88.85	2254	TRUE
D07_bin.73	f__Bifidobacteriaceae (UID1462)	99.54	0.43	75	2225887	0	52	52	85152	85152	42805.0	42805.0	192986	192986	60.3	87.95	1828	TRUE
D07_bin.75	o__Clostridiales (UID1226)	96.94	2.87	57.14	2665279	0	60	60	65576	65576	44421.0	44421.0	184037	184037	45	88.16	2377	TRUE
D08_bin.10	o__Clostridiales (UID1212)	87.08	3.02	42.86	2092531	0	90	90	41412	41412	23250.0	23250.0	115285	115285	59.8	87.9	2010	TRUE
D08_bin.101	o__Bacteroidales (UID2657)	89.2	4.89	68.18	3221410	0	291	291	17482	17482	11070.0	11070.0	62029	62029	47.7	91.62	2826	TRUE
D08_bin.102	p__Proteobacteria (UID3887)	94.41	0.0	0	2222876	0	63	63	65320	65320	35283.0	35283.0	183867	183867	62.8	86.41	1954	TRUE
D08_bin.103	f__Lachnospiraceae (UID1255)	80.92	1.2	0	2902051	0	64	64	61243	61243	45344.0	45344.0	196957	196957	41.7	90.32	2632	TRUE
D08_bin.17	f__Lachnospiraceae (UID1255)	96.93	0.82	0	2945965	0	88	88	71331	71331	33476.0	33476.0	236966	236966	48.5	88.34	2665	TRUE
D08_bin.19	o__Selenomonadales (UID1024)	86.94	0.9	0	1871365	0	367	367	6381	6381	5099.0	5099.0	36327	36327	47.9	88.09	1999	TRUE
D08_bin.2	p__Bacteroidetes (UID2605)	85.15	3.55	30	2204213	0	430	430	6706	6706	5126.0	5126.0	32991	32991	60.9	89.1	2093	TRUE
D08_bin.21	p__Bacteroidetes (UID2605)	98.1	0.5	0	2182284	0	25	25	139338	139338	87291.0	87291.0	516548	516548	54.9	87.12	1941	TRUE
D08_bin.26	k__Bacteria (UID2328)	94.67	1.33	0	1854653	0	69	69	43845	43845	26879.0	26879.0	125330	125330	29.5	89.82	1731	TRUE
D08_bin.29	o__Clostridiales (UID1212)	97.32	4.45	34.48	2152106	0	80	80	40070	40070	26901.0	26901.0	74065	74065	58.9	86.81	2097	TRUE
D08_bin.30	p__Bacteroidetes (UID2605)	99.6	2.4	20	3080007	0	86	86	67362	67362	35814.0	35814.0	144861	144861	59.2	89.73	2610	TRUE
D08_bin.36	k__Bacteria (UID2569)	95.7	0.0	0	3940964	0	97	97	67404	67404	40628.0	40628.0	186712	186712	43.4	89.64	3308	TRUE
D08_bin.37	o__Clostridiales (UID1226)	93.41	5.75	37.93	2416483	0	408	408	7865	7865	5922.0	5922.0	37537	37537	49.5	88.73	2402	TRUE
D08_bin.42	o__Clostridiales (UID1120)	90.28	1.4	0	1857537	0	245	245	10962	10962	7581.0	7581.0	60489	60489	41.5	87.34	1826	TRUE
D08_bin.43	o__Clostridiales (UID1212)	82.4	0.81	0	2206490	0	505	505	5030	5030	4369.0	4369.0	23626	23626	48.9	89.32	2299	TRUE
D08_bin.45	o__Clostridiales (UID1212)	81.07	0.67	0	1983152	0	288	288	10219	10219	6885.0	6885.0	58037	58037	53.2	87.53	1942	TRUE
D08_bin.46	o__Clostridiales (UID1212)	99.33	0.34	0	2274240	0	16	16	210966	210966	142140.0	142140.0	695255	695255	38	92	2185	TRUE
D08_bin.5	o__Clostridiales (UID1212)	94.3	1.17	0	2709804	0	38	38	112362	112362	71310.0	71310.0	333985	333985	37.6	90.06	2568	TRUE
D08_bin.51	k__Bacteria (UID2565)	97.85	0.0	0	1931437	0	38	38	70072	70072	50827.0	50827.0	194859	194859	51	85.77	1823	TRUE
D08_bin.60	p__Bacteroidetes (UID2605)	91.59	0.51	50	2667547	0	64	64	108186	108186	41680.0	41680.0	204698	204698	59.3	90.11	2177	TRUE
D08_bin.61	c__Clostridia (UID1118)	93.55	1.77	33.33	1846322	0	113	113	23386	23386	16339.0	16339.0	140131	140131	50.6	87.99	1582	TRUE
D08_bin.62	k__Bacteria (UID1453)	87.18	1.14	0	2080467	0	35	35	126591	126591	59441.0	59441.0	457220	457220	35.3	92.44	2086	TRUE
D08_bin.68	k__Bacteria (UID2329)	89.33	3.37	0	1317956	0	42	42	61357	61357	31379.0	31379.0	162483	162483	25.5	91.39	1325	TRUE
D08_bin.78	f__Lachnospiraceae (UID1286)	92.11	2.42	0	2369316	0	37	37	85039	85039	64035.0	64035.0	534598	534598	42.2	89.62	2175	TRUE
D08_bin.81	f__Lachnospiraceae (UID1286)	97.37	1.21	0	2999544	0	65	65	68680	68680	46146.0	46146.0	199865	199865	49.5	89.48	2682	TRUE
D08_bin.82	o__Clostridiales (UID1212)	91.84	2.23	28.57	2270733	0	144	144	27953	27953	15768.0	15768.0	97419	97419	60.7	87.01	2010	TRUE
D08_bin.89	o__Bacteroidales (UID2621)	98.46	0.58	33.33	4297266	0	230	230	29799	29799	18683.0	18683.0	87060	87060	45.5	91.45	3647	TRUE
D08_bin.90	o__Clostridiales (UID1212)	98.99	0.0	0	2619014	0	50	50	67673	67673	52380.0	52380.0	197745	197745	44.9	87.09	2318	TRUE
D08_bin.92	p__Proteobacteria (UID3887)	84.82	2.28	16.67	1979722	0	545	545	4029	4029	3632.0	3632.0	25832	25832	55.7	87.86	2078	TRUE
D08_bin.97	o__Bacteroidales (UID2621)	99.62	0.1	0	4006905	0	42	42	184135	184135	95402.0	95402.0	334130	334130	45.3	90.23	3317	TRUE
D08_bin.98	o__Clostridiales (UID1212)	89.35	4.16	85.71	1586509	0	310	310	6590	6590	5117.0	5117.0	17979	17979	62.3	90.07	1722	TRUE
E01_bin.10	o__Clostridiales (UID1212)	82.88	0.68	0	2355251	0	41	41	105790	105790	57445.0	57445.0	209768	209768	43.2	88.07	2140	TRUE
E01_bin.104	f__Porphyromonadaceae (UID2622)	89.66	1.31	20	1728035	0	219	219	10317	10317	7890.0	7890.0	40216	40216	53.2	88.93	1475	TRUE
E01_bin.12	o__Clostridiales (UID1226)	87.48	1.27	33.33	2287335	0	110	110	34624	34624	20793.0	20793.0	123553	123553	45.1	89.24	1950	TRUE
E01_bin.14	o__Bacteroidales (UID2621)	97.61	0.13	100	4147864	0	165	165	38436	38436	25138.0	25138.0	126211	126211	45.8	91.36	3423	TRUE
E01_bin.16	f__Lachnospiraceae (UID1255)	86.78	0.57	0	2470593	0	52	52	65847	65847	47511.0	47511.0	264009	264009	44.2	89.99	2251	TRUE
E01_bin.2	o__Bacteroidales (UID2617)	98.49	0.0	0	3035229	0	34	34	128317	128317	89271.0	89271.0	278008	278008	43.5	89.42	2438	TRUE
E01_bin.21	o__Clostridiales (UID1212)	89.93	0.67	0	2240636	0	134	134	28403	28403	16721.0	16721.0	96542	96542	53.4	88.03	1961	TRUE
E01_bin.22	p__Bacteroidetes (UID2605)	96.71	2.88	44.44	2063616	0	95	95	34450	34450	21722.0	21722.0	93233	93233	55.2	86.16	1846	TRUE
E01_bin.24	o__Clostridiales (UID1212)	97.32	0.34	0	2398588	0	42	42	109123	109123	57109.0	57109.0	275099	275099	43.6	86.93	1999	TRUE
E01_bin.26	f__Bifidobacteriaceae (UID1458)	92.9	4.31	10.53	2043401	0	210	210	16728	16728	9730.0	9730.0	82294	82294	59.8	88.65	1835	TRUE
E01_bin.34	o__Clostridiales (UID1212)	90.46	0.86	0	2082799	0	300	300	9195	9195	6942.0	6942.0	60980	60980	53.7	88.24	2118	TRUE
E01_bin.44	f__Lachnospiraceae (UID1286)	98.55	0.74	0	2783310	0	51	51	128966	128966	54574.0	54574.0	367503	367503	41	89.73	2657	TRUE
E01_bin.45	k__Bacteria (UID203)	98.25	8.77	21.05	3043499	0	76	76	82464	82464	40046.0	40046.0	191685	191685	48.1	88.66	2761	TRUE
E01_bin.48	o__Clostridiales (UID1212)	91.7	1.72	60	2198668	0	363	363	7835	7835	6056.0	6056.0	26903	26903	50.8	91.33	2062	TRUE
E01_bin.5	o__Clostridiales (UID1212)	93.85	2.83	85.71	2083888	0	110	110	31207	31207	18944.0	18944.0	69995	69995	60.3	87.88	1918	TRUE
E01_bin.52	o__Bacteroidales (UID2617)	86.54	0.5	0	2762009	0	439	439	7782	7782	6291.0	6291.0	43310	43310	47.2	91.16	2647	TRUE
E01_bin.56	o__Clostridiales (UID1212)	90.0	5.7	41.18	1974320	0	249	249	11729	11729	7928.0	7928.0	52435	52435	59.3	87.29	2032	TRUE
E01_bin.57	o__Clostridiales (UID1212)	86.33	4.92	88.89	1721103	0	379	379	5464	5464	4541.0	4541.0	18299	18299	59	88.31	1883	TRUE
E01_bin.65	p__Actinobacteria (UID2112)	83.54	1.61	0	1552923	0	259	259	8297	8297	5995.0	5995.0	25728	25728	53.1	86.44	1558	TRUE
E01_bin.68	p__Actinobacteria (UID2112)	91.13	0.81	0	2021182	0	197	197	15243	15243	10259.0	10259.0	48734	48734	60.2	87.22	1794	TRUE
E01_bin.69	f__Lachnospiraceae (UID1286)	84.01	6.52	13.04	2836358	0	48	48	89365	89365	59090.0	59090.0	315866	315866	49.4	89.35	2564	TRUE
E01_bin.70	k__Bacteria (UID2982)	97.96	0.68	0	3162414	0	43	43	120572	120572	73544.0	73544.0	266420	266420	57.7	88.07	2647	TRUE
E01_bin.74	o__Clostridiales (UID1212)	91.97	4.03	0	2509876	0	190	190	19402	19402	13209.0	13209.0	83895	83895	43.8	91.69	2335	TRUE
E01_bin.76	k__Bacteria (UID2569)	88.87	0.0	0	3451900	0	354	354	14796	14796	9751.0	9751.0	69695	69695	43.8	89.94	3041	TRUE
E01_bin.79	o__Clostridiales (UID1212)	83.22	0.73	50	1932318	0	29	29	101354	101354	66631.0	66631.0	242874	242874	57.3	89.74	1875	TRUE
E01_bin.82	o__Clostridiales (UID1212)	90.16	6.38	35.29	1701431	0	333	333	7015	7015	5109.0	5109.0	27434	27434	62.2	89.79	1893	TRUE
E01_bin.83	o__Bacteroidales (UID2657)	97.42	0.37	0	4193337	0	57	57	108960	108960	73567.0	73567.0	293429	293429	46.6	91.24	3415	TRUE
E01_bin.86	o__Clostridiales (UID1212)	95.92	1.7	0	2747935	0	241	241	16463	16463	11402.0	11402.0	74124	74124	56.3	83.75	2365	TRUE
E01_bin.90	o__Bacteroidales (UID2617)	98.49	0.4	0	2603082	0	72	72	57436	57436	36153.0	36153.0	266104	266104	52.8	89.15	2076	TRUE
E01_bin.91	o__Clostridiales (UID1120)	99.3	1.17	0	3001657	0	63	63	71318	71318	47645.0	47645.0	235365	235365	58.1	87.23	2597	TRUE
E01_bin.93	p__Bacteroidetes (UID2605)	96.05	0.0	0	2079934	0	83	83	49475	49475	25059.0	25059.0	97938	97938	57.1	86.34	1758	TRUE
E01_bin.97	o__Clostridiales (UID1212)	99.33	0.67	0	2131104	0	27	27	129124	129124	78929.0	78929.0	301245	301245	40.9	87.8	2040	TRUE
E02_bin.1	f__Lachnospiraceae (UID1286)	88.86	2.42	50	2973421	0	223	223	23646	23646	13333.0	13333.0	167035	167035	47.2	89.5	2756	TRUE
E02_bin.10	o__Clostridiales (UID1212)	90.59	0.74	50	2311539	0	237	237	13134	13134	9753.0	9753.0	66274	66274	60.8	87.19	2112	TRUE
E02_bin.11	o__Bacteroidales (UID2621)	98.65	2.69	0	4717908	0	55	55	126939	126939	85780.0	85780.0	310205	310205	45.1	91.19	3957	TRUE
E02_bin.14	f__Lachnospiraceae (UID1286)	94.32	0.24	100	2535303	0	172	172	24606	24606	14740.0	14740.0	79486	79486	42.2	89.55	2378	TRUE
E02_bin.16	f__Bifidobacteriaceae (UID1458)	91.55	4.85	77.27	1904018	0	165	165	16919	16919	11539.0	11539.0	63495	63495	59.9	88.31	1632	TRUE
E02_bin.19	o__Clostridiales (UID1212)	90.18	5.32	40	2722156	0	467	467	7699	7699	5829.0	5829.0	36659	36659	58.7	89.17	2721	TRUE
E02_bin.20	o__Clostridiales (UID1212)	94.63	0.34	0	1860793	0	35	35	84264	84264	53165.0	53165.0	263849	263849	39.1	86.61	1763	TRUE
E02_bin.22	f__Lachnospiraceae (UID1286)	86.47	0.79	66.67	2395683	0	195	195	19918	19918	12285.0	12285.0	85396	85396	47	89.86	2243	TRUE
E02_bin.23	p__Bacteroidetes (UID2605)	88.29	3.61	25	2587943	0	36	36	104952	104952	71887.0	71887.0	374665	374665	59.3	90.15	2191	TRUE
E02_bin.24	o__Bacteroidales (UID2621)	97.76	0.0	0	3816307	0	55	55	86429	86429	69387.0	69387.0	216883	216883	45.7	90.07	3060	TRUE
E02_bin.28	f__Lachnospiraceae (UID1286)	87.44	2.17	9.09	3163289	0	56	56	74224	74224	56487.0	56487.0	250867	250867	43	89.38	2816	TRUE
E02_bin.3	p__Proteobacteria (UID3887)	90.58	0.0	0	2262360	0	321	321	9598	9598	7047.0	7047.0	55235	55235	60.2	87.3	2080	TRUE
E02_bin.36	f__Bifidobacteriaceae (UID1462)	84.01	7.09	25	1904075	0	395	395	6164	6164	4820.0	4820.0	25881	25881	60.4	88.25	1830	TRUE
E02_bin.38	o__Clostridiales (UID1212)	88.46	0.68	0	2177149	0	201	201	17279	17279	10831.0	10831.0	59749	59749	42.9	88.75	1925	TRUE
E02_bin.40	o__Clostridiales (UID1212)	98.36	0.0	0	2736529	0	56	56	67539	67539	48866.0	48866.0	230319	230319	44.4	89.53	2365	TRUE
E02_bin.42	o__Clostridiales (UID1120)	92.31	1.17	0	2830842	0	99	99	39521	39521	28594.0	28594.0	167954	167954	58.2	87.14	2404	TRUE
E02_bin.46	o__Clostridiales (UID1212)	85.47	4.59	50	2353470	0	92	92	38396	38396	25581.0	25581.0	106480	106480	59.8	86.78	2166	TRUE
E02_bin.47	o__Clostridiales (UID1212)	95.3	0.0	0	2546092	0	114	114	33631	33631	22334.0	22334.0	113922	113922	53.5	89	2327	TRUE
E02_bin.51	k__Bacteria (UID203)	80.17	1.72	0	2645374	0	119	119	36613	36613	22230.0	22230.0	143150	143150	59.6	90	2199	TRUE
E02_bin.52	p__Bacteroidetes (UID2605)	98.08	1.59	70	2307136	0	111	111	33017	33017	20785.0	20785.0	139194	139194	54.9	86.55	2072	TRUE
E02_bin.55	p__Bacteroidetes (UID2605)	97.74	3.7	62.5	3043864	0	58	58	80523	80523	52480.0	52480.0	199925	199925	59	89.94	2494	TRUE
E02_bin.56	f__Pasteurellaceae (UID4932)	95.18	1.61	54.55	1782414	0	276	276	8605	8605	6458.0	6458.0	35893	35893	39.6	91.18	1905	TRUE
E02_bin.60	o__Bacteroidales (UID2617)	97.55	1.04	13.33	2649506	0	43	43	102388	102388	61616.0	61616.0	334933	334933	54.9	88.82	2183	TRUE
E02_bin.61	k__Bacteria (UID2982)	96.6	0.68	0	2669002	0	26	26	123834	123834	102653.0	102653.0	411910	411910	55.6	88.28	2268	TRUE
E02_bin.62	o__Clostridiales (UID1212)	98.66	0.67	0	2599448	0	24	24	201875	201875	108310.0	108310.0	477800	477800	41.3	88.69	2251	TRUE
E02_bin.63	k__Bacteria (UID2569)	85.34	0.18	0	3183259	0	624	624	6489	6489	5101.0	5101.0	28540	28540	44.1	89.93	3045	TRUE
E02_bin.7	k__Bacteria (UID203)	84.48	5.17	62.5	2643401	0	58	58	59346	59346	45575.0	45575.0	141956	141956	60.1	88.35	2169	TRUE
E02_bin.71	f__Lachnospiraceae (UID1286)	97.99	0.72	25	3054030	0	50	50	84121	84121	61080.0	61080.0	332616	332616	49.3	89.43	2774	TRUE
E02_bin.72	p__Bacteroidetes (UID2605)	100.0	0.0	0	2546385	0	62	62	74031	74031	41070.0	41070.0	143755	143755	58.6	83.96	2073	TRUE
E02_bin.75	o__Clostridiales (UID1212)	86.84	0.0	0	2166967	0	335	335	8863	8863	6468.0	6468.0	33481	33481	43.4	88.21	2210	TRUE
E02_bin.8	o__Clostridiales (UID1226)	93.0	3.69	28.57	3069616	0	347	347	13955	13955	8846.0	8846.0	90682	90682	41.5	90.47	2839	TRUE
E03_bin.16	k__Bacteria (UID2565)	96.77	0.0	0	1778572	0	49	49	61827	61827	36297.0	36297.0	121136	121136	47.1	89.37	1761	TRUE
E03_bin.17	o__Clostridiales (UID1212)	89.09	0.73	0	2055010	0	39	39	80205	80205	52692.0	52692.0	306927	306927	60.1	87.38	1984	TRUE
E03_bin.18	f__Lachnospiraceae (UID1286)	96.27	3.18	9.09	3572453	0	312	312	19124	19124	11450.0	11450.0	85306	85306	46.7	88.59	3469	TRUE
E03_bin.20	o__Clostridiales (UID1226)	93.88	1.27	0	2517437	0	102	102	45421	45421	24680.0	24680.0	176474	176474	49.1	88.38	2241	TRUE
E03_bin.23	o__Clostridiales (UID1212)	89.68	0.84	50	1711576	0	224	224	11578	11578	7640.0	7640.0	48467	48467	48.6	89.08	1738	TRUE
E03_bin.25	o__Clostridiales (UID1212)	80.69	1.79	0	1548764	0	24	24	165083	165083	64531.0	64531.0	660415	660415	26.8	88.96	1473	TRUE
E03_bin.27	k__Bacteria (UID2569)	90.41	0.54	100	3734406	0	542	542	9375	9375	6890.0	6890.0	54030	54030	43.8	90.23	3434	TRUE
E03_bin.28	o__Bacteroidales (UID2657)	90.81	0.19	0	5037458	0	81	81	101324	101324	62190.0	62190.0	230296	230296	42.7	91.04	3764	TRUE
E03_bin.3	c__Deltaproteobacteria (UID3218)	93.52	0.59	0	3223844	0	440	440	11094	11094	7326.0	7326.0	43111	43111	61.3	85.94	2884	TRUE
E03_bin.35	o__Clostridiales (UID1226)	97.15	2.92	57.14	2699898	0	142	142	28861	28861	19013.0	19013.0	88771	88771	49.3	85.54	2385	TRUE
E03_bin.38	k__Bacteria (UID203)	82.76	0.0	0	2565750	0	43	43	85510	85510	59668.0	59668.0	165334	165334	55.5	86.17	2048	TRUE
E03_bin.39	o__Clostridiales (UID1212)	93.96	2.07	25	2148357	0	71	71	44843	44843	30258.0	30258.0	140782	140782	57.4	88.44	2020	TRUE
E03_bin.44	o__Clostridiales (UID1212)	90.6	0.85	25	1980435	0	74	74	44582	44582	26762.0	26762.0	127954	127954	59.2	86.95	1854	TRUE
E03_bin.45	o__Bacteroidales (UID2621)	97.31	3.27	0	4316661	0	81	81	92594	92594	53292.0	53292.0	249214	249214	45.3	89.32	3614	TRUE
E03_bin.50	p__Actinobacteria (UID2112)	95.16	1.61	50	2331982	0	86	86	41717	41717	27116.0	27116.0	122413	122413	64.2	87.74	2005	TRUE
E03_bin.58	o__Clostridiales (UID1212)	88.41	5.69	86.36	2279101	0	200	200	17030	17030	11395.0	11395.0	65010	65010	57.7	86.96	2201	TRUE
E03_bin.59	o__Selenomonadales (UID1024)	87.62	2.2	0	1802255	0	227	227	12799	12799	7939.0	7939.0	62993	62993	43.1	90.31	1801	TRUE
E03_bin.6	o__Bacteroidales (UID2657)	89.27	7.03	51.61	6630225	0	400	400	29401	29401	16575.0	16575.0	142689	142689	41.7	90.7	5337	TRUE
E03_bin.65	o__Bacteroidales (UID2621)	98.28	0.9	0	4565462	0	31	31	256022	256022	147272.0	147272.0	438995	438995	45.1	91.37	3766	TRUE
E03_bin.66	o__Clostridiales (UID1212)	91.95	0.0	0	1660689	0	48	48	55505	55505	34597.0	34597.0	223143	223143	54.7	91.49	1535	TRUE
E03_bin.71	p__Actinobacteria (UID2112)	99.19	0.81	0	1928810	0	45	45	57800	57800	42862.0	42862.0	211276	211276	60.2	87.32	1637	TRUE
E03_bin.8	c__Clostridia (UID1118)	97.18	0.27	0	2489189	0	123	123	32763	32763	20237.0	20237.0	86162	86162	60.4	88	2213	TRUE
E04_bin.10	f__Lachnospiraceae (UID1286)	85.53	1.78	16.67	1837964	0	96	96	27241	27241	19145.0	19145.0	68812	68812	42.2	90.34	1770	TRUE
E04_bin.14	o__Clostridiales (UID1212)	95.76	0.0	0	2074798	0	27	27	126215	126215	76844.0	76844.0	217924	217924	52.3	88.87	1895	TRUE
E04_bin.15	p__Proteobacteria (UID3887)	86.99	2.8	20	2102600	0	447	447	5425	5425	4703.0	4703.0	33300	33300	56	87.56	2072	TRUE
E04_bin.17	p__Bacteroidetes (UID2605)	83.36	0.56	66.67	2303655	0	126	126	30283	30283	18282.0	18282.0	77717	77717	60.3	90.25	1946	TRUE
E04_bin.19	f__Enterobacteriaceae (UID5103)	98.65	1.03	28.57	4472157	0	293	293	25362	25362	15263.0	15263.0	132023	132023	50.9	88.84	4364	TRUE
E04_bin.20	k__Bacteria (UID2565)	93.55	0.0	0	1669096	0	53	53	50235	50235	31492.0	31492.0	199116	199116	49.2	90.16	1679	TRUE
E04_bin.21	p__Firmicutes (UID1022)	92.88	0.63	100	2027028	0	172	172	16067	16067	11785.0	11785.0	53096	53096	52.3	77.29	1685	TRUE
E04_bin.22	o__Bacteroidales (UID2657)	93.96	8.86	55.26	7099198	0	118	118	122019	122019	60162.0	60162.0	371693	371693	42.6	91.06	5309	TRUE
E04_bin.23	p__Bacteroidetes (UID2605)	92.79	0.96	0	2141307	0	27	27	137611	137611	79307.0	79307.0	333243	333243	54.6	86.98	1933	TRUE
E04_bin.29	o__Bacteroidales (UID2617)	99.25	0.0	0	3311021	0	25	25	213348	213348	132440.0	132440.0	400782	400782	43.5	89.86	2722	TRUE
E04_bin.35	p__Bacteroidetes (UID2605)	81.9	0.95	0	2257001	0	57	57	56386	56386	39596.0	39596.0	139625	139625	49	91.53	1808	TRUE
E04_bin.38	o__Clostridiales (UID1226)	96.72	1.71	50	3569175	0	185	185	32620	32620	19292.0	19292.0	167015	167015	43.3	86.46	3181	TRUE
E04_bin.4	p__Euryarchaeota (UID3)	91.7	2.4	66.67	1642640	0	315	315	6821	6821	5214.0	5214.0	44173	44173	31.1	89.61	1868	TRUE
E04_bin.41	k__Bacteria (UID2982)	97.96	0.0	0	2671498	0	19	19	255459	255459	140605.0	140605.0	435442	435442	55.3	87.98	2254	TRUE
E04_bin.47	o__Clostridiales (UID1212)	94.52	0.67	0	2239361	0	120	120	33049	33049	18661.0	18661.0	80866	80866	57.7	86.76	2126	TRUE
E04_bin.49	o__Bacteroidales (UID2621)	93.95	1.28	0	5927561	0	84	84	130424	130424	70566.0	70566.0	582664	582664	43.6	91.03	4613	TRUE
E04_bin.5	o__Bacteroidales (UID2617)	93.34	5.42	9.09	3381819	0	385	385	13258	13258	8783.0	8783.0	69506	69506	38.7	89.3	2963	TRUE
E04_bin.52	k__Bacteria (UID2569)	93.82	0.81	100	4298416	0	271	271	24945	24945	15861.0	15861.0	109493	109493	42.3	90.85	3682	TRUE
E04_bin.54	p__Bacteroidetes (UID2605)	97.49	0.67	33.33	2735861	0	116	116	37394	37394	23585.0	23585.0	115162	115162	55.3	89.21	2321	TRUE
E04_bin.58	p__Bacteroidetes (UID2605)	81.73	0.48	0	2355277	0	38	38	85294	85294	61980.0	61980.0	303836	303836	59.1	89.73	1950	TRUE
E04_bin.6	k__Bacteria (UID203)	96.55	6.74	56.25	2259512	0	199	199	15424	15424	11354.0	11354.0	74056	74056	59.1	84.55	1931	TRUE
E04_bin.61	o__Clostridiales (UID1212)	92.62	0.0	0	1587099	0	25	25	88145	88145	63483.0	63483.0	323633	323633	58.2	88.92	1517	TRUE
E04_bin.69	p__Bacteroidetes (UID2605)	95.41	3.61	12.5	2753473	0	280	280	14167	14167	9833.0	9833.0	45964	45964	55.5	88.47	2389	TRUE
E06_bin.1	o__Clostridiales (UID1212)	91.95	1.68	0	1770042	0	139	139	17306	17306	12734.0	12734.0	47548	47548	54.3	91	1689	TRUE
E06_bin.10	k__Bacteria (UID2982)	97.96	0.68	0	2980591	0	49	49	108856	108856	60828.0	60828.0	354379	354379	58.1	87.67	2469	TRUE
E06_bin.18	p__Bacteroidetes (UID2605)	95.67	0.48	0	2226941	0	41	41	109015	109015	54315.0	54315.0	255393	255393	56.7	86.34	1942	TRUE
E06_bin.21	o__Clostridiales (UID1212)	98.12	1.36	0	2596546	0	332	332	10593	10593	7820.0	7820.0	41020	41020	56.4	84.18	2294	TRUE
E06_bin.22	c__Clostridia (UID1118)	91.4	5.71	0	2459329	0	441	441	7171	7171	5576.0	5576.0	38486	38486	60.1	88.36	2513	TRUE
E06_bin.24	o__Clostridiales (UID1212)	98.63	0.0	0	2532589	0	66	66	63048	63048	38372.0	38372.0	279705	279705	43.2	88.27	2301	TRUE
E06_bin.28	o__Bacteroidales (UID2621)	97.08	0.77	0	4185237	0	85	85	88410	88410	49238.0	49238.0	308478	308478	45.5	91.4	3461	TRUE
E06_bin.31	f__Pasteurellaceae (UID4932)	96.61	5.43	83.72	1903003	0	303	303	8407	8407	6280.0	6280.0	43955	43955	39.7	90.89	2063	TRUE
E06_bin.36	c__Clostridia (UID1118)	86.89	1.61	0	1652826	0	306	306	6895	6895	5401.0	5401.0	28961	28961	50.1	87.98	1579	TRUE
E06_bin.4	o__Clostridiales (UID1212)	97.79	3.06	50	2402227	0	69	69	54042	54042	34814.0	34814.0	153079	153079	58.9	87.15	2179	TRUE
E06_bin.40	o__Clostridiales (UID1212)	85.91	2.73	16.67	2380688	0	99	99	41071	41071	24047.0	24047.0	109721	109721	58.8	88.66	2217	TRUE
E06_bin.44	o__Clostridiales (UID1212)	89.42	1.01	50	1521890	0	319	319	5799	5799	4770.0	4770.0	24013	24013	48.7	90.12	1582	TRUE
E06_bin.46	o__Clostridiales (UID1120)	86.96	1.77	25	2110690	0	381	381	7213	7213	5539.0	5539.0	31154	31154	53.1	93.78	2101	TRUE
E06_bin.49	o__Clostridiales (UID1212)	90.97	6.54	28.57	1844864	0	218	218	12498	12498	8462.0	8462.0	44133	44133	59.5	87.76	1921	TRUE
E06_bin.5	p__Actinobacteria (UID2112)	97.58	0.0	0	2127428	0	54	54	55797	55797	39396.0	39396.0	132225	132225	62	84.99	1788	TRUE
E06_bin.50	o__Bacteroidales (UID2617)	97.92	0.38	0	2599909	0	94	94	39977	39977	27658.0	27658.0	174417	174417	54.9	89.26	2087	TRUE
E06_bin.51	f__Bifidobacteriaceae (UID1458)	98.3	1.48	57.14	2357818	0	146	146	24391	24391	16149.0	16149.0	65078	65078	58.8	88.83	2000	TRUE
E06_bin.52	f__Lachnospiraceae (UID1286)	92.94	4.27	3.7	3196611	0	258	258	21728	21728	12389.0	12389.0	79572	79572	43.7	90.21	3162	TRUE
E06_bin.55	f__Lachnospiraceae (UID1256)	94.13	1.48	20	2426110	0	80	80	57553	57553	30326.0	30326.0	124862	124862	43.8	91.05	2314	TRUE
E06_bin.56	f__Lachnospiraceae (UID1286)	97.18	2.58	14.29	3325587	0	82	82	61752	61752	40555.0	40555.0	138568	138568	46.8	88.51	3004	TRUE
E06_bin.6	p__Proteobacteria (UID3887)	99.25	0.94	0	2296930	0	51	51	66311	66311	45037.0	45037.0	206719	206719	60.9	83.98	1854	TRUE
E06_bin.60	o__Clostridiales (UID1212)	83.62	2.68	0	1558943	0	241	241	8340	8340	6468.0	6468.0	43490	43490	62.1	89.67	1638	TRUE
E06_bin.63	o__Clostridiales (UID1212)	98.66	0.02	0	3012866	0	90	90	64351	64351	33476.0	33476.0	254001	254001	40.7	90.24	2835	TRUE
E06_bin.65	f__Enterobacteriaceae (UID5103)	82.74	2.13	50	3834805	0	47	47	167980	167980	81591.0	81591.0	354199	354199	51.1	89.3	3586	TRUE
E06_bin.68	k__Bacteria (UID2569)	96.0	0.0	0	3858176	0	160	160	35396	35396	24113.0	24113.0	93440	93440	43.6	89.7	3302	TRUE
E06_bin.70	o__Lactobacillales (UID462)	99.38	2.78	0	3186058	0	31	31	121790	121790	102776.0	102776.0	264085	264085	44.6	84.61	3003	TRUE
E06_bin.72	k__Bacteria (UID2329)	80.9	0.0	0	1600247	0	94	94	35416	35416	17023.0	17023.0	92212	92212	29.7	87.88	1426	TRUE
E06_bin.78	o__Clostridiales (UID1226)	87.48	4.96	36.36	2324861	0	524	524	5514	5514	4436.0	4436.0	32632	32632	49.3	88.92	2412	TRUE
E06_bin.83	o__Bacteroidales (UID2621)	90.96	1.77	20	3139171	0	179	179	24492	24492	17537.0	17537.0	75328	75328	42.6	88.95	2681	TRUE
E06_bin.85	p__Bacteroidetes (UID2605)	99.52	0.0	0	3136079	0	56	56	71578	71578	56001.0	56001.0	227090	227090	58.9	89.51	2571	TRUE
E06_bin.9	o__Lactobacillales (UID544)	91.96	3.15	64.71	1469152	0	277	277	7357	7357	5303.0	5303.0	47411	47411	39.7	85.52	1736	TRUE
E07_bin.1	f__Lachnospiraceae (UID1286)	97.1	0.0	0	2534853	0	40	40	111977	111977	63371.0	63371.0	320150	320150	42.1	88.92	2367	TRUE
E07_bin.18	o__Bacteroidales (UID2657)	93.31	7.19	25.71	4037111	0	146	146	47905	47905	27651.0	27651.0	123911	123911	47.1	91.25	3395	TRUE
E07_bin.22	g__Prevotella (UID2724)	84.01	1.3	0	2857239	0	46	46	78119	78119	62113.0	62113.0	210304	210304	45.3	88.23	2391	TRUE
E07_bin.24	o__Clostridiales (UID1212)	90.19	1.57	33.33	2069625	0	350	350	7552	7552	5913.0	5913.0	32884	32884	56	85.43	2064	TRUE
E07_bin.29	o__Clostridiales (UID1212)	95.24	2.04	0	2617403	0	214	214	17831	17831	12230.0	12230.0	59537	59537	56.3	83.81	2262	TRUE
E07_bin.30	p__Proteobacteria (UID3887)	85.62	0.16	0	1611973	0	313	313	6204	6204	5150.0	5150.0	23034	23034	50.1	90.38	1687	TRUE
E07_bin.31	o__Clostridiales (UID1212)	81.03	2.13	0	1667143	0	106	106	24023	24023	15727.0	15727.0	103839	103839	27.6	89.37	1733	TRUE
E07_bin.32	o__Bacteroidales (UID2621)	98.65	1.35	28.57	4916961	0	66	66	93100	93100	74499.0	74499.0	277366	277366	44.9	91.16	4096	TRUE
E07_bin.34	o__Lactobacillales (UID544)	97.38	1.75	14.29	2691397	0	271	271	18000	18000	9931.0	9931.0	113897	113897	37.6	89.01	2746	TRUE
E07_bin.4	p__Bacteroidetes (UID2605)	99.85	0.0	0	2955543	0	35	35	124846	124846	84444.0	84444.0	303926	303926	58.7	89.81	2438	TRUE
E07_bin.43	o__Clostridiales (UID1212)	83.03	7.62	83.33	1855454	0	286	286	9513	9513	6487.0	6487.0	32320	32320	60.2	88.08	1882	TRUE
E07_bin.44	p__Actinobacteria (UID2112)	88.19	8.25	78.57	2049692	0	488	488	4749	4749	4200.0	4200.0	70770	70770	60.6	88.02	2063	TRUE
E07_bin.46	o__Clostridiales (UID1226)	80.89	9.7	13.64	3328826	0	404	404	12925	12925	8239.0	8239.0	91163	91163	41.9	87.1	3181	TRUE
E07_bin.5	p__Bacteroidetes (UID2605)	98.38	0.24	0	2521744	0	163	163	26185	26185	15470.0	15470.0	154172	154172	55.5	88.13	2132	TRUE
E07_bin.51	f__Bifidobacteriaceae (UID1462)	95.84	1.38	25	1947282	0	232	232	12021	12021	8393.0	8393.0	47648	47648	60.3	87.95	1728	TRUE
E07_bin.52	k__Bacteria (UID2569)	88.24	1.61	33.33	3989292	0	606	606	8687	8687	6582.0	6582.0	58345	58345	43.8	91.02	3638	TRUE
E07_bin.54	f__Lachnospiraceae (UID1286)	94.51	0.4	0	2899638	0	51	51	91415	91415	56855.0	56855.0	389651	389651	49.6	89.53	2636	TRUE
E07_bin.58	o__Bacteroidales (UID2621)	96.18	0.58	0	6108935	0	294	294	33537	33537	20778.0	20778.0	130577	130577	43.8	91.31	4815	TRUE
E07_bin.6	p__Bacteroidetes (UID2605)	82.36	0.0	0	2576633	0	31	31	133427	133427	83117.0	83117.0	311207	311207	58.4	89.7	2129	TRUE
E07_bin.61	k__Bacteria (UID2372)	89.02	2.02	66.67	1777943	0	286	286	8702	8702	6216.0	6216.0	35307	35307	33.7	89.85	1944	TRUE
E07_bin.65	o__Clostridiales (UID1226)	81.85	6.79	4.35	2181469	0	375	375	8053	8053	5817.0	5817.0	35676	35676	50	87.02	2106	TRUE
E07_bin.68	o__Bacteroidales (UID2617)	99.62	0.0	0	3193086	0	23	23	245751	245751	138829.0	138829.0	439322	439322	43.3	89.71	2581	TRUE
E07_bin.69	o__Clostridiales (UID1212)	91.95	0.69	50	2321561	0	103	103	34745	34745	22539.0	22539.0	110676	110676	61.7	86.95	2321	TRUE
E07_bin.7	o__Clostridiales (UID1212)	86.16	3.32	25	2173590	0	409	409	6781	6781	5314.0	5314.0	24935	24935	62.6	88.02	2302	TRUE
E07_bin.73	o__Clostridiales (UID1212)	90.6	0.0	0	2060510	0	36	36	81947	81947	57236.0	57236.0	171647	171647	58.5	87.04	1968	TRUE
E07_bin.8	o__Bacteroidales (UID2657)	97.4	1.18	66.67	5167136	0	76	76	184968	184968	67988.0	67988.0	516985	516985	43.3	89.74	4356	TRUE
E07_bin.81	o__Clostridiales (UID1226)	83.07	3.48	18.18	2663728	0	318	318	12280	12280	8376.0	8376.0	60607	60607	41.5	90.26	2462	TRUE
E07_bin.92	o__Clostridiales (UID1212)	95.27	9.35	84.21	2506406	0	194	194	21990	21990	12919.0	12919.0	65264	65264	58.5	86.35	2385	TRUE
E07_bin.94	o__Clostridiales (UID1212)	96.64	0.0	0	1949727	0	38	38	94726	94726	51308.0	51308.0	186882	186882	48.1	87.93	1860	TRUE
E08_bin.12	o__Clostridiales (UID1212)	93.29	6.49	33.33	2279766	0	74	74	50688	50688	30807.0	30807.0	96164	96164	58.7	86.62	2211	TRUE
E08_bin.24	p__Bacteroidetes (UID2605)	99.52	0.96	0	2215187	0	37	37	134411	134411	59869.0	59869.0	206147	206147	54.6	86.8	1989	TRUE
E08_bin.27	o__Clostridiales (UID1212)	91.44	2.1	60	2210842	0	255	255	12555	12555	8669.0	8669.0	56710	56710	60.9	86.98	2013	TRUE
E08_bin.3	f__Lachnospiraceae (UID1286)	96.14	0.48	0	2479439	0	47	47	86346	86346	52754.0	52754.0	170048	170048	41.7	88.69	2263	TRUE
E08_bin.33	k__Bacteria (UID2982)	97.28	0.68	0	2671151	0	22	22	175273	175273	121415.0	121415.0	538088	538088	55.7	88.61	2259	TRUE
E08_bin.39	o__Clostridiales (UID1120)	85.78	2.45	0	2089951	0	396	396	7058	7058	5277.0	5277.0	30849	30849	50.8	92.21	2182	TRUE
E08_bin.42	o__Clostridiales (UID1212)	86.07	2.01	100	1465398	0	29	29	99326	99326	50530.0	50530.0	317516	317516	61.9	89.72	1411	TRUE
E08_bin.47	o__Clostridiales (UID1226)	96.41	1.9	50	2981469	0	95	95	49093	49093	31383.0	31383.0	133540	133540	48.3	88.3	2632	TRUE
E08_bin.51	o__Clostridiales (UID1212)	87.94	1.34	0	2113717	0	378	378	7942	7942	5591.0	5591.0	43056	43056	38.2	91.15	2192	TRUE
E08_bin.53	o__Clostridiales (UID1212)	81.07	6.24	69.7	1953846	0	428	428	5497	5497	4565.0	4565.0	59057	59057	60.2	88.62	2110	TRUE
E08_bin.57	o__Clostridiales (UID1212)	91.82	2.85	16.67	2244025	0	48	48	82033	82033	46750.0	46750.0	254747	254747	60.1	88.24	2189	TRUE
E08_bin.6	f__Lachnospiraceae (UID1286)	95.17	2.42	25	3281019	0	98	98	56518	56518	33479.0	33479.0	194637	194637	46.8	88.97	2986	TRUE
E08_bin.61	o__Clostridiales (UID1212)	92.08	8.79	57.14	2284976	0	132	132	27699	27699	17310.0	17310.0	164030	164030	58.6	87.94	2111	TRUE
E08_bin.65	k__Bacteria (UID2329)	97.75	0.0	0	1642482	0	24	24	229796	229796	68436.0	68436.0	386110	386110	29.4	91.01	1485	TRUE
E08_bin.69	o__Clostridiales (UID1212)	95.2	1.7	25	2479626	0	236	236	15016	15016	10506.0	10506.0	70319	70319	56.3	83.67	2139	TRUE
E08_bin.71	o__Clostridiales (UID1120)	97.9	1.86	0	2859017	0	68	68	67319	67319	42044.0	42044.0	131590	131590	58.4	87.05	2418	TRUE
E08_bin.74	o__Clostridiales (UID1212)	84.23	3.15	0	1887374	0	47	47	62308	62308	40156.0	40156.0	109586	109586	60.4	88.57	1734	TRUE
E08_bin.75	o__Clostridiales (UID1212)	81.88	0.67	0	1806277	0	18	18	258483	258483	100348.0	100348.0	464065	464065	40	88.13	1767	TRUE
E08_bin.76	p__Bacteroidetes (UID2605)	98.56	1.12	0	2693167	0	30	30	190129	190129	89772.0	89772.0	270825	270825	59.8	88.46	2243	TRUE
E08_bin.81	o__Clostridiales (UID1212)	87.62	7.63	9.09	1791274	0	293	293	8691	8691	6113.0	6113.0	36263	36263	62.6	89.85	1894	TRUE
E08_bin.82	p__Bacteroidetes (UID2605)	99.52	0.0	0	2453144	0	23	23	156022	156022	106658.0	106658.0	302170	302170	58.7	83.94	1988	TRUE
E08_bin.86	o__Clostridiales (UID1212)	89.93	8.99	30	3054568	0	371	371	12562	12562	8233.0	8233.0	64209	64209	58.2	88.84	3082	TRUE
E08_bin.88	k__Bacteria (UID2569)	92.47	0.0	0	3902426	0	74	74	88884	88884	52735.0	52735.0	257300	257300	43.6	89.87	3212	TRUE
E08_bin.90	o__Bacteroidales (UID2621)	95.09	0.77	0	4270568	0	281	281	24824	24824	15197.0	15197.0	94133	94133	45.8	91.64	3686	TRUE
E08_bin.94	p__Bacteroidetes (UID2605)	87.29	1.71	60	2909708	0	52	52	127712	127712	55955.0	55955.0	252724	252724	58.8	90	2361	TRUE
E08_bin.95	p__Bacteroidetes (UID2605)	94.12	8.36	82.61	3004489	0	132	132	41175	41175	22761.0	22761.0	170450	170450	59.2	90.33	2497	TRUE
F01_bin.12	f__Bifidobacteriaceae (UID1462)	93.43	0.12	100	2163214	0	91	91	39262	39262	23771.0	23771.0	129214	129214	60.2	87.82	1871	TRUE
F01_bin.15	o__Clostridiales (UID1212)	98.66	0.0	0	2378267	0	35	35	135429	135429	67950.0	67950.0	262575	262575	53.3	88.38	2210	TRUE
F01_bin.18	o__Bacteroidales (UID2621)	86.94	6.15	9.09	4829997	0	195	195	61645	61645	24769.0	24769.0	210138	210138	41.8	90.02	3982	TRUE
F01_bin.19	o__Bacteroidales (UID2654)	94.13	0.6	75	4403761	0	225	225	35180	35180	19572.0	19572.0	141755	141755	42.1	89.58	3814	TRUE
F01_bin.20	o__Clostridiales (UID1212)	96.34	0.68	100	2485306	0	308	308	12739	12739	8069.0	8069.0	53434	53434	43.4	88.18	2521	TRUE
F01_bin.21	p__Actinobacteria (UID2112)	99.19	2.0	50	2086161	0	106	106	30343	30343	19680.0	19680.0	82009	82009	60.1	87.35	1824	TRUE
F01_bin.28	o__Clostridiales (UID1226)	93.04	5.14	30.77	4461858	0	459	459	19850	19850	9720.0	9720.0	123759	123759	41	85.27	4300	TRUE
F01_bin.33	o__Clostridiales (UID1212)	93.96	0.34	0	2040708	0	199	199	16049	16049	10254.0	10254.0	73874	73874	51.9	89.32	2025	TRUE
F01_bin.37	f__Lachnospiraceae (UID1286)	87.52	0.1	100	2189643	0	126	126	24749	24749	17378.0	17378.0	77884	77884	42.3	88.85	2051	TRUE
F01_bin.40	o__Bacteroidales (UID2621)	93.4	2.69	63.64	4353992	0	167	167	42431	42431	26071.0	26071.0	110964	110964	45.2	91.21	3651	TRUE
F01_bin.44	f__Lachnospiraceae (UID1286)	92.27	0.6	0	3682209	0	68	68	83348	83348	54150.0	54150.0	203958	203958	42.5	89.33	3339	TRUE
F01_bin.45	o__Clostridiales (UID1212)	89.15	0.0	0	2335839	0	552	552	5155	5155	4231.0	4231.0	33972	33972	43.7	89.86	2315	TRUE
F01_bin.49	f__Lachnospiraceae (UID1255)	97.41	1.39	55.56	2883186	0	200	200	21165	21165	14415.0	14415.0	89842	89842	48.7	88.96	2654	TRUE
F01_bin.50	o__Clostridiales (UID1212)	95.3	0.34	0	2069047	0	63	63	72366	72366	32842.0	32842.0	261807	261807	36.7	85.75	1933	TRUE
F01_bin.53	o__Clostridiales (UID1212)	97.32	0.0	0	2204855	0	54	54	71439	71439	40830.0	40830.0	189910	189910	58.7	87.06	2131	TRUE
F01_bin.54	k__Bacteria (UID203)	80.34	1.72	0	3624724	0	79	79	77683	77683	45882.0	45882.0	221543	221543	45.7	89.93	2986	TRUE
F01_bin.56	o__Clostridiales (UID1226)	84.96	1.9	33.33	1960826	0	144	144	24286	24286	13616.0	13616.0	80533	80533	49.5	88.55	1801	TRUE
F01_bin.6	p__Bacteroidetes (UID2605)	97.12	0.32	0	2758476	0	32	32	138522	138522	86202.0	86202.0	217892	217892	59.3	90.09	2266	TRUE
F01_bin.61	p__Bacteroidetes (UID2605)	95.03	0.0	0	2612551	0	54	54	106879	106879	48380.0	48380.0	196455	196455	59	89.59	2166	TRUE
F01_bin.63	o__Clostridiales (UID1212)	89.64	2.11	57.14	2275212	0	413	413	7379	7379	5508.0	5508.0	36426	36426	60.8	87.73	2218	TRUE
F01_bin.68	o__Bacteroidales (UID2657)	89.66	3.9	78.57	5865485	0	125	125	87618	87618	46923.0	46923.0	304416	304416	41.8	91.11	4460	TRUE
F01_bin.9	o__Clostridiales (UID1120)	99.3	1.17	0	2933736	0	87	87	57849	57849	33721.0	33721.0	195040	195040	58.2	87.13	2473	TRUE
F02_bin.17	p__Bacteroidetes (UID2605)	87.45	2.4	36.36	2397620	0	92	92	42113	42113	26061.0	26061.0	134172	134172	60.6	90.67	1950	TRUE
F02_bin.18	p__Bacteroidetes (UID2605)	92.87	0.0	0	3048583	0	31	31	195679	195679	98341.0	98341.0	413761	413761	58.9	90.67	2438	TRUE
F02_bin.19	o__Clostridiales (UID1212)	87.92	0.0	0	1947800	0	27	27	87496	87496	72140.0	72140.0	254566	254566	53.1	88.44	1815	TRUE
F02_bin.2	o__Clostridiales (UID1212)	80.23	3.24	50	1810586	0	389	389	5828	5828	4654.0	4654.0	37623	37623	37.5	90.34	1943	TRUE
F02_bin.22	f__Lachnospiraceae (UID1286)	96.62	3.38	10	3270498	0	82	82	60865	60865	39884.0	39884.0	181625	181625	46.8	88.79	2940	TRUE
F02_bin.27	p__Bacteroidetes (UID2605)	91.61	1.44	66.67	2860810	0	32	32	153681	153681	89400.0	89400.0	335474	335474	59.2	90.38	2319	TRUE
F02_bin.28	f__Lachnospiraceae (UID1286)	98.31	4.43	0	3365766	0	86	86	92971	92971	39136.0	39136.0	289608	289608	43.2	89.56	3212	TRUE
F02_bin.29	o__Clostridiales (UID1212)	89.6	2.2	10	1988950	0	55	55	47327	47327	36162.0	36162.0	126248	126248	61.8	88.43	1926	TRUE
F02_bin.30	o__Clostridiales (UID1212)	95.96	1.36	50	2242728	0	209	209	16610	16610	10730.0	10730.0	74852	74852	56.5	83.25	1903	TRUE
F02_bin.31	k__Bacteria (UID2982)	97.28	0.0	0	3006289	0	22	22	189561	189561	136649.0	136649.0	400382	400382	58.2	88.24	2486	TRUE
F02_bin.34	p__Actinobacteria (UID2112)	98.39	1.61	0	2115142	0	88	88	37942	37942	24035.0	24035.0	110980	110980	60.2	87.37	1792	TRUE
F02_bin.35	f__Lachnospiraceae (UID1255)	89.18	0.77	50	2716246	0	122	122	36121	36121	22264.0	22264.0	129400	129400	48.8	88.98	2432	TRUE
F02_bin.36	k__Bacteria (UID2569)	99.46	0.54	100	3969382	0	155	155	40813	40813	25608.0	25608.0	159818	159818	43.5	89.72	3359	TRUE
F02_bin.47	o__Clostridiales (UID1212)	98.66	1.57	0	2368980	0	51	51	75408	75408	46450.0	46450.0	221522	221522	57.9	86.4	2265	TRUE
F02_bin.49	o__Clostridiales (UID1212)	82.02	7.52	15.79	2186959	0	536	536	4996	4996	4080.0	4080.0	23071	23071	62.6	88.86	2494	TRUE
F02_bin.50	f__Lachnospiraceae (UID1256)	85.3	4.58	9.09	2370103	0	387	387	9177	9177	6124.0	6124.0	34144	34144	42.4	88.97	2431	TRUE
F02_bin.51	o__Bacteroidales (UID2617)	84.25	1.29	0	3015728	0	596	596	6711	6711	5059.0	5059.0	46719	46719	38.9	89.89	2738	TRUE
F02_bin.56	o__Clostridiales (UID1212)	93.27	9.19	65.38	2355858	0	211	211	17638	17638	11165.0	11165.0	58060	58060	58.8	88.37	2255	TRUE
F02_bin.57	o__Clostridiales (UID1212)	90.93	9.92	72.22	2157220	0	400	400	6702	6702	5393.0	5393.0	38354	38354	57.5	89.03	2306	TRUE
F02_bin.58	k__Bacteria (UID2565)	96.77	0.0	0	1734237	0	61	61	47466	47466	28430.0	28430.0	114827	114827	47.4	89.37	1718	TRUE
F02_bin.63	f__Bifidobacteriaceae (UID1462)	94.07	1.15	60	2075000	0	83	83	40982	40982	25000.0	25000.0	76717	76717	63.1	86.3	1731	TRUE
F02_bin.65	o__Clostridiales (UID1226)	90.08	3.01	42.86	3084364	0	271	271	18962	18962	11381.0	11381.0	81484	81484	44.8	88.5	2887	TRUE
F02_bin.66	p__Bacteroidetes (UID2605)	99.52	0.0	0	2163598	0	31	31	134429	134429	69793.0	69793.0	195868	195868	57.1	86.27	1827	TRUE
F02_bin.67	p__Bacteroidetes (UID2605)	94.86	1.36	0	2482599	0	322	322	10513	10513	7709.0	7709.0	49816	49816	55.9	90.55	2231	TRUE
F02_bin.7	f__Bifidobacteriaceae (UID1458)	95.24	5.42	64.29	1959384	0	134	134	21271	21271	14622.0	14622.0	95461	95461	59.9	88.68	1714	TRUE
F02_bin.70	o__Clostridiales (UID1212)	91.28	0.0	0	1828212	0	72	72	35355	35355	25391.0	25391.0	147159	147159	62.7	89.58	1731	TRUE
F02_bin.71	o__Clostridiales (UID1212)	85.48	0.0	0	2149909	0	180	180	17445	17445	11943.0	11943.0	66745	66745	51.9	85.01	1824	TRUE
F02_bin.72	o__Clostridiales (UID1212)	85.49	2.83	40	2309455	0	260	260	12081	12081	8882.0	8882.0	70187	70187	60.7	87.16	2048	TRUE
F02_bin.74	o__Clostridiales (UID1226)	90.99	3.15	44.44	2431078	0	402	402	8003	8003	6047.0	6047.0	42591	42591	49.3	88.55	2406	TRUE
F02_bin.78	o__Clostridiales (UID1212)	98.66	0.67	0	2691997	0	25	25	156238	156238	107679.0	107679.0	335656	335656	44.5	91.29	2420	TRUE
F02_bin.80	o__Clostridiales (UID1212)	90.25	0.0	0	2295754	0	137	137	25729	25729	16757.0	16757.0	149742	149742	41.2	90.5	2192	TRUE
F02_bin.81	k__Bacteria (UID203)	83.1	2.59	50	2624602	0	182	182	25900	25900	14420.0	14420.0	82614	82614	55.6	87.14	2231	TRUE
F02_bin.82	p__Bacteroidetes (UID2605)	88.7	0.0	0	2392017	0	39	39	125329	125329	61333.0	61333.0	392383	392383	60	88.34	1952	TRUE
F02_bin.85	p__Bacteroidetes (UID2605)	84.7	0.96	0	2030086	0	49	49	90580	90580	41430.0	41430.0	273129	273129	54.1	86.18	1840	TRUE
F02_bin.87	k__Bacteria (UID1453)	87.18	0.85	0	2119994	0	69	69	53493	53493	30724.0	30724.0	145230	145230	34.8	91.61	2280	TRUE
F02_bin.88	o__Clostridiales (UID1212)	97.95	0.0	0	2498647	0	152	152	32483	32483	16438.0	16438.0	102245	102245	43.1	88.04	2335	TRUE
F02_bin.96	o__Bacteroidales (UID2617)	94.34	0.38	0	3160926	0	16	16	354418	354418	197557.0	197557.0	458341	458341	43.5	89.42	2570	TRUE
F03_bin.1	f__Lachnospiraceae (UID1286)	98.07	2.42	14.29	3418143	0	75	75	70715	70715	45575.0	45575.0	214592	214592	46.7	89.04	3133	TRUE
F03_bin.10	f__Bifidobacteriaceae (UID1462)	100.0	0.46	0	2234354	0	38	38	87160	87160	58798.0	58798.0	274073	274073	60.1	87.32	1823	TRUE
F03_bin.11	k__Bacteria (UID2982)	97.96	0.0	0	2706985	0	36	36	109844	109844	75194.0	75194.0	338691	338691	55.4	88.27	2292	TRUE
F03_bin.12	o__Clostridiales (UID1226)	87.97	1.27	50	2166548	0	159	159	23666	23666	13626.0	13626.0	94704	94704	49.1	88.92	1989	TRUE
F03_bin.13	p__Bacteroidetes (UID2605)	100.0	0.0	0	3365946	0	18	18	272655	272655	186997.0	186997.0	585624	585624	58.4	90.52	2702	TRUE
F03_bin.14	o__Clostridiales (UID1212)	80.22	8.24	76.19	1893654	0	210	210	12666	12666	9017.0	9017.0	42204	42204	61.4	87.47	1817	TRUE
F03_bin.15	o__Bacteroidales (UID2657)	91.05	0.0	0	4228232	0	37	37	274479	274479	114276.0	114276.0	734514	734514	46.2	91.16	3395	TRUE
F03_bin.21	o__Bacteroidales (UID2621)	95.77	0.0	0	4112284	0	212	212	32601	32601	19397.0	19397.0	152378	152378	45.5	91.48	3444	TRUE
F03_bin.22	o__Clostridiales (UID1212)	98.64	6.66	63.16	2211523	0	56	56	56656	56656	39491.0	39491.0	149955	149955	58.8	87.71	1990	TRUE
F03_bin.23	o__Clostridiales (UID1212)	89.57	4.47	0	2198456	0	71	71	56615	56615	30964.0	30964.0	161573	161573	57.7	86.38	2100	TRUE
F03_bin.25	c__Deltaproteobacteria (UID3218)	88.76	0.59	0	3732937	0	248	248	23662	23662	15052.0	15052.0	92315	92315	60.5	84.17	3175	TRUE
F03_bin.26	o__Clostridiales (UID1212)	84.9	2.01	0	2232352	0	38	38	93872	93872	58746.0	58746.0	188498	188498	61.7	87.4	2135	TRUE
F03_bin.29	o__Bacteroidales (UID2657)	93.72	0.19	0	6140408	0	67	67	160900	160900	91647.0	91647.0	521927	521927	42.9	90.97	4736	TRUE
F03_bin.3	k__Bacteria (UID2569)	96.77	0.72	50	4042734	0	91	91	69753	69753	44425.0	44425.0	288400	288400	43.3	89.68	3400	TRUE
F03_bin.34	p__Proteobacteria (UID3887)	90.68	0.0	0	2691439	0	45	45	72199	72199	59809.0	59809.0	290308	290308	55.7	86.5	2232	TRUE
F03_bin.35	p__Actinobacteria (UID2112)	95.97	1.01	0	1978069	0	237	237	11875	11875	8346.0	8346.0	47447	47447	60.7	88.24	1789	TRUE
F03_bin.36	p__Bacteroidetes (UID2605)	98.08	0.96	0	2268914	0	24	24	183719	183719	94538.0	94538.0	291118	291118	54.5	86.44	1984	TRUE
F03_bin.40	o__Clostridiales (UID1226)	99.37	2.25	37.5	4227897	0	323	323	28093	28093	13089.0	13089.0	176540	176540	41	85.81	3926	TRUE
F03_bin.41	o__Clostridiales (UID1212)	97.99	0.02	0	2162013	0	46	46	57158	57158	47000.0	47000.0	148749	148749	58.7	86.8	2067	TRUE
F03_bin.42	o__Bacteroidales (UID2654)	97.74	3.17	44.44	5322967	0	57	57	144094	144094	93385.0	93385.0	515300	515300	41.7	90.14	4328	TRUE
F03_bin.46	k__Bacteria (UID2565)	97.85	0.0	0	1768508	0	35	35	92506	92506	50528.0	50528.0	260556	260556	45.9	90.02	1768	TRUE
F03_bin.47	f__Lachnospiraceae (UID1286)	96.62	3.83	15.38	2945434	0	63	63	101169	101169	46752.0	46752.0	248136	248136	43.7	90.75	2769	TRUE
F03_bin.48	o__Bacteroidales (UID2621)	99.23	7.69	0	4518939	0	50	50	141559	141559	90378.0	90378.0	319907	319907	45.4	89.95	3732	TRUE
F03_bin.51	o__Clostridiales (UID1212)	88.89	2.24	42.86	2361167	0	210	210	16338	16338	11243.0	11243.0	72300	72300	60.8	87.27	2129	TRUE
F03_bin.53	o__Lactobacillales (UID544)	85.99	1.54	0	2530403	0	622	622	4991	4991	4068.0	4068.0	31479	31479	36.6	84.17	2753	TRUE
F04_bin.12	p__Bacteroidetes (UID2605)	93.75	0.0	0	2083161	0	48	48	77828	77828	43399.0	43399.0	215818	215818	56.9	86.49	1772	TRUE
F04_bin.14	f__Bifidobacteriaceae (UID1462)	97.96	1.0	66.67	2361364	0	57	57	73614	73614	41427.0	41427.0	210333	210333	60.1	87.53	2033	TRUE
F04_bin.15	p__Actinobacteria (UID2112)	97.02	1.76	50	1984934	0	246	246	10813	10813	8068.0	8068.0	51286	51286	60.7	87.51	1840	TRUE
F04_bin.17	o__Clostridiales (UID1212)	92.99	0.0	0	2113505	0	107	107	30531	30531	19752.0	19752.0	173115	173115	53.8	88.62	2022	TRUE
F04_bin.21	f__Lachnospiraceae (UID1286)	95.56	2.58	20	3308699	0	128	128	36871	36871	25849.0	25849.0	98490	98490	47.1	89.38	3032	TRUE
F04_bin.23	o__Clostridiales (UID1212)	97.43	0.68	0	2370656	0	207	207	17942	17942	11452.0	11452.0	63398	63398	43.5	88.46	2289	TRUE
F04_bin.24	o__Clostridiales (UID1212)	92.39	3.36	0	2579849	0	96	96	42775	42775	26873.0	26873.0	185279	185279	56.9	89.03	2363	TRUE
F04_bin.26	o__Clostridiales (UID1212)	92.84	0.69	25	1756277	0	210	210	12401	12401	8363.0	8363.0	69027	69027	44.7	89.58	1771	TRUE
F04_bin.32	k__Bacteria (UID2569)	86.16	1.08	100	3131051	0	353	353	12388	12388	8869.0	8869.0	48777	48777	43.9	89.89	2822	TRUE
F04_bin.34	c__Clostridia (UID1118)	90.02	1.3	0	2761583	0	500	500	7074	7074	5523.0	5523.0	27231	27231	61.4	90.24	2801	TRUE
F04_bin.35	p__Bacteroidetes (UID2605)	95.5	1.04	0	2536975	0	120	120	33844	33844	21141.0	21141.0	96357	96357	58.4	84.52	2166	TRUE
F04_bin.39	o__Clostridiales (UID1212)	94.35	0.65	66.67	1962954	0	145	145	19216	19216	13537.0	13537.0	97916	97916	60.2	86.49	1821	TRUE
F04_bin.40	o__Clostridiales (UID1226)	81.86	4.11	11.11	2554809	0	120	120	37475	37475	21290.0	21290.0	104570	104570	42.4	90.17	2354	TRUE
F04_bin.45	p__Bacteroidetes (UID2605)	85.5	0.96	0	1669430	0	20	20	145989	145989	83471.0	83471.0	382054	382054	55.3	86.99	1434	TRUE
F04_bin.46	o__Clostridiales (UID1212)	88.53	0.95	20	1534752	0	122	122	19825	19825	12579.0	12579.0	44865	44865	62.2	90.23	1520	TRUE
F04_bin.51	k__Bacteria (UID203)	80.5	2.59	100	2587616	0	193	193	20209	20209	13407.0	13407.0	57951	57951	60.2	88.36	2189	TRUE
F04_bin.52	f__Lachnospiraceae (UID1255)	95.69	2.64	0	4099983	0	226	226	28005	28005	18141.0	18141.0	137853	137853	50.7	86.9	3739	TRUE
F04_bin.55	f__Bifidobacteriaceae (UID1458)	97.92	2.92	88.89	1948662	0	104	104	32768	32768	18737.0	18737.0	119200	119200	59.9	88.41	1615	TRUE
F04_bin.59	p__Bacteroidetes (UID2605)	87.55	1.12	66.67	2452906	0	52	52	69332	69332	47171.0	47171.0	171769	171769	60.1	90.5	1981	TRUE
F04_bin.60	f__Lachnospiraceae (UID1286)	99.52	1.21	0	2872947	0	39	39	114423	114423	73665.0	73665.0	192903	192903	41.5	89.01	2626	TRUE
F04_bin.64	o__Clostridiales (UID1212)	97.48	2.57	100	2459645	0	192	192	20803	20803	12810.0	12810.0	66422	66422	57.7	87.24	2333	TRUE
F04_bin.7	p__Actinobacteria (UID2112)	99.19	1.88	33.33	2101750	0	75	75	42140	42140	28023.0	28023.0	98659	98659	60.1	87.3	1817	TRUE
F05_bin.14	f__Lachnospiraceae (UID1256)	91.84	0.43	20	2126717	0	102	102	36081	36081	20850.0	20850.0	120736	120736	43.5	88.97	1850	TRUE
F05_bin.16	o__Clostridiales (UID1212)	97.32	1.34	0	1982963	0	52	52	53180	53180	38133.0	38133.0	172185	172185	60.9	88.52	1943	TRUE
F05_bin.20	f__Lachnospiraceae (UID1286)	88.16	2.17	0	2592392	0	53	53	96853	96853	48913.0	48913.0	156627	156627	44.1	90.8	2415	TRUE
F05_bin.22	o__Clostridiales (UID1212)	93.71	1.63	16.67	2268878	0	88	88	50364	50364	25782.0	25782.0	114987	114987	60.7	87.17	2005	TRUE
F05_bin.24	f__Lachnospiraceae (UID1255)	95.52	2.49	20	2801803	0	120	120	41632	41632	23348.0	23348.0	149404	149404	49.2	88.69	2526	TRUE
F05_bin.26	p__Bacteroidetes (UID2605)	98.65	0.48	0	3093204	0	31	31	141369	141369	99780.0	99780.0	431570	431570	58.3	89.75	2572	TRUE
F05_bin.27	o__Clostridiales (UID1212)	89.93	2.52	40	2691566	0	226	226	18673	18673	11909.0	11909.0	89357	89357	58.6	88.81	2538	TRUE
F05_bin.3	o__Clostridiales (UID1212)	95.97	0.67	0	2800960	0	84	84	52359	52359	33344.0	33344.0	160021	160021	53	88.6	2561	TRUE
F05_bin.32	f__Lachnospiraceae (UID1286)	88.52	5.56	9.09	2692916	0	348	348	11053	11053	7738.0	7738.0	35161	35161	50.7	90.05	2580	TRUE
F05_bin.38	c__Clostridia (UID1118)	92.34	1.1	33.33	2519021	0	215	215	17993	17993	11716.0	11716.0	110123	110123	58.8	89.16	2436	TRUE
F05_bin.40	o__Clostridiales (UID1212)	94.52	3.86	44.44	2425961	0	370	370	9973	9973	6556.0	6556.0	44528	44528	58.1	87.47	2570	TRUE
F05_bin.41	o__Clostridiales (UID1226)	93.57	6.78	50	2804936	0	377	377	12604	12604	7440.0	7440.0	42495	42495	48.8	88.3	2716	TRUE
F05_bin.45	p__Proteobacteria (UID3887)	98.75	3.96	57.14	2424213	0	90	90	60505	60505	26935.0	26935.0	160266	160266	54.3	89.17	2252	TRUE
F05_bin.48	p__Proteobacteria (UID3887)	100.0	0.0	0	2719852	0	49	49	85818	85818	55507.0	55507.0	175677	175677	55.4	86.69	2240	TRUE
F05_bin.49	o__Clostridiales (UID1212)	96.55	0.67	0	2615242	0	106	106	53971	53971	24672.0	24672.0	154637	154637	44.7	89.79	2303	TRUE
F05_bin.63	p__Bacteroidetes (UID2605)	99.92	1.57	81.82	3095174	0	47	47	109649	109649	65854.0	65854.0	347687	347687	58.7	90.12	2615	TRUE
F05_bin.7	o__Clostridiales (UID1120)	97.2	0.93	0	2893318	0	107	107	49503	49503	27040.0	27040.0	112523	112523	58.3	86.94	2435	TRUE
F05_bin.8	k__Bacteria (UID2569)	97.31	0.0	0	4143833	0	72	72	96656	96656	57553.0	57553.0	289738	289738	43.4	89.98	3454	TRUE
F05_bin.9	p__Bacteroidetes (UID2605)	92.56	0.99	33.33	2467160	0	18	18	183316	183316	137064.0	137064.0	349764	349764	61.7	91.78	1995	TRUE
F06_bin.14	o__Clostridiales (UID1226)	92.72	7.03	23.53	3241082	0	174	174	36729	36729	18626.0	18626.0	120591	120591	44.8	88.46	2969	TRUE
F06_bin.19	o__Clostridiales (UID1212)	81.22	4.36	50	1537496	0	302	302	6189	6189	5091.0	5091.0	28845	28845	63.3	90.45	1625	TRUE
F06_bin.27	o__Clostridiales (UID1226)	90.66	6.01	35.71	3402690	0	381	381	14055	14055	8930.0	8930.0	59157	59157	42	86.28	3260	TRUE
F06_bin.28	o__Clostridiales (UID1212)	86.91	7.61	0	1938207	0	45	45	62985	62985	43071.0	43071.0	173883	173883	61.3	89.14	1799	TRUE
F06_bin.32	o__Selenomonadales (UID1024)	92.53	1.7	0	2118438	0	200	200	14444	14444	10592.0	10592.0	122050	122050	44.4	90.3	2138	TRUE
F06_bin.35	p__Actinobacteria (UID2112)	97.18	3.23	85.71	2057148	0	266	266	10088	10088	7733.0	7733.0	46003	46003	60.1	87.73	1896	TRUE
F06_bin.36	o__Clostridiales (UID1120)	81.61	0.23	0	2403571	0	597	597	4843	4843	4026.0	4026.0	17426	17426	58.8	88.5	2427	TRUE
F06_bin.38	o__Clostridiales (UID1212)	97.99	1.01	0	2060047	0	19	19	208741	208741	108423.0	108423.0	362100	362100	44.5	89.29	1921	TRUE
F06_bin.39	o__Bacteroidales (UID2621)	93.04	0.0	0	4180494	0	206	206	30333	30333	20293.0	20293.0	80575	80575	45.4	91.44	3559	TRUE
F06_bin.46	o__Lactobacillales (UID544)	100.0	0.0	0	1734760	0	44	44	66809	66809	39426.0	39426.0	153747	153747	39	84.01	1853	TRUE
F06_bin.47	k__Bacteria (UID2982)	89.71	2.7	0	4150431	0	876	876	5858	5858	4737.0	4737.0	19654	19654	61.6	91.96	4019	TRUE
F06_bin.48	f__Lachnospiraceae (UID1286)	96.38	0.24	0	2767100	0	66	66	82848	82848	41925.0	41925.0	246516	246516	41.5	88.81	2577	TRUE
F06_bin.5	p__Bacteroidetes (UID2605)	90.91	2.88	57.14	2638983	0	94	94	43865	43865	28074.0	28074.0	171096	171096	59.3	90.3	2193	TRUE
F06_bin.50	c__Clostridia (UID1118)	83.18	1.61	0	1651933	0	363	363	5207	5207	4550.0	4550.0	20248	20248	53.4	90.97	1804	TRUE
F06_bin.52	o__Clostridiales (UID1212)	94.8	7.89	46.67	2163341	0	207	207	16483	16483	10450.0	10450.0	67273	67273	59.9	87.97	2076	TRUE
F06_bin.53	o__Clostridiales (UID1212)	94.05	3.87	50	2347703	0	159	159	23145	23145	14765.0	14765.0	88944	88944	58.4	86.4	2132	TRUE
F06_bin.54	o__Clostridiales (UID1212)	86.81	2.04	33.33	2439713	0	227	227	16528	16528	10747.0	10747.0	47545	47545	60.4	86.79	2221	TRUE
F06_bin.55	o__Clostridiales (UID1212)	90.38	1.68	0	2369598	0	85	85	45189	45189	27877.0	27877.0	134738	134738	45	91.59	2169	TRUE
F06_bin.56	o__Clostridiales (UID1212)	92.52	0.68	0	2445218	0	240	240	14673	14673	10188.0	10188.0	53255	53255	56.3	83.27	2124	TRUE
F06_bin.61	f__Bifidobacteriaceae (UID1462)	87.71	3.25	12.9	2217754	0	294	294	10436	10436	7543.0	7543.0	56846	56846	63	86.54	2014	TRUE
F06_bin.67	f__Lachnospiraceae (UID1286)	91.86	2.97	27.27	2814383	0	201	201	19800	19800	14001.0	14001.0	82214	82214	47.9	89.8	2607	TRUE
F06_bin.68	g__Prevotella (UID2722)	94.31	0.36	0	2271154	0	57	57	50985	50985	39844.0	39844.0	100605	100605	54.9	86.03	1860	TRUE
F06_bin.7	p__Bacteroidetes (UID2605)	95.43	0.24	0	2562221	0	26	26	176734	176734	98546.0	98546.0	244547	244547	58	84.47	2059	TRUE
F06_bin.72	c__Deltaproteobacteria (UID3218)	90.53	0.0	0	3775634	0	603	603	8034	8034	6261.0	6261.0	35808	35808	60.5	85.32	3580	TRUE
F06_bin.75	o__Clostridiales (UID1212)	97.86	0.0	0	2260256	0	52	52	70979	70979	43466.0	43466.0	166616	166616	58.4	86.79	2195	TRUE
F06_bin.76	p__Bacteroidetes (UID2605)	82.38	0.24	0	2132954	0	148	148	21607	21607	14411.0	14411.0	63890	63890	55.2	89.17	1835	TRUE
F06_bin.77	p__Proteobacteria (UID3887)	96.89	0.62	0	2392122	0	55	55	71018	71018	43493.0	43493.0	346192	346192	62.5	86.16	2082	TRUE
F06_bin.81	o__Clostridiales (UID1212)	89.94	1.57	33.33	1985297	0	279	279	10436	10436	7115.0	7115.0	56727	56727	37.1	89.84	2075	TRUE
F06_bin.83	o__Clostridiales (UID1226)	80.44	4.32	12.5	2075133	0	416	416	6569	6569	4988.0	4988.0	27623	27623	49.6	89.33	2093	TRUE
F06_bin.85	o__Clostridiales (UID1212)	88.37	0.0	0	1892286	0	62	62	45524	45524	30520.0	30520.0	210565	210565	47.2	89.74	1762	TRUE
F06_bin.86	o__Bacteroidales (UID2654)	93.61	1.88	50	4869521	0	189	189	47304	47304	25764.0	25764.0	138504	138504	42.1	89.45	4207	TRUE
F06_bin.88	o__Bacteroidales (UID2617)	98.49	1.7	0	3278001	0	21	21	377096	377096	156095.0	156095.0	749787	749787	43.5	89.76	2681	TRUE
F06_bin.89	k__Bacteria (UID2569)	91.94	0.0	0	4015038	0	162	162	40476	40476	24784.0	24784.0	101427	101427	43.4	89.62	3421	TRUE
F06_bin.91	o__Bacteroidales (UID2657)	96.1	1.98	33.33	4165611	0	89	89	75010	75010	46804.0	46804.0	216459	216459	46.7	91.23	3466	TRUE
F06_bin.95	o__Clostridiales (UID1212)	89.85	0.89	100	1704080	0	148	148	17026	17026	11514.0	11514.0	61084	61084	61.6	89.04	1744	TRUE
F07_bin.100	k__Bacteria (UID1453)	88.89	0.85	0	1973875	0	16	16	212612	212612	123367.0	123367.0	428747	428747	37.1	89.13	2016	TRUE
F07_bin.103	o__Clostridiales (UID1212)	93.29	0.0	0	2223517	0	124	124	23485	23485	17931.0	17931.0	68252	68252	42.8	88.51	1935	TRUE
F07_bin.105	o__Clostridiales (UID1212)	90.94	1.57	33.33	1975467	0	93	93	36102	36102	21241.0	21241.0	67808	67808	53.4	88.37	1928	TRUE
F07_bin.106	k__Bacteria (UID2329)	90.45	2.81	0	1321910	0	39	39	73719	73719	33895.0	33895.0	128605	128605	24.8	91.16	1328	TRUE
F07_bin.109	o__Bacteroidales (UID2617)	95.09	0.38	0	2487361	0	36	36	96338	96338	69093.0	69093.0	190370	190370	54.3	90.45	2041	TRUE
F07_bin.11	p__Bacteroidetes (UID2605)	88.24	0.48	0	2439303	0	46	46	91723	91723	53028.0	53028.0	202293	202293	59.4	90	2018	TRUE
F07_bin.116	o__Clostridiales (UID1212)	88.14	2.35	0	1858219	0	46	46	55302	55302	40396.0	40396.0	161800	161800	61.4	88.65	1739	TRUE
F07_bin.117	c__Clostridia (UID1118)	94.56	1.08	0	2075691	0	304	304	8587	8587	6827.0	6827.0	41904	41904	59.2	87.77	2014	TRUE
F07_bin.118	k__Bacteria (UID2982)	85.09	7.88	0	5247022	0	1083	1083	5820	5820	4844.0	4844.0	31548	31548	51.9	91.1	5086	TRUE
F07_bin.125	c__Clostridia (UID1118)	84.81	3.37	14.29	1597008	0	326	326	6127	6127	4898.0	4898.0	22183	22183	55.8	91.37	1621	TRUE
F07_bin.127	c__Clostridia (UID1118)	91.94	0.81	0	1349194	0	25	25	80733	80733	53967.0	53967.0	204744	204744	49.3	91.17	1204	TRUE
F07_bin.128	o__Clostridiales (UID1212)	83.89	1.34	0	1729895	0	62	62	44245	44245	27901.0	27901.0	111688	111688	62.7	89.58	1633	TRUE
F07_bin.13	k__Bacteria (UID2982)	86.04	4.73	0	3787581	0	821	821	5670	5670	4613.0	4613.0	26289	26289	61.9	92.06	3651	TRUE
F07_bin.131	o__Clostridiales (UID1226)	96.84	3.5	14.29	2879680	0	262	262	16878	16878	10991.0	10991.0	50252	50252	41.5	90.38	2577	TRUE
F07_bin.132	f__Lachnospiraceae (UID1286)	94.04	3.62	12.5	2934468	0	69	69	54550	54550	42528.0	42528.0	126182	126182	46.7	89.42	2687	TRUE
F07_bin.15	p__Bacteroidetes (UID2605)	80.75	2.74	50	2673851	0	78	78	55193	55193	34280.0	34280.0	191114	191114	60.2	91.95	2138	TRUE
F07_bin.17	o__Bacteroidales (UID2617)	96.23	0.0	0	3029969	0	21	21	197753	197753	144284.0	144284.0	551951	551951	43.4	89.38	2422	TRUE
F07_bin.18	o__Clostridiales (UID1212)	92.09	2.91	0	4449072	0	470	470	17517	17517	9466.0	9466.0	118184	118184	37.8	82.79	4351	TRUE
F07_bin.21	p__Bacteroidetes (UID2605)	99.52	0.0	0	2254944	0	44	44	91922	91922	51248.0	51248.0	264712	264712	56.7	86.4	1922	TRUE
F07_bin.23	o__Clostridiales (UID1212)	95.75	1.57	0	2019859	0	50	50	61874	61874	40397.0	40397.0	168802	168802	49.8	87.62	1874	TRUE
F07_bin.25	o__Clostridiales (UID1212)	97.32	0.67	0	2978391	0	102	102	77978	77978	29199.0	29199.0	253657	253657	40.9	90.49	2773	TRUE
F07_bin.26	f__Lachnospiraceae (UID1286)	95.02	0.0	0	2726801	0	57	57	74022	74022	47838.0	47838.0	192653	192653	41.6	88.82	2583	TRUE
F07_bin.27	o__Clostridiales (UID1212)	96.17	0.34	0	2522614	0	78	78	57612	57612	32341.0	32341.0	192226	192226	42.2	89.9	2290	TRUE
F07_bin.29	p__Proteobacteria (UID3887)	96.27	0.62	0	2213903	0	133	133	29666	29666	16645.0	16645.0	105434	105434	62.8	86.05	1990	TRUE
F07_bin.3	o__Clostridiales (UID1212)	94.63	0.0	0	2714448	0	48	48	97700	97700	56551.0	56551.0	297568	297568	44.8	86.78	2460	TRUE
F07_bin.32	p__Proteobacteria (UID3887)	91.93	0.0	0	1702981	0	23	23	129474	129474	74042.0	74042.0	165173	165173	54.9	87.67	1443	TRUE
F07_bin.33	k__Bacteria (UID203)	98.28	6.19	6.25	3197843	0	188	188	31498	31498	17009.0	17009.0	83526	83526	57.6	88.6	3053	TRUE
F07_bin.34	k__Bacteria (UID203)	82.38	3.61	71.43	1681324	0	384	384	5218	5218	4378.0	4378.0	17649	17649	60.5	88.09	1656	TRUE
F07_bin.36	o__Clostridiales (UID1212)	81.21	2.01	0	1953991	0	39	39	85109	85109	50102.0	50102.0	217447	217447	53.7	88.09	1761	TRUE
F07_bin.38	p__Proteobacteria (UID3887)	90.35	1.63	18.18	2221096	0	403	403	7022	7022	5511.0	5511.0	32557	32557	49	89.38	2330	TRUE
F07_bin.40	k__Bacteria (UID2565)	88.17	1.08	0	1575107	0	52	52	50874	50874	30290.0	30290.0	192165	192165	49.4	90.14	1579	TRUE
F07_bin.42	o__Clostridiales (UID1212)	98.66	0.67	0	2704306	0	34	34	126579	126579	79538.0	79538.0	428805	428805	37.3	90.32	2516	TRUE
F07_bin.44	c__Deltaproteobacteria (UID3218)	98.11	3.39	0	2526744	0	87	87	41590	41590	29043.0	29043.0	128828	128828	63.8	85.84	2192	TRUE
F07_bin.57	o__Clostridiales (UID1120)	95.8	1.17	0	3064762	0	93	93	48352	48352	32954.0	32954.0	228420	228420	58	87.19	2553	TRUE
F07_bin.59	p__Actinobacteria (UID2112)	96.37	6.52	60	2189596	0	257	257	11733	11733	8519.0	8519.0	58924	58924	60.2	87.16	2004	TRUE
F07_bin.6	o__Clostridiales (UID1212)	97.32	0.0	0	1926551	0	18	18	167554	167554	107030.0	107030.0	385906	385906	53.6	90.1	1756	TRUE
F07_bin.62	o__Bacteroidales (UID2621)	90.61	0.38	0	3586703	0	122	122	55074	55074	29399.0	29399.0	155431	155431	46	90.17	2980	TRUE
F07_bin.63	k__Bacteria (UID2982)	93.21	2.03	0	4182498	0	35	35	174840	174840	119499.0	119499.0	509598	509598	53.3	93.03	3399	TRUE
F07_bin.65	o__Selenomonadales (UID1024)	99.56	0.9	0	2154745	0	104	104	29313	29313	20718.0	20718.0	163428	163428	47.6	88.14	2042	TRUE
F07_bin.72	p__Actinobacteria (UID2112)	93.35	0.81	0	2014187	0	97	97	34470	34470	20764.0	20764.0	61786	61786	60.8	87.36	1716	TRUE
F07_bin.73	o__Clostridiales (UID1212)	83.77	0.81	0	1710130	0	350	350	5768	5768	4886.0	4886.0	23350	23350	48.3	88.63	1882	TRUE
F07_bin.74	o__Clostridiales (UID1212)	97.99	0.0	0	2759957	0	34	34	153293	153293	81175.0	81175.0	357180	357180	44.2	89.74	2368	TRUE
F07_bin.75	o__Clostridiales (UID1212)	86.07	4.89	21.43	1907382	0	359	359	6559	6559	5313.0	5313.0	24490	24490	57.5	88.66	2046	TRUE
F07_bin.76	o__Bacteroidales (UID2621)	96.0	1.67	83.33	4100287	0	237	237	29122	29122	17300.0	17300.0	119843	119843	45.4	91.47	3504	TRUE
F07_bin.80	o__Clostridiales (UID1212)	85.97	0.57	50	2094277	0	436	436	6036	6036	4803.0	4803.0	21251	21251	61.2	87.67	2045	TRUE
F07_bin.82	c__Deltaproteobacteria (UID3218)	88.91	1.61	0	3243181	0	496	496	8670	8670	6538.0	6538.0	58409	58409	59.8	85.94	2995	TRUE
F07_bin.86	o__Clostridiales (UID1212)	96.22	0.0	0	2353370	0	73	73	58054	58054	32237.0	32237.0	297034	297034	53.2	88.4	2228	TRUE
F07_bin.87	o__Clostridiales (UID1226)	88.66	2.96	42.86	2262606	0	204	204	16199	16199	11091.0	11091.0	44706	44706	49.7	86.48	2039	TRUE
F07_bin.9	o__Clostridiales (UID1212)	87.33	1.57	50	1962543	0	134	134	21217	21217	14645.0	14645.0	67523	67523	59.1	87.61	1933	TRUE
F07_bin.93	o__Clostridiales (UID1212)	96.64	0.34	0	1890470	0	122	122	26710	26710	15495.0	15495.0	101886	101886	36.9	85.37	1803	TRUE
F07_bin.94	o__Clostridiales (UID1212)	87.97	0.22	0	1929786	0	192	192	16260	16260	10050.0	10050.0	72872	72872	37.2	88.96	1965	TRUE
F07_bin.95	k__Bacteria (UID2565)	95.7	0.0	0	1867597	0	77	77	40227	40227	24254.0	24254.0	199851	199851	47.2	89.52	1935	TRUE
F07_bin.96	o__Clostridiales (UID1212)	95.96	0.68	0	2478622	0	229	229	14908	14908	10823.0	10823.0	47316	47316	56.3	83.66	2105	TRUE
F07_bin.97	k__Bacteria (UID203)	82.07	7.76	60	2645121	0	104	104	40280	40280	25433.0	25433.0	170138	170138	59.3	89.6	2258	TRUE
F08_bin.10	o__Clostridiales (UID1212)	82.95	5.48	66.67	2217471	0	229	229	13405	13405	9683.0	9683.0	62198	62198	61.7	88.61	2133	TRUE
F08_bin.101	o__Bacteroidales (UID2621)	99.62	0.38	0	4238036	0	44	44	150610	150610	96319.0	96319.0	404784	404784	45.3	90.39	3405	TRUE
F08_bin.102	k__Bacteria (UID2329)	90.17	1.12	0	1274141	0	54	54	56523	56523	23595.0	23595.0	154563	154563	26.7	89.61	1345	TRUE
F08_bin.103	p__Bacteroidetes (UID2605)	99.52	0.0	0	2191973	0	43	43	99798	99798	50976.0	50976.0	216606	216606	56.9	86.65	1860	TRUE
F08_bin.12	p__Bacteroidetes (UID2605)	100.0	0.0	0	2781642	0	18	18	264115	264115	154535.0	154535.0	464312	464312	54.9	89.53	2301	TRUE
F08_bin.14	o__Clostridiales (UID1120)	98.6	1.17	0	2994963	0	74	74	65826	65826	40472.0	40472.0	114008	114008	58.3	87.5	2556	TRUE
F08_bin.17	o__Clostridiales (UID1120)	80.51	3.4	14.29	1418921	0	151	151	14053	14053	9396.0	9396.0	57330	57330	29.9	88.11	1477	TRUE
F08_bin.22	o__Burkholderiales (UID4000)	95.44	1.64	66.67	2311983	0	70	70	51169	51169	33028.0	33028.0	183062	183062	49.9	88.1	2107	TRUE
F08_bin.24	o__Clostridiales (UID1212)	85.91	0.34	0	1769421	0	44	44	62944	62944	40214.0	40214.0	384168	384168	62.6	89.5	1649	TRUE
F08_bin.25	f__Enterobacteriaceae (UID5103)	84.84	0.08	0	4079313	0	43	43	167224	167224	94867.0	94867.0	364520	364520	50.8	88.78	3799	TRUE
F08_bin.27	f__Lachnospiraceae (UID1286)	87.0	2.03	0	2404845	0	92	92	35369	35369	26139.0	26139.0	141397	141397	44.9	89.72	2128	TRUE
F08_bin.28	o__Clostridiales (UID1212)	89.07	4.25	33.33	1872437	0	208	208	12682	12682	9002.0	9002.0	94277	94277	59	87.47	1875	TRUE
F08_bin.30	o__Clostridiales (UID1212)	96.64	1.36	0	2571656	0	249	249	15525	15525	10327.0	10327.0	55582	55582	56.5	83.9	2208	TRUE
F08_bin.31	o__Clostridiales (UID1212)	80.87	0.67	0	1737225	0	37	37	76689	76689	46952.0	46952.0	220943	220943	61	88.72	1709	TRUE
F08_bin.34	o__Clostridiales (UID1226)	90.19	5.56	31.58	2583306	0	233	233	16768	16768	11087.0	11087.0	62962	62962	48.7	88.6	2405	TRUE
F08_bin.40	p__Actinobacteria (UID2112)	98.39	2.42	0	2065160	0	76	76	46734	46734	27173.0	27173.0	124482	124482	60.1	87.18	1758	TRUE
F08_bin.41	p__Bacteroidetes (UID2605)	91.83	0.0	0	2553791	0	22	22	198414	198414	116081.0	116081.0	416324	416324	54.9	87.88	2099	TRUE
F08_bin.43	o__Clostridiales (UID1212)	89.82	3.77	12.5	2311806	0	69	69	74427	74427	33504.0	33504.0	146218	146218	57.6	86.64	2269	TRUE
F08_bin.47	p__Bacteroidetes (UID2605)	91.83	0.16	0	2655492	0	56	56	78846	78846	47419.0	47419.0	324418	324418	59.9	88.21	2136	TRUE
F08_bin.49	o__Clostridiales (UID1212)	94.27	1.57	33.33	1718574	0	241	241	10849	10849	7131.0	7131.0	46443	46443	38.5	90.73	1754	TRUE
F08_bin.54	f__Pasteurellaceae (UID4932)	90.68	2.98	33.33	1719669	0	304	304	7341	7341	5656.0	5656.0	36586	36586	39.8	90.97	1854	TRUE
F08_bin.55	k__Bacteria (UID203)	98.25	4.94	61.9	4395669	0	327	327	28410	28410	13442.0	13442.0	97359	97359	41.3	85.67	4179	TRUE
F08_bin.57	k__Bacteria (UID2569)	87.06	0.0	0	3419588	0	531	531	8497	8497	6439.0	6439.0	42168	42168	43.8	90.3	3140	TRUE
F08_bin.6	p__Actinobacteria (UID2112)	95.66	3.02	0	2050615	0	299	299	8648	8648	6858.0	6858.0	38989	38989	61.1	87.21	1923	TRUE
F08_bin.62	o__Clostridiales (UID1212)	88.3	4.09	33.33	2150241	0	127	127	24697	24697	16931.0	16931.0	188590	188590	56.9	90.04	2106	TRUE
F08_bin.63	o__Bacteroidales (UID2617)	90.81	0.77	60	2541975	0	369	369	8923	8923	6888.0	6888.0	41020	41020	49.7	92.28	2431	TRUE
F08_bin.66	k__Bacteria (UID2569)	93.55	0.54	100	4630581	0	288	288	24460	24460	16078.0	16078.0	88408	88408	43.2	91.19	3841	TRUE
F08_bin.68	p__Bacteroidetes (UID2605)	97.12	0.0	0	2566596	0	50	50	72305	72305	51331.0	51331.0	264256	264256	58.7	83.94	2052	TRUE
F08_bin.7	k__Bacteria (UID2329)	91.57	1.12	0	1058490	0	13	13	131007	131007	81422.0	81422.0	470000	470000	29.5	91.43	1065	TRUE
F08_bin.71	o__Bacteroidales (UID2654)	93.11	4.81	35.29	4898467	0	251	251	35260	35260	19515.0	19515.0	159581	159581	41.9	89.96	4114	TRUE
F08_bin.73	o__Bacteroidales (UID2621)	99.42	0.51	0	4648289	0	107	107	74468	74468	43441.0	43441.0	244428	244428	45.3	91.3	3879	TRUE
F08_bin.81	k__Bacteria (UID2982)	96.6	0.68	0	2648045	0	32	32	116611	116611	82751.0	82751.0	358636	358636	55.7	88.49	2252	TRUE
F08_bin.83	p__Proteobacteria (UID3887)	80.53	1.42	0	1609131	0	397	397	4697	4697	4053.0	4053.0	47768	47768	57.7	89.31	1768	TRUE
F08_bin.84	p__Bacteroidetes (UID2605)	95.19	2.88	36.36	2155529	0	28	28	121357	121357	76983.0	76983.0	300429	300429	55	86.88	1920	TRUE
F08_bin.9	p__Bacteroidetes (UID2605)	95.93	4.81	38.46	3125991	0	26	26	209402	209402	120230.0	120230.0	468963	468963	58.4	90.29	2553	TRUE
F08_bin.91	o__Clostridiales (UID1212)	88.93	2.37	0	2079000	0	55	55	61753	61753	37800.0	37800.0	154507	154507	57.1	88.62	2006	TRUE
F08_bin.92	o__Clostridiales (UID1212)	90.72	2.87	40	1795091	0	387	387	5916	5916	4638.0	4638.0	25399	25399	59.7	88.22	1992	TRUE
F08_bin.97	o__Bacteroidales (UID2657)	88.12	3.44	7.69	4045509	0	122	122	58182	58182	33159.0	33159.0	160069	160069	46.8	91.32	3478	TRUE
G01_bin.1	p__Bacteroidetes (UID2605)	94.07	0.0	0	2538391	0	31	31	143588	143588	81883.0	81883.0	305042	305042	58.5	84.64	2065	TRUE
G01_bin.10	p__Bacteroidetes (UID2605)	88.01	5.95	0	2229293	0	64	64	67468	67468	34832.0	34832.0	214398	214398	54.6	86.9	1979	TRUE
G01_bin.11	o__Clostridiales (UID1212)	93.36	0.34	0	2391930	0	31	31	165679	165679	77159.0	77159.0	258457	258457	52.7	88.73	2118	TRUE
G01_bin.15	o__Clostridiales (UID1120)	99.3	1.17	0	2869352	0	86	86	52516	52516	33364.0	33364.0	166223	166223	58.4	87.22	2435	TRUE
G01_bin.19	f__Bifidobacteriaceae (UID1462)	98.62	1.77	30	2271030	0	115	115	32155	32155	19748.0	19748.0	93531	93531	60	87.74	1937	TRUE
G01_bin.20	p__Bacteroidetes (UID2605)	96.63	0.48	0	2556372	0	19	19	203060	203060	134545.0	134545.0	282951	282951	55.2	89.68	2106	TRUE
G01_bin.24	p__Actinobacteria (UID2112)	96.77	1.56	0	1780351	0	61	61	45465	45465	29186.0	29186.0	148864	148864	60.6	91.14	1643	TRUE
G01_bin.25	p__Bacteroidetes (UID2605)	80.5	2.4	100	2277512	0	63	63	77789	77789	36150.0	36150.0	174742	174742	60.6	90.74	1851	TRUE
G01_bin.26	o__Clostridiales (UID1212)	80.85	0.67	0	1090863	0	33	33	73766	73766	33056.0	33056.0	261337	261337	34.3	86.54	1106	TRUE
G01_bin.3	o__Bacteroidales (UID2617)	92.33	0.6	50	2066241	0	63	63	49521	49521	32797.0	32797.0	104389	104389	53.8	90.13	1756	TRUE
G01_bin.30	o__Clostridiales (UID1212)	94.32	3.89	73.33	2112281	0	121	121	26612	26612	17456.0	17456.0	70907	70907	60.5	88.16	1979	TRUE
G01_bin.33	o__Clostridiales (UID1212)	92.95	1.23	100	1914810	0	118	118	29398	29398	16227.0	16227.0	92800	92800	61	89.03	1943	TRUE
G01_bin.34	p__Bacteroidetes (UID2605)	86.28	4.25	75	2884362	0	78	78	62458	62458	36979.0	36979.0	195415	195415	59.7	91.31	2287	TRUE
G01_bin.35	p__Bacteroidetes (UID2605)	98.76	8.17	83.33	3186869	0	79	79	66249	66249	40340.0	40340.0	308967	308967	58.8	89.74	2643	TRUE
G01_bin.37	p__Actinobacteria (UID2112)	100.0	0.12	0	1663851	0	27	27	132093	132093	61624.0	61624.0	332009	332009	54.6	89.41	1490	TRUE
G01_bin.40	o__Clostridiales (UID1212)	87.01	1.68	50	1899691	0	97	97	30552	30552	19584.0	19584.0	75040	75040	57.4	88.66	1863	TRUE
G01_bin.46	o__Bacteroidales (UID2657)	81.36	0.0	0	3239514	0	174	174	34005	34005	18617.0	18617.0	78727	78727	48	91.67	2664	TRUE
G01_bin.48	c__Clostridia (UID1118)	90.45	4.46	0	2648430	0	462	462	7581	7581	5732.0	5732.0	42082	42082	59.9	88.49	2641	TRUE
G01_bin.52	p__Bacteroidetes (UID2605)	88.58	2.98	40	2555768	0	430	430	7609	7609	5943.0	5943.0	35472	35472	60.1	88.41	2386	TRUE
G01_bin.53	o__Clostridiales (UID1212)	95.64	2.01	0	2573060	0	111	111	41819	41819	23180.0	23180.0	115599	115599	57.1	86.36	2454	TRUE
G01_bin.54	o__Clostridiales (UID1212)	93.96	9.55	32.26	3340280	0	167	167	37572	37572	20001.0	20001.0	139213	139213	55.9	89.17	3254	TRUE
G01_bin.58	k__Bacteria (UID2329)	82.58	1.69	0	1095004	0	23	23	68422	68422	47608.0	47608.0	177825	177825	27.9	90.56	1139	TRUE
G01_bin.63	o__Clostridiales (UID1212)	81.41	0.67	0	2113766	0	63	63	48111	48111	33551.0	33551.0	183405	183405	59.7	90.15	1995	TRUE
G01_bin.65	o__Bacteroidales (UID2617)	93.79	0.38	0	2465299	0	71	71	49224	49224	34722.0	34722.0	124255	124255	55.7	87.34	2015	TRUE
G01_bin.67	o__Clostridiales (UID1212)	97.99	0.69	50	2089194	0	162	162	23858	23858	12896.0	12896.0	77313	77313	41	87.96	2044	TRUE
G01_bin.68	o__Clostridiales (UID1212)	82.21	1.34	0	1786217	0	30	30	98963	98963	59540.0	59540.0	184096	184096	62.2	89.09	1665	TRUE
G01_bin.70	o__Bacteroidales (UID2657)	93.7	0.0	0	3514492	0	59	59	101943	101943	59567.0	59567.0	291539	291539	48.9	91.26	2776	TRUE
G01_bin.72	k__Bacteria (UID2328)	94.67	0.12	0	1243890	0	28	28	61134	61134	44424.0	44424.0	120025	120025	26.8	89.77	1326	TRUE
G01_bin.73	o__Clostridiales (UID1212)	95.64	8.05	9.52	2294640	0	45	45	76913	76913	50992.0	50992.0	198740	198740	58.7	86.64	2232	TRUE
G01_bin.74	o__Clostridiales (UID1212)	85.91	3.4	66.67	2168310	0	372	372	7721	7721	5828.0	5828.0	33160	33160	61	87.65	2070	TRUE
G01_bin.75	o__Bacteroidales (UID2621)	97.31	1.28	0	4340224	0	186	186	33922	33922	23334.0	23334.0	104249	104249	45.6	91.54	3680	TRUE
G01_bin.76	k__Bacteria (UID2565)	96.77	0.0	0	1754217	0	43	43	64712	64712	40795.0	40795.0	200474	200474	49.2	89.93	1764	TRUE
G01_bin.78	f__Lachnospiraceae (UID1286)	91.86	4.77	52.38	2787813	0	296	296	14150	14150	9418.0	9418.0	94081	94081	47.7	89.58	2642	TRUE
G01_bin.8	o__Bacteroidales (UID2617)	95.85	0.38	0	3222247	0	11	11	335409	335409	292931.0	292931.0	920118	920118	43.6	89.64	2595	TRUE
G01_bin.80	f__Lachnospiraceae (UID1286)	86.8	0.48	0	2456964	0	47	47	81615	81615	52275.0	52275.0	219871	219871	44.5	88.86	2179	TRUE
G01_bin.81	f__Lachnospiraceae (UID1286)	87.54	2.66	33.33	2804304	0	290	290	17494	17494	9670.0	9670.0	66883	66883	42.8	89.7	2818	TRUE
G01_bin.88	o__Clostridiales (UID1212)	81.99	0.34	0	2436918	0	41	41	82274	82274	59437.0	59437.0	267632	267632	44.9	87.19	2129	TRUE
G01_bin.89	o__Clostridiales (UID1212)	92.52	3.4	20	2477311	0	217	217	16189	16189	11416.0	11416.0	56045	56045	56.5	83.75	2118	TRUE
G01_bin.9	f__Lachnospiraceae (UID1286)	96.62	0.87	0	2504711	0	62	62	65357	65357	40398.0	40398.0	215416	215416	41.8	89.19	2342	TRUE
G01_bin.90	k__Bacteria (UID2565)	98.92	0.0	0	1684454	0	83	83	33344	33344	20294.0	20294.0	94530	94530	46.4	89.78	1695	TRUE
G02_bin.1	k__Bacteria (UID2569)	95.7	0.0	0	3731616	0	188	188	35219	35219	19849.0	19849.0	79346	79346	44	89.85	3176	TRUE
G02_bin.14	o__Clostridiales (UID1212)	93.29	2.47	25	2401938	0	50	50	77285	77285	48038.0	48038.0	155549	155549	59.9	88.89	2265	TRUE
G02_bin.18	o__Clostridiales (UID1212)	81.13	6.15	76.47	2359027	0	300	300	11989	11989	7863.0	7863.0	47861	47861	58.4	88.71	2356	TRUE
G02_bin.24	f__Bifidobacteriaceae (UID1462)	84.66	2.65	11.11	2119207	0	366	366	8052	8052	5790.0	5790.0	27540	27540	63.2	86.82	2056	TRUE
G02_bin.29	p__Bacteroidetes (UID2605)	94.71	0.0	0	2031176	0	55	55	67428	67428	36930.0	36930.0	135674	135674	57.1	86.49	1730	TRUE
G02_bin.31	o__Clostridiales (UID1212)	97.73	0.68	0	2487812	0	222	222	15238	15238	11206.0	11206.0	64357	64357	56.5	83.94	2177	TRUE
G02_bin.32	k__Bacteria (UID2982)	97.96	1.36	0	2819487	0	22	22	263794	263794	128158.0	128158.0	532103	532103	55.5	88.18	2384	TRUE
G02_bin.33	o__Bacteroidales (UID2657)	85.11	1.0	0	4734816	0	723	723	10560	10560	6548.0	6548.0	56162	56162	44	91	4040	TRUE
G02_bin.35	o__Clostridiales (UID1212)	86.91	3.36	0	2194008	0	99	99	33502	33502	22161.0	22161.0	109550	109550	62.4	87.68	2110	TRUE
G02_bin.39	o__Clostridiales (UID1212)	95.55	0.0	0	1902707	0	16	16	147880	147880	118919.0	118919.0	290050	290050	53.7	90.64	1735	TRUE
G02_bin.40	f__Enterobacteriaceae (UID5103)	98.03	0.08	0	4383408	0	75	75	95866	95866	58445.0	58445.0	328825	328825	51.1	88.6	4098	TRUE
G02_bin.41	p__Bacteroidetes (UID2605)	99.52	0.0	0	2653974	0	50	50	115072	115072	53079.0	53079.0	205910	205910	55.2	87.98	2169	TRUE
G02_bin.42	o__Clostridiales (UID1212)	83.51	1.25	75	2026001	0	400	400	6449	6449	5065.0	5065.0	25553	25553	58	89.94	2231	TRUE
G02_bin.44	o__Clostridiales (UID1212)	82.55	1.68	0	1522611	0	34	34	58959	58959	44782.0	44782.0	161660	161660	61.7	89.15	1471	TRUE
G02_bin.47	f__Bifidobacteriaceae (UID1462)	93.66	2.43	42.86	2089422	0	142	142	25557	25557	14714.0	14714.0	99004	99004	60.1	87.87	1801	TRUE
G02_bin.49	o__Bacteroidales (UID2621)	97.5	0.19	0	4339514	0	110	110	67060	67060	39450.0	39450.0	203509	203509	45.7	91.1	3610	TRUE
G02_bin.5	p__Bacteroidetes (UID2605)	89.82	0.96	0	1908544	0	28	28	171681	171681	68162.0	68162.0	388423	388423	54.9	86.81	1678	TRUE
G02_bin.50	p__Proteobacteria (UID3887)	95.78	1.56	33.33	1965167	0	318	318	8476	8476	6179.0	6179.0	42136	42136	49.7	89.86	1987	TRUE
G02_bin.52	p__Bacteroidetes (UID2605)	87.1	5.9	81.82	2531118	0	100	100	43428	43428	25311.0	25311.0	132538	132538	60.1	90.05	2132	TRUE
G02_bin.57	o__Bacteroidales (UID2657)	92.66	0.74	33.33	3865201	0	155	155	38791	38791	24936.0	24936.0	181862	181862	46.9	91	3253	TRUE
G02_bin.60	c__Deltaproteobacteria (UID3218)	97.63	1.18	0	4164036	0	444	444	13547	13547	9378.0	9378.0	61292	61292	60.2	84.96	3739	TRUE
G02_bin.62	p__Bacteroidetes (UID2605)	100.0	0.0	0	2539528	0	33	33	157859	157859	76955.0	76955.0	370518	370518	58.5	84.18	2076	TRUE
G02_bin.63	p__Actinobacteria (UID2112)	92.74	0.81	0	1975572	0	56	56	64357	64357	35278.0	35278.0	134980	134980	60.3	87.03	1689	TRUE
G02_bin.64	o__Clostridiales (UID1212)	85.37	0.11	100	1899795	0	356	356	6738	6738	5336.0	5336.0	31658	31658	54.1	88.87	1993	TRUE
G02_bin.66	p__Actinobacteria (UID2112)	100.0	0.12	0	1739698	0	37	37	61468	61468	47018.0	47018.0	198969	198969	54.7	89.28	1532	TRUE
G02_bin.67	o__Clostridiales (UID1212)	81.98	3.24	71.43	2296188	0	90	90	38336	38336	25513.0	25513.0	187144	187144	62	87.61	2254	TRUE
G02_bin.7	o__Lactobacillales (UID544)	97.75	0.0	0	1631791	0	80	80	35528	35528	20397.0	20397.0	148570	148570	39.4	84.66	1757	TRUE
G02_bin.9	p__Bacteroidetes (UID2605)	82.47	4.81	60	2622853	0	45	45	133393	133393	58285.0	58285.0	304861	304861	58.9	89.95	2154	TRUE
G03_bin.10	f__Bifidobacteriaceae (UID1462)	95.51	0.46	50	2105629	0	80	80	52162	52162	26320.0	26320.0	121881	121881	60.2	87.39	1775	TRUE
G03_bin.101	p__Bacteroidetes (UID2605)	97.33	0.96	0	2429390	0	159	159	26679	26679	15279.0	15279.0	101229	101229	56.3	90.97	2043	TRUE
G03_bin.106	o__Bacteroidales (UID2657)	96.08	0.5	100	4073660	0	88	88	91649	91649	46291.0	46291.0	298217	298217	45	90.33	3461	TRUE
G03_bin.109	o__Clostridiales (UID1212)	88.37	4.3	8.7	2618394	0	513	513	6692	6692	5104.0	5104.0	32186	32186	41.3	90.5	2711	TRUE
G03_bin.111	k__Bacteria (UID203)	85.15	8.93	83.33	2170094	0	97	97	38528	38528	22372.0	22372.0	106361	106361	58.8	87.79	2027	TRUE
G03_bin.12	k__Bacteria (UID2982)	93.2	0.0	0	2448492	0	88	88	49533	49533	27823.0	27823.0	100608	100608	56.5	89.11	2086	TRUE
G03_bin.14	f__Bifidobacteriaceae (UID1462)	99.08	4.88	31.82	2146984	0	44	44	71402	71402	48795.0	48795.0	272322	272322	62.9	86.13	1759	TRUE
G03_bin.17	o__Clostridiales (UID1212)	85.72	0.78	50	1689665	0	46	46	67503	67503	36731.0	36731.0	143717	143717	62.3	89.33	1566	TRUE
G03_bin.20	o__Clostridiales (UID1120)	84.48	0.93	0	1597507	0	110	110	23657	23657	14522.0	14522.0	83696	83696	50.2	86.17	1426	TRUE
G03_bin.28	f__Lachnospiraceae (UID1286)	97.87	0.68	20	2322747	0	175	175	19184	19184	13272.0	13272.0	54918	54918	42.7	89.38	2212	TRUE
G03_bin.31	o__Clostridiales (UID1212)	95.52	4.34	25	2546155	0	248	248	19011	19011	10266.0	10266.0	70098	70098	57.5	89.26	2414	TRUE
G03_bin.32	k__Bacteria (UID203)	83.79	4.14	6.25	1977521	0	255	255	11978	11978	7754.0	7754.0	53929	53929	57.8	88.97	1994	TRUE
G03_bin.33	o__Clostridiales (UID1226)	96.41	1.9	66.67	2853448	0	142	142	34853	34853	20094.0	20094.0	143932	143932	48.5	88.13	2617	TRUE
G03_bin.34	o__Bacteroidales (UID2617)	86.13	0.38	0	2235421	0	86	86	33666	33666	25993.0	25993.0	98991	98991	56	89.14	1799	TRUE
G03_bin.37	c__Deltaproteobacteria (UID3218)	95.84	0.89	0	2895909	0	435	435	9325	9325	6657.0	6657.0	38384	38384	62.8	87.16	2658	TRUE
G03_bin.38	o__Clostridiales (UID1212)	82.12	4.42	0	2045260	0	345	345	8615	8615	5928.0	5928.0	33336	33336	60.7	91.46	2122	TRUE
G03_bin.40	o__Clostridiales (UID1212)	95.55	0.68	0	2364677	0	199	199	17331	17331	11882.0	11882.0	60736	60736	56.6	83.7	2036	TRUE
G03_bin.48	p__Actinobacteria (UID2112)	89.25	0.16	0	2304073	0	134	134	26034	26034	17194.0	17194.0	76986	76986	64	87.12	2004	TRUE
G03_bin.56	f__Lachnospiraceae (UID1286)	95.9	5.22	0	3068421	0	210	210	26879	26879	14611.0	14611.0	99747	99747	44.1	90.95	2917	TRUE
G03_bin.62	o__Clostridiales (UID1212)	97.32	1.07	0	2765693	0	128	128	33064	33064	21606.0	21606.0	129342	129342	61	87.87	2505	TRUE
G03_bin.63	c__Deltaproteobacteria (UID3218)	91.72	0.0	0	3724988	0	259	259	22637	22637	14382.0	14382.0	84436	84436	60.5	84.87	3168	TRUE
G03_bin.69	o__Clostridiales (UID1212)	86.58	4.25	20	1948805	0	48	48	58291	58291	40600.0	40600.0	133589	133589	58.9	87.57	1884	TRUE
G03_bin.76	o__Clostridiales (UID1212)	84.71	0.17	0	2607854	0	390	390	9176	9176	6686.0	6686.0	35638	35638	55.9	90.56	2399	TRUE
G03_bin.78	o__Clostridiales (UID1212)	91.95	3.49	71.43	1866429	0	128	128	20718	20718	14581.0	14581.0	66864	66864	62.6	89.68	1818	TRUE
G03_bin.79	o__Clostridiales (UID1212)	93.88	1.36	25	2350140	0	80	80	59760	59760	29376.0	29376.0	112340	112340	60.3	87.15	2094	TRUE
G03_bin.8	o__Clostridiales (UID1212)	87.58	2.18	0	1715437	0	45	45	59381	59381	38120.0	38120.0	158306	158306	62.2	88.94	1656	TRUE
G03_bin.82	o__Clostridiales (UID1120)	84.03	3.75	0	2406112	0	57	57	72154	72154	42212.0	42212.0	247034	247034	58.8	87.55	2020	TRUE
G03_bin.9	c__Clostridia (UID1118)	95.11	2.16	57.14	2429192	0	141	141	24632	24632	17228.0	17228.0	71639	71639	60.4	88.34	2155	TRUE
G03_bin.93	p__Bacteroidetes (UID2605)	93.03	1.44	0	1950276	0	21	21	139241	139241	92870.0	92870.0	458396	458396	54.6	86.94	1723	TRUE
G03_bin.97	o__Clostridiales (UID1212)	93.96	0.0	0	2399530	0	91	91	46605	46605	26368.0	26368.0	109018	109018	45.4	86.42	2160	TRUE
G04_bin.103	o__Clostridiales (UID1212)	93.73	0.68	0	2346044	0	234	234	16675	16675	10025.0	10025.0	52772	52772	56.4	83.64	2035	TRUE
G04_bin.11	o__Clostridiales (UID1212)	85.91	0.0	0	1805392	0	47	47	123688	123688	38412.0	38412.0	245812	245812	37.4	91.65	1750	TRUE
G04_bin.12	p__Bacteroidetes (UID2605)	99.04	0.51	33.33	2207389	0	27	27	163763	163763	81755.0	81755.0	454716	454716	56.6	86.71	1901	TRUE
G04_bin.15	o__Clostridiales (UID1212)	91.3	3.75	33.33	1967671	0	190	190	15839	15839	10356.0	10356.0	87077	87077	62	89.46	1945	TRUE
G04_bin.17	p__Bacteroidetes (UID2605)	98.8	0.48	0	2485044	0	43	43	107822	107822	57791.0	57791.0	201290	201290	60	87.98	2075	TRUE
G04_bin.2	k__Bacteria (UID2569)	93.55	0.0	0	3915315	0	64	64	97292	97292	61176.0	61176.0	226809	226809	43.4	89.4	3332	TRUE
G04_bin.23	k__Bacteria (UID2569)	96.24	0.0	0	4033110	0	88	88	61249	61249	45830.0	45830.0	239738	239738	42.7	90.44	3378	TRUE
G04_bin.28	k__Bacteria (UID2982)	97.96	0.0	0	2746775	0	20	20	316187	316187	137338.0	137338.0	471044	471044	55.5	88.28	2309	TRUE
G04_bin.29	o__Clostridiales (UID1212)	97.27	0.0	0	2132500	0	13	13	200267	200267	164038.0	164038.0	530353	530353	51.7	89.23	1989	TRUE
G04_bin.3	p__Bacteroidetes (UID2605)	98.56	2.64	50	3097550	0	41	41	117267	117267	75550.0	75550.0	338343	338343	58.8	89.58	2564	TRUE
G04_bin.33	o__Clostridiales (UID1212)	93.29	0.34	0	2074225	0	19	19	166764	166764	109169.0	109169.0	518293	518293	36.4	86.01	1878	TRUE
G04_bin.38	o__Clostridiales (UID1212)	91.7	1.34	0	1757852	0	253	253	8711	8711	6948.0	6948.0	33627	33627	51.3	86.82	1674	TRUE
G04_bin.42	o__Clostridiales (UID1212)	99.33	0.67	0	2962571	0	21	21	173452	173452	141074.0	141074.0	580376	580376	44.6	89.82	2595	TRUE
G04_bin.43	o__Clostridiales (UID1212)	87.71	1.34	0	1721558	0	60	60	41413	41413	28692.0	28692.0	149248	149248	61.7	89.14	1665	TRUE
G04_bin.44	p__Actinobacteria (UID2112)	91.31	2.42	25	2005839	0	148	148	18280	18280	13552.0	13552.0	47962	47962	62.5	85.99	1701	TRUE
G04_bin.45	p__Actinobacteria (UID2112)	100.0	4.03	0	2127965	0	58	58	69642	69642	36689.0	36689.0	137693	137693	60.2	86.91	1831	TRUE
G04_bin.49	o__Clostridiales (UID1212)	91.44	7.31	23.53	2866196	0	297	297	16922	16922	9650.0	9650.0	94291	94291	36.4	88.4	2788	TRUE
G04_bin.50	o__Clostridiales (UID1212)	97.32	0.0	0	2507526	0	79	79	51633	51633	31740.0	31740.0	152591	152591	42.4	88.31	2163	TRUE
G04_bin.55	f__Lachnospiraceae (UID1286)	88.76	2.58	25	3042332	0	119	119	43057	43057	25565.0	25565.0	150994	150994	43.2	89.5	2695	TRUE
G04_bin.57	o__Bacteroidales (UID2621)	95.35	4.23	6.67	3770002	0	160	160	35137	35137	23562.0	23562.0	194664	194664	45.9	89.99	3132	TRUE
G04_bin.58	o__Bacteroidales (UID2617)	93.78	0.38	0	3087453	0	214	214	23346	23346	14427.0	14427.0	100017	100017	38.5	88.96	2549	TRUE
G04_bin.59	o__Clostridiales (UID1212)	92.52	0.14	100	2460670	0	87	87	57120	57120	28283.0	28283.0	222723	222723	60.4	87.18	2205	TRUE
G04_bin.6	o__Clostridiales (UID1226)	92.95	3.88	16.67	3204698	0	400	400	11836	11836	8011.0	8011.0	56124	56124	41.2	89.95	3033	TRUE
G04_bin.60	o__Bacteroidales (UID2657)	96.81	3.9	40	6825080	0	92	92	116011	116011	74185.0	74185.0	375721	375721	42.7	91.08	5125	TRUE
G04_bin.62	f__Bifidobacteriaceae (UID1462)	94.12	4.03	31.82	2207543	0	90	90	43142	43142	24528.0	24528.0	139899	139899	59.9	87.53	1860	TRUE
G04_bin.66	f__Lachnospiraceae (UID1255)	91.7	2.17	20	2702642	0	396	396	9510	9510	6824.0	6824.0	44087	44087	49.3	88.72	2694	TRUE
G04_bin.75	o__Clostridiales (UID1120)	98.6	2.56	0	3202410	0	100	100	49889	49889	32024.0	32024.0	118815	118815	57.8	87.07	2707	TRUE
G04_bin.77	o__Clostridiales (UID1212)	95.97	5.18	13.04	4966880	0	694	694	11542	11542	7156.0	7156.0	147586	147586	38.4	84.03	5165	TRUE
G04_bin.78	o__Bacteroidales (UID2657)	87.89	2.54	28.57	3787627	0	60	60	90633	90633	63127.0	63127.0	465386	465386	46.9	91.1	3108	TRUE
G04_bin.79	p__Proteobacteria (UID3887)	96.25	0.73	0	2384958	0	93	93	43235	43235	25644.0	25644.0	156679	156679	48.8	88.77	2167	TRUE
G04_bin.8	p__Bacteroidetes (UID2605)	91.99	0.02	100	2497760	0	29	29	139671	139671	86129.0	86129.0	228156	228156	60.1	90.39	2051	TRUE
G04_bin.82	f__Bifidobacteriaceae (UID1462)	89.46	0.8	25	2201888	0	141	141	24801	24801	15616.0	15616.0	93696	93696	63	86.61	1919	TRUE
G04_bin.83	p__Bacteroidetes (UID2605)	96.31	0.0	0	2610402	0	42	42	97242	97242	62152.0	62152.0	242562	242562	59.1	89.84	2170	TRUE
G04_bin.86	o__Clostridiales (UID1212)	93.96	0.0	0	2006225	0	59	59	56416	56416	34003.0	34003.0	120620	120620	58.8	86.73	1975	TRUE
G04_bin.89	k__Bacteria (UID2328)	94.67	1.33	0	1313772	0	25	25	76990	76990	52550.0	52550.0	199882	199882	26	89.77	1369	TRUE
G04_bin.90	k__Bacteria (UID203)	83.1	0.0	0	3530823	0	84	84	63484	63484	42033.0	42033.0	155076	155076	46.2	90.64	2944	TRUE
G04_bin.93	p__Euryarchaeota (UID3)	86.89	0.8	0	1293784	0	131	131	15158	15158	9876.0	9876.0	55049	55049	31.8	91.05	1374	TRUE
G04_bin.96	p__Bacteroidetes (UID2605)	87.74	0.96	0	1891888	0	21	21	131729	131729	90089.0	90089.0	262396	262396	54.5	86.08	1661	TRUE
G04_bin.97	o__Clostridiales (UID1212)	91.28	0.0	0	2458532	0	62	62	71355	71355	39653.0	39653.0	233456	233456	53.3	88.99	2205	TRUE
G05_bin.10	c__Clostridia (UID1118)	99.19	0.0	0	2080408	0	33	33	75729	75729	63042.0	63042.0	153750	153750	52.8	89.81	1965	TRUE
G05_bin.101	p__Bacteroidetes (UID2605)	98.08	6.81	22.22	2563671	0	64	64	70498	70498	40057.0	40057.0	305578	305578	54.5	86.41	2324	TRUE
G05_bin.105	o__Clostridiales (UID1212)	86.58	3.69	55.56	2056373	0	91	91	37558	37558	22597.0	22597.0	128757	128757	62.2	89.85	1995	TRUE
G05_bin.12	k__Bacteria (UID2982)	95.92	0.0	0	2603675	0	26	26	116615	116615	100141.0	100141.0	471731	471731	55.8	88.5	2213	TRUE
G05_bin.13	o__Clostridiales (UID1212)	98.66	0.67	0	1913307	0	16	16	221917	221917	119581.0	119581.0	356898	356898	41.2	87.63	1766	TRUE
G05_bin.14	p__Bacteroidetes (UID2605)	89.42	0.0	0	2381398	0	29	29	115544	115544	82117.0	82117.0	404968	404968	58.5	84.37	1918	TRUE
G05_bin.15	f__Lachnospiraceae (UID1255)	93.97	0.45	0	2202058	0	52	52	67622	67622	42347.0	42347.0	167787	167787	41.8	89.68	2133	TRUE
G05_bin.17	o__Clostridiales (UID1212)	92.97	1.36	0	2291391	0	128	128	31234	31234	17901.0	17901.0	119794	119794	60.8	86.71	1999	TRUE
G05_bin.22	o__Clostridiales (UID1120)	97.18	1.4	0	1953159	0	35	35	65271	65271	55804.0	55804.0	257196	257196	49.5	85.86	1726	TRUE
G05_bin.24	o__Bacteroidales (UID2617)	83.82	0.13	0	2390304	0	488	488	5889	5889	4898.0	4898.0	21209	21209	49.7	92.31	2419	TRUE
G05_bin.28	o__Clostridiales (UID1226)	91.7	6.01	27.27	2806061	0	547	547	6730	6730	5129.0	5129.0	30143	30143	48.5	88.8	2838	TRUE
G05_bin.34	k__Bacteria (UID2569)	92.37	1.34	33.33	3478732	0	585	585	8415	8415	5946.0	5946.0	40781	40781	43.6	90.07	3263	TRUE
G05_bin.35	o__Clostridiales (UID1212)	87.29	0.68	0	2272321	0	383	383	7673	7673	5932.0	5932.0	32057	32057	43.3	88.57	2308	TRUE
G05_bin.38	p__Bacteroidetes (UID2605)	95.67	1.44	50	2571580	0	31	31	134438	134438	82954.0	82954.0	306016	306016	60.2	88.55	2088	TRUE
G05_bin.39	o__Bacteroidales (UID2617)	80.82	0.02	0	2166427	0	67	67	52039	52039	32334.0	32334.0	144447	144447	52.5	89.85	1787	TRUE
G05_bin.40	o__Clostridiales (UID1212)	80.38	1.9	0	1499659	0	333	333	5453	5453	4503.0	4503.0	22310	22310	44.4	89.31	1597	TRUE
G05_bin.41	o__Clostridiales (UID1212)	93.48	7.68	68.75	2888949	0	374	374	12057	12057	7724.0	7724.0	46792	46792	58	89	2910	TRUE
G05_bin.42	o__Clostridiales (UID1212)	92.84	0.34	100	2562674	0	168	168	21275	21275	15254.0	15254.0	136034	136034	44.6	89.37	2320	TRUE
G05_bin.44	o__Bacteroidales (UID2657)	91.88	1.24	20	4555723	0	84	84	89741	89741	54234.0	54234.0	214216	214216	44	89.86	3789	TRUE
G05_bin.45	o__Clostridiales (UID1212)	97.27	0.0	0	2129602	0	15	15	263926	263926	141973.0	141973.0	366974	366974	51.5	89.41	1986	TRUE
G05_bin.58	o__Clostridiales (UID1212)	93.91	1.81	25	2365296	0	336	336	9788	9788	7039.0	7039.0	37803	37803	56.6	84.35	2173	TRUE
G05_bin.60	c__Clostridia (UID1118)	91.12	3.23	0	1830086	0	304	304	8045	8045	6020.0	6020.0	27245	27245	55.6	90.64	1791	TRUE
G05_bin.64	p__Proteobacteria (UID3887)	97.19	1.4	25	2278750	0	332	332	10873	10873	6863.0	6863.0	79497	79497	49	89.43	2306	TRUE
G05_bin.65	o__Clostridiales (UID1120)	99.3	1.86	0	2926442	0	97	97	42360	42360	30169.0	30169.0	182306	182306	58.4	87.03	2462	TRUE
G05_bin.66	o__Clostridiales (UID1212)	90.43	6.01	50	1739934	0	228	228	10818	10818	7631.0	7631.0	53303	53303	62.3	89.92	1824	TRUE
G05_bin.67	k__Bacteria (UID2569)	96.24	0.59	50	5073099	0	166	166	49993	49993	30560.0	30560.0	157416	157416	42.9	91.01	4136	TRUE
G05_bin.68	o__Clostridiales (UID1212)	89.95	5.15	50	2126111	0	52	52	66841	66841	40886.0	40886.0	152998	152998	61.5	88.56	2033	TRUE
G05_bin.7	o__Clostridiales (UID1212)	81.28	0.34	100	1713195	0	226	226	10906	10906	7580.0	7580.0	34841	34841	57.8	84.92	1656	TRUE
G05_bin.71	o__Clostridiales (UID1212)	90.56	0.67	0	1980187	0	110	110	28298	28298	18001.0	18001.0	111709	111709	53.4	88.96	1950	TRUE
G05_bin.72	o__Clostridiales (UID1120)	91.82	1.7	0	1733966	0	159	159	17918	17918	10905.0	10905.0	74780	74780	53.8	89.21	1704	TRUE
G05_bin.75	o__Bacteroidales (UID2657)	82.71	1.95	14.29	3361309	0	173	173	31247	31247	19429.0	19429.0	118637	118637	47.5	91.25	2803	TRUE
G05_bin.76	o__Clostridiales (UID1212)	80.9	8.05	0	1828617	0	535	535	3808	3808	3417.0	3417.0	15180	15180	61.5	87.04	1964	TRUE
G05_bin.78	k__Bacteria (UID2329)	84.27	1.12	0	1212090	0	56	56	34034	34034	21644.0	21644.0	86032	86032	34.6	89.01	976	TRUE
G05_bin.86	k__Bacteria (UID2328)	89.44	0.0	0	1531754	0	5	5	462080	462080	306350.0	306350.0	586204	586204	28.5	90.66	1374	TRUE
G05_bin.89	o__Clostridiales (UID1212)	81.88	0.34	100	1936462	0	108	108	40870	40870	17930.0	17930.0	188336	188336	59.9	88.05	1910	TRUE
G05_bin.9	o__Clostridiales (UID1212)	91.37	6.66	22.22	2406574	0	218	218	15913	15913	11039.0	11039.0	81420	81420	57.4	89.15	2300	TRUE
G05_bin.90	p__Bacteroidetes (UID2605)	92.72	0.91	75	2995958	0	34	34	169448	169448	88116.0	88116.0	401925	401925	58.6	89.98	2467	TRUE
G05_bin.91	f__Enterobacteriaceae (UID5103)	95.64	0.39	0	4357690	0	54	54	115291	115291	80697.0	80697.0	313634	313634	50.8	88.57	4062	TRUE
G05_bin.96	o__Clostridiales (UID1212)	83.55	3.69	83.33	2565017	0	281	281	14540	14540	9128.0	9128.0	52476	52476	56.4	89.25	2566	TRUE
G05_bin.97	p__Actinobacteria (UID2112)	95.16	0.81	0	1861387	0	75	75	45967	45967	24818.0	24818.0	165083	165083	60.4	87.25	1601	TRUE
G05_bin.98	f__Lachnospiraceae (UID1286)	91.06	2.24	0	2781291	0	55	55	106661	106661	50568.0	50568.0	186859	186859	43.7	90.56	2613	TRUE
G06_bin.14	o__Clostridiales (UID1212)	96.24	1.9	0	1899439	0	155	155	22545	22545	12254.0	12254.0	101609	101609	38.2	90.38	1865	TRUE
G06_bin.15	f__Bifidobacteriaceae (UID1462)	94.85	1.84	83.33	2162182	0	112	112	33064	33064	19305.0	19305.0	125495	125495	60.3	87.83	1842	TRUE
G06_bin.16	c__Clostridia (UID1118)	95.65	0.27	0	3081932	0	119	119	39353	39353	25898.0	25898.0	225519	225519	60.6	89.44	2821	TRUE
G06_bin.18	o__Clostridiales (UID1212)	93.34	6.94	86.67	2450503	0	404	404	7511	7511	6065.0	6065.0	60496	60496	57.8	87.36	2600	TRUE
G06_bin.19	k__Bacteria (UID2982)	97.96	0.0	0	2698048	0	21	21	196679	196679	128478.0	128478.0	821122	821122	55.4	88.22	2275	TRUE
G06_bin.21	o__Clostridiales (UID1226)	97.47	6.01	8.33	2683568	0	128	128	35981	35981	20965.0	20965.0	124426	124426	44.7	89.24	2356	TRUE
G06_bin.24	o__Clostridiales (UID1212)	89.26	0.85	50	2167375	0	58	58	60275	60275	37368.0	37368.0	134127	134127	58.9	88.81	1991	TRUE
G06_bin.25	o__Bacteroidales (UID2657)	93.85	0.0	0	3595784	0	128	128	52047	52047	28092.0	28092.0	165528	165528	48.8	91.02	2937	TRUE
G06_bin.26	o__Clostridiales (UID1212)	94.64	4.74	14.29	2439600	0	201	201	19597	19597	12137.0	12137.0	99169	99169	62	87.73	2502	TRUE
G06_bin.3	p__Bacteroidetes (UID2605)	85.07	4.09	30	2705067	0	38	38	112042	112042	71185.0	71185.0	212057	212057	58.9	89.76	2229	TRUE
G06_bin.30	k__Bacteria (UID2569)	97.85	0.0	0	4033527	0	81	81	83660	83660	49796.0	49796.0	232589	232589	43.6	90.2	3258	TRUE
G06_bin.32	f__Lachnospiraceae (UID1256)	86.07	8.67	0	2884446	0	139	139	40133	40133	20751.0	20751.0	163024	163024	41.7	88.6	2763	TRUE
G06_bin.36	p__Actinobacteria (UID2112)	83.76	2.42	33.33	2368865	0	475	475	6415	6415	4987.0	4987.0	28108	28108	63.6	87.11	2359	TRUE
G06_bin.43	p__Bacteroidetes (UID2605)	97.6	0.0	0	2586214	0	34	34	105204	105204	76065.0	76065.0	277074	277074	58.4	83.97	2105	TRUE
G06_bin.44	o__Clostridiales (UID1212)	93.15	0.0	0	2441852	0	61	61	63680	63680	40030.0	40030.0	202254	202254	43	88.2	2222	TRUE
G06_bin.45	o__Clostridiales (UID1212)	90.68	3.04	0	2464557	0	435	435	7408	7408	5665.0	5665.0	31784	31784	62.2	88.18	2599	TRUE
G06_bin.46	o__Clostridiales (UID1212)	93.92	0.68	0	2591986	0	229	229	15974	15974	11318.0	11318.0	91745	91745	56.2	84.12	2257	TRUE
G06_bin.47	o__Clostridiales (UID1212)	81.88	0.67	0	1818982	0	48	48	55487	55487	37895.0	37895.0	162665	162665	59.1	87.06	1690	TRUE
G06_bin.57	c__Deltaproteobacteria (UID3218)	99.11	0.0	0	4147625	0	272	272	23653	23653	15248.0	15248.0	128237	128237	60.1	84.73	3634	TRUE
G06_bin.58	k__Bacteria (UID2329)	92.7	2.25	0	1240041	0	24	24	93485	93485	51668.0	51668.0	177919	177919	26.1	89.69	1281	TRUE
G06_bin.64	p__Bacteroidetes (UID2605)	99.52	0.16	0	2266841	0	36	36	114089	114089	62967.0	62967.0	255464	255464	56.9	86.61	1959	TRUE
G06_bin.67	o__Clostridiales (UID1212)	87.92	0.69	50	1852263	0	91	91	26844	26844	20354.0	20354.0	67898	67898	62.3	89.44	1754	TRUE
G06_bin.70	f__Lachnospiraceae (UID1286)	97.34	2.05	20	2982036	0	60	60	89593	89593	49700.0	49700.0	241980	241980	43.6	90.5	2826	TRUE
G06_bin.75	o__Clostridiales (UID1212)	91.27	4.95	35.71	1619438	0	296	296	7111	7111	5471.0	5471.0	22822	22822	62.4	90.14	1750	TRUE
G06_bin.77	k__Bacteria (UID2329)	92.37	1.12	0	1069961	0	16	16	139928	139928	66872.0	66872.0	185380	185380	26.8	91.99	1109	TRUE
G06_bin.79	o__Bacteroidales (UID2617)	99.62	0.0	0	3187362	0	32	32	238952	238952	99605.0	99605.0	443095	443095	43.3	89.73	2593	TRUE
G06_bin.82	o__Clostridiales (UID1212)	90.44	2.71	16.67	2132481	0	93	93	42678	42678	22929.0	22929.0	102564	102564	37.1	89.82	2078	TRUE
G06_bin.83	o__Bacteroidales (UID2657)	87.32	5.98	80.77	3680910	0	178	178	33023	33023	20679.0	20679.0	118854	118854	47.1	91.44	3087	TRUE
G06_bin.85	p__Bacteroidetes (UID2605)	93.03	2.16	61.54	2080355	0	134	134	23258	23258	15525.0	15525.0	68060	68060	54.9	86.83	1899	TRUE
G06_bin.88	p__Bacteroidetes (UID2605)	96.63	2.4	0	2759746	0	55	55	93998	93998	50177.0	50177.0	260907	260907	59.7	88.5	2259	TRUE
G06_bin.89	p__Bacteroidetes (UID2605)	95.78	8.85	66.67	3248165	0	55	55	100325	100325	59057.0	59057.0	282223	282223	60.1	91.08	2553	TRUE
G06_bin.90	p__Actinobacteria (UID2112)	89.52	0.81	0	2052035	0	55	55	55037	55037	37309.0	37309.0	140866	140866	59.9	87.19	1722	TRUE
G06_bin.91	o__Clostridiales (UID1212)	88.55	0.0	0	1990929	0	12	12	452216	452216	165910.0	165910.0	622706	622706	51.8	88.47	1870	TRUE
G06_bin.94	o__Clostridiales (UID1212)	88.44	1.36	0	2311266	0	106	106	35818	35818	21804.0	21804.0	200890	200890	60.5	87.02	2023	TRUE
G06_bin.95	o__Clostridiales (UID1226)	97.58	3.24	60	2809076	0	337	337	12796	12796	8335.0	8335.0	51486	51486	48.9	88.37	2703	TRUE
G06_bin.99	o__Clostridiales (UID1212)	95.97	0.0	0	2490558	0	34	34	132851	132851	73251.0	73251.0	305308	305308	41.4	88.38	2163	TRUE
G07_bin.1	k__Bacteria (UID2982)	97.96	0.0	0	2624207	0	26	26	162769	162769	100931.0	100931.0	484935	484935	55.8	88.42	2187	TRUE
G07_bin.103	k__Bacteria (UID2569)	94.62	0.0	0	3643619	0	135	135	44985	44985	26989.0	26989.0	146156	146156	43.5	90.01	3051	TRUE
G07_bin.107	f__Lachnospiraceae (UID1286)	99.21	2.0	33.33	3072255	0	73	73	79397	79397	42085.0	42085.0	366998	366998	43.4	90.34	2924	TRUE
G07_bin.2	o__Clostridiales (UID1212)	93.15	1.06	100	2606270	0	224	224	22372	22372	11635.0	11635.0	75052	75052	44.6	89.97	2379	TRUE
G07_bin.23	o__Clostridiales (UID1212)	95.95	2.49	14.29	2377385	0	285	285	11836	11836	8341.0	8341.0	40143	40143	56.3	83.62	2103	TRUE
G07_bin.24	p__Actinobacteria (UID2112)	87.84	1.7	0	1564901	0	205	205	10890	10890	7633.0	7633.0	53872	53872	53.2	86.35	1534	TRUE
G07_bin.26	p__Proteobacteria (UID3887)	98.12	1.35	0	2512210	0	228	228	16782	16782	11018.0	11018.0	89587	89587	48.9	89.25	2448	TRUE
G07_bin.30	f__Bifidobacteriaceae (UID1458)	93.6	1.33	80	1862658	0	115	115	32336	32336	16197.0	16197.0	144915	144915	60	89.04	1576	TRUE
G07_bin.31	o__Clostridiales (UID1212)	81.0	0.17	0	1643503	0	333	333	6497	6497	4935.0	4935.0	35679	35679	46.9	86.99	1725	TRUE
G07_bin.35	o__Clostridiales (UID1212)	82.91	1.34	50	1692409	0	324	324	6412	6412	5223.0	5223.0	38622	38622	44.7	89.78	1788	TRUE
G07_bin.36	k__Bacteria (UID1453)	89.74	1.71	0	1834375	0	61	61	37461	37461	30071.0	30071.0	141410	141410	32.3	90.2	1854	TRUE
G07_bin.38	o__Clostridiales (UID1212)	90.95	9.73	80	2182048	0	83	83	40120	40120	26289.0	26289.0	117839	117839	61.5	89.47	2015	TRUE
G07_bin.40	p__Bacteroidetes (UID2605)	86.3	2.16	33.33	1848009	0	92	92	35239	35239	20087.0	20087.0	124267	124267	55.4	87.67	1676	TRUE
G07_bin.42	k__Bacteria (UID1453)	83.48	1.71	0	2106633	0	163	163	20912	20912	12924.0	12924.0	70044	70044	35.5	92.02	2206	TRUE
G07_bin.43	o__Clostridiales (UID1212)	83.52	3.58	25	1780701	0	369	369	5871	5871	4825.0	4825.0	32793	32793	54.2	88.63	1928	TRUE
G07_bin.44	o__Clostridiales (UID1212)	90.99	5.11	13.33	2304872	0	219	219	14764	14764	10524.0	10524.0	53924	53924	62.3	87.87	2373	TRUE
G07_bin.45	o__Clostridiales (UID1212)	95.3	3.91	87.5	1857144	0	205	205	12654	12654	9059.0	9059.0	49290	49290	59.5	87.56	1890	TRUE
G07_bin.51	o__Clostridiales (UID1212)	97.78	3.02	14.29	1964597	0	129	129	24823	24823	15229.0	15229.0	68849	68849	41.2	87.61	1881	TRUE
G07_bin.52	o__Bacteroidales (UID2657)	93.68	0.37	0	3573034	0	55	55	104993	104993	64964.0	64964.0	308878	308878	48.4	91.04	2858	TRUE
G07_bin.53	o__Bacteroidales (UID2621)	97.31	1.28	0	4675665	0	54	54	133804	133804	86586.0	86586.0	357113	357113	45.2	91.37	3848	TRUE
G07_bin.56	o__Clostridiales (UID1212)	86.7	1.34	33.33	1692580	0	249	249	9266	9266	6797.0	6797.0	47212	47212	54.4	91.38	1722	TRUE
G07_bin.59	p__Bacteroidetes (UID2605)	91.71	5.25	6.67	2652806	0	388	388	9600	9600	6837.0	6837.0	33624	33624	55.6	90.17	2470	TRUE
G07_bin.60	o__Bacteroidales (UID2657)	85.74	8.62	16.13	4288295	0	151	151	62236	62236	28399.0	28399.0	214616	214616	42	90.21	3492	TRUE
G07_bin.64	o__Clostridiales (UID1212)	90.22	2.82	20	1887919	0	289	289	8315	8315	6532.0	6532.0	61062	61062	51.3	90.83	1806	TRUE
G07_bin.66	f__Lachnospiraceae (UID1286)	95.27	0.07	0	2443727	0	101	101	38070	38070	24195.0	24195.0	96710	96710	42.2	88.94	2297	TRUE
G07_bin.70	p__Bacteroidetes (UID2605)	86.62	6.88	56.52	2848264	0	164	164	27790	27790	17367.0	17367.0	109595	109595	59	90.19	2448	TRUE
G07_bin.74	o__Bacteroidales (UID2657)	90.82	4.21	40.62	3935227	0	157	157	44934	44934	25065.0	25065.0	147021	147021	47	91.26	3303	TRUE
G07_bin.76	o__Bacteroidales (UID2657)	97.65	1.23	42.86	3426795	0	69	69	87073	87073	49663.0	49663.0	231562	231562	40.7	90.11	2769	TRUE
G07_bin.80	o__Clostridiales (UID1212)	97.32	2.96	54.55	1955600	0	173	173	19101	19101	11304.0	11304.0	65863	65863	61.6	88.97	1980	TRUE
G07_bin.81	c__Clostridia (UID1118)	96.37	1.28	0	1908985	0	154	154	18702	18702	12396.0	12396.0	98356	98356	48.2	86.64	1659	TRUE
G07_bin.85	o__Clostridiales (UID1120)	99.3	0.93	0	3098913	0	171	171	28649	28649	18122.0	18122.0	150526	150526	58.3	87.41	2620	TRUE
G07_bin.87	k__Bacteria (UID1453)	89.74	2.14	0	2008039	0	34	34	142999	142999	59059.0	59059.0	302673	302673	34.4	91.23	2060	TRUE
G07_bin.90	o__Clostridiales (UID1212)	93.96	0.0	0	2450242	0	61	61	59091	59091	40167.0	40167.0	164317	164317	45.1	87.34	2137	TRUE
G07_bin.92	f__Lachnospiraceae (UID1286)	98.26	3.1	25	3258653	0	185	185	27088	27088	17614.0	17614.0	120581	120581	47.1	89.18	2993	TRUE
G07_bin.93	o__Bacteroidales (UID2621)	93.85	7.38	13.79	3968181	0	128	128	47607	47607	31001.0	31001.0	145144	145144	45.9	90.1	3296	TRUE
G07_bin.99	c__Deltaproteobacteria (UID3218)	99.41	0.59	0	3972542	0	241	241	26407	26407	16483.0	16483.0	170579	170579	60	84.46	3452	TRUE
G08_bin.10	p__Bacteroidetes (UID2605)	97.63	2.88	12.5	3087922	0	86	86	55214	55214	35906.0	35906.0	268600	268600	59.1	90.21	2553	TRUE
G08_bin.11	o__Clostridiales (UID1120)	96.15	1.05	0	2817487	0	42	42	109582	109582	67083.0	67083.0	199685	199685	49.8	91.08	2560	TRUE
G08_bin.13	o__Clostridiales (UID1120)	93.68	2.1	0	2006877	0	27	27	89207	89207	74328.0	74328.0	289312	289312	49.5	85.75	1765	TRUE
G08_bin.14	o__Clostridiales (UID1212)	89.6	4.87	0	2923473	0	135	135	34526	34526	21655.0	21655.0	91050	91050	61.9	87.61	2755	TRUE
G08_bin.15	p__Actinobacteria (UID2112)	98.39	0.81	0	2103580	0	51	51	61470	61470	41246.0	41246.0	160855	160855	59.8	87.44	1790	TRUE
G08_bin.16	k__Bacteria (UID2982)	97.96	0.0	0	2731116	0	21	21	226030	226030	130053.0	130053.0	527810	527810	55.6	88.31	2320	TRUE
G08_bin.17	o__Clostridiales (UID1212)	97.05	0.45	0	2077355	0	121	121	32880	32880	17168.0	17168.0	173709	173709	60.5	88.5	2068	TRUE
G08_bin.19	o__Clostridiales (UID1212)	94.63	0.0	0	2503783	0	98	98	48771	48771	25548.0	25548.0	135993	135993	42.5	88.07	2176	TRUE
G08_bin.23	k__Bacteria (UID2565)	96.77	0.1	0	1823376	0	49	49	59568	59568	37211.0	37211.0	121455	121455	51.2	85.88	1701	TRUE
G08_bin.26	o__Clostridiales (UID1212)	93.36	2.81	14.29	2111951	0	241	241	13622	13622	8763.0	8763.0	54142	54142	53.8	88.43	2106	TRUE
G08_bin.28	o__Clostridiales (UID1212)	98.43	2.01	0	3128480	0	112	112	60256	60256	27932.0	27932.0	181305	181305	47.5	78.7	2889	TRUE
G08_bin.3	o__Clostridiales (UID1212)	88.93	0.0	0	1694879	0	13	13	194812	194812	130375.0	130375.0	337602	337602	54.4	89.47	1615	TRUE
G08_bin.33	o__Clostridiales (UID1212)	87.15	6.01	8.33	2737240	0	633	633	5251	5251	4324.0	4324.0	31175	31175	59.4	87.9	2954	TRUE
G08_bin.34	o__Clostridiales (UID1212)	87.64	0.0	0	2308512	0	267	267	12656	12656	8646.0	8646.0	51894	51894	60.7	87.21	2068	TRUE
G08_bin.36	o__Clostridiales (UID1212)	90.88	2.24	40	2463388	0	103	103	43146	43146	23916.0	23916.0	197280	197280	62.6	90.43	2324	TRUE
G08_bin.39	c__Deltaproteobacteria (UID3218)	98.82	0.0	0	4134285	0	210	210	30470	30470	19687.0	19687.0	274927	274927	59.9	84.54	3616	TRUE
G08_bin.42	f__Bifidobacteriaceae (UID1458)	84.09	0.19	50	1566092	0	19	19	127968	127968	82425.0	82425.0	421976	421976	59.6	89.39	1350	TRUE
G08_bin.46	c__Clostridia (UID1118)	95.16	3.49	0	3063130	0	104	104	66823	66823	29453.0	29453.0	235769	235769	61	89.7	2801	TRUE
G08_bin.51	f__Bifidobacteriaceae (UID1462)	98.76	0.23	50	2196324	0	92	92	42074	42074	23873.0	23873.0	134090	134090	60.1	87.87	1895	TRUE
G08_bin.54	o__Clostridiales (UID1212)	94.41	0.34	0	2234711	0	84	84	37561	37561	26603.0	26603.0	147683	147683	44.1	85.24	1934	TRUE
G08_bin.56	o__Bacteroidales (UID2617)	92.38	1.51	0	2809321	0	474	474	7572	7572	5926.0	5926.0	36391	36391	43.8	89.81	2573	TRUE
G08_bin.57	c__Clostridia (UID1118)	92.74	0.81	0	1348212	0	67	67	29924	29924	20122.0	20122.0	122622	122622	49.5	90.6	1250	TRUE
G08_bin.58	o__Clostridiales (UID1120)	93.01	0.93	0	1915599	0	52	52	58762	58762	36838.0	36838.0	141576	141576	53.4	89.25	1870	TRUE
G08_bin.6	o__Clostridiales (UID1212)	97.99	4.03	0	2907854	0	34	34	129134	129134	85525.0	85525.0	322938	322938	37.8	90.11	2735	TRUE
G08_bin.64	o__Clostridiales (UID1212)	87.71	3.8	22.22	2490989	0	47	47	114205	114205	52999.0	52999.0	202695	202695	60	91.78	2357	TRUE
G08_bin.70	c__Clostridia (UID1118)	95.9	3.36	60	3548071	0	350	350	14943	14943	10137.0	10137.0	63076	63076	59	90.07	3271	TRUE
G08_bin.79	p__Proteobacteria (UID3887)	80.62	7.18	5	1584127	0	495	495	3400	3400	3200.0	3200.0	13367	13367	63.1	88.09	1695	TRUE
G08_bin.8	o__Clostridiales (UID1212)	93.29	0.34	0	2521671	0	56	56	66010	66010	45029.0	45029.0	200443	200443	44.7	90.97	2313	TRUE
G08_bin.80	o__Clostridiales (UID1120)	80.86	0.0	0	1323574	0	30	30	72115	72115	44119.0	44119.0	175682	175682	27.5	89.11	1323	TRUE
G08_bin.83	o__Bacteroidales (UID2621)	96.67	0.64	0	3840265	0	152	152	40182	40182	25264.0	25264.0	205560	205560	46.1	90.47	3143	TRUE
G08_bin.85	p__Euryarchaeota (UID3)	97.6	0.8	0	1820149	0	249	249	9466	9466	7309.0	7309.0	122455	122455	31.4	89.89	2020	TRUE
G08_bin.86	o__Clostridiales (UID1212)	84.26	1.01	0	2407306	0	69	69	68471	68471	34888.0	34888.0	169953	169953	60.5	87.48	2161	TRUE
G08_bin.87	p__Bacteroidetes (UID2605)	93.68	4.05	55.56	1897306	0	277	277	9405	9405	6849.0	6849.0	35833	35833	55.7	87.32	1803	TRUE
G08_bin.88	k__Bacteria (UID2372)	95.28	1.13	33.33	2194239	0	203	203	15260	15260	10809.0	10809.0	46207	46207	54.9	90.99	2106	TRUE
G08_bin.9	o__Clostridiales (UID1212)	100.0	0.0	0	2410352	0	26	26	146758	146758	92705.0	92705.0	251652	251652	57.3	86.5	2193	TRUE
H01_bin.10	o__Clostridiales (UID1212)	86.45	6.96	83.33	2002665	0	381	381	6802	6802	5256.0	5256.0	60761	60761	58.7	88.05	2252	TRUE
H01_bin.103	o__Bacteroidales (UID2617)	85.53	0.0	0	2156332	0	64	64	49860	49860	33692.0	33692.0	119613	119613	53.1	89.74	1760	TRUE
H01_bin.105	o__Bacteroidales (UID2657)	87.79	0.87	66.67	3626048	0	189	189	28685	28685	19185.0	19185.0	234439	234439	47.2	91.19	3117	TRUE
H01_bin.11	o__Clostridiales (UID1212)	90.1	3.53	50	2670180	0	194	194	22320	22320	13763.0	13763.0	107309	107309	59	88.11	2403	TRUE
H01_bin.14	o__Bacteroidales (UID2621)	88.55	3.46	14.29	3530981	0	377	377	13650	13650	9365.0	9365.0	81512	81512	46.6	90.27	3133	TRUE
H01_bin.16	p__Bacteroidetes (UID2605)	93.27	1.92	25	2805515	0	165	165	27696	27696	17003.0	17003.0	142522	142522	55.2	88.15	2379	TRUE
H01_bin.20	o__Clostridiales (UID1212)	95.75	2.24	20	2458078	0	122	122	45376	45376	20148.0	20148.0	113913	113913	57.1	88.56	2279	TRUE
H01_bin.25	o__Clostridiales (UID1212)	90.6	0.71	66.67	2594012	0	51	51	141576	141576	50862.0	50862.0	464577	464577	44.2	90.92	2394	TRUE
H01_bin.27	p__Bacteroidetes (UID2605)	96.15	0.48	0	2088205	0	62	62	62892	62892	33680.0	33680.0	197629	197629	57.2	86.47	1779	TRUE
H01_bin.28	o__Clostridiales (UID1212)	98.66	1.01	0	2132584	0	70	70	46099	46099	30465.0	30465.0	213147	213147	41	87.99	2069	TRUE
H01_bin.30	p__Bacteroidetes (UID2605)	80.05	0.48	0	2401525	0	32	32	153441	153441	75047.0	75047.0	339194	339194	59	89.98	1988	TRUE
H01_bin.33	o__Clostridiales (UID1212)	81.74	1.34	0	1727287	0	357	357	5899	5899	4838.0	4838.0	24716	24716	52.3	89.58	1892	TRUE
H01_bin.34	f__Lachnospiraceae (UID1286)	95.65	5.23	12.5	2826139	0	73	73	92021	92021	38714.0	38714.0	201233	201233	43.6	90.37	2703	TRUE
H01_bin.35	o__Clostridiales (UID1226)	97.05	0.63	0	2610597	0	165	165	28075	28075	15821.0	15821.0	91257	91257	48.9	88.38	2374	TRUE
H01_bin.40	f__Lachnospiraceae (UID1286)	96.54	3.54	16.67	2883451	0	120	120	35855	35855	24028.0	24028.0	151648	151648	49.8	89.24	2629	TRUE
H01_bin.42	p__Actinobacteria (UID2112)	80.04	3.23	25	1692350	0	389	389	5073	5073	4350.0	4350.0	32261	32261	60.5	88.46	1683	TRUE
H01_bin.45	g__Prevotella (UID2724)	93.58	1.13	0	2837796	0	93	93	44600	44600	30513.0	30513.0	102985	102985	46.6	88	2363	TRUE
H01_bin.47	o__Clostridiales (UID1120)	99.3	1.17	0	2867865	0	123	123	35455	35455	23315.0	23315.0	123832	123832	58.4	87.13	2436	TRUE
H01_bin.48	f__Enterobacteriaceae (UID5103)	95.99	0.87	54.55	4452251	0	28	28	284812	284812	159008.0	159008.0	1032674	1032674	50.7	88.8	4075	TRUE
H01_bin.57	p__Actinobacteria (UID2112)	95.97	1.18	16.67	2440700	0	86	86	43679	43679	28380.0	28380.0	118034	118034	61.8	86.4	2111	TRUE
H01_bin.58	o__Clostridiales (UID1212)	80.24	3.68	41.67	1911766	0	311	311	8251	8251	6147.0	6147.0	48055	48055	61.2	89.32	1989	TRUE
H01_bin.66	o__Bacteroidales (UID2617)	89.06	0.38	0	2392566	0	37	37	130058	130058	64663.0	64663.0	173339	173339	55	88.91	1980	TRUE
H01_bin.72	f__Lachnospiraceae (UID1286)	96.46	0.48	50	2545338	0	53	53	73922	73922	48025.0	48025.0	218917	218917	41.8	88.37	2338	TRUE
H01_bin.77	o__Clostridiales (UID1212)	83.12	1.51	33.33	1452883	0	109	109	18430	18430	13329.0	13329.0	56045	56045	58.9	89.28	1462	TRUE
H01_bin.83	p__Bacteroidetes (UID2605)	99.04	1.44	0	2005383	0	45	45	68076	68076	44564.0	44564.0	270576	270576	55.1	86.46	1728	TRUE
H01_bin.87	f__Lachnospiraceae (UID1286)	98.55	1.55	0	3051066	0	65	65	64993	64993	46939.0	46939.0	213462	213462	46.8	89.4	2803	TRUE
H01_bin.93	o__Clostridiales (UID1212)	80.43	3.52	57.14	1808798	0	178	178	16220	16220	10161.0	10161.0	71986	71986	60.4	88.44	1726	TRUE
H01_bin.94	p__Bacteroidetes (UID2605)	100.0	3.85	75	2916879	0	31	31	143535	143535	94092.0	94092.0	281823	281823	54.9	89.36	2461	TRUE
H02_bin.11	o__Clostridiales (UID1212)	90.53	0.0	0	1845228	0	265	265	10927	10927	6963.0	6963.0	42820	42820	52.3	89.4	1891	TRUE
H02_bin.12	f__Lachnospiraceae (UID1286)	97.58	0.0	0	2748128	0	48	48	95941	95941	57252.0	57252.0	265809	265809	41.7	89.03	2497	TRUE
H02_bin.14	o__Clostridiales (UID1212)	82.05	1.85	72.73	1761368	0	64	64	42064	42064	27521.0	27521.0	98765	98765	62.3	89.61	1657	TRUE
H02_bin.16	k__Bacteria (UID2569)	89.61	1.16	0	3683235	0	258	258	25308	25308	14276.0	14276.0	130847	130847	43.8	89.91	3136	TRUE
H02_bin.17	o__Bacteroidales (UID2657)	94.9	1.61	27.27	3262945	0	84	84	61102	61102	38844.0	38844.0	210125	210125	43.6	89.48	2689	TRUE
H02_bin.18	f__Bifidobacteriaceae (UID1458)	98.53	1.7	44.44	1943785	0	202	202	17292	17292	9622.0	9622.0	51044	51044	60	88.38	1676	TRUE
H02_bin.19	p__Proteobacteria (UID3887)	97.52	0.0	0	2416080	0	166	166	20584	20584	14554.0	14554.0	98284	98284	59.9	86.36	2166	TRUE
H02_bin.24	o__Clostridiales (UID1226)	91.59	5.06	13.33	2512770	0	365	365	11254	11254	6884.0	6884.0	40327	40327	49.4	88.91	2443	TRUE
H02_bin.28	o__Clostridiales (UID1212)	92.61	1.34	0	1657641	0	131	131	19402	19402	12653.0	12653.0	57062	57062	62.1	89.64	1629	TRUE
H02_bin.3	o__Clostridiales (UID1120)	91.61	0.7	0	2718611	0	449	449	7891	7891	6054.0	6054.0	46559	46559	58.7	88.33	2544	TRUE
H02_bin.41	o__Clostridiales (UID1212)	85.91	0.0	0	2086635	0	137	137	21302	21302	15230.0	15230.0	69969	69969	51.9	85.47	1799	TRUE
H02_bin.46	o__Clostridiales (UID1212)	86.14	7.73	68.42	2001314	0	388	388	6285	6285	5158.0	5158.0	74692	74692	60.1	88.31	2122	TRUE
H02_bin.48	p__Firmicutes (UID1022)	100.0	0.63	100	2188598	0	120	120	44048	44048	18238.0	18238.0	106106	106106	51.4	80.26	1904	TRUE
H02_bin.5	o__Bacteroidales (UID2621)	90.13	1.15	16.67	3779951	0	489	489	11455	11455	7729.0	7729.0	47275	47275	46.4	92.01	3377	TRUE
H02_bin.50	p__Bacteroidetes (UID2605)	98.08	0.24	100	3029738	0	61	61	78954	78954	49667.0	49667.0	190847	190847	59.6	90.04	2443	TRUE
H02_bin.53	p__Bacteroidetes (UID2605)	94.6	1.59	25	2653707	0	85	85	50414	50414	31220.0	31220.0	185603	185603	53.2	90.16	2130	TRUE
H02_bin.57	o__Bacteroidales (UID2617)	89.25	0.0	0	2124620	0	53	53	70234	70234	40087.0	40087.0	225035	225035	51.1	90.71	1795	TRUE
H02_bin.58	o__Clostridiales (UID1212)	96.98	0.0	0	2190296	0	115	115	36588	36588	19046.0	19046.0	146011	146011	53.8	88.78	2054	TRUE
H02_bin.61	o__Clostridiales (UID1212)	96.64	2.68	0	2129103	0	52	52	72914	72914	40944.0	40944.0	173319	173319	59	86.9	2061	TRUE
H02_bin.64	c__Deltaproteobacteria (UID3218)	96.75	0.59	0	2569236	0	189	189	22923	22923	13593.0	13593.0	72867	72867	64	86.04	2278	TRUE
H02_bin.65	o__Clostridiales (UID1212)	83.93	0.95	33.33	1726978	0	187	187	14153	14153	9235.0	9235.0	42200	42200	62.9	89.95	1698	TRUE
H02_bin.76	o__Bacteroidales (UID2654)	97.13	5.28	36.84	4511558	0	178	178	44754	44754	25345.0	25345.0	140032	140032	42.2	89.74	3782	TRUE
H03_bin.1	o__Clostridiales (UID1212)	94.63	1.36	0	1723047	0	123	123	19061	19061	14008.0	14008.0	79244	79244	54.5	91.27	1627	TRUE
H03_bin.10	p__Bacteroidetes (UID2605)	80.25	5.81	35.29	2253019	0	656	656	3863	3863	3434.0	3434.0	18044	18044	56.4	90.88	2293	TRUE
H03_bin.102	o__Selenomonadales (UID1024)	98.73	0.8	50	1741182	0	58	58	46301	46301	30020.0	30020.0	112568	112568	46.4	90.22	1683	TRUE
H03_bin.103	o__Clostridiales (UID1212)	90.71	1.34	0	1885533	0	151	151	18913	18913	12486.0	12486.0	69213	69213	41.2	87.32	1828	TRUE
H03_bin.106	c__Clostridia (UID1118)	90.99	2.28	0	2498806	0	268	268	13934	13934	9323.0	9323.0	50508	50508	60	88.24	2294	TRUE
H03_bin.109	c__Clostridia (UID1118)	91.7	0.81	0	1998970	0	66	66	42412	42412	30287.0	30287.0	130533	130533	53.1	90.01	1897	TRUE
H03_bin.11	c__Clostridia (UID1118)	80.08	0.0	0	1144144	0	7	7	408679	408679	163449.0	163449.0	451304	451304	30.8	87.31	954	TRUE
H03_bin.13	o__Bacteroidales (UID2617)	94.33	0.69	33.33	2710832	0	301	301	13427	13427	9006.0	9006.0	45530	45530	52.3	92.46	2379	TRUE
H03_bin.14	p__Bacteroidetes (UID2605)	82.53	0.48	0	2044680	0	37	37	119001	119001	55261.0	55261.0	215883	215883	54.6	86.74	1892	TRUE
H03_bin.16	o__Bacteroidales (UID2657)	86.4	6.18	14.29	5987564	0	163	163	100493	100493	36733.0	36733.0	372191	372191	42.6	90.75	4683	TRUE
H03_bin.18	k__Bacteria (UID2328)	98.67	0.11	0	1690802	0	16	16	170216	170216	105675.0	105675.0	450610	450610	28.5	90.61	1511	TRUE
H03_bin.2	o__Clostridiales (UID1212)	92.81	0.34	0	1902444	0	160	160	17242	17242	11890.0	11890.0	92637	92637	50.2	90.71	1770	TRUE
H03_bin.21	c__Clostridia (UID1118)	91.94	0.81	0	1401892	0	12	12	229670	229670	116824.0	116824.0	572844	572844	49.4	90.45	1230	TRUE
H03_bin.22	o__Clostridiales (UID1212)	94.07	1.13	37.5	2483746	0	346	346	9469	9469	7178.0	7178.0	77561	77561	57.2	88.8	2515	TRUE
H03_bin.24	o__Bacteroidales (UID2657)	93.32	9.7	47.17	4677828	0	297	297	24582	24582	15750.0	15750.0	174658	174658	47.2	90.62	4063	TRUE
H03_bin.30	o__Clostridiales (UID1120)	97.2	0.93	0	2843947	0	105	105	38229	38229	27085.0	27085.0	178182	178182	58.3	87.4	2399	TRUE
H03_bin.31	o__Bacteroidales (UID2621)	94.6	1.73	57.14	4434781	0	230	230	30777	30777	19281.0	19281.0	91940	91940	45.3	91.49	3728	TRUE
H03_bin.33	c__Clostridia (UID1118)	98.39	1.88	33.33	1855719	0	103	103	31860	31860	18016.0	18016.0	119519	119519	53.7	89.15	1833	TRUE
H03_bin.35	o__Clostridiales (UID1212)	82.63	5.69	64.29	1899471	0	301	301	7990	7990	6310.0	6310.0	28024	28024	60.1	87.99	1901	TRUE
H03_bin.36	f__Lachnospiraceae (UID1286)	95.17	1.7	42.86	2789978	0	106	106	45002	45002	26320.0	26320.0	106496	106496	46.9	89.14	2575	TRUE
H03_bin.37	p__Bacteroidetes (UID2605)	85.1	1.44	20	2436424	0	79	79	54254	54254	30840.0	30840.0	121582	121582	60.1	88.12	1977	TRUE
H03_bin.38	c__Clostridia (UID1118)	84.8	7.77	5.88	2420957	0	609	609	4649	4649	3975.0	3975.0	19895	19895	58.3	89.56	2820	TRUE
H03_bin.40	o__Clostridiales (UID1212)	85.46	0.0	0	1569625	0	23	23	120436	120436	68244.0	68244.0	366959	366959	45.9	86.42	1293	TRUE
H03_bin.50	o__Clostridiales (UID1212)	83.98	4.19	25	1765162	0	49	49	66710	66710	36023.0	36023.0	123304	123304	58.2	88.76	1719	TRUE
H03_bin.57	o__Clostridiales (UID1120)	88.16	2.35	0	2201872	0	409	409	7553	7553	5383.0	5383.0	27602	27602	43.5	90.48	2291	TRUE
H03_bin.58	o__Bacteroidales (UID2621)	96.9	2.02	62.5	4344058	0	268	268	26497	26497	16209.0	16209.0	98222	98222	45.7	90.24	3668	TRUE
H03_bin.59	o__Clostridiales (UID1212)	98.41	1.36	50	2415496	0	198	198	18244	18244	12199.0	12199.0	74729	74729	56.5	83.83	2036	TRUE
H03_bin.62	o__Bacteroidales (UID2657)	92.62	6.82	35.14	3444209	0	249	249	22963	22963	13832.0	13832.0	83304	83304	40.3	88.55	2937	TRUE
H03_bin.63	p__Euryarchaeota (UID3)	97.58	1.61	0	1748248	0	115	115	25994	25994	15202.0	15202.0	99258	99258	41.5	88.91	1803	TRUE
H03_bin.66	c__Clostridia (UID1118)	94.48	1.88	33.33	1746457	0	207	207	12130	12130	8436.0	8436.0	40632	40632	55.8	91.54	1644	TRUE
H03_bin.67	o__Clostridiales (UID1212)	89.93	4.5	15	2571240	0	231	231	18401	18401	11130.0	11130.0	67739	67739	58.6	88.9	2513	TRUE
H03_bin.68	p__Actinobacteria (UID2112)	89.26	2.58	0	1812015	0	340	340	6202	6202	5329.0	5329.0	26764	26764	60.5	88.04	1722	TRUE
H03_bin.70	k__Bacteria (UID2569)	99.46	0.81	50	3671915	0	164	164	38142	38142	22389.0	22389.0	142329	142329	43.6	89.65	3106	TRUE
H03_bin.72	o__Clostridiales (UID1212)	89.11	1.12	33.33	1780991	0	344	344	6612	6612	5177.0	5177.0	32637	32637	53.4	87.35	1756	TRUE
H03_bin.73	k__Bacteria (UID2565)	95.0	0.0	0	1781121	0	45	45	92424	92424	39580.0	39580.0	244591	244591	45.5	89.9	1762	TRUE
H03_bin.78	p__Bacteroidetes (UID2605)	98.79	6.49	62.5	3557371	0	41	41	129738	129738	86765.0	86765.0	538223	538223	58.5	89.91	2892	TRUE
H03_bin.80	o__Clostridiales (UID1212)	92.26	1.34	0	2392051	0	304	304	10432	10432	7868.0	7868.0	32653	32653	53.9	89.8	2286	TRUE
H03_bin.82	o__Bacteroidales (UID2657)	90.37	0.07	0	3602029	0	168	168	33645	33645	21440.0	21440.0	121865	121865	46.5	88.38	3144	TRUE
H03_bin.86	k__Bacteria (UID2982)	95.27	0.68	0	2446795	0	51	51	79399	79399	47976.0	47976.0	264454	264454	49.6	87.03	2060	TRUE
H03_bin.87	o__Clostridiales (UID1212)	86.07	0.69	20	1723172	0	117	117	20340	20340	14727.0	14727.0	83868	83868	62.7	89.55	1643	TRUE
H03_bin.90	k__Bacteria (UID2982)	92.43	5.07	0	4352408	0	286	286	23557	23557	15218.0	15218.0	88203	88203	61.6	91.7	3585	TRUE
H03_bin.93	c__Clostridia (UID1118)	89.18	0.81	0	1255200	0	27	27	57608	57608	46488.0	46488.0	280331	280331	43.1	88.53	1110	TRUE
H03_bin.96	k__Bacteria (UID2565)	97.85	0.1	0	1829277	0	65	65	33983	33983	28142.0	28142.0	105941	105941	51.7	85.74	1701	TRUE
H03_bin.99	p__Proteobacteria (UID3887)	82.5	0.62	0	1569742	0	52	52	46476	46476	30187.0	30187.0	121563	121563	57.1	88.26	1478	TRUE
H04_bin.10	o__Clostridiales (UID1212)	95.93	0.0	0	2171584	0	13	13	210093	210093	167044.0	167044.0	458670	458670	51.4	89.26	2019	TRUE
H04_bin.11	o__Selenomonadales (UID1024)	88.6	1.5	0	1809367	0	26	26	92543	92543	69591.0	69591.0	244786	244786	42.9	90.73	1738	TRUE
H04_bin.15	p__Proteobacteria (UID3887)	96.88	0.94	50	2435655	0	259	259	14247	14247	9404.0	9404.0	52355	52355	48.6	88.74	2375	TRUE
H04_bin.18	o__Bacteroidales (UID2621)	97.12	0.0	0	4604325	0	40	40	143631	143631	115108.0	115108.0	333954	333954	45.2	91.18	3894	TRUE
H04_bin.19	o__Clostridiales (UID1212)	89.85	2.17	38.46	1887430	0	181	181	15607	15607	10427.0	10427.0	59939	59939	60.8	87.69	1820	TRUE
H04_bin.2	k__Bacteria (UID2569)	95.7	0.0	0	3980197	0	101	101	62305	62305	39407.0	39407.0	177419	177419	43.6	89.79	3338	TRUE
H04_bin.20	f__Lachnospiraceae (UID1286)	97.88	0.0	0	2854701	0	51	51	93454	93454	55974.0	55974.0	157825	157825	41.5	89.14	2614	TRUE
H04_bin.25	p__Bacteroidetes (UID2605)	98.7	0.48	0	3062531	0	32	32	163468	163468	95704.0	95704.0	692621	692621	58.7	89.91	2522	TRUE
H04_bin.30	p__Actinobacteria (UID2112)	98.39	0.92	50	1749346	0	167	167	15947	15947	10475.0	10475.0	67161	67161	60.8	91.25	1688	TRUE
H04_bin.32	o__Clostridiales (UID1212)	86.58	0.34	0	1973469	0	147	147	22399	22399	13424.0	13424.0	77533	77533	63	86.51	1904	TRUE
H04_bin.33	o__Clostridiales (UID1212)	94.28	2.35	0	2813371	0	521	521	7130	7130	5399.0	5399.0	34874	34874	50.5	84.64	2927	TRUE
H04_bin.36	o__Clostridiales (UID1226)	94.38	2.74	33.33	2677971	0	172	172	23054	23054	15569.0	15569.0	146860	146860	45.4	87.97	2477	TRUE
H04_bin.37	p__Bacteroidetes (UID2605)	88.83	0.16	100	2750345	0	48	48	82438	82438	57298.0	57298.0	334857	334857	59.5	90.11	2257	TRUE
H04_bin.40	o__Clostridiales (UID1226)	90.17	7.83	25.93	3616696	0	477	477	11666	11666	7582.0	7582.0	73496	73496	43.3	86.56	3432	TRUE
H04_bin.47	o__Clostridiales (UID1212)	92.95	0.0	0	2220950	0	78	78	48292	48292	28473.0	28473.0	136118	136118	45.9	87.03	2199	TRUE
H04_bin.49	c__Deltaproteobacteria (UID3218)	98.82	0.59	0	4056406	0	201	201	32541	32541	20181.0	20181.0	268566	268566	59.9	84.15	3543	TRUE
H04_bin.57	o__Clostridiales (UID1212)	95.92	0.0	0	2564568	0	95	95	45193	45193	26995.0	26995.0	209052	209052	59.8	86.38	2300	TRUE
H04_bin.6	o__Clostridiales (UID1212)	93.96	8.95	0	4775347	0	400	400	23082	23082	11938.0	11938.0	111778	111778	38.5	83.7	4625	TRUE
H04_bin.60	k__Bacteria (UID2982)	97.96	0.68	0	2769927	0	23	23	435982	435982	120431.0	120431.0	493018	493018	55.4	88.39	2356	TRUE
H04_bin.65	o__Clostridiales (UID1212)	92.62	4.7	8.33	2082503	0	60	60	67336	67336	34708.0	34708.0	148809	148809	60.5	88.58	2093	TRUE
H04_bin.66	o__Clostridiales (UID1212)	85.85	9.31	9.52	2686677	0	548	548	6330	6330	4902.0	4902.0	30871	30871	61.8	88.1	2944	TRUE
H04_bin.68	o__Clostridiales (UID1226)	90.06	2.85	0	3156881	0	245	245	21918	21918	12885.0	12885.0	156161	156161	43.4	89.83	2903	TRUE
H04_bin.7	o__Clostridiales (UID1226)	97.7	0.0	0	2628468	0	25	25	170073	170073	105138.0	105138.0	287789	287789	51.8	89.3	2421	TRUE
H04_bin.70	o__Bacteroidales (UID2657)	95.91	0.0	0	4292552	0	56	56	137471	137471	76652.0	76652.0	323794	323794	46.5	91.22	3593	TRUE
H04_bin.71	o__Clostridiales (UID1212)	92.74	3.36	28.57	2135718	0	57	57	45549	45549	37468.0	37468.0	120720	120720	58.7	86.6	2076	TRUE
H04_bin.73	f__Lachnospiraceae (UID1255)	82.84	2.4	25	3931489	0	937	937	5043	5043	4195.0	4195.0	19970	19970	52.1	89.43	4214	TRUE
H04_bin.74	f__Lachnospiraceae (UID1256)	85.38	0.23	77.78	2061944	0	39	39	112577	112577	52870.0	52870.0	230454	230454	41.7	88.91	1950	TRUE
H04_bin.82	o__Bacteroidales (UID2621)	96.92	0.58	0	4236610	0	79	79	83192	83192	53627.0	53627.0	224034	224034	45.2	89.92	3563	TRUE
H04_bin.85	p__Bacteroidetes (UID2605)	89.17	0.0	0	2721503	0	40	40	95655	95655	68037.0	68037.0	267399	267399	58.6	89.91	2264	TRUE
H05_bin.12	o__Bacteroidales (UID2617)	99.25	0.0	0	3141718	0	18	18	275149	275149	174539.0	174539.0	452998	452998	43.3	89.9	2532	TRUE
H05_bin.14	o__Clostridiales (UID1212)	96.6	0.67	0	2154736	0	36	36	86276	86276	59853.0	59853.0	169383	169383	51.4	88.76	2000	TRUE
H05_bin.17	o__Clostridiales (UID1212)	99.33	1.34	50	2085937	0	54	54	58926	58926	38628.0	38628.0	382987	382987	41	87.94	1969	TRUE
H05_bin.19	o__Clostridiales (UID1212)	82.04	3.85	14.29	2299298	0	655	655	3967	3967	3510.0	3510.0	15423	15423	59.5	87.91	2584	TRUE
H05_bin.2	o__Clostridiales (UID1212)	94.9	1.5	0	2208504	0	132	132	28754	28754	16731.0	16731.0	75375	75375	60.8	87.05	1922	TRUE
H05_bin.21	o__Clostridiales (UID1226)	98.73	3.01	25	6795314	0	100	100	106967	106967	67953.0	67953.0	494982	494982	48.9	89.69	6032	TRUE
H05_bin.27	p__Actinobacteria (UID2112)	100.0	0.81	0	2088514	0	49	49	68209	68209	42622.0	42622.0	210185	210185	60.1	87.43	1802	TRUE
H05_bin.33	o__Clostridiales (UID1120)	96.5	1.17	0	2865286	0	277	277	14989	14989	10343.0	10343.0	47118	47118	58.4	87.62	2524	TRUE
H05_bin.34	f__Enterobacteriaceae (UID5103)	99.96	0.12	50	4654820	0	58	58	136648	136648	80255.0	80255.0	274259	274259	50.8	88.62	4361	TRUE
H05_bin.36	p__Bacteroidetes (UID2605)	87.5	0.48	0	1970862	0	31	31	145953	145953	63576.0	63576.0	300788	300788	56.8	86.34	1686	TRUE
H05_bin.38	o__Bacteroidales (UID2621)	98.65	0.0	0	4559170	0	42	42	174269	174269	108551.0	108551.0	555803	555803	45	91.17	3758	TRUE
H05_bin.41	o__Clostridiales (UID1226)	97.31	1.27	0	3628228	0	336	336	23169	23169	10798.0	10798.0	96138	96138	39.6	88.47	3654	TRUE
H05_bin.42	k__Bacteria (UID2569)	96.24	0.0	0	4138995	0	51	51	120948	120948	81156.0	81156.0	275809	275809	43.5	90.24	3390	TRUE
H05_bin.43	f__Lachnospiraceae (UID1286)	99.52	0.05	0	2576309	0	51	51	98229	98229	50515.0	50515.0	243810	243810	41.9	88.72	2443	TRUE
H05_bin.44	f__Bifidobacteriaceae (UID1458)	81.59	4.78	27.59	1914120	0	225	225	12914	12914	8507.0	8507.0	50506	50506	55.9	87.94	1739	TRUE
H05_bin.46	o__Bacteroidales (UID2657)	97.38	0.74	0	3506574	0	139	139	44604	44604	25227.0	25227.0	166677	166677	48.8	90.87	2855	TRUE
H05_bin.51	k__Bacteria (UID2982)	97.96	1.36	0	3150583	0	27	27	199676	199676	116688.0	116688.0	605501	605501	57.9	88.07	2646	TRUE
H05_bin.53	o__Clostridiales (UID1212)	92.41	6.77	94.74	1936390	0	168	168	17909	17909	11526.0	11526.0	56402	56402	60.5	86.69	1840	TRUE
H05_bin.55	o__Bacteroidales (UID2657)	96.08	3.72	16.67	4893325	0	32	32	349905	349905	152916.0	152916.0	663700	663700	43.2	89.66	4031	TRUE
H05_bin.56	o__Clostridiales (UID1226)	89.6	8.21	23.81	2592962	0	433	433	7941	7941	5988.0	5988.0	49936	49936	49.1	88.52	2524	TRUE
H05_bin.62	o__Bacteroidales (UID2657)	86.61	2.54	87.5	3928184	0	181	181	37729	37729	21702.0	21702.0	138852	138852	47.1	91.4	3319	TRUE
H05_bin.65	o__Bacteroidales (UID2657)	93.47	4.45	57.89	6468862	0	131	131	82022	82022	49380.0	49380.0	235151	235151	42.8	91.23	4850	TRUE
H05_bin.66	o__Bacteroidales (UID2657)	81.94	4.7	62.96	5531871	0	120	120	95539	95539	46098.0	46098.0	304416	304416	42.1	90.89	4236	TRUE
H05_bin.72	o__Clostridiales (UID1212)	96.64	9.7	15.38	2138724	0	159	159	21258	21258	13451.0	13451.0	53748	53748	59.1	87.41	2138	TRUE
H05_bin.8	p__Proteobacteria (UID3887)	93.17	0.62	0	2676038	0	31	31	157233	157233	86323.0	86323.0	288055	288055	55.1	86.71	2185	TRUE
H06_bin.1	o__Clostridiales (UID1212)	87.58	1.17	33.33	1853763	0	47	47	55443	55443	39441.0	39441.0	106429	106429	61.2	88.97	1715	TRUE
H06_bin.13	o__Clostridiales (UID1212)	92.59	6.4	43.33	2278539	0	327	327	10402	10402	6968.0	6968.0	60528	60528	58.1	87.18	2407	TRUE
H06_bin.14	f__Lachnospiraceae (UID1286)	96.94	1.31	37.5	2637249	0	124	124	37460	37460	21268.0	21268.0	135378	135378	41.2	89.39	2531	TRUE
H06_bin.15	p__Actinobacteria (UID2112)	97.58	0.81	0	1989527	0	76	76	42353	42353	26177.0	26177.0	241162	241162	60	87.36	1712	TRUE
H06_bin.16	k__Bacteria (UID2329)	91.57	1.12	0	1063876	0	18	18	100363	100363	59104.0	59104.0	187548	187548	29.5	91.24	1075	TRUE
H06_bin.17	p__Bacteroidetes (UID2605)	91.59	0.0	0	2012865	0	31	31	117323	117323	64931.0	64931.0	262942	262942	57	86.39	1698	TRUE
H06_bin.19	o__Bacteroidales (UID2621)	98.46	5.77	5.88	4552253	0	78	78	112647	112647	58362.0	58362.0	314678	314678	45.5	89.84	3894	TRUE
H06_bin.22	o__Clostridiales (UID1212)	90.92	5.8	35	2400988	0	158	158	24688	24688	15196.0	15196.0	71130	71130	59	89.11	2243	TRUE
H06_bin.24	c__Clostridia (UID1118)	98.39	1.08	0	1815829	0	67	67	44556	44556	27101.0	27101.0	195769	195769	53.5	88.97	1736	TRUE
H06_bin.34	p__Bacteroidetes (UID2605)	97.6	0.0	0	2744040	0	28	28	163203	163203	98001.0	98001.0	292942	292942	55.2	89.82	2276	TRUE
H06_bin.40	p__Bacteroidetes (UID2605)	86.92	3.59	72.22	3017351	0	177	177	27902	27902	17047.0	17047.0	149570	149570	59.1	90.66	2581	TRUE
H06_bin.43	o__Bacteroidales (UID2621)	93.46	0.38	0	4200986	0	126	126	53709	53709	33341.0	33341.0	177430	177430	45.3	91.16	3496	TRUE
H06_bin.45	o__Clostridiales (UID1212)	87.56	2.35	40	1866480	0	67	67	48775	48775	27857.0	27857.0	126468	126468	61.8	89.15	1728	TRUE
H06_bin.49	f__Lachnospiraceae (UID1286)	93.44	1.93	0	2833059	0	107	107	34524	34524	26477.0	26477.0	125923	125923	47.7	89.33	2544	TRUE
H06_bin.5	k__Bacteria (UID2982)	96.6	0.68	0	2572216	0	42	42	90684	90684	61243.0	61243.0	352210	352210	56	88.78	2152	TRUE
H06_bin.51	o__Clostridiales (UID1212)	86.58	1.9	28.57	2171501	0	50	50	59900	59900	43430.0	43430.0	123038	123038	53.1	88.74	2028	TRUE
H06_bin.54	k__Bacteria (UID2329)	94.38	4.49	0	1342464	0	40	40	53780	53780	33561.0	33561.0	152595	152595	25.9	89.94	1356	TRUE
H06_bin.56	o__Clostridiales (UID1212)	87.92	2.85	100	1450835	0	118	118	18465	18465	12295.0	12295.0	48776	48776	62.3	90.19	1447	TRUE
H06_bin.57	o__Clostridiales (UID1212)	93.74	0.0	0	2049664	0	36	36	70540	70540	56935.0	56935.0	150289	150289	47.2	89.73	1910	TRUE
H06_bin.6	p__Proteobacteria (UID3887)	87.89	1.99	0	1885237	0	467	467	4567	4567	4036.0	4036.0	32035	32035	63	87.46	1957	TRUE
H06_bin.61	o__Clostridiales (UID1226)	99.07	0.95	0	2751529	0	112	112	40425	40425	24567.0	24567.0	101194	101194	48.8	88.31	2455	TRUE
H06_bin.62	p__Bacteroidetes (UID2605)	88.94	1.44	0	1930020	0	24	24	138328	138328	80417.0	80417.0	226985	226985	54.8	86.68	1700	TRUE
H06_bin.64	o__Clostridiales (UID1212)	98.99	0.0	0	2718726	0	54	54	95009	95009	50346.0	50346.0	263255	263255	44.7	87.39	2433	TRUE
H06_bin.73	k__Bacteria (UID203)	92.24	8.62	6.9	2564177	0	399	399	8602	8602	6426.0	6426.0	42382	42382	57.2	89.09	2694	TRUE
H06_bin.75	o__Clostridiales (UID1212)	92.38	4.31	27.27	2376683	0	96	96	45580	45580	24757.0	24757.0	139217	139217	60.6	86.78	2089	TRUE
H06_bin.79	k__Bacteria (UID2569)	91.4	0.0	0	4287411	0	92	92	65675	65675	46602.0	46602.0	237657	237657	42.4	91.1	3544	TRUE
H06_bin.81	o__Bacteroidales (UID2617)	94.34	0.0	0	3102851	0	14	14	367532	367532	221632.0	221632.0	502891	502891	43.5	89.73	2463	TRUE
H06_bin.84	o__Clostridiales (UID1120)	99.3	1.17	0	3014813	0	97	97	45301	45301	31080.0	31080.0	134841	134841	58.2	87.34	2551	TRUE
H06_bin.86	k__Bacteria (UID2328)	88.0	3.43	0	1484391	0	406	406	4197	4197	3656.0	3656.0	15047	15047	27.9	89.71	1684	TRUE
H06_bin.88	c__Clostridia (UID1118)	88.65	1.66	25	1286366	0	219	219	7543	7543	5873.0	5873.0	44690	44690	49.8	90.97	1307	TRUE
H06_bin.90	p__Bacteroidetes (UID2605)	99.04	0.48	0	2523354	0	31	31	174838	174838	81398.0	81398.0	298745	298745	58.3	84.39	2070	TRUE
H06_bin.91	k__Bacteria (UID2569)	94.19	1.08	33.33	3684460	0	236	236	24069	24069	15612.0	15612.0	84998	84998	43.7	89.37	3173	TRUE
H06_bin.93	o__Clostridiales (UID1212)	97.27	0.34	0	2251403	0	19	19	214394	214394	118494.0	118494.0	466120	466120	51.2	88.92	2114	TRUE
H06_bin.95	f__Lachnospiraceae (UID1286)	81.89	4.11	7.69	2170328	0	253	253	13173	13173	8578.0	8578.0	59967	59967	45.3	89.79	2008	TRUE
H07_bin.11	o__Clostridiales (UID1226)	95.57	0.79	50	2752409	0	244	244	16101	16101	11280.0	11280.0	54656	54656	49.6	86	2539	TRUE
H07_bin.16	o__Bacteroidales (UID2657)	94.3	5.58	63.64	5495934	0	118	118	89059	89059	46575.0	46575.0	302335	302335	41.7	90.12	4322	TRUE
H07_bin.18	p__Bacteroidetes (UID2605)	97.66	0.48	0	2925628	0	32	32	183861	183861	91425.0	91425.0	330629	330629	58.7	89.75	2452	TRUE
H07_bin.19	o__Selenomonadales (UID1024)	98.2	0.9	0	2116243	0	75	75	38882	38882	28216.0	28216.0	152048	152048	47.4	88.23	1952	TRUE
H07_bin.21	p__Bacteroidetes (UID2605)	100.0	0.24	0	2770920	0	83	83	47541	47541	33384.0	33384.0	131780	131780	55.2	89.77	2330	TRUE
H07_bin.22	p__Bacteroidetes (UID2605)	90.88	0.48	0	2582413	0	41	41	93833	93833	62985.0	62985.0	273372	273372	58.9	90.02	2151	TRUE
H07_bin.23	o__Clostridiales (UID1212)	97.79	0.0	0	2255493	0	28	28	112783	112783	80553.0	80553.0	287381	287381	59	85.95	2058	TRUE
H07_bin.24	o__Bacteroidales (UID2654)	93.98	2.63	14.29	4299216	0	69	69	93950	93950	62307.0	62307.0	271442	271442	41.7	89.7	3583	TRUE
H07_bin.27	g__Lactobacillus (UID377)	85.84	1.61	28.57	1544281	0	325	325	5953	5953	4751.0	4751.0	26243	26243	34.7	89.77	1739	TRUE
H07_bin.28	o__Clostridiales (UID1212)	86.75	0.89	0	1626636	0	281	281	8136	8136	5788.0	5788.0	37501	37501	34.4	89.1	1667	TRUE
H07_bin.29	o__Clostridiales (UID1212)	97.32	3.36	12.5	3358886	0	116	116	62520	62520	28955.0	28955.0	296945	296945	58.8	89.2	3376	TRUE
H07_bin.3	k__Bacteria (UID2329)	89.51	1.12	0	1531985	0	78	78	29946	29946	19640.0	19640.0	114963	114963	30.5	90.55	1467	TRUE
H07_bin.31	k__Bacteria (UID2569)	91.48	1.77	40	3302269	0	457	457	9690	9690	7225.0	7225.0	43904	43904	44.6	89.69	2984	TRUE
H07_bin.33	f__Bifidobacteriaceae (UID1462)	96.49	1.69	12.5	2153988	0	72	72	46588	46588	29916.0	29916.0	145543	145543	60.3	87.87	1774	TRUE
H07_bin.34	p__Bacteroidetes (UID2605)	92.31	8.17	8.33	2619500	0	35	35	118575	118575	74842.0	74842.0	237828	237828	60.1	88.66	2129	TRUE
H07_bin.41	o__Clostridiales (UID1226)	95.78	4.7	69.23	2862366	0	256	256	18600	18600	11181.0	11181.0	97256	97256	48.5	88.52	2695	TRUE
H07_bin.43	c__Deltaproteobacteria (UID3218)	92.06	2.79	25	2346416	0	341	341	9491	9491	6880.0	6880.0	41494	41494	64.2	86.98	2166	TRUE
H07_bin.44	o__Clostridiales (UID1212)	82.21	2.68	0	1926899	0	42	42	82134	82134	45878.0	45878.0	214150	214150	59.7	86.84	1775	TRUE
H07_bin.48	f__Lachnospiraceae (UID1256)	84.56	0.66	33.33	1840550	0	34	34	88477	88477	54133.0	54133.0	167153	167153	41.2	88.79	1663	TRUE
H07_bin.5	o__Bacteroidales (UID2621)	97.63	2.06	22.22	4124007	0	291	291	22053	22053	14171.0	14171.0	71850	71850	45.7	91.4	3562	TRUE
H07_bin.53	o__Clostridiales (UID1212)	92.62	0.0	0	2371397	0	27	27	157055	157055	87829.0	87829.0	277163	277163	53.1	88.53	2197	TRUE
H07_bin.54	o__Clostridiales (UID1212)	98.63	0.0	0	2599974	0	52	52	91953	91953	49999.0	49999.0	228795	228795	43.1	87.87	2391	TRUE
H07_bin.57	p__Bacteroidetes (UID2605)	87.64	2.64	28.57	2444248	0	42	42	76641	76641	58196.0	58196.0	180782	180782	59.9	89.96	1998	TRUE
H07_bin.59	o__Lactobacillales (UID544)	99.63	0.0	0	1720853	0	67	67	39316	39316	25684.0	25684.0	116127	116127	39.1	84.29	1855	TRUE
H07_bin.63	o__Bacteroidales (UID2657)	91.1	1.05	25	5675409	0	100	100	114231	114231	56754.0	56754.0	323381	323381	42.6	90.35	4414	TRUE
H07_bin.66	f__Lachnospiraceae (UID1286)	97.91	0.0	0	2435290	0	71	71	54429	54429	34299.0	34299.0	210358	210358	42.3	89.38	2293	TRUE
H07_bin.69	o__Bacteroidales (UID2621)	86.92	1.15	0	3902855	0	61	61	109020	109020	63981.0	63981.0	264831	264831	45.7	89.86	3249	TRUE
H07_bin.7	o__Clostridiales (UID1212)	97.28	2.04	50	2434823	0	225	225	16308	16308	10821.0	10821.0	92247	92247	56.6	84.06	2112	TRUE
H07_bin.70	o__Clostridiales (UID1212)	91.44	3.02	42.86	2598891	0	72	72	61131	61131	36095.0	36095.0	203628	203628	61.2	86.92	2544	TRUE
H07_bin.72	p__Proteobacteria (UID3887)	98.76	0.0	0	2271692	0	37	37	129473	129473	61397.0	61397.0	187936	187936	55.1	87.17	1895	TRUE
H07_bin.8	k__Bacteria (UID2569)	95.7	1.08	0	4183627	0	63	63	92486	92486	66406.0	66406.0	376779	376779	43.6	90.13	3409	TRUE
H08_bin.10	o__Bacteroidales (UID2654)	97.39	1.88	0	4980119	0	50	50	171490	171490	99602.0	99602.0	426835	426835	41.7	89.99	4055	TRUE
H08_bin.11	k__Bacteria (UID2982)	97.16	0.0	0	2532675	0	175	175	22071	22071	14472.0	14472.0	95011	95011	55.8	88.45	2230	TRUE
H08_bin.15	o__Clostridiales (UID1226)	92.83	1.9	0	2288299	0	112	112	28697	28697	20431.0	20431.0	76757	76757	49.7	86.85	1997	TRUE
H08_bin.18	o__Clostridiales (UID1212)	80.19	0.0	0	2133437	0	66	66	48475	48475	32324.0	32324.0	122596	122596	59.2	85.91	1964	TRUE
H08_bin.20	f__Lachnospiraceae (UID1286)	94.04	1.76	0	2753807	0	42	42	105347	105347	65566.0	65566.0	338246	338246	43.6	90.37	2603	TRUE
H08_bin.21	f__Lachnospiraceae (UID1286)	98.15	0.0	0	2605487	0	85	85	46582	46582	30652.0	30652.0	286765	286765	41.9	88.34	2456	TRUE
H08_bin.28	f__Lachnospiraceae (UID1256)	95.92	2.48	20	2756434	0	311	311	14723	14723	8863.0	8863.0	85416	85416	42.2	88.28	2730	TRUE
H08_bin.31	o__Clostridiales (UID1226)	94.87	5.59	0	2788217	0	279	279	13807	13807	9993.0	9993.0	66376	66376	48.6	88.18	2615	TRUE
H08_bin.32	o__Bacteroidales (UID2621)	97.5	0.0	0	4489107	0	35	35	179961	179961	128260.0	128260.0	721183	721183	45.1	91.17	3745	TRUE
H08_bin.40	o__Clostridiales (UID1226)	98.36	2.53	0	3804960	0	187	187	46151	46151	20347.0	20347.0	128527	128527	41.4	85.71	3488	TRUE
H08_bin.42	k__Bacteria (UID2565)	95.7	0.0	0	1747450	0	45	45	61789	61789	38832.0	38832.0	146302	146302	47.1	89.55	1732	TRUE
H08_bin.44	p__Actinobacteria (UID2112)	96.77	5.38	66.67	2010340	0	343	343	7869	7869	5861.0	5861.0	33440	33440	60.2	87.34	1947	TRUE
H08_bin.46	o__Bacteroidales (UID2657)	91.61	2.23	0	3419261	0	104	104	52406	52406	32877.0	32877.0	139991	139991	40.6	89.95	2791	TRUE
H08_bin.6	p__Bacteroidetes (UID2605)	87.82	0.0	0	2475854	0	29	29	109549	109549	85374.0	85374.0	248025	248025	59.7	89.73	2001	TRUE
H08_bin.8	p__Proteobacteria (UID3887)	96.89	0.62	0	2003175	0	17	17	210624	210624	117833.0	117833.0	431520	431520	49.6	85.84	1736	TRUE
