Source	Feature	Match Level	Feature Species Key	Feature Genus Key	Feature Family Key	Claim Allowed	Interpretation
Ronneby_MAG_GTDB_taxonomy	A01_bin.31	family	mediterraneibacter_torques	mediterraneibacter	lachnospiraceae	only_genus_or_family_overlap_allowed	overlap_with_experimental_bioaccumulation_reference_not_mechanistic_validation
Ronneby_MAG_GTDB_taxonomy	A01_bin.61	family	blautia_a_fusiformis	blautia_a	lachnospiraceae	only_genus_or_family_overlap_allowed	overlap_with_experimental_bioaccumulation_reference_not_mechanistic_validation
Ronneby_MAG_GTDB_taxonomy	A01_bin.65	family	acetatifactor_intestinalis	acetatifactor	lachnospiraceae	only_genus_or_family_overlap_allowed	overlap_with_experimental_bioaccumulation_reference_not_mechanistic_validation
Ronneby_MAG_GTDB_taxonomy	A01_bin.84	family	anaerostipes_amylophilus	anaerostipes	lachnospiraceae	only_genus_or_family_overlap_allowed	overlap_with_experimental_bioaccumulation_reference_not_mechanistic_validation
Ronneby_MAG_GTDB_taxonomy	A02_bin.25	family	anaerobutyricum_hallii	anaerobutyricum	lachnospiraceae	only_genus_or_family_overlap_allowed	overlap_with_experimental_bioaccumulation_reference_not_mechanistic_validation
Ronneby_MAG_GTDB_taxonomy	A03_bin.12	family	fusicatenibacter_saccharivorans	fusicatenibacter	lachnospiraceae	only_genus_or_family_overlap_allowed	overlap_with_experimental_bioaccumulation_reference_not_mechanistic_validation
Ronneby_MAG_GTDB_taxonomy	A03_bin.17	family	eubacterium_g_ventriosum	eubacterium_g	lachnospiraceae	only_genus_or_family_overlap_allowed	overlap_with_experimental_bioaccumulation_reference_not_mechanistic_validation
Ronneby_MAG_GTDB_taxonomy	A03_bin.21	family	hominisplanchenecus_faecis	hominisplanchenecus	lachnospiraceae	only_genus_or_family_overlap_allowed	overlap_with_experimental_bioaccumulation_reference_not_mechanistic_validation
Ronneby_MAG_GTDB_taxonomy	A03_bin.22	family	eubacterium_f_sp003491505	eubacterium_f	lachnospiraceae	only_genus_or_family_overlap_allowed	overlap_with_experimental_bioaccumulation_reference_not_mechanistic_validation
Ronneby_MAG_GTDB_taxonomy	A03_bin.28	family	gallintestinimicrobium_propionicum	gallintestinimicrobium	lachnospiraceae	only_genus_or_family_overlap_allowed	overlap_with_experimental_bioaccumulation_reference_not_mechanistic_validation
Ronneby_MAG_GTDB_taxonomy	A03_bin.31	family	coprococcus_c_hominis	coprococcus_c	lachnospiraceae	only_genus_or_family_overlap_allowed	overlap_with_experimental_bioaccumulation_reference_not_mechanistic_validation
Ronneby_MAG_GTDB_taxonomy	A03_bin.36	family	jutongia_sp003524945	jutongia	lachnospiraceae	only_genus_or_family_overlap_allowed	overlap_with_experimental_bioaccumulation_reference_not_mechanistic_validation
Ronneby_MAG_GTDB_taxonomy	A03_bin.45	family	lachnospira_eligens_a	lachnospira	lachnospiraceae	only_genus_or_family_overlap_allowed	overlap_with_experimental_bioaccumulation_reference_not_mechanistic_validation
Ronneby_MAG_GTDB_taxonomy	A03_bin.66	family	paraprevotella_clara	paraprevotella	bacteroidaceae	only_genus_or_family_overlap_allowed	overlap_with_experimental_bioaccumulation_reference_not_mechanistic_validation
Ronneby_MAG_GTDB_taxonomy	A03_bin.75	family	anthropogastromicrobium_aceti	anthropogastromicrobium	lachnospiraceae	only_genus_or_family_overlap_allowed	overlap_with_experimental_bioaccumulation_reference_not_mechanistic_validation
Ronneby_MAG_GTDB_taxonomy	A04_bin.36	family	dorea_a_longicatena	dorea_a	lachnospiraceae	only_genus_or_family_overlap_allowed	overlap_with_experimental_bioaccumulation_reference_not_mechanistic_validation
Ronneby_MAG_GTDB_taxonomy	A04_bin.50	family	blautia_a_wexlerae	blautia_a	lachnospiraceae	only_genus_or_family_overlap_allowed	overlap_with_experimental_bioaccumulation_reference_not_mechanistic_validation
Ronneby_MAG_GTDB_taxonomy	A04_bin.72	family	eubacterium_g_segne	eubacterium_g	lachnospiraceae	only_genus_or_family_overlap_allowed	overlap_with_experimental_bioaccumulation_reference_not_mechanistic_validation
Ronneby_MAG_GTDB_taxonomy	A04_bin.76	family	paraprevotella_clara	paraprevotella	bacteroidaceae	only_genus_or_family_overlap_allowed	overlap_with_experimental_bioaccumulation_reference_not_mechanistic_validation
Ronneby_MAG_GTDB_taxonomy	A04_bin.8	family	anaerostipes_amylophilus	anaerostipes	lachnospiraceae	only_genus_or_family_overlap_allowed	overlap_with_experimental_bioaccumulation_reference_not_mechanistic_validation
Ronneby_MAG_GTDB_taxonomy	A05_bin.113	family	anaerobutyricum_hallii	anaerobutyricum	lachnospiraceae	only_genus_or_family_overlap_allowed	overlap_with_experimental_bioaccumulation_reference_not_mechanistic_validation
Ronneby_MAG_GTDB_taxonomy	A05_bin.15	family	coprococcus_a_intestinihominis	coprococcus_a	lachnospiraceae	only_genus_or_family_overlap_allowed	overlap_with_experimental_bioaccumulation_reference_not_mechanistic_validation
Ronneby_MAG_GTDB_taxonomy	A05_bin.35	family	eubacterium_f_sp003491505	eubacterium_f	lachnospiraceae	only_genus_or_family_overlap_allowed	overlap_with_experimental_bioaccumulation_reference_not_mechanistic_validation
Ronneby_MAG_GTDB_taxonomy	A05_bin.57	family	fusicatenibacter_saccharivorans	fusicatenibacter	lachnospiraceae	only_genus_or_family_overlap_allowed	overlap_with_experimental_bioaccumulation_reference_not_mechanistic_validation
Ronneby_MAG_GTDB_taxonomy	A06_bin.104	family	blautia_a_wexlerae	blautia_a	lachnospiraceae	only_genus_or_family_overlap_allowed	overlap_with_experimental_bioaccumulation_reference_not_mechanistic_validation
Ronneby_MAG_GTDB_taxonomy	A06_bin.106	family	coprococcus_c_hominis	coprococcus_c	lachnospiraceae	only_genus_or_family_overlap_allowed	overlap_with_experimental_bioaccumulation_reference_not_mechanistic_validation
Ronneby_MAG_GTDB_taxonomy	A06_bin.30	family	eubacterium_u_album	eubacterium_u	lachnospiraceae	only_genus_or_family_overlap_allowed	overlap_with_experimental_bioaccumulation_reference_not_mechanistic_validation
Ronneby_MAG_GTDB_taxonomy	A06_bin.31	family	oliverpabstia_intestinalis	oliverpabstia	lachnospiraceae	only_genus_or_family_overlap_allowed	overlap_with_experimental_bioaccumulation_reference_not_mechanistic_validation
Ronneby_MAG_GTDB_taxonomy	A06_bin.47	family	gallintestinimicrobium_propionicum	gallintestinimicrobium	lachnospiraceae	only_genus_or_family_overlap_allowed	overlap_with_experimental_bioaccumulation_reference_not_mechanistic_validation
Ronneby_MAG_GTDB_taxonomy	A06_bin.60	family	anaerostipes_hadrus	anaerostipes	lachnospiraceae	only_genus_or_family_overlap_allowed	overlap_with_experimental_bioaccumulation_reference_not_mechanistic_validation
Ronneby_MAG_GTDB_taxonomy	A06_bin.83	family	cag_194_sp000432915	cag-194	lachnospiraceae	only_genus_or_family_overlap_allowed	overlap_with_experimental_bioaccumulation_reference_not_mechanistic_validation
Ronneby_MAG_GTDB_taxonomy	A07_bin.25	family	paraprevotella_xylaniphila	paraprevotella	bacteroidaceae	only_genus_or_family_overlap_allowed	overlap_with_experimental_bioaccumulation_reference_not_mechanistic_validation
Ronneby_MAG_GTDB_taxonomy	A07_bin.52	family	anaerostipes_hadrus	anaerostipes	lachnospiraceae	only_genus_or_family_overlap_allowed	overlap_with_experimental_bioaccumulation_reference_not_mechanistic_validation
Ronneby_MAG_GTDB_taxonomy	A07_bin.55	family	blautia_a_wexlerae	blautia_a	lachnospiraceae	only_genus_or_family_overlap_allowed	overlap_with_experimental_bioaccumulation_reference_not_mechanistic_validation
Ronneby_MAG_GTDB_taxonomy	A07_bin.64	family	lachnospira_rogosae	lachnospira	lachnospiraceae	only_genus_or_family_overlap_allowed	overlap_with_experimental_bioaccumulation_reference_not_mechanistic_validation
Ronneby_MAG_GTDB_taxonomy	A07_bin.90	family	gallintestinimicrobium_propionicum	gallintestinimicrobium	lachnospiraceae	only_genus_or_family_overlap_allowed	overlap_with_experimental_bioaccumulation_reference_not_mechanistic_validation
Ronneby_MAG_GTDB_taxonomy	A08_bin.101	family	blautia_a_wexlerae	blautia_a	lachnospiraceae	only_genus_or_family_overlap_allowed	overlap_with_experimental_bioaccumulation_reference_not_mechanistic_validation
Ronneby_MAG_GTDB_taxonomy	A08_bin.14	family	paraprevotella_clara	paraprevotella	bacteroidaceae	only_genus_or_family_overlap_allowed	overlap_with_experimental_bioaccumulation_reference_not_mechanistic_validation
Ronneby_MAG_GTDB_taxonomy	A08_bin.36	family	coprococcus_aceti	coprococcus	lachnospiraceae	only_genus_or_family_overlap_allowed	overlap_with_experimental_bioaccumulation_reference_not_mechanistic_validation
Ronneby_MAG_GTDB_taxonomy	A08_bin.7	family	acetatifactor_acetigignens	acetatifactor	lachnospiraceae	only_genus_or_family_overlap_allowed	overlap_with_experimental_bioaccumulation_reference_not_mechanistic_validation
Ronneby_MAG_GTDB_taxonomy	A08_bin.91	family	anaerostipes_amylophilus	anaerostipes	lachnospiraceae	only_genus_or_family_overlap_allowed	overlap_with_experimental_bioaccumulation_reference_not_mechanistic_validation
Ronneby_MAG_GTDB_taxonomy	A09_bin.17	family	mediterraneibacter_torques	mediterraneibacter	lachnospiraceae	only_genus_or_family_overlap_allowed	overlap_with_experimental_bioaccumulation_reference_not_mechanistic_validation
Ronneby_MAG_GTDB_taxonomy	A09_bin.3	family	hungatella_effluvii	hungatella	lachnospiraceae	only_genus_or_family_overlap_allowed	overlap_with_experimental_bioaccumulation_reference_not_mechanistic_validation
Ronneby_MAG_GTDB_taxonomy	B01_bin.28	family	fusicatenibacter_saccharivorans	fusicatenibacter	lachnospiraceae	only_genus_or_family_overlap_allowed	overlap_with_experimental_bioaccumulation_reference_not_mechanistic_validation
Ronneby_MAG_GTDB_taxonomy	B02_bin.41	family	dorea_a_longicatena	dorea_a	lachnospiraceae	only_genus_or_family_overlap_allowed	overlap_with_experimental_bioaccumulation_reference_not_mechanistic_validation
Ronneby_MAG_GTDB_taxonomy	B02_bin.44	family	fusicatenibacter_saccharivorans	fusicatenibacter	lachnospiraceae	only_genus_or_family_overlap_allowed	overlap_with_experimental_bioaccumulation_reference_not_mechanistic_validation
Ronneby_MAG_GTDB_taxonomy	B03_bin.17	family	eubacterium_f_sp003491505	eubacterium_f	lachnospiraceae	only_genus_or_family_overlap_allowed	overlap_with_experimental_bioaccumulation_reference_not_mechanistic_validation
Ronneby_MAG_GTDB_taxonomy	B03_bin.22	family	gallintestinimicrobium_propionicum	gallintestinimicrobium	lachnospiraceae	only_genus_or_family_overlap_allowed	overlap_with_experimental_bioaccumulation_reference_not_mechanistic_validation
Ronneby_MAG_GTDB_taxonomy	B03_bin.58	family	suilimivivens_sp000438155	suilimivivens	lachnospiraceae	only_genus_or_family_overlap_allowed	overlap_with_experimental_bioaccumulation_reference_not_mechanistic_validation
Ronneby_MAG_GTDB_taxonomy	B03_bin.75	family	blautia_a_wexlerae	blautia_a	lachnospiraceae	only_genus_or_family_overlap_allowed	overlap_with_experimental_bioaccumulation_reference_not_mechanistic_validation
Ronneby_MAG_GTDB_taxonomy	B04_bin.3	family	hominisplanchenecus_faecis	hominisplanchenecus	lachnospiraceae	only_genus_or_family_overlap_allowed	overlap_with_experimental_bioaccumulation_reference_not_mechanistic_validation
Ronneby_MAG_GTDB_taxonomy	B05_bin.100	family	roseburia_c_amylophila	roseburia_c	lachnospiraceae	only_genus_or_family_overlap_allowed	overlap_with_experimental_bioaccumulation_reference_not_mechanistic_validation
Ronneby_MAG_GTDB_taxonomy	B05_bin.33	family	lachnospira_rogosae	lachnospira	lachnospiraceae	only_genus_or_family_overlap_allowed	overlap_with_experimental_bioaccumulation_reference_not_mechanistic_validation
Ronneby_MAG_GTDB_taxonomy	B05_bin.36	family	coprococcus_ammoniilyticus	coprococcus	lachnospiraceae	only_genus_or_family_overlap_allowed	overlap_with_experimental_bioaccumulation_reference_not_mechanistic_validation
Ronneby_MAG_GTDB_taxonomy	B05_bin.87	family	fusicatenibacter_saccharivorans	fusicatenibacter	lachnospiraceae	only_genus_or_family_overlap_allowed	overlap_with_experimental_bioaccumulation_reference_not_mechanistic_validation
Ronneby_MAG_GTDB_taxonomy	B06_bin.108	family	coprococcus_eutactus	coprococcus	lachnospiraceae	only_genus_or_family_overlap_allowed	overlap_with_experimental_bioaccumulation_reference_not_mechanistic_validation
Ronneby_MAG_GTDB_taxonomy	B06_bin.4	family	eshraghiella_crossota	eshraghiella	lachnospiraceae	only_genus_or_family_overlap_allowed	overlap_with_experimental_bioaccumulation_reference_not_mechanistic_validation
Ronneby_MAG_GTDB_taxonomy	B06_bin.48	family	anaerostipes_hadrus	anaerostipes	lachnospiraceae	only_genus_or_family_overlap_allowed	overlap_with_experimental_bioaccumulation_reference_not_mechanistic_validation
Ronneby_MAG_GTDB_taxonomy	B06_bin.59	family	gallintestinimicrobium_propionicum	gallintestinimicrobium	lachnospiraceae	only_genus_or_family_overlap_allowed	overlap_with_experimental_bioaccumulation_reference_not_mechanistic_validation
Ronneby_MAG_GTDB_taxonomy	B06_bin.61	family	suilimivivens_sp000438155	suilimivivens	lachnospiraceae	only_genus_or_family_overlap_allowed	overlap_with_experimental_bioaccumulation_reference_not_mechanistic_validation
Ronneby_MAG_GTDB_taxonomy	B06_bin.74	family	fusicatenibacter_saccharivorans	fusicatenibacter	lachnospiraceae	only_genus_or_family_overlap_allowed	overlap_with_experimental_bioaccumulation_reference_not_mechanistic_validation
Ronneby_MAG_GTDB_taxonomy	B07_bin.55	family	coprococcus_ammoniilyticus	coprococcus	lachnospiraceae	only_genus_or_family_overlap_allowed	overlap_with_experimental_bioaccumulation_reference_not_mechanistic_validation
Ronneby_MAG_GTDB_taxonomy	B07_bin.56	family	fusicatenibacter_saccharivorans	fusicatenibacter	lachnospiraceae	only_genus_or_family_overlap_allowed	overlap_with_experimental_bioaccumulation_reference_not_mechanistic_validation
Ronneby_MAG_GTDB_taxonomy	B07_bin.6	family	acetatifactor_acetigignens	acetatifactor	lachnospiraceae	only_genus_or_family_overlap_allowed	overlap_with_experimental_bioaccumulation_reference_not_mechanistic_validation
Ronneby_MAG_GTDB_taxonomy	B07_bin.67	family	suilimivivens_sp000438155	suilimivivens	lachnospiraceae	only_genus_or_family_overlap_allowed	overlap_with_experimental_bioaccumulation_reference_not_mechanistic_validation
Ronneby_MAG_GTDB_taxonomy	B08_bin.12	family	fusicatenibacter_saccharivorans	fusicatenibacter	lachnospiraceae	only_genus_or_family_overlap_allowed	overlap_with_experimental_bioaccumulation_reference_not_mechanistic_validation
Ronneby_MAG_GTDB_taxonomy	B08_bin.17	family	roseburia_c_amylophila	roseburia_c	lachnospiraceae	only_genus_or_family_overlap_allowed	overlap_with_experimental_bioaccumulation_reference_not_mechanistic_validation
Ronneby_MAG_GTDB_taxonomy	B08_bin.42	family	lachnospira_eligens_a	lachnospira	lachnospiraceae	only_genus_or_family_overlap_allowed	overlap_with_experimental_bioaccumulation_reference_not_mechanistic_validation
Ronneby_MAG_GTDB_taxonomy	B08_bin.45	family	acetatifactor_acetigignens	acetatifactor	lachnospiraceae	only_genus_or_family_overlap_allowed	overlap_with_experimental_bioaccumulation_reference_not_mechanistic_validation
Ronneby_MAG_GTDB_taxonomy	B08_bin.50	family	coprococcus_aceti	coprococcus	lachnospiraceae	only_genus_or_family_overlap_allowed	overlap_with_experimental_bioaccumulation_reference_not_mechanistic_validation
Ronneby_MAG_GTDB_taxonomy	B09_bin.49	family	enterocloster_sp000431375	enterocloster	lachnospiraceae	only_genus_or_family_overlap_allowed	overlap_with_experimental_bioaccumulation_reference_not_mechanistic_validation
Ronneby_MAG_GTDB_taxonomy	B09_bin.55	family	otoolea_fessa	otoolea	lachnospiraceae	only_genus_or_family_overlap_allowed	overlap_with_experimental_bioaccumulation_reference_not_mechanistic_validation
Ronneby_MAG_GTDB_taxonomy	B09_bin.58	family	hominisplanchenecus_faecis	hominisplanchenecus	lachnospiraceae	only_genus_or_family_overlap_allowed	overlap_with_experimental_bioaccumulation_reference_not_mechanistic_validation
Ronneby_MAG_GTDB_taxonomy	B09_bin.66	family	anaerostipes_amylophilus	anaerostipes	lachnospiraceae	only_genus_or_family_overlap_allowed	overlap_with_experimental_bioaccumulation_reference_not_mechanistic_validation
Ronneby_MAG_GTDB_taxonomy	B09_bin.97	family	pilosibacter_fragilis	pilosibacter	lachnospiraceae	only_genus_or_family_overlap_allowed	overlap_with_experimental_bioaccumulation_reference_not_mechanistic_validation
Ronneby_MAG_GTDB_taxonomy	C01_bin.10	family	acetatifactor_acetigignens	acetatifactor	lachnospiraceae	only_genus_or_family_overlap_allowed	overlap_with_experimental_bioaccumulation_reference_not_mechanistic_validation
Ronneby_MAG_GTDB_taxonomy	C01_bin.33	family	coprococcus_aceti	coprococcus	lachnospiraceae	only_genus_or_family_overlap_allowed	overlap_with_experimental_bioaccumulation_reference_not_mechanistic_validation
Ronneby_MAG_GTDB_taxonomy	C01_bin.34	family	dorea_a_longicatena	dorea_a	lachnospiraceae	only_genus_or_family_overlap_allowed	overlap_with_experimental_bioaccumulation_reference_not_mechanistic_validation
Ronneby_MAG_GTDB_taxonomy	C01_bin.37	family	fusicatenibacter_saccharivorans	fusicatenibacter	lachnospiraceae	only_genus_or_family_overlap_allowed	overlap_with_experimental_bioaccumulation_reference_not_mechanistic_validation
Ronneby_MAG_GTDB_taxonomy	C01_bin.44	family	coprococcus_c_hominis	coprococcus_c	lachnospiraceae	only_genus_or_family_overlap_allowed	overlap_with_experimental_bioaccumulation_reference_not_mechanistic_validation
Ronneby_MAG_GTDB_taxonomy	C02_bin.28	family	acetatifactor_intestinalis	acetatifactor	lachnospiraceae	only_genus_or_family_overlap_allowed	overlap_with_experimental_bioaccumulation_reference_not_mechanistic_validation
Ronneby_MAG_GTDB_taxonomy	C02_bin.32	family	coprococcus_c_hominis	coprococcus_c	lachnospiraceae	only_genus_or_family_overlap_allowed	overlap_with_experimental_bioaccumulation_reference_not_mechanistic_validation
Ronneby_MAG_GTDB_taxonomy	C02_bin.33	family	paraprevotella_clara	paraprevotella	bacteroidaceae	only_genus_or_family_overlap_allowed	overlap_with_experimental_bioaccumulation_reference_not_mechanistic_validation
Ronneby_MAG_GTDB_taxonomy	C02_bin.82	family	roseburia_c_amylophila	roseburia_c	lachnospiraceae	only_genus_or_family_overlap_allowed	overlap_with_experimental_bioaccumulation_reference_not_mechanistic_validation
Ronneby_MAG_GTDB_taxonomy	C03_bin.1	family	blautia_a_fusiformis	blautia_a	lachnospiraceae	only_genus_or_family_overlap_allowed	overlap_with_experimental_bioaccumulation_reference_not_mechanistic_validation
Ronneby_MAG_GTDB_taxonomy	C03_bin.10	family	anaerostipes_hadrus	anaerostipes	lachnospiraceae	only_genus_or_family_overlap_allowed	overlap_with_experimental_bioaccumulation_reference_not_mechanistic_validation
Ronneby_MAG_GTDB_taxonomy	C03_bin.22	family	enterocloster_sp001517625	enterocloster	lachnospiraceae	only_genus_or_family_overlap_allowed	overlap_with_experimental_bioaccumulation_reference_not_mechanistic_validation
Ronneby_MAG_GTDB_taxonomy	C03_bin.37	family	fusicatenibacter_saccharivorans	fusicatenibacter	lachnospiraceae	only_genus_or_family_overlap_allowed	overlap_with_experimental_bioaccumulation_reference_not_mechanistic_validation
Ronneby_MAG_GTDB_taxonomy	C03_bin.41	family	pilosibacter_sp900066055	pilosibacter	lachnospiraceae	only_genus_or_family_overlap_allowed	overlap_with_experimental_bioaccumulation_reference_not_mechanistic_validation
Ronneby_MAG_GTDB_taxonomy	C04_bin.38	family	blautia_a_wexlerae	blautia_a	lachnospiraceae	only_genus_or_family_overlap_allowed	overlap_with_experimental_bioaccumulation_reference_not_mechanistic_validation
Ronneby_MAG_GTDB_taxonomy	C04_bin.50	family	gallintestinimicrobium_propionicum	gallintestinimicrobium	lachnospiraceae	only_genus_or_family_overlap_allowed	overlap_with_experimental_bioaccumulation_reference_not_mechanistic_validation
Ronneby_MAG_GTDB_taxonomy	C04_bin.79	family	anaerostipes_amylophilus	anaerostipes	lachnospiraceae	only_genus_or_family_overlap_allowed	overlap_with_experimental_bioaccumulation_reference_not_mechanistic_validation
Ronneby_MAG_GTDB_taxonomy	C04_bin.86	family	coprococcus_aceti	coprococcus	lachnospiraceae	only_genus_or_family_overlap_allowed	overlap_with_experimental_bioaccumulation_reference_not_mechanistic_validation
Ronneby_MAG_GTDB_taxonomy	C05_bin.108	family	anaerostipes_amylophilus	anaerostipes	lachnospiraceae	only_genus_or_family_overlap_allowed	overlap_with_experimental_bioaccumulation_reference_not_mechanistic_validation
Ronneby_MAG_GTDB_taxonomy	C05_bin.117	family	gallintestinimicrobium_propionicum	gallintestinimicrobium	lachnospiraceae	only_genus_or_family_overlap_allowed	overlap_with_experimental_bioaccumulation_reference_not_mechanistic_validation
Ronneby_MAG_GTDB_taxonomy	C05_bin.119	family	eubacterium_f_sp003491505	eubacterium_f	lachnospiraceae	only_genus_or_family_overlap_allowed	overlap_with_experimental_bioaccumulation_reference_not_mechanistic_validation
Ronneby_MAG_GTDB_taxonomy	C05_bin.122	family	coprococcus_sp000433075	coprococcus	lachnospiraceae	only_genus_or_family_overlap_allowed	overlap_with_experimental_bioaccumulation_reference_not_mechanistic_validation
Ronneby_MAG_GTDB_taxonomy	C05_bin.51	family	anaerobutyricum_hallii	anaerobutyricum	lachnospiraceae	only_genus_or_family_overlap_allowed	overlap_with_experimental_bioaccumulation_reference_not_mechanistic_validation
Ronneby_MAG_GTDB_taxonomy	C05_bin.53	family	fusicatenibacter_saccharivorans	fusicatenibacter	lachnospiraceae	only_genus_or_family_overlap_allowed	overlap_with_experimental_bioaccumulation_reference_not_mechanistic_validation
Ronneby_MAG_GTDB_taxonomy	C05_bin.60	family	blautia_a_intestinihominis	blautia_a	lachnospiraceae	only_genus_or_family_overlap_allowed	overlap_with_experimental_bioaccumulation_reference_not_mechanistic_validation
Ronneby_MAG_GTDB_taxonomy	C05_bin.62	family	butyribacter_sp003529475	butyribacter	lachnospiraceae	only_genus_or_family_overlap_allowed	overlap_with_experimental_bioaccumulation_reference_not_mechanistic_validation
Ronneby_MAG_GTDB_taxonomy	C05_bin.81	family	hominisplanchenecus_faecis	hominisplanchenecus	lachnospiraceae	only_genus_or_family_overlap_allowed	overlap_with_experimental_bioaccumulation_reference_not_mechanistic_validation
Ronneby_MAG_GTDB_taxonomy	C06_bin.11	family	anthropogastromicrobium_aceti	anthropogastromicrobium	lachnospiraceae	only_genus_or_family_overlap_allowed	overlap_with_experimental_bioaccumulation_reference_not_mechanistic_validation
Ronneby_MAG_GTDB_taxonomy	C06_bin.20	family	hominisplanchenecus_faecis	hominisplanchenecus	lachnospiraceae	only_genus_or_family_overlap_allowed	overlap_with_experimental_bioaccumulation_reference_not_mechanistic_validation
Ronneby_MAG_GTDB_taxonomy	C06_bin.35	family	mediterraneibacter_faecis	mediterraneibacter	lachnospiraceae	only_genus_or_family_overlap_allowed	overlap_with_experimental_bioaccumulation_reference_not_mechanistic_validation
Ronneby_MAG_GTDB_taxonomy	C06_bin.41	family	lachnospira_intestinalis	lachnospira	lachnospiraceae	only_genus_or_family_overlap_allowed	overlap_with_experimental_bioaccumulation_reference_not_mechanistic_validation
Ronneby_MAG_GTDB_taxonomy	C06_bin.42	family	pilosibacter_fragilis	pilosibacter	lachnospiraceae	only_genus_or_family_overlap_allowed	overlap_with_experimental_bioaccumulation_reference_not_mechanistic_validation
Ronneby_MAG_GTDB_taxonomy	C06_bin.43	family	coprococcus_c_hominis	coprococcus_c	lachnospiraceae	only_genus_or_family_overlap_allowed	overlap_with_experimental_bioaccumulation_reference_not_mechanistic_validation
Ronneby_MAG_GTDB_taxonomy	C06_bin.46	family	dorea_a_longicatena	dorea_a	lachnospiraceae	only_genus_or_family_overlap_allowed	overlap_with_experimental_bioaccumulation_reference_not_mechanistic_validation
Ronneby_MAG_GTDB_taxonomy	C06_bin.54	family	fusicatenibacter_saccharivorans	fusicatenibacter	lachnospiraceae	only_genus_or_family_overlap_allowed	overlap_with_experimental_bioaccumulation_reference_not_mechanistic_validation
Ronneby_MAG_GTDB_taxonomy	C06_bin.63	family	blautia_a_wexlerae	blautia_a	lachnospiraceae	only_genus_or_family_overlap_allowed	overlap_with_experimental_bioaccumulation_reference_not_mechanistic_validation
Ronneby_MAG_GTDB_taxonomy	C07_bin.10	family	fusicatenibacter_saccharivorans	fusicatenibacter	lachnospiraceae	only_genus_or_family_overlap_allowed	overlap_with_experimental_bioaccumulation_reference_not_mechanistic_validation
Ronneby_MAG_GTDB_taxonomy	C07_bin.25	family	anaerobutyricum_hallii	anaerobutyricum	lachnospiraceae	only_genus_or_family_overlap_allowed	overlap_with_experimental_bioaccumulation_reference_not_mechanistic_validation
Ronneby_MAG_GTDB_taxonomy	C07_bin.33	family	mediterraneibacter_torques	mediterraneibacter	lachnospiraceae	only_genus_or_family_overlap_allowed	overlap_with_experimental_bioaccumulation_reference_not_mechanistic_validation
Ronneby_MAG_GTDB_taxonomy	C08_bin.16	family	gallintestinimicrobium_propionicum	gallintestinimicrobium	lachnospiraceae	only_genus_or_family_overlap_allowed	overlap_with_experimental_bioaccumulation_reference_not_mechanistic_validation
Ronneby_MAG_GTDB_taxonomy	C08_bin.19	family	coprococcus_c_hominis	coprococcus_c	lachnospiraceae	only_genus_or_family_overlap_allowed	overlap_with_experimental_bioaccumulation_reference_not_mechanistic_validation
Ronneby_MAG_GTDB_taxonomy	C08_bin.23	family	butyribacter_sp003529475	butyribacter	lachnospiraceae	only_genus_or_family_overlap_allowed	overlap_with_experimental_bioaccumulation_reference_not_mechanistic_validation
Ronneby_MAG_GTDB_taxonomy	C08_bin.30	family	acetatifactor_acetigignens	acetatifactor	lachnospiraceae	only_genus_or_family_overlap_allowed	overlap_with_experimental_bioaccumulation_reference_not_mechanistic_validation
Ronneby_MAG_GTDB_taxonomy	C08_bin.48	family	coe1_sp001916965	coe1	lachnospiraceae	only_genus_or_family_overlap_allowed	overlap_with_experimental_bioaccumulation_reference_not_mechanistic_validation
Ronneby_MAG_GTDB_taxonomy	C08_bin.66	family	lachnospira_eligens_a	lachnospira	lachnospiraceae	only_genus_or_family_overlap_allowed	overlap_with_experimental_bioaccumulation_reference_not_mechanistic_validation
Ronneby_MAG_GTDB_taxonomy	C08_bin.68	family	paraprevotella_clara	paraprevotella	bacteroidaceae	only_genus_or_family_overlap_allowed	overlap_with_experimental_bioaccumulation_reference_not_mechanistic_validation
Ronneby_MAG_GTDB_taxonomy	C08_bin.7	family	eubacterium_f_sp003491505	eubacterium_f	lachnospiraceae	only_genus_or_family_overlap_allowed	overlap_with_experimental_bioaccumulation_reference_not_mechanistic_validation
Ronneby_MAG_GTDB_taxonomy	C08_bin.82	family	coprococcus_eutactus	coprococcus	lachnospiraceae	only_genus_or_family_overlap_allowed	overlap_with_experimental_bioaccumulation_reference_not_mechanistic_validation
Ronneby_MAG_GTDB_taxonomy	D01_bin.23	family	anaerostipes_hadrus	anaerostipes	lachnospiraceae	only_genus_or_family_overlap_allowed	overlap_with_experimental_bioaccumulation_reference_not_mechanistic_validation
Ronneby_MAG_GTDB_taxonomy	D01_bin.38	family	gallintestinimicrobium_propionicum	gallintestinimicrobium	lachnospiraceae	only_genus_or_family_overlap_allowed	overlap_with_experimental_bioaccumulation_reference_not_mechanistic_validation
Ronneby_MAG_GTDB_taxonomy	D01_bin.40	family	anaerobutyricum_hallii	anaerobutyricum	lachnospiraceae	only_genus_or_family_overlap_allowed	overlap_with_experimental_bioaccumulation_reference_not_mechanistic_validation
Ronneby_MAG_GTDB_taxonomy	D01_bin.44	family	blautia_a_wexlerae	blautia_a	lachnospiraceae	only_genus_or_family_overlap_allowed	overlap_with_experimental_bioaccumulation_reference_not_mechanistic_validation
Ronneby_MAG_GTDB_taxonomy	D01_bin.53	family	fusicatenibacter_saccharivorans	fusicatenibacter	lachnospiraceae	only_genus_or_family_overlap_allowed	overlap_with_experimental_bioaccumulation_reference_not_mechanistic_validation
Ronneby_MAG_GTDB_taxonomy	D02_bin.20	family	gallintestinimicrobium_propionicum	gallintestinimicrobium	lachnospiraceae	only_genus_or_family_overlap_allowed	overlap_with_experimental_bioaccumulation_reference_not_mechanistic_validation
Ronneby_MAG_GTDB_taxonomy	D02_bin.28	family	limivivens_faecihominis	limivivens	lachnospiraceae	only_genus_or_family_overlap_allowed	overlap_with_experimental_bioaccumulation_reference_not_mechanistic_validation
Ronneby_MAG_GTDB_taxonomy	D02_bin.45	family	otoolea_fessa	otoolea	lachnospiraceae	only_genus_or_family_overlap_allowed	overlap_with_experimental_bioaccumulation_reference_not_mechanistic_validation
Ronneby_MAG_GTDB_taxonomy	D02_bin.63	family	fusicatenibacter_saccharivorans	fusicatenibacter	lachnospiraceae	only_genus_or_family_overlap_allowed	overlap_with_experimental_bioaccumulation_reference_not_mechanistic_validation
Ronneby_MAG_GTDB_taxonomy	D02_bin.7	family	anaerobutyricum_hallii	anaerobutyricum	lachnospiraceae	only_genus_or_family_overlap_allowed	overlap_with_experimental_bioaccumulation_reference_not_mechanistic_validation
Ronneby_MAG_GTDB_taxonomy	D03_bin.50	family	gallintestinimicrobium_propionicum	gallintestinimicrobium	lachnospiraceae	only_genus_or_family_overlap_allowed	overlap_with_experimental_bioaccumulation_reference_not_mechanistic_validation
Ronneby_MAG_GTDB_taxonomy	D03_bin.88	family	fusicatenibacter_saccharivorans	fusicatenibacter	lachnospiraceae	only_genus_or_family_overlap_allowed	overlap_with_experimental_bioaccumulation_reference_not_mechanistic_validation
Ronneby_MAG_GTDB_taxonomy	D04_bin.18	family	dorea_a_amylophila	dorea_a	lachnospiraceae	only_genus_or_family_overlap_allowed	overlap_with_experimental_bioaccumulation_reference_not_mechanistic_validation
Ronneby_MAG_GTDB_taxonomy	D04_bin.28	family	anaerobutyricum_hallii	anaerobutyricum	lachnospiraceae	only_genus_or_family_overlap_allowed	overlap_with_experimental_bioaccumulation_reference_not_mechanistic_validation
Ronneby_MAG_GTDB_taxonomy	D04_bin.38	family	blautia_a_fusiformis	blautia_a	lachnospiraceae	only_genus_or_family_overlap_allowed	overlap_with_experimental_bioaccumulation_reference_not_mechanistic_validation
Ronneby_MAG_GTDB_taxonomy	D05_bin.30	family	hominisplanchenecus_faecis	hominisplanchenecus	lachnospiraceae	only_genus_or_family_overlap_allowed	overlap_with_experimental_bioaccumulation_reference_not_mechanistic_validation
Ronneby_MAG_GTDB_taxonomy	D05_bin.33	family	anthropogastromicrobium_aceti	anthropogastromicrobium	lachnospiraceae	only_genus_or_family_overlap_allowed	overlap_with_experimental_bioaccumulation_reference_not_mechanistic_validation
Ronneby_MAG_GTDB_taxonomy	D05_bin.39	family	allocoprococcus_comes	allocoprococcus	lachnospiraceae	only_genus_or_family_overlap_allowed	overlap_with_experimental_bioaccumulation_reference_not_mechanistic_validation
Ronneby_MAG_GTDB_taxonomy	D05_bin.64	family	anaerobutyricum_hallii	anaerobutyricum	lachnospiraceae	only_genus_or_family_overlap_allowed	overlap_with_experimental_bioaccumulation_reference_not_mechanistic_validation
Ronneby_MAG_GTDB_taxonomy	D05_bin.67	family	gallintestinimicrobium_propionicum	gallintestinimicrobium	lachnospiraceae	only_genus_or_family_overlap_allowed	overlap_with_experimental_bioaccumulation_reference_not_mechanistic_validation
Ronneby_MAG_GTDB_taxonomy	D05_bin.97	family	dorea_a_longicatena	dorea_a	lachnospiraceae	only_genus_or_family_overlap_allowed	overlap_with_experimental_bioaccumulation_reference_not_mechanistic_validation
Ronneby_MAG_GTDB_taxonomy	D06_bin.12	family	anthropogastromicrobium_aceti	anthropogastromicrobium	lachnospiraceae	only_genus_or_family_overlap_allowed	overlap_with_experimental_bioaccumulation_reference_not_mechanistic_validation
Ronneby_MAG_GTDB_taxonomy	D06_bin.47	family	acetatifactor_intestinalis	acetatifactor	lachnospiraceae	only_genus_or_family_overlap_allowed	overlap_with_experimental_bioaccumulation_reference_not_mechanistic_validation
Ronneby_MAG_GTDB_taxonomy	D06_bin.59	family	gallintestinimicrobium_propionicum	gallintestinimicrobium	lachnospiraceae	only_genus_or_family_overlap_allowed	overlap_with_experimental_bioaccumulation_reference_not_mechanistic_validation
Ronneby_MAG_GTDB_taxonomy	D07_bin.2	family	blautia_a_wexlerae	blautia_a	lachnospiraceae	only_genus_or_family_overlap_allowed	overlap_with_experimental_bioaccumulation_reference_not_mechanistic_validation
Ronneby_MAG_GTDB_taxonomy	D07_bin.24	family	anthropogastromicrobium_aceti	anthropogastromicrobium	lachnospiraceae	only_genus_or_family_overlap_allowed	overlap_with_experimental_bioaccumulation_reference_not_mechanistic_validation
Ronneby_MAG_GTDB_taxonomy	D07_bin.3	family	gallintestinimicrobium_propionicum	gallintestinimicrobium	lachnospiraceae	only_genus_or_family_overlap_allowed	overlap_with_experimental_bioaccumulation_reference_not_mechanistic_validation
Ronneby_MAG_GTDB_taxonomy	D07_bin.37	family	mediterraneibacter_faecigallinarum	mediterraneibacter	lachnospiraceae	only_genus_or_family_overlap_allowed	overlap_with_experimental_bioaccumulation_reference_not_mechanistic_validation
Ronneby_MAG_GTDB_taxonomy	D07_bin.38	family	anaerostipes_hadrus	anaerostipes	lachnospiraceae	only_genus_or_family_overlap_allowed	overlap_with_experimental_bioaccumulation_reference_not_mechanistic_validation
Ronneby_MAG_GTDB_taxonomy	D07_bin.63	family	eubacterium_f_sp003491505	eubacterium_f	lachnospiraceae	only_genus_or_family_overlap_allowed	overlap_with_experimental_bioaccumulation_reference_not_mechanistic_validation
Ronneby_MAG_GTDB_taxonomy	D07_bin.75	family	blautia_a_fusiformis	blautia_a	lachnospiraceae	only_genus_or_family_overlap_allowed	overlap_with_experimental_bioaccumulation_reference_not_mechanistic_validation
Ronneby_MAG_GTDB_taxonomy	D08_bin.103	family	coe1_sp001916965	coe1	lachnospiraceae	only_genus_or_family_overlap_allowed	overlap_with_experimental_bioaccumulation_reference_not_mechanistic_validation
Ronneby_MAG_GTDB_taxonomy	D08_bin.17	family	gallintestinimicrobium_propionicum	gallintestinimicrobium	lachnospiraceae	only_genus_or_family_overlap_allowed	overlap_with_experimental_bioaccumulation_reference_not_mechanistic_validation
Ronneby_MAG_GTDB_taxonomy	D08_bin.37	family	fusicatenibacter_saccharivorans	fusicatenibacter	lachnospiraceae	only_genus_or_family_overlap_allowed	overlap_with_experimental_bioaccumulation_reference_not_mechanistic_validation
Ronneby_MAG_GTDB_taxonomy	D08_bin.46	family	eshraghiella_crossota	eshraghiella	lachnospiraceae	only_genus_or_family_overlap_allowed	overlap_with_experimental_bioaccumulation_reference_not_mechanistic_validation
Ronneby_MAG_GTDB_taxonomy	D08_bin.5	family	lachnospira_eligens_a	lachnospira	lachnospiraceae	only_genus_or_family_overlap_allowed	overlap_with_experimental_bioaccumulation_reference_not_mechanistic_validation
Ronneby_MAG_GTDB_taxonomy	E01_bin.104	family	porphyromonas_sp900539765	porphyromonas	porphyromonadaceae	only_genus_or_family_overlap_allowed	overlap_with_experimental_bioaccumulation_reference_not_mechanistic_validation
Ronneby_MAG_GTDB_taxonomy	E01_bin.12	family	hominisplanchenecus_faecis	hominisplanchenecus	lachnospiraceae	only_genus_or_family_overlap_allowed	overlap_with_experimental_bioaccumulation_reference_not_mechanistic_validation
Ronneby_MAG_GTDB_taxonomy	E01_bin.16	family	cag_194_sp000432915	cag-194	lachnospiraceae	only_genus_or_family_overlap_allowed	overlap_with_experimental_bioaccumulation_reference_not_mechanistic_validation
Ronneby_MAG_GTDB_taxonomy	E01_bin.44	family	roseburia_c_amylophila	roseburia_c	lachnospiraceae	only_genus_or_family_overlap_allowed	overlap_with_experimental_bioaccumulation_reference_not_mechanistic_validation
Ronneby_MAG_GTDB_taxonomy	E01_bin.45	family	gallintestinimicrobium_propionicum	gallintestinimicrobium	lachnospiraceae	only_genus_or_family_overlap_allowed	overlap_with_experimental_bioaccumulation_reference_not_mechanistic_validation
Ronneby_MAG_GTDB_taxonomy	E01_bin.74	family	eubacterium_f_sp934316845	eubacterium_f	lachnospiraceae	only_genus_or_family_overlap_allowed	overlap_with_experimental_bioaccumulation_reference_not_mechanistic_validation
Ronneby_MAG_GTDB_taxonomy	E02_bin.1	family	acetatifactor_acetigignens	acetatifactor	lachnospiraceae	only_genus_or_family_overlap_allowed	overlap_with_experimental_bioaccumulation_reference_not_mechanistic_validation
Ronneby_MAG_GTDB_taxonomy	E02_bin.22	family	acetatifactor_intestinalis	acetatifactor	lachnospiraceae	only_genus_or_family_overlap_allowed	overlap_with_experimental_bioaccumulation_reference_not_mechanistic_validation
Ronneby_MAG_GTDB_taxonomy	E02_bin.38	family	butyribacter_sp003529475	butyribacter	lachnospiraceae	only_genus_or_family_overlap_allowed	overlap_with_experimental_bioaccumulation_reference_not_mechanistic_validation
Ronneby_MAG_GTDB_taxonomy	E02_bin.40	family	coprococcus_aceti	coprococcus	lachnospiraceae	only_genus_or_family_overlap_allowed	overlap_with_experimental_bioaccumulation_reference_not_mechanistic_validation
Ronneby_MAG_GTDB_taxonomy	E02_bin.62	family	coprococcus_ammoniilyticus	coprococcus	lachnospiraceae	only_genus_or_family_overlap_allowed	overlap_with_experimental_bioaccumulation_reference_not_mechanistic_validation
Ronneby_MAG_GTDB_taxonomy	E02_bin.8	family	anthropogastromicrobium_aceti	anthropogastromicrobium	lachnospiraceae	only_genus_or_family_overlap_allowed	overlap_with_experimental_bioaccumulation_reference_not_mechanistic_validation
Ronneby_MAG_GTDB_taxonomy	E03_bin.18	family	acetatifactor_acetigignens	acetatifactor	lachnospiraceae	only_genus_or_family_overlap_allowed	overlap_with_experimental_bioaccumulation_reference_not_mechanistic_validation
Ronneby_MAG_GTDB_taxonomy	E03_bin.20	family	fusicatenibacter_saccharivorans	fusicatenibacter	lachnospiraceae	only_genus_or_family_overlap_allowed	overlap_with_experimental_bioaccumulation_reference_not_mechanistic_validation
Ronneby_MAG_GTDB_taxonomy	E03_bin.35	family	pilosibacter_fragilis	pilosibacter	lachnospiraceae	only_genus_or_family_overlap_allowed	overlap_with_experimental_bioaccumulation_reference_not_mechanistic_validation
Ronneby_MAG_GTDB_taxonomy	E04_bin.10	family	maccoyibacter_intestinihominis	maccoyibacter	lachnospiraceae	only_genus_or_family_overlap_allowed	overlap_with_experimental_bioaccumulation_reference_not_mechanistic_validation
Ronneby_MAG_GTDB_taxonomy	E04_bin.38	family	blautia_a_faecis	blautia_a	lachnospiraceae	only_genus_or_family_overlap_allowed	overlap_with_experimental_bioaccumulation_reference_not_mechanistic_validation
Ronneby_MAG_GTDB_taxonomy	E06_bin.55	family	mediterraneibacter_gnavus	mediterraneibacter	lachnospiraceae	only_genus_or_family_overlap_allowed	overlap_with_experimental_bioaccumulation_reference_not_mechanistic_validation
Ronneby_MAG_GTDB_taxonomy	E06_bin.56	family	acetatifactor_acetigignens	acetatifactor	lachnospiraceae	only_genus_or_family_overlap_allowed	overlap_with_experimental_bioaccumulation_reference_not_mechanistic_validation
Ronneby_MAG_GTDB_taxonomy	E06_bin.63	family	eubacterium_f_sp003491505	eubacterium_f	lachnospiraceae	only_genus_or_family_overlap_allowed	overlap_with_experimental_bioaccumulation_reference_not_mechanistic_validation
Ronneby_MAG_GTDB_taxonomy	E06_bin.78	family	fusicatenibacter_saccharivorans	fusicatenibacter	lachnospiraceae	only_genus_or_family_overlap_allowed	overlap_with_experimental_bioaccumulation_reference_not_mechanistic_validation
Ronneby_MAG_GTDB_taxonomy	E07_bin.46	family	blautia_a_wexlerae	blautia_a	lachnospiraceae	only_genus_or_family_overlap_allowed	overlap_with_experimental_bioaccumulation_reference_not_mechanistic_validation
Ronneby_MAG_GTDB_taxonomy	E07_bin.65	family	otoolea_fessa	otoolea	lachnospiraceae	only_genus_or_family_overlap_allowed	overlap_with_experimental_bioaccumulation_reference_not_mechanistic_validation
Ronneby_MAG_GTDB_taxonomy	E07_bin.81	family	anthropogastromicrobium_aceti	anthropogastromicrobium	lachnospiraceae	only_genus_or_family_overlap_allowed	overlap_with_experimental_bioaccumulation_reference_not_mechanistic_validation
Ronneby_MAG_GTDB_taxonomy	E08_bin.47	family	fusicatenibacter_saccharivorans	fusicatenibacter	lachnospiraceae	only_genus_or_family_overlap_allowed	overlap_with_experimental_bioaccumulation_reference_not_mechanistic_validation
Ronneby_MAG_GTDB_taxonomy	E08_bin.51	family	lachnospira_eligens_a	lachnospira	lachnospiraceae	only_genus_or_family_overlap_allowed	overlap_with_experimental_bioaccumulation_reference_not_mechanistic_validation
Ronneby_MAG_GTDB_taxonomy	E08_bin.6	family	acetatifactor_acetigignens	acetatifactor	lachnospiraceae	only_genus_or_family_overlap_allowed	overlap_with_experimental_bioaccumulation_reference_not_mechanistic_validation
Ronneby_MAG_GTDB_taxonomy	F01_bin.28	family	blautia_a_wexlerae	blautia_a	lachnospiraceae	only_genus_or_family_overlap_allowed	overlap_with_experimental_bioaccumulation_reference_not_mechanistic_validation
Ronneby_MAG_GTDB_taxonomy	F01_bin.49	family	gallintestinimicrobium_propionicum	gallintestinimicrobium	lachnospiraceae	only_genus_or_family_overlap_allowed	overlap_with_experimental_bioaccumulation_reference_not_mechanistic_validation
Ronneby_MAG_GTDB_taxonomy	F01_bin.56	family	fusicatenibacter_saccharivorans	fusicatenibacter	lachnospiraceae	only_genus_or_family_overlap_allowed	overlap_with_experimental_bioaccumulation_reference_not_mechanistic_validation
Ronneby_MAG_GTDB_taxonomy	F02_bin.2	family	anaerostipes_amylophilus	anaerostipes	lachnospiraceae	only_genus_or_family_overlap_allowed	overlap_with_experimental_bioaccumulation_reference_not_mechanistic_validation
Ronneby_MAG_GTDB_taxonomy	F02_bin.22	family	acetatifactor_acetigignens	acetatifactor	lachnospiraceae	only_genus_or_family_overlap_allowed	overlap_with_experimental_bioaccumulation_reference_not_mechanistic_validation
Ronneby_MAG_GTDB_taxonomy	F02_bin.35	family	gallintestinimicrobium_propionicum	gallintestinimicrobium	lachnospiraceae	only_genus_or_family_overlap_allowed	overlap_with_experimental_bioaccumulation_reference_not_mechanistic_validation
Ronneby_MAG_GTDB_taxonomy	F02_bin.50	family	dorea_a_longicatena	dorea_a	lachnospiraceae	only_genus_or_family_overlap_allowed	overlap_with_experimental_bioaccumulation_reference_not_mechanistic_validation
Ronneby_MAG_GTDB_taxonomy	F02_bin.65	family	blautia_a_sp900066335	blautia_a	lachnospiraceae	only_genus_or_family_overlap_allowed	overlap_with_experimental_bioaccumulation_reference_not_mechanistic_validation
Ronneby_MAG_GTDB_taxonomy	F02_bin.74	family	fusicatenibacter_saccharivorans	fusicatenibacter	lachnospiraceae	only_genus_or_family_overlap_allowed	overlap_with_experimental_bioaccumulation_reference_not_mechanistic_validation
Ronneby_MAG_GTDB_taxonomy	F02_bin.78	family	coprococcus_c_hominis	coprococcus_c	lachnospiraceae	only_genus_or_family_overlap_allowed	overlap_with_experimental_bioaccumulation_reference_not_mechanistic_validation
Ronneby_MAG_GTDB_taxonomy	F02_bin.80	family	eubacterium_f_sp003491505	eubacterium_f	lachnospiraceae	only_genus_or_family_overlap_allowed	overlap_with_experimental_bioaccumulation_reference_not_mechanistic_validation
Ronneby_MAG_GTDB_taxonomy	F03_bin.1	family	acetatifactor_acetigignens	acetatifactor	lachnospiraceae	only_genus_or_family_overlap_allowed	overlap_with_experimental_bioaccumulation_reference_not_mechanistic_validation
Ronneby_MAG_GTDB_taxonomy	F03_bin.12	family	fusicatenibacter_saccharivorans	fusicatenibacter	lachnospiraceae	only_genus_or_family_overlap_allowed	overlap_with_experimental_bioaccumulation_reference_not_mechanistic_validation
Ronneby_MAG_GTDB_taxonomy	F03_bin.40	family	blautia_a_wexlerae	blautia_a	lachnospiraceae	only_genus_or_family_overlap_allowed	overlap_with_experimental_bioaccumulation_reference_not_mechanistic_validation
Ronneby_MAG_GTDB_taxonomy	F04_bin.21	family	acetatifactor_acetigignens	acetatifactor	lachnospiraceae	only_genus_or_family_overlap_allowed	overlap_with_experimental_bioaccumulation_reference_not_mechanistic_validation
Ronneby_MAG_GTDB_taxonomy	F04_bin.40	family	blautia_a_obeum	blautia_a	lachnospiraceae	only_genus_or_family_overlap_allowed	overlap_with_experimental_bioaccumulation_reference_not_mechanistic_validation
Ronneby_MAG_GTDB_taxonomy	F04_bin.52	family	eisenbergiella_sp900555195	eisenbergiella	lachnospiraceae	only_genus_or_family_overlap_allowed	overlap_with_experimental_bioaccumulation_reference_not_mechanistic_validation
Ronneby_MAG_GTDB_taxonomy	F05_bin.14	family	mediterraneibacter_lactaris	mediterraneibacter	lachnospiraceae	only_genus_or_family_overlap_allowed	overlap_with_experimental_bioaccumulation_reference_not_mechanistic_validation
Ronneby_MAG_GTDB_taxonomy	F05_bin.24	family	gallintestinimicrobium_propionicum	gallintestinimicrobium	lachnospiraceae	only_genus_or_family_overlap_allowed	overlap_with_experimental_bioaccumulation_reference_not_mechanistic_validation
Ronneby_MAG_GTDB_taxonomy	F05_bin.41	family	fusicatenibacter_saccharivorans	fusicatenibacter	lachnospiraceae	only_genus_or_family_overlap_allowed	overlap_with_experimental_bioaccumulation_reference_not_mechanistic_validation
Ronneby_MAG_GTDB_taxonomy	F05_bin.49	family	coprococcus_aceti	coprococcus	lachnospiraceae	only_genus_or_family_overlap_allowed	overlap_with_experimental_bioaccumulation_reference_not_mechanistic_validation
Ronneby_MAG_GTDB_taxonomy	F06_bin.14	family	blautia_a_sp900066335	blautia_a	lachnospiraceae	only_genus_or_family_overlap_allowed	overlap_with_experimental_bioaccumulation_reference_not_mechanistic_validation
Ronneby_MAG_GTDB_taxonomy	F06_bin.27	family	blautia_a_wexlerae	blautia_a	lachnospiraceae	only_genus_or_family_overlap_allowed	overlap_with_experimental_bioaccumulation_reference_not_mechanistic_validation
Ronneby_MAG_GTDB_taxonomy	F06_bin.55	family	coprococcus_c_hominis	coprococcus_c	lachnospiraceae	only_genus_or_family_overlap_allowed	overlap_with_experimental_bioaccumulation_reference_not_mechanistic_validation
Ronneby_MAG_GTDB_taxonomy	F06_bin.67	family	acetatifactor_acetigignens	acetatifactor	lachnospiraceae	only_genus_or_family_overlap_allowed	overlap_with_experimental_bioaccumulation_reference_not_mechanistic_validation
Ronneby_MAG_GTDB_taxonomy	F06_bin.81	family	anaerostipes_amylophilus	anaerostipes	lachnospiraceae	only_genus_or_family_overlap_allowed	overlap_with_experimental_bioaccumulation_reference_not_mechanistic_validation
Ronneby_MAG_GTDB_taxonomy	F06_bin.83	family	fusicatenibacter_saccharivorans	fusicatenibacter	lachnospiraceae	only_genus_or_family_overlap_allowed	overlap_with_experimental_bioaccumulation_reference_not_mechanistic_validation
Ronneby_MAG_GTDB_taxonomy	F07_bin.103	family	butyribacter_sp003529475	butyribacter	lachnospiraceae	only_genus_or_family_overlap_allowed	overlap_with_experimental_bioaccumulation_reference_not_mechanistic_validation
Ronneby_MAG_GTDB_taxonomy	F07_bin.131	family	anthropogastromicrobium_aceti	anthropogastromicrobium	lachnospiraceae	only_genus_or_family_overlap_allowed	overlap_with_experimental_bioaccumulation_reference_not_mechanistic_validation
Ronneby_MAG_GTDB_taxonomy	F07_bin.132	family	acetatifactor_intestinalis	acetatifactor	lachnospiraceae	only_genus_or_family_overlap_allowed	overlap_with_experimental_bioaccumulation_reference_not_mechanistic_validation
Ronneby_MAG_GTDB_taxonomy	F07_bin.18	family	anaerobutyricum_hallii	anaerobutyricum	lachnospiraceae	only_genus_or_family_overlap_allowed	overlap_with_experimental_bioaccumulation_reference_not_mechanistic_validation
Ronneby_MAG_GTDB_taxonomy	F07_bin.25	family	eubacterium_f_sp003491505	eubacterium_f	lachnospiraceae	only_genus_or_family_overlap_allowed	overlap_with_experimental_bioaccumulation_reference_not_mechanistic_validation
Ronneby_MAG_GTDB_taxonomy	F07_bin.27	family	lachnospira_intestinalis	lachnospira	lachnospiraceae	only_genus_or_family_overlap_allowed	overlap_with_experimental_bioaccumulation_reference_not_mechanistic_validation
Ronneby_MAG_GTDB_taxonomy	F07_bin.42	family	lachnospira_eligens_a	lachnospira	lachnospiraceae	only_genus_or_family_overlap_allowed	overlap_with_experimental_bioaccumulation_reference_not_mechanistic_validation
Ronneby_MAG_GTDB_taxonomy	F07_bin.74	family	coprococcus_aceti	coprococcus	lachnospiraceae	only_genus_or_family_overlap_allowed	overlap_with_experimental_bioaccumulation_reference_not_mechanistic_validation
Ronneby_MAG_GTDB_taxonomy	F07_bin.87	family	otoolea_fessa	otoolea	lachnospiraceae	only_genus_or_family_overlap_allowed	overlap_with_experimental_bioaccumulation_reference_not_mechanistic_validation
Ronneby_MAG_GTDB_taxonomy	F08_bin.27	family	suilimivivens_sp000438155	suilimivivens	lachnospiraceae	only_genus_or_family_overlap_allowed	overlap_with_experimental_bioaccumulation_reference_not_mechanistic_validation
Ronneby_MAG_GTDB_taxonomy	F08_bin.34	family	fusicatenibacter_saccharivorans	fusicatenibacter	lachnospiraceae	only_genus_or_family_overlap_allowed	overlap_with_experimental_bioaccumulation_reference_not_mechanistic_validation
Ronneby_MAG_GTDB_taxonomy	F08_bin.55	family	blautia_a_wexlerae	blautia_a	lachnospiraceae	only_genus_or_family_overlap_allowed	overlap_with_experimental_bioaccumulation_reference_not_mechanistic_validation
Ronneby_MAG_GTDB_taxonomy	G01_bin.70	family	paraprevotella_clara	paraprevotella	bacteroidaceae	only_genus_or_family_overlap_allowed	overlap_with_experimental_bioaccumulation_reference_not_mechanistic_validation
Ronneby_MAG_GTDB_taxonomy	G01_bin.78	family	acetatifactor_acetigignens	acetatifactor	lachnospiraceae	only_genus_or_family_overlap_allowed	overlap_with_experimental_bioaccumulation_reference_not_mechanistic_validation
Ronneby_MAG_GTDB_taxonomy	G01_bin.80	family	suilimivivens_sp000438155	suilimivivens	lachnospiraceae	only_genus_or_family_overlap_allowed	overlap_with_experimental_bioaccumulation_reference_not_mechanistic_validation
Ronneby_MAG_GTDB_taxonomy	G03_bin.109	family	eubacterium_f_sp003491505	eubacterium_f	lachnospiraceae	only_genus_or_family_overlap_allowed	overlap_with_experimental_bioaccumulation_reference_not_mechanistic_validation
Ronneby_MAG_GTDB_taxonomy	G03_bin.33	family	fusicatenibacter_saccharivorans	fusicatenibacter	lachnospiraceae	only_genus_or_family_overlap_allowed	overlap_with_experimental_bioaccumulation_reference_not_mechanistic_validation
Ronneby_MAG_GTDB_taxonomy	G04_bin.11	family	eshraghiella_crossota	eshraghiella	lachnospiraceae	only_genus_or_family_overlap_allowed	overlap_with_experimental_bioaccumulation_reference_not_mechanistic_validation
Ronneby_MAG_GTDB_taxonomy	G04_bin.42	family	coprococcus_aceti	coprococcus	lachnospiraceae	only_genus_or_family_overlap_allowed	overlap_with_experimental_bioaccumulation_reference_not_mechanistic_validation
Ronneby_MAG_GTDB_taxonomy	G04_bin.49	family	lachnospira_rogosae	lachnospira	lachnospiraceae	only_genus_or_family_overlap_allowed	overlap_with_experimental_bioaccumulation_reference_not_mechanistic_validation
Ronneby_MAG_GTDB_taxonomy	G04_bin.50	family	butyribacter_sp003529475	butyribacter	lachnospiraceae	only_genus_or_family_overlap_allowed	overlap_with_experimental_bioaccumulation_reference_not_mechanistic_validation
Ronneby_MAG_GTDB_taxonomy	G04_bin.6	family	anthropogastromicrobium_aceti	anthropogastromicrobium	lachnospiraceae	only_genus_or_family_overlap_allowed	overlap_with_experimental_bioaccumulation_reference_not_mechanistic_validation
Ronneby_MAG_GTDB_taxonomy	G04_bin.66	family	gallintestinimicrobium_propionicum	gallintestinimicrobium	lachnospiraceae	only_genus_or_family_overlap_allowed	overlap_with_experimental_bioaccumulation_reference_not_mechanistic_validation
Ronneby_MAG_GTDB_taxonomy	G04_bin.77	family	anaerobutyricum_hallii	anaerobutyricum	lachnospiraceae	only_genus_or_family_overlap_allowed	overlap_with_experimental_bioaccumulation_reference_not_mechanistic_validation
Ronneby_MAG_GTDB_taxonomy	G05_bin.15	family	maccoyibacter_intestinihominis	maccoyibacter	lachnospiraceae	only_genus_or_family_overlap_allowed	overlap_with_experimental_bioaccumulation_reference_not_mechanistic_validation
Ronneby_MAG_GTDB_taxonomy	G05_bin.28	family	fusicatenibacter_saccharivorans	fusicatenibacter	lachnospiraceae	only_genus_or_family_overlap_allowed	overlap_with_experimental_bioaccumulation_reference_not_mechanistic_validation
Ronneby_MAG_GTDB_taxonomy	G05_bin.42	family	coprococcus_aceti	coprococcus	lachnospiraceae	only_genus_or_family_overlap_allowed	overlap_with_experimental_bioaccumulation_reference_not_mechanistic_validation
Ronneby_MAG_GTDB_taxonomy	G06_bin.21	family	hominisplanchenecus_faecis	hominisplanchenecus	lachnospiraceae	only_genus_or_family_overlap_allowed	overlap_with_experimental_bioaccumulation_reference_not_mechanistic_validation
Ronneby_MAG_GTDB_taxonomy	G06_bin.25	family	paraprevotella_clara	paraprevotella	bacteroidaceae	only_genus_or_family_overlap_allowed	overlap_with_experimental_bioaccumulation_reference_not_mechanistic_validation
Ronneby_MAG_GTDB_taxonomy	G06_bin.32	family	dorea_a_longicatena	dorea_a	lachnospiraceae	only_genus_or_family_overlap_allowed	overlap_with_experimental_bioaccumulation_reference_not_mechanistic_validation
Ronneby_MAG_GTDB_taxonomy	G06_bin.82	family	anaerostipes_amylophilus	anaerostipes	lachnospiraceae	only_genus_or_family_overlap_allowed	overlap_with_experimental_bioaccumulation_reference_not_mechanistic_validation
Ronneby_MAG_GTDB_taxonomy	G06_bin.95	family	fusicatenibacter_saccharivorans	fusicatenibacter	lachnospiraceae	only_genus_or_family_overlap_allowed	overlap_with_experimental_bioaccumulation_reference_not_mechanistic_validation
Ronneby_MAG_GTDB_taxonomy	G06_bin.99	family	coprococcus_ammoniilyticus	coprococcus	lachnospiraceae	only_genus_or_family_overlap_allowed	overlap_with_experimental_bioaccumulation_reference_not_mechanistic_validation
Ronneby_MAG_GTDB_taxonomy	G07_bin.2	family	coprococcus_aceti	coprococcus	lachnospiraceae	only_genus_or_family_overlap_allowed	overlap_with_experimental_bioaccumulation_reference_not_mechanistic_validation
Ronneby_MAG_GTDB_taxonomy	G07_bin.52	family	paraprevotella_clara	paraprevotella	bacteroidaceae	only_genus_or_family_overlap_allowed	overlap_with_experimental_bioaccumulation_reference_not_mechanistic_validation
Ronneby_MAG_GTDB_taxonomy	G07_bin.92	family	acetatifactor_acetigignens	acetatifactor	lachnospiraceae	only_genus_or_family_overlap_allowed	overlap_with_experimental_bioaccumulation_reference_not_mechanistic_validation
Ronneby_MAG_GTDB_taxonomy	G08_bin.19	family	butyribacter_sp003529475	butyribacter	lachnospiraceae	only_genus_or_family_overlap_allowed	overlap_with_experimental_bioaccumulation_reference_not_mechanistic_validation
Ronneby_MAG_GTDB_taxonomy	G08_bin.6	family	lachnospira_eligens_a	lachnospira	lachnospiraceae	only_genus_or_family_overlap_allowed	overlap_with_experimental_bioaccumulation_reference_not_mechanistic_validation
Ronneby_MAG_GTDB_taxonomy	G08_bin.8	family	coprococcus_c_hominis	coprococcus_c	lachnospiraceae	only_genus_or_family_overlap_allowed	overlap_with_experimental_bioaccumulation_reference_not_mechanistic_validation
Ronneby_MAG_GTDB_taxonomy	H01_bin.25	family	coprococcus_c_hominis	coprococcus_c	lachnospiraceae	only_genus_or_family_overlap_allowed	overlap_with_experimental_bioaccumulation_reference_not_mechanistic_validation
Ronneby_MAG_GTDB_taxonomy	H01_bin.35	family	fusicatenibacter_saccharivorans	fusicatenibacter	lachnospiraceae	only_genus_or_family_overlap_allowed	overlap_with_experimental_bioaccumulation_reference_not_mechanistic_validation
Ronneby_MAG_GTDB_taxonomy	H01_bin.87	family	acetatifactor_intestinalis	acetatifactor	lachnospiraceae	only_genus_or_family_overlap_allowed	overlap_with_experimental_bioaccumulation_reference_not_mechanistic_validation
Ronneby_MAG_GTDB_taxonomy	H02_bin.24	family	fusicatenibacter_saccharivorans	fusicatenibacter	lachnospiraceae	only_genus_or_family_overlap_allowed	overlap_with_experimental_bioaccumulation_reference_not_mechanistic_validation
Ronneby_MAG_GTDB_taxonomy	H03_bin.36	family	acetatifactor_intestinalis	acetatifactor	lachnospiraceae	only_genus_or_family_overlap_allowed	overlap_with_experimental_bioaccumulation_reference_not_mechanistic_validation
Ronneby_MAG_GTDB_taxonomy	H04_bin.36	family	blautia_a_fusiformis	blautia_a	lachnospiraceae	only_genus_or_family_overlap_allowed	overlap_with_experimental_bioaccumulation_reference_not_mechanistic_validation
Ronneby_MAG_GTDB_taxonomy	H04_bin.40	family	blautia_a_faecis	blautia_a	lachnospiraceae	only_genus_or_family_overlap_allowed	overlap_with_experimental_bioaccumulation_reference_not_mechanistic_validation
Ronneby_MAG_GTDB_taxonomy	H04_bin.6	family	anaerobutyricum_hallii	anaerobutyricum	lachnospiraceae	only_genus_or_family_overlap_allowed	overlap_with_experimental_bioaccumulation_reference_not_mechanistic_validation
Ronneby_MAG_GTDB_taxonomy	H04_bin.68	family	blautia_a_ammoniilytica	blautia_a	lachnospiraceae	only_genus_or_family_overlap_allowed	overlap_with_experimental_bioaccumulation_reference_not_mechanistic_validation
Ronneby_MAG_GTDB_taxonomy	H04_bin.7	family	copromonas_avistercoris	copromonas	lachnospiraceae	only_genus_or_family_overlap_allowed	overlap_with_experimental_bioaccumulation_reference_not_mechanistic_validation
Ronneby_MAG_GTDB_taxonomy	H04_bin.73	family	eisenbergiella_intestinigallinarum	eisenbergiella	lachnospiraceae	only_genus_or_family_overlap_allowed	overlap_with_experimental_bioaccumulation_reference_not_mechanistic_validation
Ronneby_MAG_GTDB_taxonomy	H04_bin.74	family	dorea_a_longicatena	dorea_a	lachnospiraceae	only_genus_or_family_overlap_allowed	overlap_with_experimental_bioaccumulation_reference_not_mechanistic_validation
Ronneby_MAG_GTDB_taxonomy	H05_bin.21	family	hungatella_effluvii	hungatella	lachnospiraceae	only_genus_or_family_overlap_allowed	overlap_with_experimental_bioaccumulation_reference_not_mechanistic_validation
Ronneby_MAG_GTDB_taxonomy	H05_bin.41	family	faecalimonas_sp029983955	faecalimonas	lachnospiraceae	only_genus_or_family_overlap_allowed	overlap_with_experimental_bioaccumulation_reference_not_mechanistic_validation
Ronneby_MAG_GTDB_taxonomy	H05_bin.46	family	paraprevotella_clara	paraprevotella	bacteroidaceae	only_genus_or_family_overlap_allowed	overlap_with_experimental_bioaccumulation_reference_not_mechanistic_validation
Ronneby_MAG_GTDB_taxonomy	H05_bin.56	family	fusicatenibacter_saccharivorans	fusicatenibacter	lachnospiraceae	only_genus_or_family_overlap_allowed	overlap_with_experimental_bioaccumulation_reference_not_mechanistic_validation
Ronneby_MAG_GTDB_taxonomy	H06_bin.14	family	roseburia_c_amylophila	roseburia_c	lachnospiraceae	only_genus_or_family_overlap_allowed	overlap_with_experimental_bioaccumulation_reference_not_mechanistic_validation
Ronneby_MAG_GTDB_taxonomy	H06_bin.49	family	acetatifactor_acetigignens	acetatifactor	lachnospiraceae	only_genus_or_family_overlap_allowed	overlap_with_experimental_bioaccumulation_reference_not_mechanistic_validation
Ronneby_MAG_GTDB_taxonomy	H06_bin.61	family	fusicatenibacter_saccharivorans	fusicatenibacter	lachnospiraceae	only_genus_or_family_overlap_allowed	overlap_with_experimental_bioaccumulation_reference_not_mechanistic_validation
Ronneby_MAG_GTDB_taxonomy	H06_bin.95	family	suilimivivens_sp000438155	suilimivivens	lachnospiraceae	only_genus_or_family_overlap_allowed	overlap_with_experimental_bioaccumulation_reference_not_mechanistic_validation
Ronneby_MAG_GTDB_taxonomy	H07_bin.11	family	pilosibacter_sp900066785	pilosibacter	lachnospiraceae	only_genus_or_family_overlap_allowed	overlap_with_experimental_bioaccumulation_reference_not_mechanistic_validation
Ronneby_MAG_GTDB_taxonomy	H07_bin.41	family	fusicatenibacter_saccharivorans	fusicatenibacter	lachnospiraceae	only_genus_or_family_overlap_allowed	overlap_with_experimental_bioaccumulation_reference_not_mechanistic_validation
Ronneby_MAG_GTDB_taxonomy	H07_bin.48	family	mediterraneibacter_faecis	mediterraneibacter	lachnospiraceae	only_genus_or_family_overlap_allowed	overlap_with_experimental_bioaccumulation_reference_not_mechanistic_validation
Ronneby_MAG_GTDB_taxonomy	H08_bin.15	family	otoolea_fessa	otoolea	lachnospiraceae	only_genus_or_family_overlap_allowed	overlap_with_experimental_bioaccumulation_reference_not_mechanistic_validation
Ronneby_MAG_GTDB_taxonomy	H08_bin.28	family	dorea_a_longicatena	dorea_a	lachnospiraceae	only_genus_or_family_overlap_allowed	overlap_with_experimental_bioaccumulation_reference_not_mechanistic_validation
Ronneby_MAG_GTDB_taxonomy	H08_bin.31	family	fusicatenibacter_saccharivorans	fusicatenibacter	lachnospiraceae	only_genus_or_family_overlap_allowed	overlap_with_experimental_bioaccumulation_reference_not_mechanistic_validation
Ronneby_MAG_GTDB_taxonomy	H08_bin.40	family	blautia_a_wexlerae	blautia_a	lachnospiraceae	only_genus_or_family_overlap_allowed	overlap_with_experimental_bioaccumulation_reference_not_mechanistic_validation
Ronneby_MAG_GTDB_taxonomy	A02_bin.41	genus	streptococcus_thermophilus	streptococcus	streptococcaceae	only_genus_or_family_overlap_allowed	overlap_with_experimental_bioaccumulation_reference_not_mechanistic_validation
Ronneby_MAG_GTDB_taxonomy	A02_bin.69	genus	roseburia_rectalis	roseburia	lachnospiraceae	only_genus_or_family_overlap_allowed	overlap_with_experimental_bioaccumulation_reference_not_mechanistic_validation
Ronneby_MAG_GTDB_taxonomy	A02_bin.81	genus	roseburia_faecis	roseburia	lachnospiraceae	only_genus_or_family_overlap_allowed	overlap_with_experimental_bioaccumulation_reference_not_mechanistic_validation
Ronneby_MAG_GTDB_taxonomy	A03_bin.33	genus	roseburia_faecis	roseburia	lachnospiraceae	only_genus_or_family_overlap_allowed	overlap_with_experimental_bioaccumulation_reference_not_mechanistic_validation
Ronneby_MAG_GTDB_taxonomy	A03_bin.40	genus	roseburia_intestinalis	roseburia	lachnospiraceae	only_genus_or_family_overlap_allowed	overlap_with_experimental_bioaccumulation_reference_not_mechanistic_validation
Ronneby_MAG_GTDB_taxonomy	A04_bin.47	genus	streptococcus_thermophilus	streptococcus	streptococcaceae	only_genus_or_family_overlap_allowed	overlap_with_experimental_bioaccumulation_reference_not_mechanistic_validation
Ronneby_MAG_GTDB_taxonomy	A04_bin.56	genus	phocaeicola_sp000432735	phocaeicola	bacteroidaceae	only_genus_or_family_overlap_allowed	overlap_with_experimental_bioaccumulation_reference_not_mechanistic_validation
Ronneby_MAG_GTDB_taxonomy	A04_bin.62	genus	roseburia_rectalis	roseburia	lachnospiraceae	only_genus_or_family_overlap_allowed	overlap_with_experimental_bioaccumulation_reference_not_mechanistic_validation
Ronneby_MAG_GTDB_taxonomy	A05_bin.109	genus	bacteroides_sp900755095	bacteroides	bacteroidaceae	only_genus_or_family_overlap_allowed	overlap_with_experimental_bioaccumulation_reference_not_mechanistic_validation
Ronneby_MAG_GTDB_taxonomy	A05_bin.34	genus	bacteroides_cellulosilyticus	bacteroides	bacteroidaceae	only_genus_or_family_overlap_allowed	overlap_with_experimental_bioaccumulation_reference_not_mechanistic_validation
Ronneby_MAG_GTDB_taxonomy	A05_bin.45	genus	roseburia_rectalis	roseburia	lachnospiraceae	only_genus_or_family_overlap_allowed	overlap_with_experimental_bioaccumulation_reference_not_mechanistic_validation
Ronneby_MAG_GTDB_taxonomy	A05_bin.49	genus	streptococcus_salivarius_d	streptococcus	streptococcaceae	only_genus_or_family_overlap_allowed	overlap_with_experimental_bioaccumulation_reference_not_mechanistic_validation
Ronneby_MAG_GTDB_taxonomy	A06_bin.102	genus	roseburia_rectalis	roseburia	lachnospiraceae	only_genus_or_family_overlap_allowed	overlap_with_experimental_bioaccumulation_reference_not_mechanistic_validation
Ronneby_MAG_GTDB_taxonomy	A06_bin.22	genus	roseburia_intestinalis	roseburia	lachnospiraceae	only_genus_or_family_overlap_allowed	overlap_with_experimental_bioaccumulation_reference_not_mechanistic_validation
Ronneby_MAG_GTDB_taxonomy	A07_bin.29	genus	streptococcus_salivarius_d	streptococcus	streptococcaceae	only_genus_or_family_overlap_allowed	overlap_with_experimental_bioaccumulation_reference_not_mechanistic_validation
Ronneby_MAG_GTDB_taxonomy	A07_bin.85	genus	phocaeicola_plebeius	phocaeicola	bacteroidaceae	only_genus_or_family_overlap_allowed	overlap_with_experimental_bioaccumulation_reference_not_mechanistic_validation
Ronneby_MAG_GTDB_taxonomy	A08_bin.78	genus	roseburia_rectalis	roseburia	lachnospiraceae	only_genus_or_family_overlap_allowed	overlap_with_experimental_bioaccumulation_reference_not_mechanistic_validation
Ronneby_MAG_GTDB_taxonomy	A09_bin.53	genus	roseburia_rectalis	roseburia	lachnospiraceae	only_genus_or_family_overlap_allowed	overlap_with_experimental_bioaccumulation_reference_not_mechanistic_validation
Ronneby_MAG_GTDB_taxonomy	A09_bin.9	genus	bacteroides_faecis	bacteroides	bacteroidaceae	only_genus_or_family_overlap_allowed	overlap_with_experimental_bioaccumulation_reference_not_mechanistic_validation
Ronneby_MAG_GTDB_taxonomy	B01_bin.12	genus	roseburia_rectalis	roseburia	lachnospiraceae	only_genus_or_family_overlap_allowed	overlap_with_experimental_bioaccumulation_reference_not_mechanistic_validation
Ronneby_MAG_GTDB_taxonomy	B02_bin.56	genus	prevotella_sp945863825	prevotella	bacteroidaceae	only_genus_or_family_overlap_allowed	overlap_with_experimental_bioaccumulation_reference_not_mechanistic_validation
Ronneby_MAG_GTDB_taxonomy	B02_bin.73	genus	phocaeicola_fibrisolvens	phocaeicola	bacteroidaceae	only_genus_or_family_overlap_allowed	overlap_with_experimental_bioaccumulation_reference_not_mechanistic_validation
Ronneby_MAG_GTDB_taxonomy	B03_bin.30	genus	bacteroides_sp900755095	bacteroides	bacteroidaceae	only_genus_or_family_overlap_allowed	overlap_with_experimental_bioaccumulation_reference_not_mechanistic_validation
Ronneby_MAG_GTDB_taxonomy	B04_bin.43	genus	bacteroides_cellulosilyticus	bacteroides	bacteroidaceae	only_genus_or_family_overlap_allowed	overlap_with_experimental_bioaccumulation_reference_not_mechanistic_validation
Ronneby_MAG_GTDB_taxonomy	B04_bin.77	genus	roseburia_rectalis	roseburia	lachnospiraceae	only_genus_or_family_overlap_allowed	overlap_with_experimental_bioaccumulation_reference_not_mechanistic_validation
Ronneby_MAG_GTDB_taxonomy	B05_bin.18	genus	roseburia_faecis	roseburia	lachnospiraceae	only_genus_or_family_overlap_allowed	overlap_with_experimental_bioaccumulation_reference_not_mechanistic_validation
Ronneby_MAG_GTDB_taxonomy	B05_bin.25	genus	prevotella_copri_b	prevotella	bacteroidaceae	only_genus_or_family_overlap_allowed	overlap_with_experimental_bioaccumulation_reference_not_mechanistic_validation
Ronneby_MAG_GTDB_taxonomy	B05_bin.46	genus	roseburia_rectalis	roseburia	lachnospiraceae	only_genus_or_family_overlap_allowed	overlap_with_experimental_bioaccumulation_reference_not_mechanistic_validation
Ronneby_MAG_GTDB_taxonomy	B06_bin.112	genus	parabacteroides_sp944325345	parabacteroides	tannerellaceae	only_genus_or_family_overlap_allowed	overlap_with_experimental_bioaccumulation_reference_not_mechanistic_validation
Ronneby_MAG_GTDB_taxonomy	B06_bin.51	genus	bacteroides_salyersiae	bacteroides	bacteroidaceae	only_genus_or_family_overlap_allowed	overlap_with_experimental_bioaccumulation_reference_not_mechanistic_validation
Ronneby_MAG_GTDB_taxonomy	B06_bin.66	genus	phocaeicola_intestinalis	phocaeicola	bacteroidaceae	only_genus_or_family_overlap_allowed	overlap_with_experimental_bioaccumulation_reference_not_mechanistic_validation
Ronneby_MAG_GTDB_taxonomy	B06_bin.67	genus	roseburia_faecis	roseburia	lachnospiraceae	only_genus_or_family_overlap_allowed	overlap_with_experimental_bioaccumulation_reference_not_mechanistic_validation
Ronneby_MAG_GTDB_taxonomy	B07_bin.51	genus	prevotella_sp000436035	prevotella	bacteroidaceae	only_genus_or_family_overlap_allowed	overlap_with_experimental_bioaccumulation_reference_not_mechanistic_validation
Ronneby_MAG_GTDB_taxonomy	B08_bin.47	genus	bacteroides_finegoldii	bacteroides	bacteroidaceae	only_genus_or_family_overlap_allowed	overlap_with_experimental_bioaccumulation_reference_not_mechanistic_validation
Ronneby_MAG_GTDB_taxonomy	B08_bin.6	genus	bacteroides_cellulosilyticus	bacteroides	bacteroidaceae	only_genus_or_family_overlap_allowed	overlap_with_experimental_bioaccumulation_reference_not_mechanistic_validation
Ronneby_MAG_GTDB_taxonomy	B08_bin.67	genus	roseburia_rectalis	roseburia	lachnospiraceae	only_genus_or_family_overlap_allowed	overlap_with_experimental_bioaccumulation_reference_not_mechanistic_validation
Ronneby_MAG_GTDB_taxonomy	B09_bin.2	genus	roseburia_faecis	roseburia	lachnospiraceae	only_genus_or_family_overlap_allowed	overlap_with_experimental_bioaccumulation_reference_not_mechanistic_validation
Ronneby_MAG_GTDB_taxonomy	B09_bin.35	genus	roseburia_rectalis	roseburia	lachnospiraceae	only_genus_or_family_overlap_allowed	overlap_with_experimental_bioaccumulation_reference_not_mechanistic_validation
Ronneby_MAG_GTDB_taxonomy	C01_bin.32	genus	roseburia_faecis	roseburia	lachnospiraceae	only_genus_or_family_overlap_allowed	overlap_with_experimental_bioaccumulation_reference_not_mechanistic_validation
Ronneby_MAG_GTDB_taxonomy	C02_bin.12	genus	prevotella_copri_b	prevotella	bacteroidaceae	only_genus_or_family_overlap_allowed	overlap_with_experimental_bioaccumulation_reference_not_mechanistic_validation
Ronneby_MAG_GTDB_taxonomy	C02_bin.45	genus	roseburia_rectalis	roseburia	lachnospiraceae	only_genus_or_family_overlap_allowed	overlap_with_experimental_bioaccumulation_reference_not_mechanistic_validation
Ronneby_MAG_GTDB_taxonomy	C03_bin.17	genus	roseburia_faecis	roseburia	lachnospiraceae	only_genus_or_family_overlap_allowed	overlap_with_experimental_bioaccumulation_reference_not_mechanistic_validation
Ronneby_MAG_GTDB_taxonomy	C03_bin.42	genus	roseburia_rectalis	roseburia	lachnospiraceae	only_genus_or_family_overlap_allowed	overlap_with_experimental_bioaccumulation_reference_not_mechanistic_validation
Ronneby_MAG_GTDB_taxonomy	C04_bin.29	genus	roseburia_rectalis	roseburia	lachnospiraceae	only_genus_or_family_overlap_allowed	overlap_with_experimental_bioaccumulation_reference_not_mechanistic_validation
Ronneby_MAG_GTDB_taxonomy	C04_bin.34	genus	roseburia_faecis	roseburia	lachnospiraceae	only_genus_or_family_overlap_allowed	overlap_with_experimental_bioaccumulation_reference_not_mechanistic_validation
Ronneby_MAG_GTDB_taxonomy	C04_bin.83	genus	prevotella_sp900543975	prevotella	bacteroidaceae	only_genus_or_family_overlap_allowed	overlap_with_experimental_bioaccumulation_reference_not_mechanistic_validation
Ronneby_MAG_GTDB_taxonomy	C05_bin.26	genus	bacteroides_cellulosilyticus	bacteroides	bacteroidaceae	only_genus_or_family_overlap_allowed	overlap_with_experimental_bioaccumulation_reference_not_mechanistic_validation
Ronneby_MAG_GTDB_taxonomy	C05_bin.61	genus	roseburia_rectalis	roseburia	lachnospiraceae	only_genus_or_family_overlap_allowed	overlap_with_experimental_bioaccumulation_reference_not_mechanistic_validation
Ronneby_MAG_GTDB_taxonomy	C06_bin.21	genus	roseburia_faecis	roseburia	lachnospiraceae	only_genus_or_family_overlap_allowed	overlap_with_experimental_bioaccumulation_reference_not_mechanistic_validation
Ronneby_MAG_GTDB_taxonomy	C06_bin.37	genus	streptococcus_thermophilus	streptococcus	streptococcaceae	only_genus_or_family_overlap_allowed	overlap_with_experimental_bioaccumulation_reference_not_mechanistic_validation
Ronneby_MAG_GTDB_taxonomy	C07_bin.77	genus	roseburia_rectalis	roseburia	lachnospiraceae	only_genus_or_family_overlap_allowed	overlap_with_experimental_bioaccumulation_reference_not_mechanistic_validation
Ronneby_MAG_GTDB_taxonomy	C08_bin.24	genus	bacteroides_cellulosilyticus	bacteroides	bacteroidaceae	only_genus_or_family_overlap_allowed	overlap_with_experimental_bioaccumulation_reference_not_mechanistic_validation
Ronneby_MAG_GTDB_taxonomy	C08_bin.61	genus	roseburia_rectalis	roseburia	lachnospiraceae	only_genus_or_family_overlap_allowed	overlap_with_experimental_bioaccumulation_reference_not_mechanistic_validation
Ronneby_MAG_GTDB_taxonomy	C08_bin.77	genus	phocaeicola_plebeius_a	phocaeicola	bacteroidaceae	only_genus_or_family_overlap_allowed	overlap_with_experimental_bioaccumulation_reference_not_mechanistic_validation
Ronneby_MAG_GTDB_taxonomy	D01_bin.21	genus	roseburia_rectalis	roseburia	lachnospiraceae	only_genus_or_family_overlap_allowed	overlap_with_experimental_bioaccumulation_reference_not_mechanistic_validation
Ronneby_MAG_GTDB_taxonomy	D01_bin.28	genus	bacteroides_faecis	bacteroides	bacteroidaceae	only_genus_or_family_overlap_allowed	overlap_with_experimental_bioaccumulation_reference_not_mechanistic_validation
Ronneby_MAG_GTDB_taxonomy	D01_bin.60	genus	roseburia_faecis	roseburia	lachnospiraceae	only_genus_or_family_overlap_allowed	overlap_with_experimental_bioaccumulation_reference_not_mechanistic_validation
Ronneby_MAG_GTDB_taxonomy	D02_bin.68	genus	roseburia_rectalis	roseburia	lachnospiraceae	only_genus_or_family_overlap_allowed	overlap_with_experimental_bioaccumulation_reference_not_mechanistic_validation
Ronneby_MAG_GTDB_taxonomy	D03_bin.8	genus	roseburia_rectalis	roseburia	lachnospiraceae	only_genus_or_family_overlap_allowed	overlap_with_experimental_bioaccumulation_reference_not_mechanistic_validation
Ronneby_MAG_GTDB_taxonomy	D03_bin.86	genus	phocaeicola_plebeius_a	phocaeicola	bacteroidaceae	only_genus_or_family_overlap_allowed	overlap_with_experimental_bioaccumulation_reference_not_mechanistic_validation
Ronneby_MAG_GTDB_taxonomy	D03_bin.91	genus	roseburia_faecis	roseburia	lachnospiraceae	only_genus_or_family_overlap_allowed	overlap_with_experimental_bioaccumulation_reference_not_mechanistic_validation
Ronneby_MAG_GTDB_taxonomy	D04_bin.22	genus	streptococcus_thermophilus	streptococcus	streptococcaceae	only_genus_or_family_overlap_allowed	overlap_with_experimental_bioaccumulation_reference_not_mechanistic_validation
Ronneby_MAG_GTDB_taxonomy	D05_bin.23	genus	roseburia_rectalis	roseburia	lachnospiraceae	only_genus_or_family_overlap_allowed	overlap_with_experimental_bioaccumulation_reference_not_mechanistic_validation
Ronneby_MAG_GTDB_taxonomy	D05_bin.25	genus	phocaeicola_plebeius	phocaeicola	bacteroidaceae	only_genus_or_family_overlap_allowed	overlap_with_experimental_bioaccumulation_reference_not_mechanistic_validation
Ronneby_MAG_GTDB_taxonomy	D05_bin.32	genus	streptococcus_thermophilus	streptococcus	streptococcaceae	only_genus_or_family_overlap_allowed	overlap_with_experimental_bioaccumulation_reference_not_mechanistic_validation
Ronneby_MAG_GTDB_taxonomy	D05_bin.61	genus	prevotella_copri_b	prevotella	bacteroidaceae	only_genus_or_family_overlap_allowed	overlap_with_experimental_bioaccumulation_reference_not_mechanistic_validation
Ronneby_MAG_GTDB_taxonomy	D06_bin.33	genus	roseburia_rectalis	roseburia	lachnospiraceae	only_genus_or_family_overlap_allowed	overlap_with_experimental_bioaccumulation_reference_not_mechanistic_validation
Ronneby_MAG_GTDB_taxonomy	D06_bin.65	genus	roseburia_faecis	roseburia	lachnospiraceae	only_genus_or_family_overlap_allowed	overlap_with_experimental_bioaccumulation_reference_not_mechanistic_validation
Ronneby_MAG_GTDB_taxonomy	D07_bin.34	genus	bacteroides_cellulosilyticus	bacteroides	bacteroidaceae	only_genus_or_family_overlap_allowed	overlap_with_experimental_bioaccumulation_reference_not_mechanistic_validation
Ronneby_MAG_GTDB_taxonomy	D07_bin.55	genus	roseburia_faecis	roseburia	lachnospiraceae	only_genus_or_family_overlap_allowed	overlap_with_experimental_bioaccumulation_reference_not_mechanistic_validation
Ronneby_MAG_GTDB_taxonomy	D07_bin.68	genus	roseburia_rectalis	roseburia	lachnospiraceae	only_genus_or_family_overlap_allowed	overlap_with_experimental_bioaccumulation_reference_not_mechanistic_validation
Ronneby_MAG_GTDB_taxonomy	D08_bin.78	genus	roseburia_rectalis	roseburia	lachnospiraceae	only_genus_or_family_overlap_allowed	overlap_with_experimental_bioaccumulation_reference_not_mechanistic_validation
Ronneby_MAG_GTDB_taxonomy	E02_bin.14	genus	roseburia_rectalis	roseburia	lachnospiraceae	only_genus_or_family_overlap_allowed	overlap_with_experimental_bioaccumulation_reference_not_mechanistic_validation
Ronneby_MAG_GTDB_taxonomy	E02_bin.28	genus	roseburia_intestinalis	roseburia	lachnospiraceae	only_genus_or_family_overlap_allowed	overlap_with_experimental_bioaccumulation_reference_not_mechanistic_validation
Ronneby_MAG_GTDB_taxonomy	E03_bin.28	genus	bacteroides_intestinalis	bacteroides	bacteroidaceae	only_genus_or_family_overlap_allowed	overlap_with_experimental_bioaccumulation_reference_not_mechanistic_validation
Ronneby_MAG_GTDB_taxonomy	E03_bin.6	genus	bacteroides_sp900755095	bacteroides	bacteroidaceae	only_genus_or_family_overlap_allowed	overlap_with_experimental_bioaccumulation_reference_not_mechanistic_validation
Ronneby_MAG_GTDB_taxonomy	E04_bin.22	genus	bacteroides_cellulosilyticus	bacteroides	bacteroidaceae	only_genus_or_family_overlap_allowed	overlap_with_experimental_bioaccumulation_reference_not_mechanistic_validation
Ronneby_MAG_GTDB_taxonomy	E04_bin.49	genus	parabacteroides_goldsteinii	parabacteroides	tannerellaceae	only_genus_or_family_overlap_allowed	overlap_with_experimental_bioaccumulation_reference_not_mechanistic_validation
Ronneby_MAG_GTDB_taxonomy	E06_bin.52	genus	roseburia_faecis	roseburia	lachnospiraceae	only_genus_or_family_overlap_allowed	overlap_with_experimental_bioaccumulation_reference_not_mechanistic_validation
Ronneby_MAG_GTDB_taxonomy	E06_bin.83	genus	parabacteroides_faecalis	parabacteroides	tannerellaceae	only_genus_or_family_overlap_allowed	overlap_with_experimental_bioaccumulation_reference_not_mechanistic_validation
Ronneby_MAG_GTDB_taxonomy	E06_bin.9	genus	streptococcus_thermophilus	streptococcus	streptococcaceae	only_genus_or_family_overlap_allowed	overlap_with_experimental_bioaccumulation_reference_not_mechanistic_validation
Ronneby_MAG_GTDB_taxonomy	E07_bin.1	genus	roseburia_rectalis	roseburia	lachnospiraceae	only_genus_or_family_overlap_allowed	overlap_with_experimental_bioaccumulation_reference_not_mechanistic_validation
Ronneby_MAG_GTDB_taxonomy	E07_bin.22	genus	prevotella_copri_b	prevotella	bacteroidaceae	only_genus_or_family_overlap_allowed	overlap_with_experimental_bioaccumulation_reference_not_mechanistic_validation
Ronneby_MAG_GTDB_taxonomy	E07_bin.58	genus	parabacteroides_goldsteinii	parabacteroides	tannerellaceae	only_genus_or_family_overlap_allowed	overlap_with_experimental_bioaccumulation_reference_not_mechanistic_validation
Ronneby_MAG_GTDB_taxonomy	E08_bin.3	genus	roseburia_rectalis	roseburia	lachnospiraceae	only_genus_or_family_overlap_allowed	overlap_with_experimental_bioaccumulation_reference_not_mechanistic_validation
Ronneby_MAG_GTDB_taxonomy	F01_bin.37	genus	roseburia_rectalis	roseburia	lachnospiraceae	only_genus_or_family_overlap_allowed	overlap_with_experimental_bioaccumulation_reference_not_mechanistic_validation
Ronneby_MAG_GTDB_taxonomy	F01_bin.44	genus	roseburia_intestinalis	roseburia	lachnospiraceae	only_genus_or_family_overlap_allowed	overlap_with_experimental_bioaccumulation_reference_not_mechanistic_validation
Ronneby_MAG_GTDB_taxonomy	F01_bin.68	genus	bacteroides_sp900755095	bacteroides	bacteroidaceae	only_genus_or_family_overlap_allowed	overlap_with_experimental_bioaccumulation_reference_not_mechanistic_validation
Ronneby_MAG_GTDB_taxonomy	F02_bin.28	genus	roseburia_faecis	roseburia	lachnospiraceae	only_genus_or_family_overlap_allowed	overlap_with_experimental_bioaccumulation_reference_not_mechanistic_validation
Ronneby_MAG_GTDB_taxonomy	F03_bin.29	genus	bacteroides_cellulosilyticus	bacteroides	bacteroidaceae	only_genus_or_family_overlap_allowed	overlap_with_experimental_bioaccumulation_reference_not_mechanistic_validation
Ronneby_MAG_GTDB_taxonomy	F03_bin.47	genus	roseburia_faecis	roseburia	lachnospiraceae	only_genus_or_family_overlap_allowed	overlap_with_experimental_bioaccumulation_reference_not_mechanistic_validation
Ronneby_MAG_GTDB_taxonomy	F04_bin.60	genus	roseburia_rectalis	roseburia	lachnospiraceae	only_genus_or_family_overlap_allowed	overlap_with_experimental_bioaccumulation_reference_not_mechanistic_validation
Ronneby_MAG_GTDB_taxonomy	F05_bin.20	genus	roseburia_faecis	roseburia	lachnospiraceae	only_genus_or_family_overlap_allowed	overlap_with_experimental_bioaccumulation_reference_not_mechanistic_validation
Ronneby_MAG_GTDB_taxonomy	F06_bin.46	genus	streptococcus_thermophilus	streptococcus	streptococcaceae	only_genus_or_family_overlap_allowed	overlap_with_experimental_bioaccumulation_reference_not_mechanistic_validation
Ronneby_MAG_GTDB_taxonomy	F06_bin.48	genus	roseburia_rectalis	roseburia	lachnospiraceae	only_genus_or_family_overlap_allowed	overlap_with_experimental_bioaccumulation_reference_not_mechanistic_validation
Ronneby_MAG_GTDB_taxonomy	F06_bin.68	genus	prevotella_sp003447235	prevotella	bacteroidaceae	only_genus_or_family_overlap_allowed	overlap_with_experimental_bioaccumulation_reference_not_mechanistic_validation
Ronneby_MAG_GTDB_taxonomy	F07_bin.26	genus	roseburia_rectalis	roseburia	lachnospiraceae	only_genus_or_family_overlap_allowed	overlap_with_experimental_bioaccumulation_reference_not_mechanistic_validation
Ronneby_MAG_GTDB_taxonomy	G01_bin.81	genus	roseburia_sp000434275	roseburia	lachnospiraceae	only_genus_or_family_overlap_allowed	overlap_with_experimental_bioaccumulation_reference_not_mechanistic_validation
Ronneby_MAG_GTDB_taxonomy	G01_bin.9	genus	roseburia_rectalis	roseburia	lachnospiraceae	only_genus_or_family_overlap_allowed	overlap_with_experimental_bioaccumulation_reference_not_mechanistic_validation
Ronneby_MAG_GTDB_taxonomy	G02_bin.7	genus	streptococcus_thermophilus	streptococcus	streptococcaceae	only_genus_or_family_overlap_allowed	overlap_with_experimental_bioaccumulation_reference_not_mechanistic_validation
Ronneby_MAG_GTDB_taxonomy	G03_bin.28	genus	roseburia_rectalis	roseburia	lachnospiraceae	only_genus_or_family_overlap_allowed	overlap_with_experimental_bioaccumulation_reference_not_mechanistic_validation
Ronneby_MAG_GTDB_taxonomy	G03_bin.56	genus	roseburia_faecis	roseburia	lachnospiraceae	only_genus_or_family_overlap_allowed	overlap_with_experimental_bioaccumulation_reference_not_mechanistic_validation
Ronneby_MAG_GTDB_taxonomy	G04_bin.55	genus	roseburia_intestinalis	roseburia	lachnospiraceae	only_genus_or_family_overlap_allowed	overlap_with_experimental_bioaccumulation_reference_not_mechanistic_validation
Ronneby_MAG_GTDB_taxonomy	G04_bin.60	genus	bacteroides_cellulosilyticus	bacteroides	bacteroidaceae	only_genus_or_family_overlap_allowed	overlap_with_experimental_bioaccumulation_reference_not_mechanistic_validation
Ronneby_MAG_GTDB_taxonomy	G05_bin.44	genus	bacteroides_hominis	bacteroides	bacteroidaceae	only_genus_or_family_overlap_allowed	overlap_with_experimental_bioaccumulation_reference_not_mechanistic_validation
Ronneby_MAG_GTDB_taxonomy	G05_bin.98	genus	roseburia_faecis	roseburia	lachnospiraceae	only_genus_or_family_overlap_allowed	overlap_with_experimental_bioaccumulation_reference_not_mechanistic_validation
Ronneby_MAG_GTDB_taxonomy	G06_bin.70	genus	roseburia_faecis	roseburia	lachnospiraceae	only_genus_or_family_overlap_allowed	overlap_with_experimental_bioaccumulation_reference_not_mechanistic_validation
Ronneby_MAG_GTDB_taxonomy	G07_bin.107	genus	roseburia_faecis	roseburia	lachnospiraceae	only_genus_or_family_overlap_allowed	overlap_with_experimental_bioaccumulation_reference_not_mechanistic_validation
Ronneby_MAG_GTDB_taxonomy	G07_bin.66	genus	roseburia_rectalis	roseburia	lachnospiraceae	only_genus_or_family_overlap_allowed	overlap_with_experimental_bioaccumulation_reference_not_mechanistic_validation
Ronneby_MAG_GTDB_taxonomy	H01_bin.34	genus	roseburia_faecis	roseburia	lachnospiraceae	only_genus_or_family_overlap_allowed	overlap_with_experimental_bioaccumulation_reference_not_mechanistic_validation
Ronneby_MAG_GTDB_taxonomy	H01_bin.45	genus	prevotella_sinensis	prevotella	bacteroidaceae	only_genus_or_family_overlap_allowed	overlap_with_experimental_bioaccumulation_reference_not_mechanistic_validation
Ronneby_MAG_GTDB_taxonomy	H01_bin.72	genus	roseburia_rectalis	roseburia	lachnospiraceae	only_genus_or_family_overlap_allowed	overlap_with_experimental_bioaccumulation_reference_not_mechanistic_validation
Ronneby_MAG_GTDB_taxonomy	H02_bin.12	genus	roseburia_rectalis	roseburia	lachnospiraceae	only_genus_or_family_overlap_allowed	overlap_with_experimental_bioaccumulation_reference_not_mechanistic_validation
Ronneby_MAG_GTDB_taxonomy	H02_bin.17	genus	phocaeicola_sp000432735	phocaeicola	bacteroidaceae	only_genus_or_family_overlap_allowed	overlap_with_experimental_bioaccumulation_reference_not_mechanistic_validation
Ronneby_MAG_GTDB_taxonomy	H03_bin.16	genus	bacteroides_cellulosilyticus	bacteroides	bacteroidaceae	only_genus_or_family_overlap_allowed	overlap_with_experimental_bioaccumulation_reference_not_mechanistic_validation
Ronneby_MAG_GTDB_taxonomy	H03_bin.82	genus	phocaeicola_intestinalis	phocaeicola	bacteroidaceae	only_genus_or_family_overlap_allowed	overlap_with_experimental_bioaccumulation_reference_not_mechanistic_validation
Ronneby_MAG_GTDB_taxonomy	H04_bin.20	genus	roseburia_rectalis	roseburia	lachnospiraceae	only_genus_or_family_overlap_allowed	overlap_with_experimental_bioaccumulation_reference_not_mechanistic_validation
Ronneby_MAG_GTDB_taxonomy	H05_bin.43	genus	roseburia_rectalis	roseburia	lachnospiraceae	only_genus_or_family_overlap_allowed	overlap_with_experimental_bioaccumulation_reference_not_mechanistic_validation
Ronneby_MAG_GTDB_taxonomy	H05_bin.65	genus	bacteroides_cellulosilyticus	bacteroides	bacteroidaceae	only_genus_or_family_overlap_allowed	overlap_with_experimental_bioaccumulation_reference_not_mechanistic_validation
Ronneby_MAG_GTDB_taxonomy	H05_bin.66	genus	bacteroides_sp900755095	bacteroides	bacteroidaceae	only_genus_or_family_overlap_allowed	overlap_with_experimental_bioaccumulation_reference_not_mechanistic_validation
Ronneby_MAG_GTDB_taxonomy	H07_bin.31	genus	odoribacter_sp900544025	odoribacter	marinifilaceae	only_genus_or_family_overlap_allowed	overlap_with_experimental_bioaccumulation_reference_not_mechanistic_validation
Ronneby_MAG_GTDB_taxonomy	H07_bin.59	genus	streptococcus_thermophilus	streptococcus	streptococcaceae	only_genus_or_family_overlap_allowed	overlap_with_experimental_bioaccumulation_reference_not_mechanistic_validation
Ronneby_MAG_GTDB_taxonomy	H07_bin.66	genus	roseburia_rectalis	roseburia	lachnospiraceae	only_genus_or_family_overlap_allowed	overlap_with_experimental_bioaccumulation_reference_not_mechanistic_validation
Ronneby_MAG_GTDB_taxonomy	H08_bin.20	genus	roseburia_faecis	roseburia	lachnospiraceae	only_genus_or_family_overlap_allowed	overlap_with_experimental_bioaccumulation_reference_not_mechanistic_validation
Ronneby_MAG_GTDB_taxonomy	H08_bin.21	genus	roseburia_rectalis	roseburia	lachnospiraceae	only_genus_or_family_overlap_allowed	overlap_with_experimental_bioaccumulation_reference_not_mechanistic_validation
Ronneby_MAG_GTDB_taxonomy	A01_bin.21	species_exact	parabacteroides_merdae	parabacteroides	tannerellaceae	species_exact_allowed	overlap_with_experimental_bioaccumulation_reference_not_mechanistic_validation
Ronneby_MAG_GTDB_taxonomy	A01_bin.91	species_exact	parabacteroides_distasonis	parabacteroides	tannerellaceae	species_exact_allowed	overlap_with_experimental_bioaccumulation_reference_not_mechanistic_validation
Ronneby_MAG_GTDB_taxonomy	A02_bin.27	species_exact	bacteroides_uniformis	bacteroides	bacteroidaceae	species_exact_allowed	overlap_with_experimental_bioaccumulation_reference_not_mechanistic_validation
Ronneby_MAG_GTDB_taxonomy	A02_bin.44	species_exact	parabacteroides_distasonis	parabacteroides	tannerellaceae	species_exact_allowed	overlap_with_experimental_bioaccumulation_reference_not_mechanistic_validation
Ronneby_MAG_GTDB_taxonomy	A02_bin.50	species_exact	phocaeicola_coprocola	phocaeicola	bacteroidaceae	species_exact_allowed	overlap_with_experimental_bioaccumulation_reference_not_mechanistic_validation
Ronneby_MAG_GTDB_taxonomy	A02_bin.55	species_exact	odoribacter_splanchnicus	odoribacter	marinifilaceae	species_exact_allowed	overlap_with_experimental_bioaccumulation_reference_not_mechanistic_validation
Ronneby_MAG_GTDB_taxonomy	A02_bin.58	species_exact	parabacteroides_merdae	parabacteroides	tannerellaceae	species_exact_allowed	overlap_with_experimental_bioaccumulation_reference_not_mechanistic_validation
Ronneby_MAG_GTDB_taxonomy	A03_bin.20	species_exact	bacteroides_uniformis	bacteroides	bacteroidaceae	species_exact_allowed	overlap_with_experimental_bioaccumulation_reference_not_mechanistic_validation
Ronneby_MAG_GTDB_taxonomy	A03_bin.43	species_exact	parabacteroides_distasonis	parabacteroides	tannerellaceae	species_exact_allowed	overlap_with_experimental_bioaccumulation_reference_not_mechanistic_validation
Ronneby_MAG_GTDB_taxonomy	A03_bin.47	species_exact	parabacteroides_merdae	parabacteroides	tannerellaceae	species_exact_allowed	overlap_with_experimental_bioaccumulation_reference_not_mechanistic_validation
Ronneby_MAG_GTDB_taxonomy	A03_bin.68	species_exact	roseburia_hominis	roseburia	lachnospiraceae	species_exact_allowed	overlap_with_experimental_bioaccumulation_reference_not_mechanistic_validation
Ronneby_MAG_GTDB_taxonomy	A04_bin.45	species_exact	parabacteroides_merdae	parabacteroides	tannerellaceae	species_exact_allowed	overlap_with_experimental_bioaccumulation_reference_not_mechanistic_validation
Ronneby_MAG_GTDB_taxonomy	A04_bin.91	species_exact	odoribacter_splanchnicus	odoribacter	marinifilaceae	species_exact_allowed	overlap_with_experimental_bioaccumulation_reference_not_mechanistic_validation
Ronneby_MAG_GTDB_taxonomy	A05_bin.111	species_exact	parabacteroides_distasonis	parabacteroides	tannerellaceae	species_exact_allowed	overlap_with_experimental_bioaccumulation_reference_not_mechanistic_validation
Ronneby_MAG_GTDB_taxonomy	A05_bin.19	species_exact	parabacteroides_merdae	parabacteroides	tannerellaceae	species_exact_allowed	overlap_with_experimental_bioaccumulation_reference_not_mechanistic_validation
Ronneby_MAG_GTDB_taxonomy	A06_bin.107	species_exact	odoribacter_splanchnicus	odoribacter	marinifilaceae	species_exact_allowed	overlap_with_experimental_bioaccumulation_reference_not_mechanistic_validation
Ronneby_MAG_GTDB_taxonomy	A06_bin.27	species_exact	bacteroides_uniformis	bacteroides	bacteroidaceae	species_exact_allowed	overlap_with_experimental_bioaccumulation_reference_not_mechanistic_validation
Ronneby_MAG_GTDB_taxonomy	A06_bin.76	species_exact	parabacteroides_merdae	parabacteroides	tannerellaceae	species_exact_allowed	overlap_with_experimental_bioaccumulation_reference_not_mechanistic_validation
Ronneby_MAG_GTDB_taxonomy	A07_bin.28	species_exact	parabacteroides_merdae	parabacteroides	tannerellaceae	species_exact_allowed	overlap_with_experimental_bioaccumulation_reference_not_mechanistic_validation
Ronneby_MAG_GTDB_taxonomy	A07_bin.37	species_exact	phocaeicola_coprocola	phocaeicola	bacteroidaceae	species_exact_allowed	overlap_with_experimental_bioaccumulation_reference_not_mechanistic_validation
Ronneby_MAG_GTDB_taxonomy	A07_bin.50	species_exact	odoribacter_splanchnicus	odoribacter	marinifilaceae	species_exact_allowed	overlap_with_experimental_bioaccumulation_reference_not_mechanistic_validation
Ronneby_MAG_GTDB_taxonomy	A07_bin.79	species_exact	parabacteroides_distasonis	parabacteroides	tannerellaceae	species_exact_allowed	overlap_with_experimental_bioaccumulation_reference_not_mechanistic_validation
Ronneby_MAG_GTDB_taxonomy	A08_bin.63	species_exact	parabacteroides_distasonis	parabacteroides	tannerellaceae	species_exact_allowed	overlap_with_experimental_bioaccumulation_reference_not_mechanistic_validation
Ronneby_MAG_GTDB_taxonomy	A08_bin.8	species_exact	odoribacter_splanchnicus	odoribacter	marinifilaceae	species_exact_allowed	overlap_with_experimental_bioaccumulation_reference_not_mechanistic_validation
Ronneby_MAG_GTDB_taxonomy	A08_bin.93	species_exact	phocaeicola_coprocola	phocaeicola	bacteroidaceae	species_exact_allowed	overlap_with_experimental_bioaccumulation_reference_not_mechanistic_validation
Ronneby_MAG_GTDB_taxonomy	B01_bin.75	species_exact	parabacteroides_distasonis	parabacteroides	tannerellaceae	species_exact_allowed	overlap_with_experimental_bioaccumulation_reference_not_mechanistic_validation
Ronneby_MAG_GTDB_taxonomy	B02_bin.43	species_exact	bacteroides_uniformis	bacteroides	bacteroidaceae	species_exact_allowed	overlap_with_experimental_bioaccumulation_reference_not_mechanistic_validation
Ronneby_MAG_GTDB_taxonomy	B02_bin.6	species_exact	phocaeicola_vulgatus	phocaeicola	bacteroidaceae	species_exact_allowed	overlap_with_experimental_bioaccumulation_reference_not_mechanistic_validation
Ronneby_MAG_GTDB_taxonomy	B03_bin.40	species_exact	odoribacter_splanchnicus	odoribacter	marinifilaceae	species_exact_allowed	overlap_with_experimental_bioaccumulation_reference_not_mechanistic_validation
Ronneby_MAG_GTDB_taxonomy	B03_bin.44	species_exact	parabacteroides_distasonis	parabacteroides	tannerellaceae	species_exact_allowed	overlap_with_experimental_bioaccumulation_reference_not_mechanistic_validation
Ronneby_MAG_GTDB_taxonomy	B03_bin.55	species_exact	bacteroides_thetaiotaomicron	bacteroides	bacteroidaceae	species_exact_allowed	overlap_with_experimental_bioaccumulation_reference_not_mechanistic_validation
Ronneby_MAG_GTDB_taxonomy	B03_bin.70	species_exact	roseburia_hominis	roseburia	lachnospiraceae	species_exact_allowed	overlap_with_experimental_bioaccumulation_reference_not_mechanistic_validation
Ronneby_MAG_GTDB_taxonomy	B04_bin.17	species_exact	bacteroides_uniformis	bacteroides	bacteroidaceae	species_exact_allowed	overlap_with_experimental_bioaccumulation_reference_not_mechanistic_validation
Ronneby_MAG_GTDB_taxonomy	B04_bin.52	species_exact	parabacteroides_distasonis	parabacteroides	tannerellaceae	species_exact_allowed	overlap_with_experimental_bioaccumulation_reference_not_mechanistic_validation
Ronneby_MAG_GTDB_taxonomy	B04_bin.80	species_exact	phocaeicola_vulgatus	phocaeicola	bacteroidaceae	species_exact_allowed	overlap_with_experimental_bioaccumulation_reference_not_mechanistic_validation
Ronneby_MAG_GTDB_taxonomy	B05_bin.20	species_exact	parabacteroides_distasonis	parabacteroides	tannerellaceae	species_exact_allowed	overlap_with_experimental_bioaccumulation_reference_not_mechanistic_validation
Ronneby_MAG_GTDB_taxonomy	B05_bin.27	species_exact	bacteroides_uniformis	bacteroides	bacteroidaceae	species_exact_allowed	overlap_with_experimental_bioaccumulation_reference_not_mechanistic_validation
Ronneby_MAG_GTDB_taxonomy	B05_bin.40	species_exact	parabacteroides_merdae	parabacteroides	tannerellaceae	species_exact_allowed	overlap_with_experimental_bioaccumulation_reference_not_mechanistic_validation
Ronneby_MAG_GTDB_taxonomy	B05_bin.64	species_exact	odoribacter_splanchnicus	odoribacter	marinifilaceae	species_exact_allowed	overlap_with_experimental_bioaccumulation_reference_not_mechanistic_validation
Ronneby_MAG_GTDB_taxonomy	B06_bin.18	species_exact	bacteroides_clarus	bacteroides	bacteroidaceae	species_exact_allowed	overlap_with_experimental_bioaccumulation_reference_not_mechanistic_validation
Ronneby_MAG_GTDB_taxonomy	B06_bin.28	species_exact	odoribacter_splanchnicus	odoribacter	marinifilaceae	species_exact_allowed	overlap_with_experimental_bioaccumulation_reference_not_mechanistic_validation
Ronneby_MAG_GTDB_taxonomy	B06_bin.76	species_exact	bacteroides_uniformis	bacteroides	bacteroidaceae	species_exact_allowed	overlap_with_experimental_bioaccumulation_reference_not_mechanistic_validation
Ronneby_MAG_GTDB_taxonomy	B07_bin.52	species_exact	odoribacter_splanchnicus	odoribacter	marinifilaceae	species_exact_allowed	overlap_with_experimental_bioaccumulation_reference_not_mechanistic_validation
Ronneby_MAG_GTDB_taxonomy	B08_bin.25	species_exact	parabacteroides_distasonis	parabacteroides	tannerellaceae	species_exact_allowed	overlap_with_experimental_bioaccumulation_reference_not_mechanistic_validation
Ronneby_MAG_GTDB_taxonomy	B08_bin.33	species_exact	odoribacter_splanchnicus	odoribacter	marinifilaceae	species_exact_allowed	overlap_with_experimental_bioaccumulation_reference_not_mechanistic_validation
Ronneby_MAG_GTDB_taxonomy	B08_bin.5	species_exact	roseburia_hominis	roseburia	lachnospiraceae	species_exact_allowed	overlap_with_experimental_bioaccumulation_reference_not_mechanistic_validation
Ronneby_MAG_GTDB_taxonomy	B08_bin.76	species_exact	bacteroides_uniformis	bacteroides	bacteroidaceae	species_exact_allowed	overlap_with_experimental_bioaccumulation_reference_not_mechanistic_validation
Ronneby_MAG_GTDB_taxonomy	B08_bin.90	species_exact	phocaeicola_vulgatus	phocaeicola	bacteroidaceae	species_exact_allowed	overlap_with_experimental_bioaccumulation_reference_not_mechanistic_validation
Ronneby_MAG_GTDB_taxonomy	B08_bin.91	species_exact	parabacteroides_merdae	parabacteroides	tannerellaceae	species_exact_allowed	overlap_with_experimental_bioaccumulation_reference_not_mechanistic_validation
Ronneby_MAG_GTDB_taxonomy	B09_bin.104	species_exact	parabacteroides_merdae	parabacteroides	tannerellaceae	species_exact_allowed	overlap_with_experimental_bioaccumulation_reference_not_mechanistic_validation
Ronneby_MAG_GTDB_taxonomy	B09_bin.73	species_exact	parabacteroides_distasonis	parabacteroides	tannerellaceae	species_exact_allowed	overlap_with_experimental_bioaccumulation_reference_not_mechanistic_validation
Ronneby_MAG_GTDB_taxonomy	B09_bin.76	species_exact	phocaeicola_vulgatus	phocaeicola	bacteroidaceae	species_exact_allowed	overlap_with_experimental_bioaccumulation_reference_not_mechanistic_validation
Ronneby_MAG_GTDB_taxonomy	B09_bin.99	species_exact	odoribacter_splanchnicus	odoribacter	marinifilaceae	species_exact_allowed	overlap_with_experimental_bioaccumulation_reference_not_mechanistic_validation
Ronneby_MAG_GTDB_taxonomy	C01_bin.16	species_exact	parabacteroides_distasonis	parabacteroides	tannerellaceae	species_exact_allowed	overlap_with_experimental_bioaccumulation_reference_not_mechanistic_validation
Ronneby_MAG_GTDB_taxonomy	C01_bin.55	species_exact	odoribacter_splanchnicus	odoribacter	marinifilaceae	species_exact_allowed	overlap_with_experimental_bioaccumulation_reference_not_mechanistic_validation
Ronneby_MAG_GTDB_taxonomy	C02_bin.30	species_exact	parabacteroides_merdae	parabacteroides	tannerellaceae	species_exact_allowed	overlap_with_experimental_bioaccumulation_reference_not_mechanistic_validation
Ronneby_MAG_GTDB_taxonomy	C02_bin.31	species_exact	bacteroides_uniformis	bacteroides	bacteroidaceae	species_exact_allowed	overlap_with_experimental_bioaccumulation_reference_not_mechanistic_validation
Ronneby_MAG_GTDB_taxonomy	C02_bin.39	species_exact	phocaeicola_vulgatus	phocaeicola	bacteroidaceae	species_exact_allowed	overlap_with_experimental_bioaccumulation_reference_not_mechanistic_validation
Ronneby_MAG_GTDB_taxonomy	C02_bin.46	species_exact	parabacteroides_distasonis	parabacteroides	tannerellaceae	species_exact_allowed	overlap_with_experimental_bioaccumulation_reference_not_mechanistic_validation
Ronneby_MAG_GTDB_taxonomy	C02_bin.79	species_exact	odoribacter_splanchnicus	odoribacter	marinifilaceae	species_exact_allowed	overlap_with_experimental_bioaccumulation_reference_not_mechanistic_validation
Ronneby_MAG_GTDB_taxonomy	C03_bin.24	species_exact	bacteroides_uniformis	bacteroides	bacteroidaceae	species_exact_allowed	overlap_with_experimental_bioaccumulation_reference_not_mechanistic_validation
Ronneby_MAG_GTDB_taxonomy	C04_bin.40	species_exact	parabacteroides_distasonis	parabacteroides	tannerellaceae	species_exact_allowed	overlap_with_experimental_bioaccumulation_reference_not_mechanistic_validation
Ronneby_MAG_GTDB_taxonomy	C04_bin.44	species_exact	odoribacter_splanchnicus	odoribacter	marinifilaceae	species_exact_allowed	overlap_with_experimental_bioaccumulation_reference_not_mechanistic_validation
Ronneby_MAG_GTDB_taxonomy	C05_bin.11	species_exact	roseburia_hominis	roseburia	lachnospiraceae	species_exact_allowed	overlap_with_experimental_bioaccumulation_reference_not_mechanistic_validation
Ronneby_MAG_GTDB_taxonomy	C05_bin.55	species_exact	odoribacter_splanchnicus	odoribacter	marinifilaceae	species_exact_allowed	overlap_with_experimental_bioaccumulation_reference_not_mechanistic_validation
Ronneby_MAG_GTDB_taxonomy	C05_bin.65	species_exact	bacteroides_clarus	bacteroides	bacteroidaceae	species_exact_allowed	overlap_with_experimental_bioaccumulation_reference_not_mechanistic_validation
Ronneby_MAG_GTDB_taxonomy	C06_bin.2	species_exact	odoribacter_splanchnicus	odoribacter	marinifilaceae	species_exact_allowed	overlap_with_experimental_bioaccumulation_reference_not_mechanistic_validation
Ronneby_MAG_GTDB_taxonomy	C07_bin.13	species_exact	parabacteroides_merdae	parabacteroides	tannerellaceae	species_exact_allowed	overlap_with_experimental_bioaccumulation_reference_not_mechanistic_validation
Ronneby_MAG_GTDB_taxonomy	C07_bin.36	species_exact	bacteroides_fragilis	bacteroides	bacteroidaceae	species_exact_allowed	overlap_with_experimental_bioaccumulation_reference_not_mechanistic_validation
Ronneby_MAG_GTDB_taxonomy	C07_bin.43	species_exact	odoribacter_splanchnicus	odoribacter	marinifilaceae	species_exact_allowed	overlap_with_experimental_bioaccumulation_reference_not_mechanistic_validation
Ronneby_MAG_GTDB_taxonomy	C08_bin.21	species_exact	parabacteroides_distasonis	parabacteroides	tannerellaceae	species_exact_allowed	overlap_with_experimental_bioaccumulation_reference_not_mechanistic_validation
Ronneby_MAG_GTDB_taxonomy	C08_bin.49	species_exact	roseburia_hominis	roseburia	lachnospiraceae	species_exact_allowed	overlap_with_experimental_bioaccumulation_reference_not_mechanistic_validation
Ronneby_MAG_GTDB_taxonomy	C08_bin.67	species_exact	odoribacter_splanchnicus	odoribacter	marinifilaceae	species_exact_allowed	overlap_with_experimental_bioaccumulation_reference_not_mechanistic_validation
Ronneby_MAG_GTDB_taxonomy	D01_bin.47	species_exact	phocaeicola_vulgatus	phocaeicola	bacteroidaceae	species_exact_allowed	overlap_with_experimental_bioaccumulation_reference_not_mechanistic_validation
Ronneby_MAG_GTDB_taxonomy	D01_bin.64	species_exact	bacteroides_uniformis	bacteroides	bacteroidaceae	species_exact_allowed	overlap_with_experimental_bioaccumulation_reference_not_mechanistic_validation
Ronneby_MAG_GTDB_taxonomy	D02_bin.11	species_exact	phocaeicola_vulgatus	phocaeicola	bacteroidaceae	species_exact_allowed	overlap_with_experimental_bioaccumulation_reference_not_mechanistic_validation
Ronneby_MAG_GTDB_taxonomy	D02_bin.33	species_exact	bacteroides_uniformis	bacteroides	bacteroidaceae	species_exact_allowed	overlap_with_experimental_bioaccumulation_reference_not_mechanistic_validation
Ronneby_MAG_GTDB_taxonomy	D02_bin.37	species_exact	parabacteroides_merdae	parabacteroides	tannerellaceae	species_exact_allowed	overlap_with_experimental_bioaccumulation_reference_not_mechanistic_validation
Ronneby_MAG_GTDB_taxonomy	D03_bin.13	species_exact	parabacteroides_merdae	parabacteroides	tannerellaceae	species_exact_allowed	overlap_with_experimental_bioaccumulation_reference_not_mechanistic_validation
Ronneby_MAG_GTDB_taxonomy	D03_bin.19	species_exact	odoribacter_splanchnicus	odoribacter	marinifilaceae	species_exact_allowed	overlap_with_experimental_bioaccumulation_reference_not_mechanistic_validation
Ronneby_MAG_GTDB_taxonomy	D03_bin.37	species_exact	parabacteroides_distasonis	parabacteroides	tannerellaceae	species_exact_allowed	overlap_with_experimental_bioaccumulation_reference_not_mechanistic_validation
Ronneby_MAG_GTDB_taxonomy	D03_bin.40	species_exact	bacteroides_uniformis	bacteroides	bacteroidaceae	species_exact_allowed	overlap_with_experimental_bioaccumulation_reference_not_mechanistic_validation
Ronneby_MAG_GTDB_taxonomy	D04_bin.64	species_exact	parabacteroides_distasonis	parabacteroides	tannerellaceae	species_exact_allowed	overlap_with_experimental_bioaccumulation_reference_not_mechanistic_validation
Ronneby_MAG_GTDB_taxonomy	D05_bin.104	species_exact	bacteroides_uniformis	bacteroides	bacteroidaceae	species_exact_allowed	overlap_with_experimental_bioaccumulation_reference_not_mechanistic_validation
Ronneby_MAG_GTDB_taxonomy	D05_bin.35	species_exact	parabacteroides_distasonis	parabacteroides	tannerellaceae	species_exact_allowed	overlap_with_experimental_bioaccumulation_reference_not_mechanistic_validation
Ronneby_MAG_GTDB_taxonomy	D05_bin.70	species_exact	odoribacter_splanchnicus	odoribacter	marinifilaceae	species_exact_allowed	overlap_with_experimental_bioaccumulation_reference_not_mechanistic_validation
Ronneby_MAG_GTDB_taxonomy	D06_bin.4	species_exact	bacteroides_uniformis	bacteroides	bacteroidaceae	species_exact_allowed	overlap_with_experimental_bioaccumulation_reference_not_mechanistic_validation
Ronneby_MAG_GTDB_taxonomy	D06_bin.48	species_exact	bacteroides_stercoris	bacteroides	bacteroidaceae	species_exact_allowed	overlap_with_experimental_bioaccumulation_reference_not_mechanistic_validation
Ronneby_MAG_GTDB_taxonomy	D06_bin.88	species_exact	roseburia_hominis	roseburia	lachnospiraceae	species_exact_allowed	overlap_with_experimental_bioaccumulation_reference_not_mechanistic_validation
Ronneby_MAG_GTDB_taxonomy	D07_bin.51	species_exact	bacteroides_uniformis	bacteroides	bacteroidaceae	species_exact_allowed	overlap_with_experimental_bioaccumulation_reference_not_mechanistic_validation
Ronneby_MAG_GTDB_taxonomy	D07_bin.53	species_exact	bacteroides_thetaiotaomicron	bacteroides	bacteroidaceae	species_exact_allowed	overlap_with_experimental_bioaccumulation_reference_not_mechanistic_validation
Ronneby_MAG_GTDB_taxonomy	D08_bin.101	species_exact	bacteroides_uniformis	bacteroides	bacteroidaceae	species_exact_allowed	overlap_with_experimental_bioaccumulation_reference_not_mechanistic_validation
Ronneby_MAG_GTDB_taxonomy	D08_bin.36	species_exact	odoribacter_splanchnicus	odoribacter	marinifilaceae	species_exact_allowed	overlap_with_experimental_bioaccumulation_reference_not_mechanistic_validation
Ronneby_MAG_GTDB_taxonomy	D08_bin.81	species_exact	roseburia_hominis	roseburia	lachnospiraceae	species_exact_allowed	overlap_with_experimental_bioaccumulation_reference_not_mechanistic_validation
Ronneby_MAG_GTDB_taxonomy	D08_bin.89	species_exact	parabacteroides_distasonis	parabacteroides	tannerellaceae	species_exact_allowed	overlap_with_experimental_bioaccumulation_reference_not_mechanistic_validation
Ronneby_MAG_GTDB_taxonomy	D08_bin.97	species_exact	parabacteroides_merdae	parabacteroides	tannerellaceae	species_exact_allowed	overlap_with_experimental_bioaccumulation_reference_not_mechanistic_validation
Ronneby_MAG_GTDB_taxonomy	E01_bin.14	species_exact	parabacteroides_distasonis	parabacteroides	tannerellaceae	species_exact_allowed	overlap_with_experimental_bioaccumulation_reference_not_mechanistic_validation
Ronneby_MAG_GTDB_taxonomy	E01_bin.69	species_exact	roseburia_hominis	roseburia	lachnospiraceae	species_exact_allowed	overlap_with_experimental_bioaccumulation_reference_not_mechanistic_validation
Ronneby_MAG_GTDB_taxonomy	E01_bin.76	species_exact	odoribacter_splanchnicus	odoribacter	marinifilaceae	species_exact_allowed	overlap_with_experimental_bioaccumulation_reference_not_mechanistic_validation
Ronneby_MAG_GTDB_taxonomy	E01_bin.83	species_exact	bacteroides_uniformis	bacteroides	bacteroidaceae	species_exact_allowed	overlap_with_experimental_bioaccumulation_reference_not_mechanistic_validation
Ronneby_MAG_GTDB_taxonomy	E02_bin.11	species_exact	parabacteroides_distasonis	parabacteroides	tannerellaceae	species_exact_allowed	overlap_with_experimental_bioaccumulation_reference_not_mechanistic_validation
Ronneby_MAG_GTDB_taxonomy	E02_bin.24	species_exact	parabacteroides_merdae	parabacteroides	tannerellaceae	species_exact_allowed	overlap_with_experimental_bioaccumulation_reference_not_mechanistic_validation
Ronneby_MAG_GTDB_taxonomy	E02_bin.63	species_exact	odoribacter_splanchnicus	odoribacter	marinifilaceae	species_exact_allowed	overlap_with_experimental_bioaccumulation_reference_not_mechanistic_validation
Ronneby_MAG_GTDB_taxonomy	E02_bin.71	species_exact	roseburia_hominis	roseburia	lachnospiraceae	species_exact_allowed	overlap_with_experimental_bioaccumulation_reference_not_mechanistic_validation
Ronneby_MAG_GTDB_taxonomy	E03_bin.27	species_exact	odoribacter_splanchnicus	odoribacter	marinifilaceae	species_exact_allowed	overlap_with_experimental_bioaccumulation_reference_not_mechanistic_validation
Ronneby_MAG_GTDB_taxonomy	E03_bin.45	species_exact	parabacteroides_merdae	parabacteroides	tannerellaceae	species_exact_allowed	overlap_with_experimental_bioaccumulation_reference_not_mechanistic_validation
Ronneby_MAG_GTDB_taxonomy	E03_bin.65	species_exact	parabacteroides_distasonis	parabacteroides	tannerellaceae	species_exact_allowed	overlap_with_experimental_bioaccumulation_reference_not_mechanistic_validation
Ronneby_MAG_GTDB_taxonomy	E06_bin.28	species_exact	parabacteroides_distasonis	parabacteroides	tannerellaceae	species_exact_allowed	overlap_with_experimental_bioaccumulation_reference_not_mechanistic_validation
Ronneby_MAG_GTDB_taxonomy	E06_bin.68	species_exact	odoribacter_splanchnicus	odoribacter	marinifilaceae	species_exact_allowed	overlap_with_experimental_bioaccumulation_reference_not_mechanistic_validation
Ronneby_MAG_GTDB_taxonomy	E07_bin.18	species_exact	bacteroides_uniformis	bacteroides	bacteroidaceae	species_exact_allowed	overlap_with_experimental_bioaccumulation_reference_not_mechanistic_validation
Ronneby_MAG_GTDB_taxonomy	E07_bin.32	species_exact	parabacteroides_distasonis	parabacteroides	tannerellaceae	species_exact_allowed	overlap_with_experimental_bioaccumulation_reference_not_mechanistic_validation
Ronneby_MAG_GTDB_taxonomy	E07_bin.52	species_exact	odoribacter_splanchnicus	odoribacter	marinifilaceae	species_exact_allowed	overlap_with_experimental_bioaccumulation_reference_not_mechanistic_validation
Ronneby_MAG_GTDB_taxonomy	E07_bin.54	species_exact	roseburia_hominis	roseburia	lachnospiraceae	species_exact_allowed	overlap_with_experimental_bioaccumulation_reference_not_mechanistic_validation
Ronneby_MAG_GTDB_taxonomy	E07_bin.8	species_exact	bacteroides_fragilis	bacteroides	bacteroidaceae	species_exact_allowed	overlap_with_experimental_bioaccumulation_reference_not_mechanistic_validation
Ronneby_MAG_GTDB_taxonomy	E08_bin.88	species_exact	odoribacter_splanchnicus	odoribacter	marinifilaceae	species_exact_allowed	overlap_with_experimental_bioaccumulation_reference_not_mechanistic_validation
Ronneby_MAG_GTDB_taxonomy	E08_bin.90	species_exact	parabacteroides_distasonis	parabacteroides	tannerellaceae	species_exact_allowed	overlap_with_experimental_bioaccumulation_reference_not_mechanistic_validation
Ronneby_MAG_GTDB_taxonomy	F01_bin.18	species_exact	bacteroides_caccae	bacteroides	bacteroidaceae	species_exact_allowed	overlap_with_experimental_bioaccumulation_reference_not_mechanistic_validation
Ronneby_MAG_GTDB_taxonomy	F01_bin.19	species_exact	phocaeicola_vulgatus	phocaeicola	bacteroidaceae	species_exact_allowed	overlap_with_experimental_bioaccumulation_reference_not_mechanistic_validation
Ronneby_MAG_GTDB_taxonomy	F01_bin.40	species_exact	parabacteroides_distasonis	parabacteroides	tannerellaceae	species_exact_allowed	overlap_with_experimental_bioaccumulation_reference_not_mechanistic_validation
Ronneby_MAG_GTDB_taxonomy	F01_bin.54	species_exact	parabacteroides_merdae	parabacteroides	tannerellaceae	species_exact_allowed	overlap_with_experimental_bioaccumulation_reference_not_mechanistic_validation
Ronneby_MAG_GTDB_taxonomy	F02_bin.36	species_exact	odoribacter_splanchnicus	odoribacter	marinifilaceae	species_exact_allowed	overlap_with_experimental_bioaccumulation_reference_not_mechanistic_validation
Ronneby_MAG_GTDB_taxonomy	F03_bin.15	species_exact	bacteroides_uniformis	bacteroides	bacteroidaceae	species_exact_allowed	overlap_with_experimental_bioaccumulation_reference_not_mechanistic_validation
Ronneby_MAG_GTDB_taxonomy	F03_bin.21	species_exact	parabacteroides_distasonis	parabacteroides	tannerellaceae	species_exact_allowed	overlap_with_experimental_bioaccumulation_reference_not_mechanistic_validation
Ronneby_MAG_GTDB_taxonomy	F03_bin.3	species_exact	odoribacter_splanchnicus	odoribacter	marinifilaceae	species_exact_allowed	overlap_with_experimental_bioaccumulation_reference_not_mechanistic_validation
Ronneby_MAG_GTDB_taxonomy	F03_bin.42	species_exact	phocaeicola_vulgatus	phocaeicola	bacteroidaceae	species_exact_allowed	overlap_with_experimental_bioaccumulation_reference_not_mechanistic_validation
Ronneby_MAG_GTDB_taxonomy	F03_bin.48	species_exact	parabacteroides_merdae	parabacteroides	tannerellaceae	species_exact_allowed	overlap_with_experimental_bioaccumulation_reference_not_mechanistic_validation
Ronneby_MAG_GTDB_taxonomy	F04_bin.32	species_exact	odoribacter_splanchnicus	odoribacter	marinifilaceae	species_exact_allowed	overlap_with_experimental_bioaccumulation_reference_not_mechanistic_validation
Ronneby_MAG_GTDB_taxonomy	F05_bin.32	species_exact	roseburia_hominis	roseburia	lachnospiraceae	species_exact_allowed	overlap_with_experimental_bioaccumulation_reference_not_mechanistic_validation
Ronneby_MAG_GTDB_taxonomy	F05_bin.8	species_exact	odoribacter_splanchnicus	odoribacter	marinifilaceae	species_exact_allowed	overlap_with_experimental_bioaccumulation_reference_not_mechanistic_validation
Ronneby_MAG_GTDB_taxonomy	F06_bin.39	species_exact	parabacteroides_distasonis	parabacteroides	tannerellaceae	species_exact_allowed	overlap_with_experimental_bioaccumulation_reference_not_mechanistic_validation
Ronneby_MAG_GTDB_taxonomy	F06_bin.86	species_exact	phocaeicola_vulgatus	phocaeicola	bacteroidaceae	species_exact_allowed	overlap_with_experimental_bioaccumulation_reference_not_mechanistic_validation
Ronneby_MAG_GTDB_taxonomy	F06_bin.89	species_exact	odoribacter_splanchnicus	odoribacter	marinifilaceae	species_exact_allowed	overlap_with_experimental_bioaccumulation_reference_not_mechanistic_validation
Ronneby_MAG_GTDB_taxonomy	F06_bin.91	species_exact	bacteroides_uniformis	bacteroides	bacteroidaceae	species_exact_allowed	overlap_with_experimental_bioaccumulation_reference_not_mechanistic_validation
Ronneby_MAG_GTDB_taxonomy	F07_bin.62	species_exact	parabacteroides_merdae	parabacteroides	tannerellaceae	species_exact_allowed	overlap_with_experimental_bioaccumulation_reference_not_mechanistic_validation
Ronneby_MAG_GTDB_taxonomy	F07_bin.76	species_exact	parabacteroides_distasonis	parabacteroides	tannerellaceae	species_exact_allowed	overlap_with_experimental_bioaccumulation_reference_not_mechanistic_validation
Ronneby_MAG_GTDB_taxonomy	F08_bin.101	species_exact	parabacteroides_merdae	parabacteroides	tannerellaceae	species_exact_allowed	overlap_with_experimental_bioaccumulation_reference_not_mechanistic_validation
Ronneby_MAG_GTDB_taxonomy	F08_bin.57	species_exact	odoribacter_splanchnicus	odoribacter	marinifilaceae	species_exact_allowed	overlap_with_experimental_bioaccumulation_reference_not_mechanistic_validation
Ronneby_MAG_GTDB_taxonomy	F08_bin.71	species_exact	phocaeicola_vulgatus	phocaeicola	bacteroidaceae	species_exact_allowed	overlap_with_experimental_bioaccumulation_reference_not_mechanistic_validation
Ronneby_MAG_GTDB_taxonomy	F08_bin.73	species_exact	parabacteroides_distasonis	parabacteroides	tannerellaceae	species_exact_allowed	overlap_with_experimental_bioaccumulation_reference_not_mechanistic_validation
Ronneby_MAG_GTDB_taxonomy	F08_bin.97	species_exact	bacteroides_uniformis	bacteroides	bacteroidaceae	species_exact_allowed	overlap_with_experimental_bioaccumulation_reference_not_mechanistic_validation
Ronneby_MAG_GTDB_taxonomy	G01_bin.46	species_exact	bacteroides_uniformis	bacteroides	bacteroidaceae	species_exact_allowed	overlap_with_experimental_bioaccumulation_reference_not_mechanistic_validation
Ronneby_MAG_GTDB_taxonomy	G01_bin.75	species_exact	parabacteroides_distasonis	parabacteroides	tannerellaceae	species_exact_allowed	overlap_with_experimental_bioaccumulation_reference_not_mechanistic_validation
Ronneby_MAG_GTDB_taxonomy	G02_bin.1	species_exact	odoribacter_splanchnicus	odoribacter	marinifilaceae	species_exact_allowed	overlap_with_experimental_bioaccumulation_reference_not_mechanistic_validation
Ronneby_MAG_GTDB_taxonomy	G02_bin.33	species_exact	bacteroides_thetaiotaomicron	bacteroides	bacteroidaceae	species_exact_allowed	overlap_with_experimental_bioaccumulation_reference_not_mechanistic_validation
Ronneby_MAG_GTDB_taxonomy	G02_bin.49	species_exact	parabacteroides_distasonis	parabacteroides	tannerellaceae	species_exact_allowed	overlap_with_experimental_bioaccumulation_reference_not_mechanistic_validation
Ronneby_MAG_GTDB_taxonomy	G02_bin.57	species_exact	bacteroides_uniformis	bacteroides	bacteroidaceae	species_exact_allowed	overlap_with_experimental_bioaccumulation_reference_not_mechanistic_validation
Ronneby_MAG_GTDB_taxonomy	G03_bin.106	species_exact	bacteroides_eggerthii	bacteroides	bacteroidaceae	species_exact_allowed	overlap_with_experimental_bioaccumulation_reference_not_mechanistic_validation
Ronneby_MAG_GTDB_taxonomy	G04_bin.2	species_exact	odoribacter_splanchnicus	odoribacter	marinifilaceae	species_exact_allowed	overlap_with_experimental_bioaccumulation_reference_not_mechanistic_validation
Ronneby_MAG_GTDB_taxonomy	G04_bin.57	species_exact	parabacteroides_merdae	parabacteroides	tannerellaceae	species_exact_allowed	overlap_with_experimental_bioaccumulation_reference_not_mechanistic_validation
Ronneby_MAG_GTDB_taxonomy	G04_bin.78	species_exact	bacteroides_uniformis	bacteroides	bacteroidaceae	species_exact_allowed	overlap_with_experimental_bioaccumulation_reference_not_mechanistic_validation
Ronneby_MAG_GTDB_taxonomy	G04_bin.90	species_exact	bacteroides_stercoris	bacteroides	bacteroidaceae	species_exact_allowed	overlap_with_experimental_bioaccumulation_reference_not_mechanistic_validation
Ronneby_MAG_GTDB_taxonomy	G05_bin.34	species_exact	odoribacter_splanchnicus	odoribacter	marinifilaceae	species_exact_allowed	overlap_with_experimental_bioaccumulation_reference_not_mechanistic_validation
Ronneby_MAG_GTDB_taxonomy	G05_bin.75	species_exact	bacteroides_uniformis	bacteroides	bacteroidaceae	species_exact_allowed	overlap_with_experimental_bioaccumulation_reference_not_mechanistic_validation
Ronneby_MAG_GTDB_taxonomy	G06_bin.30	species_exact	odoribacter_splanchnicus	odoribacter	marinifilaceae	species_exact_allowed	overlap_with_experimental_bioaccumulation_reference_not_mechanistic_validation
Ronneby_MAG_GTDB_taxonomy	G06_bin.83	species_exact	bacteroides_uniformis	bacteroides	bacteroidaceae	species_exact_allowed	overlap_with_experimental_bioaccumulation_reference_not_mechanistic_validation
Ronneby_MAG_GTDB_taxonomy	G07_bin.103	species_exact	odoribacter_splanchnicus	odoribacter	marinifilaceae	species_exact_allowed	overlap_with_experimental_bioaccumulation_reference_not_mechanistic_validation
Ronneby_MAG_GTDB_taxonomy	G07_bin.53	species_exact	parabacteroides_distasonis	parabacteroides	tannerellaceae	species_exact_allowed	overlap_with_experimental_bioaccumulation_reference_not_mechanistic_validation
Ronneby_MAG_GTDB_taxonomy	G07_bin.60	species_exact	bacteroides_caccae	bacteroides	bacteroidaceae	species_exact_allowed	overlap_with_experimental_bioaccumulation_reference_not_mechanistic_validation
Ronneby_MAG_GTDB_taxonomy	G07_bin.74	species_exact	bacteroides_uniformis	bacteroides	bacteroidaceae	species_exact_allowed	overlap_with_experimental_bioaccumulation_reference_not_mechanistic_validation
Ronneby_MAG_GTDB_taxonomy	G07_bin.76	species_exact	phocaeicola_coprocola	phocaeicola	bacteroidaceae	species_exact_allowed	overlap_with_experimental_bioaccumulation_reference_not_mechanistic_validation
Ronneby_MAG_GTDB_taxonomy	G07_bin.93	species_exact	parabacteroides_merdae	parabacteroides	tannerellaceae	species_exact_allowed	overlap_with_experimental_bioaccumulation_reference_not_mechanistic_validation
Ronneby_MAG_GTDB_taxonomy	G08_bin.83	species_exact	parabacteroides_merdae	parabacteroides	tannerellaceae	species_exact_allowed	overlap_with_experimental_bioaccumulation_reference_not_mechanistic_validation
Ronneby_MAG_GTDB_taxonomy	H01_bin.105	species_exact	bacteroides_uniformis	bacteroides	bacteroidaceae	species_exact_allowed	overlap_with_experimental_bioaccumulation_reference_not_mechanistic_validation
Ronneby_MAG_GTDB_taxonomy	H01_bin.14	species_exact	parabacteroides_merdae	parabacteroides	tannerellaceae	species_exact_allowed	overlap_with_experimental_bioaccumulation_reference_not_mechanistic_validation
Ronneby_MAG_GTDB_taxonomy	H01_bin.40	species_exact	roseburia_hominis	roseburia	lachnospiraceae	species_exact_allowed	overlap_with_experimental_bioaccumulation_reference_not_mechanistic_validation
Ronneby_MAG_GTDB_taxonomy	H02_bin.16	species_exact	odoribacter_splanchnicus	odoribacter	marinifilaceae	species_exact_allowed	overlap_with_experimental_bioaccumulation_reference_not_mechanistic_validation
Ronneby_MAG_GTDB_taxonomy	H02_bin.5	species_exact	parabacteroides_distasonis	parabacteroides	tannerellaceae	species_exact_allowed	overlap_with_experimental_bioaccumulation_reference_not_mechanistic_validation
Ronneby_MAG_GTDB_taxonomy	H02_bin.76	species_exact	phocaeicola_vulgatus	phocaeicola	bacteroidaceae	species_exact_allowed	overlap_with_experimental_bioaccumulation_reference_not_mechanistic_validation
Ronneby_MAG_GTDB_taxonomy	H03_bin.24	species_exact	bacteroides_uniformis	bacteroides	bacteroidaceae	species_exact_allowed	overlap_with_experimental_bioaccumulation_reference_not_mechanistic_validation
Ronneby_MAG_GTDB_taxonomy	H03_bin.31	species_exact	parabacteroides_distasonis	parabacteroides	tannerellaceae	species_exact_allowed	overlap_with_experimental_bioaccumulation_reference_not_mechanistic_validation
Ronneby_MAG_GTDB_taxonomy	H03_bin.58	species_exact	parabacteroides_merdae	parabacteroides	tannerellaceae	species_exact_allowed	overlap_with_experimental_bioaccumulation_reference_not_mechanistic_validation
Ronneby_MAG_GTDB_taxonomy	H03_bin.62	species_exact	phocaeicola_coprocola	phocaeicola	bacteroidaceae	species_exact_allowed	overlap_with_experimental_bioaccumulation_reference_not_mechanistic_validation
Ronneby_MAG_GTDB_taxonomy	H03_bin.70	species_exact	odoribacter_splanchnicus	odoribacter	marinifilaceae	species_exact_allowed	overlap_with_experimental_bioaccumulation_reference_not_mechanistic_validation
Ronneby_MAG_GTDB_taxonomy	H04_bin.18	species_exact	parabacteroides_distasonis	parabacteroides	tannerellaceae	species_exact_allowed	overlap_with_experimental_bioaccumulation_reference_not_mechanistic_validation
Ronneby_MAG_GTDB_taxonomy	H04_bin.2	species_exact	odoribacter_splanchnicus	odoribacter	marinifilaceae	species_exact_allowed	overlap_with_experimental_bioaccumulation_reference_not_mechanistic_validation
Ronneby_MAG_GTDB_taxonomy	H04_bin.70	species_exact	bacteroides_uniformis	bacteroides	bacteroidaceae	species_exact_allowed	overlap_with_experimental_bioaccumulation_reference_not_mechanistic_validation
Ronneby_MAG_GTDB_taxonomy	H04_bin.82	species_exact	parabacteroides_merdae	parabacteroides	tannerellaceae	species_exact_allowed	overlap_with_experimental_bioaccumulation_reference_not_mechanistic_validation
Ronneby_MAG_GTDB_taxonomy	H05_bin.38	species_exact	parabacteroides_distasonis	parabacteroides	tannerellaceae	species_exact_allowed	overlap_with_experimental_bioaccumulation_reference_not_mechanistic_validation
Ronneby_MAG_GTDB_taxonomy	H05_bin.42	species_exact	odoribacter_splanchnicus	odoribacter	marinifilaceae	species_exact_allowed	overlap_with_experimental_bioaccumulation_reference_not_mechanistic_validation
Ronneby_MAG_GTDB_taxonomy	H05_bin.55	species_exact	bacteroides_fragilis	bacteroides	bacteroidaceae	species_exact_allowed	overlap_with_experimental_bioaccumulation_reference_not_mechanistic_validation
Ronneby_MAG_GTDB_taxonomy	H05_bin.62	species_exact	bacteroides_uniformis	bacteroides	bacteroidaceae	species_exact_allowed	overlap_with_experimental_bioaccumulation_reference_not_mechanistic_validation
Ronneby_MAG_GTDB_taxonomy	H06_bin.19	species_exact	parabacteroides_merdae	parabacteroides	tannerellaceae	species_exact_allowed	overlap_with_experimental_bioaccumulation_reference_not_mechanistic_validation
Ronneby_MAG_GTDB_taxonomy	H06_bin.43	species_exact	parabacteroides_distasonis	parabacteroides	tannerellaceae	species_exact_allowed	overlap_with_experimental_bioaccumulation_reference_not_mechanistic_validation
Ronneby_MAG_GTDB_taxonomy	H06_bin.91	species_exact	odoribacter_splanchnicus	odoribacter	marinifilaceae	species_exact_allowed	overlap_with_experimental_bioaccumulation_reference_not_mechanistic_validation
Ronneby_MAG_GTDB_taxonomy	H07_bin.16	species_exact	bacteroides_xylanisolvens	bacteroides	bacteroidaceae	species_exact_allowed	overlap_with_experimental_bioaccumulation_reference_not_mechanistic_validation
Ronneby_MAG_GTDB_taxonomy	H07_bin.24	species_exact	phocaeicola_vulgatus	phocaeicola	bacteroidaceae	species_exact_allowed	overlap_with_experimental_bioaccumulation_reference_not_mechanistic_validation
Ronneby_MAG_GTDB_taxonomy	H07_bin.5	species_exact	parabacteroides_distasonis	parabacteroides	tannerellaceae	species_exact_allowed	overlap_with_experimental_bioaccumulation_reference_not_mechanistic_validation
Ronneby_MAG_GTDB_taxonomy	H07_bin.63	species_exact	bacteroides_thetaiotaomicron	bacteroides	bacteroidaceae	species_exact_allowed	overlap_with_experimental_bioaccumulation_reference_not_mechanistic_validation
Ronneby_MAG_GTDB_taxonomy	H07_bin.69	species_exact	parabacteroides_merdae	parabacteroides	tannerellaceae	species_exact_allowed	overlap_with_experimental_bioaccumulation_reference_not_mechanistic_validation
Ronneby_MAG_GTDB_taxonomy	H07_bin.8	species_exact	odoribacter_splanchnicus	odoribacter	marinifilaceae	species_exact_allowed	overlap_with_experimental_bioaccumulation_reference_not_mechanistic_validation
Ronneby_MAG_GTDB_taxonomy	H08_bin.10	species_exact	phocaeicola_vulgatus	phocaeicola	bacteroidaceae	species_exact_allowed	overlap_with_experimental_bioaccumulation_reference_not_mechanistic_validation
Ronneby_MAG_GTDB_taxonomy	H08_bin.32	species_exact	parabacteroides_distasonis	parabacteroides	tannerellaceae	species_exact_allowed	overlap_with_experimental_bioaccumulation_reference_not_mechanistic_validation
Ronneby_MAG_GTDB_taxonomy	H08_bin.46	species_exact	phocaeicola_coprocola	phocaeicola	bacteroidaceae	species_exact_allowed	overlap_with_experimental_bioaccumulation_reference_not_mechanistic_validation
Ronneby_MetaPhlAn_genus	g__Agathobacter	genus		agathobacter		only_genus_or_family_overlap_allowed	overlap_with_experimental_bioaccumulation_reference_not_mechanistic_validation
Ronneby_MetaPhlAn_genus	g__Bacteroides	genus		bacteroides		only_genus_or_family_overlap_allowed	overlap_with_experimental_bioaccumulation_reference_not_mechanistic_validation
Ronneby_MetaPhlAn_genus	g__Clostridium	genus		clostridium		only_genus_or_family_overlap_allowed	overlap_with_experimental_bioaccumulation_reference_not_mechanistic_validation
Ronneby_MetaPhlAn_genus	g__Dorea	genus		dorea		only_genus_or_family_overlap_allowed	overlap_with_experimental_bioaccumulation_reference_not_mechanistic_validation
Ronneby_MetaPhlAn_species	s__Bacteroides_SGB1879	genus	bacteroides_sgb1879	bacteroides		only_genus_or_family_overlap_allowed	overlap_with_experimental_bioaccumulation_reference_not_mechanistic_validation
Ronneby_MetaPhlAn_species	s__Bacteroides_bouchesdurhonensis	genus	bacteroides_bouchesdurhonensis	bacteroides		only_genus_or_family_overlap_allowed	overlap_with_experimental_bioaccumulation_reference_not_mechanistic_validation
Ronneby_MetaPhlAn_species	s__Bacteroides_cellulosilyticus	genus	bacteroides_cellulosilyticus	bacteroides		only_genus_or_family_overlap_allowed	overlap_with_experimental_bioaccumulation_reference_not_mechanistic_validation
Ronneby_MetaPhlAn_species	s__Bacteroides_faecalis	genus	bacteroides_faecalis	bacteroides		only_genus_or_family_overlap_allowed	overlap_with_experimental_bioaccumulation_reference_not_mechanistic_validation
Ronneby_MetaPhlAn_species	s__Bacteroides_faecis	genus	bacteroides_faecis	bacteroides		only_genus_or_family_overlap_allowed	overlap_with_experimental_bioaccumulation_reference_not_mechanistic_validation
Ronneby_MetaPhlAn_species	s__Bacteroides_finegoldii	genus	bacteroides_finegoldii	bacteroides		only_genus_or_family_overlap_allowed	overlap_with_experimental_bioaccumulation_reference_not_mechanistic_validation
Ronneby_MetaPhlAn_species	s__Bacteroides_gallinaceum	genus	bacteroides_gallinaceum	bacteroides		only_genus_or_family_overlap_allowed	overlap_with_experimental_bioaccumulation_reference_not_mechanistic_validation
Ronneby_MetaPhlAn_species	s__Bacteroides_intestinalis	genus	bacteroides_intestinalis	bacteroides		only_genus_or_family_overlap_allowed	overlap_with_experimental_bioaccumulation_reference_not_mechanistic_validation
Ronneby_MetaPhlAn_species	s__Bacteroides_nordii	genus	bacteroides_nordii	bacteroides		only_genus_or_family_overlap_allowed	overlap_with_experimental_bioaccumulation_reference_not_mechanistic_validation
Ronneby_MetaPhlAn_species	s__Bacteroides_ovatus	genus	bacteroides_ovatus	bacteroides		only_genus_or_family_overlap_allowed	overlap_with_experimental_bioaccumulation_reference_not_mechanistic_validation
Ronneby_MetaPhlAn_species	s__Bacteroides_pectinophilus	genus	bacteroides_pectinophilus	bacteroides		only_genus_or_family_overlap_allowed	overlap_with_experimental_bioaccumulation_reference_not_mechanistic_validation
Ronneby_MetaPhlAn_species	s__Bacteroides_salyersiae	genus	bacteroides_salyersiae	bacteroides		only_genus_or_family_overlap_allowed	overlap_with_experimental_bioaccumulation_reference_not_mechanistic_validation
Ronneby_MetaPhlAn_species	s__Bacteroides_sp_AF16_49	genus	bacteroides_sp_af16_49	bacteroides		only_genus_or_family_overlap_allowed	overlap_with_experimental_bioaccumulation_reference_not_mechanistic_validation
Ronneby_MetaPhlAn_species	s__Bacteroides_sp_Marseille_P3684	genus	bacteroides_sp_marseille_p3684	bacteroides		only_genus_or_family_overlap_allowed	overlap_with_experimental_bioaccumulation_reference_not_mechanistic_validation
Ronneby_MetaPhlAn_species	s__Bacteroides_sp_OF04_15BH	genus	bacteroides_sp_of04_15bh	bacteroides		only_genus_or_family_overlap_allowed	overlap_with_experimental_bioaccumulation_reference_not_mechanistic_validation
Ronneby_MetaPhlAn_species	s__Bacteroides_togonis	genus	bacteroides_togonis	bacteroides		only_genus_or_family_overlap_allowed	overlap_with_experimental_bioaccumulation_reference_not_mechanistic_validation
Ronneby_MetaPhlAn_species	s__Clostridium_SGB4714	genus	clostridium_sgb4714	clostridium		only_genus_or_family_overlap_allowed	overlap_with_experimental_bioaccumulation_reference_not_mechanistic_validation
Ronneby_MetaPhlAn_species	s__Clostridium_SGB47280	genus	clostridium_sgb47280	clostridium		only_genus_or_family_overlap_allowed	overlap_with_experimental_bioaccumulation_reference_not_mechanistic_validation
Ronneby_MetaPhlAn_species	s__Clostridium_SGB4750	genus	clostridium_sgb4750	clostridium		only_genus_or_family_overlap_allowed	overlap_with_experimental_bioaccumulation_reference_not_mechanistic_validation
Ronneby_MetaPhlAn_species	s__Clostridium_SGB4751	genus	clostridium_sgb4751	clostridium		only_genus_or_family_overlap_allowed	overlap_with_experimental_bioaccumulation_reference_not_mechanistic_validation
Ronneby_MetaPhlAn_species	s__Clostridium_SGB48024	genus	clostridium_sgb48024	clostridium		only_genus_or_family_overlap_allowed	overlap_with_experimental_bioaccumulation_reference_not_mechanistic_validation
Ronneby_MetaPhlAn_species	s__Clostridium_SGB6173	genus	clostridium_sgb6173	clostridium		only_genus_or_family_overlap_allowed	overlap_with_experimental_bioaccumulation_reference_not_mechanistic_validation
Ronneby_MetaPhlAn_species	s__Clostridium_SGB6175	genus	clostridium_sgb6175	clostridium		only_genus_or_family_overlap_allowed	overlap_with_experimental_bioaccumulation_reference_not_mechanistic_validation
Ronneby_MetaPhlAn_species	s__Clostridium_SGB6176	genus	clostridium_sgb6176	clostridium		only_genus_or_family_overlap_allowed	overlap_with_experimental_bioaccumulation_reference_not_mechanistic_validation
Ronneby_MetaPhlAn_species	s__Clostridium_SGB6179	genus	clostridium_sgb6179	clostridium		only_genus_or_family_overlap_allowed	overlap_with_experimental_bioaccumulation_reference_not_mechanistic_validation
Ronneby_MetaPhlAn_species	s__Clostridium_SGB6184	genus	clostridium_sgb6184	clostridium		only_genus_or_family_overlap_allowed	overlap_with_experimental_bioaccumulation_reference_not_mechanistic_validation
Ronneby_MetaPhlAn_species	s__Clostridium_disporicum	genus	clostridium_disporicum	clostridium		only_genus_or_family_overlap_allowed	overlap_with_experimental_bioaccumulation_reference_not_mechanistic_validation
Ronneby_MetaPhlAn_species	s__Clostridium_fessum	genus	clostridium_fessum	clostridium		only_genus_or_family_overlap_allowed	overlap_with_experimental_bioaccumulation_reference_not_mechanistic_validation
Ronneby_MetaPhlAn_species	s__Clostridium_innocuum	genus	clostridium_innocuum	clostridium		only_genus_or_family_overlap_allowed	overlap_with_experimental_bioaccumulation_reference_not_mechanistic_validation
Ronneby_MetaPhlAn_species	s__Clostridium_lentum	genus	clostridium_lentum	clostridium		only_genus_or_family_overlap_allowed	overlap_with_experimental_bioaccumulation_reference_not_mechanistic_validation
Ronneby_MetaPhlAn_species	s__Clostridium_leptum	genus	clostridium_leptum	clostridium		only_genus_or_family_overlap_allowed	overlap_with_experimental_bioaccumulation_reference_not_mechanistic_validation
Ronneby_MetaPhlAn_species	s__Clostridium_methylpentosum	genus	clostridium_methylpentosum	clostridium		only_genus_or_family_overlap_allowed	overlap_with_experimental_bioaccumulation_reference_not_mechanistic_validation
Ronneby_MetaPhlAn_species	s__Clostridium_paraputrificum	genus	clostridium_paraputrificum	clostridium		only_genus_or_family_overlap_allowed	overlap_with_experimental_bioaccumulation_reference_not_mechanistic_validation
Ronneby_MetaPhlAn_species	s__Clostridium_porci	genus	clostridium_porci	clostridium		only_genus_or_family_overlap_allowed	overlap_with_experimental_bioaccumulation_reference_not_mechanistic_validation
Ronneby_MetaPhlAn_species	s__Clostridium_saudiense	genus	clostridium_saudiense	clostridium		only_genus_or_family_overlap_allowed	overlap_with_experimental_bioaccumulation_reference_not_mechanistic_validation
Ronneby_MetaPhlAn_species	s__Clostridium_sp_1001270J_160509_D11	genus	clostridium_sp_1001270j_160509_d11	clostridium		only_genus_or_family_overlap_allowed	overlap_with_experimental_bioaccumulation_reference_not_mechanistic_validation
Ronneby_MetaPhlAn_species	s__Clostridium_sp_1001271st1_H5	genus	clostridium_sp_1001271st1_h5	clostridium		only_genus_or_family_overlap_allowed	overlap_with_experimental_bioaccumulation_reference_not_mechanistic_validation
Ronneby_MetaPhlAn_species	s__Clostridium_sp_AF15_41	genus	clostridium_sp_af15_41	clostridium		only_genus_or_family_overlap_allowed	overlap_with_experimental_bioaccumulation_reference_not_mechanistic_validation
Ronneby_MetaPhlAn_species	s__Clostridium_sp_AF27_2AA	genus	clostridium_sp_af27_2aa	clostridium		only_genus_or_family_overlap_allowed	overlap_with_experimental_bioaccumulation_reference_not_mechanistic_validation
Ronneby_MetaPhlAn_species	s__Clostridium_sp_AF32_12BH	genus	clostridium_sp_af32_12bh	clostridium		only_genus_or_family_overlap_allowed	overlap_with_experimental_bioaccumulation_reference_not_mechanistic_validation
Ronneby_MetaPhlAn_species	s__Clostridium_sp_AF36_4	genus	clostridium_sp_af36_4	clostridium		only_genus_or_family_overlap_allowed	overlap_with_experimental_bioaccumulation_reference_not_mechanistic_validation
Ronneby_MetaPhlAn_species	s__Clostridium_sp_AM22_11AC	genus	clostridium_sp_am22_11ac	clostridium		only_genus_or_family_overlap_allowed	overlap_with_experimental_bioaccumulation_reference_not_mechanistic_validation
Ronneby_MetaPhlAn_species	s__Clostridium_sp_AM29_11AC	genus	clostridium_sp_am29_11ac	clostridium		only_genus_or_family_overlap_allowed	overlap_with_experimental_bioaccumulation_reference_not_mechanistic_validation
Ronneby_MetaPhlAn_species	s__Clostridium_sp_AM33_3	genus	clostridium_sp_am33_3	clostridium		only_genus_or_family_overlap_allowed	overlap_with_experimental_bioaccumulation_reference_not_mechanistic_validation
Ronneby_MetaPhlAn_species	s__Clostridium_sp_AM42_4	genus	clostridium_sp_am42_4	clostridium		only_genus_or_family_overlap_allowed	overlap_with_experimental_bioaccumulation_reference_not_mechanistic_validation
Ronneby_MetaPhlAn_species	s__Clostridium_sp_AM49_4BH	genus	clostridium_sp_am49_4bh	clostridium		only_genus_or_family_overlap_allowed	overlap_with_experimental_bioaccumulation_reference_not_mechanistic_validation
Ronneby_MetaPhlAn_species	s__Clostridium_sp_AT4	genus	clostridium_sp_at4	clostridium		only_genus_or_family_overlap_allowed	overlap_with_experimental_bioaccumulation_reference_not_mechanistic_validation
Ronneby_MetaPhlAn_species	s__Clostridium_sp_K13	genus	clostridium_sp_k13	clostridium		only_genus_or_family_overlap_allowed	overlap_with_experimental_bioaccumulation_reference_not_mechanistic_validation
Ronneby_MetaPhlAn_species	s__Clostridium_sp_MCC353	genus	clostridium_sp_mcc353	clostridium		only_genus_or_family_overlap_allowed	overlap_with_experimental_bioaccumulation_reference_not_mechanistic_validation
Ronneby_MetaPhlAn_species	s__Clostridium_sp_Marseille_P3244	genus	clostridium_sp_marseille_p3244	clostridium		only_genus_or_family_overlap_allowed	overlap_with_experimental_bioaccumulation_reference_not_mechanistic_validation
Ronneby_MetaPhlAn_species	s__Clostridium_sp_chh4_2	genus	clostridium_sp_chh4_2	clostridium		only_genus_or_family_overlap_allowed	overlap_with_experimental_bioaccumulation_reference_not_mechanistic_validation
Ronneby_MetaPhlAn_species	s__Clostridium_symbiosum	genus	clostridium_symbiosum	clostridium		only_genus_or_family_overlap_allowed	overlap_with_experimental_bioaccumulation_reference_not_mechanistic_validation
Ronneby_MetaPhlAn_species	s__Dorea_hominis	genus	dorea_hominis	dorea		only_genus_or_family_overlap_allowed	overlap_with_experimental_bioaccumulation_reference_not_mechanistic_validation
Ronneby_MetaPhlAn_species	s__Dorea_longicatena	genus	dorea_longicatena	dorea		only_genus_or_family_overlap_allowed	overlap_with_experimental_bioaccumulation_reference_not_mechanistic_validation
Ronneby_MetaPhlAn_species	s__Dorea_sp_AF36_15AT	genus	dorea_sp_af36_15at	dorea		only_genus_or_family_overlap_allowed	overlap_with_experimental_bioaccumulation_reference_not_mechanistic_validation
Ronneby_MetaPhlAn_species	s__Agathobacter_rectalis	species_exact	agathobacter_rectalis	agathobacter		species_exact_allowed	overlap_with_experimental_bioaccumulation_reference_not_mechanistic_validation
Ronneby_MetaPhlAn_species	s__Bacteroides_caccae	species_exact	bacteroides_caccae	bacteroides		species_exact_allowed	overlap_with_experimental_bioaccumulation_reference_not_mechanistic_validation
Ronneby_MetaPhlAn_species	s__Bacteroides_clarus	species_exact	bacteroides_clarus	bacteroides		species_exact_allowed	overlap_with_experimental_bioaccumulation_reference_not_mechanistic_validation
Ronneby_MetaPhlAn_species	s__Bacteroides_eggerthii	species_exact	bacteroides_eggerthii	bacteroides		species_exact_allowed	overlap_with_experimental_bioaccumulation_reference_not_mechanistic_validation
Ronneby_MetaPhlAn_species	s__Bacteroides_fragilis	species_exact	bacteroides_fragilis	bacteroides		species_exact_allowed	overlap_with_experimental_bioaccumulation_reference_not_mechanistic_validation
Ronneby_MetaPhlAn_species	s__Bacteroides_stercoris	species_exact	bacteroides_stercoris	bacteroides		species_exact_allowed	overlap_with_experimental_bioaccumulation_reference_not_mechanistic_validation
Ronneby_MetaPhlAn_species	s__Bacteroides_thetaiotaomicron	species_exact	bacteroides_thetaiotaomicron	bacteroides		species_exact_allowed	overlap_with_experimental_bioaccumulation_reference_not_mechanistic_validation
Ronneby_MetaPhlAn_species	s__Bacteroides_uniformis	species_exact	bacteroides_uniformis	bacteroides		species_exact_allowed	overlap_with_experimental_bioaccumulation_reference_not_mechanistic_validation
Ronneby_MetaPhlAn_species	s__Bacteroides_xylanisolvens	species_exact	bacteroides_xylanisolvens	bacteroides		species_exact_allowed	overlap_with_experimental_bioaccumulation_reference_not_mechanistic_validation
Ronneby_MetaPhlAn_species	s__Clostridium_hylemonae	species_exact	clostridium_hylemonae	clostridium		species_exact_allowed	overlap_with_experimental_bioaccumulation_reference_not_mechanistic_validation
Ronneby_MetaPhlAn_species	s__Clostridium_scindens	species_exact	clostridium_scindens	clostridium		species_exact_allowed	overlap_with_experimental_bioaccumulation_reference_not_mechanistic_validation
Ronneby_MetaPhlAn_species	s__Dorea_formicigenerans	species_exact	dorea_formicigenerans	dorea		species_exact_allowed	overlap_with_experimental_bioaccumulation_reference_not_mechanistic_validation
