Source Table	Source Label	Method	Feature Family	Predictor	Term	Feature	Effect	Se	Ci Low	Ci High	P value	FDR q value	Support Class
Table_S10_covariate_adjusted_sensitivity_models_comprehensive.tsv	CLR_comprehensive	CLR_LM	taxonomy_species	fecal_PFOA	fecal_PFOA1.198974359	s__Coprococcus_phoceensis	10.8339072754879	0.645172110896379	9.569369938130997	12.098444612844801	1.19760218517818e-13	2.96119116307157e-09	FDR_lt_0.05
Table_S10_covariate_adjusted_sensitivity_models_comprehensive.tsv	CLR_comprehensive	CLR_LM	taxonomy_species	fecal_PFOS_62	fecal_PFOS_6223.51179487	s__Coprococcus_phoceensis	10.683529705807	0.646928203557565	9.415550426834173	11.951508984779828	1.66082698357704e-13	4.10656079959259e-09	FDR_lt_0.05
Table_S10_covariate_adjusted_sensitivity_models_comprehensive.tsv	CLR_comprehensive	CLR_LM	taxonomy_species	fecal_PFOS_62	fecal_PFOS_621.309164149	s__Coprococcus_phoceensis	10.1743567370439	0.687944942858766	8.825984649040718	11.52272882504708	1.41256347768684e-12	1.74635222746423e-08	FDR_lt_0.05
Table_S18_Phase9_terms_of_interest_results.tsv	Phase9_terms	ANCOMBC2	taxonomy_species	fecal_PFNA_derived_tertile	fecal_PFNA_derived_tertilemid	s__Alistipes_communis	-5.84855809107499				3.57163728396308e-11	2.26441803803259e-08	FDR_lt_0.05
Table_S10_covariate_adjusted_sensitivity_models_comprehensive.tsv	CLR_comprehensive	CLR_LM	taxonomy_species	fecal_PFOA	fecal_PFOA1.836427496	s__GGB4745_SGB6570	9.59455152257846	0.665666785357574	8.289844623277615	10.899258421879304	2.31603631454076e-12	2.44800015820657e-08	FDR_lt_0.05
Table_S10_covariate_adjusted_sensitivity_models_comprehensive.tsv	CLR_comprehensive	CLR_LM	taxonomy_species	fecal_PFOA	fecal_PFOA0.767371601	s__Coprococcus_phoceensis	10.4179432683493	0.732251955574172	8.982729435423922	11.853157101274677	2.97015306746733e-12	2.44800015820657e-08	FDR_lt_0.05
Table_S10_covariate_adjusted_sensitivity_models_comprehensive.tsv	CLR_comprehensive	CLR_LM	taxonomy_species	fecal_PFOA	fecal_PFOA0.614070352	s__GGB4745_SGB6570	9.24217252607437	0.669906580723997	7.9291556278553355	10.555189424293404	5.33851559333698e-12	3.30000341402125e-08	FDR_lt_0.05
Table_S10_covariate_adjusted_sensitivity_models_comprehensive.tsv	CLR_comprehensive	CLR_LM	taxonomy_species	fecal_PFOS_62	fecal_PFOS_6215.61414952	s__GGB4745_SGB6570	9.47393210658504	0.677179691930021	8.1466599104022	10.801204302767882	4.09247194344342e-12	3.37301537578606e-08	FDR_lt_0.05
Table_S10_covariate_adjusted_sensitivity_models_comprehensive.tsv	CLR_comprehensive	CLR_LM	taxonomy_species	fecal_PFOS_62	fecal_PFOS_622.808040201	s__GGB4745_SGB6570	9.04339491399708	0.656822383347793	7.756023042635405	10.330766785358755	5.54714357153509e-12	3.42896679874441e-08	FDR_lt_0.05
Table_S10_covariate_adjusted_sensitivity_models_comprehensive.tsv	CLR_comprehensive	CLR_LM	taxonomy_species	fecal_PFOS_62	fecal_PFOS_622.769897959	s__Coprococcus_phoceensis	9.2821877740833	0.730928622741259	7.849567673510432	10.714807874656167	2.54468714622981e-11	1.25839868755357e-07	FDR_lt_0.05
Table_S10_covariate_adjusted_sensitivity_models_comprehensive.tsv	CLR_comprehensive	CLR_LM	taxonomy_species	fecal_PFOA	fecal_PFOA0.587755102	s__Coprococcus_phoceensis	9.40784616999991	0.741571290535387	7.954366440550552	10.86132589944927	2.59309778420576e-11	1.28233871624543e-07	FDR_lt_0.05
Table_S10_covariate_adjusted_sensitivity_models_comprehensive.tsv	CLR_comprehensive	CLR_LM	taxonomy_species	fecal_PFHxS	fecal_PFHxS2.611282051	s__Coprococcus_phoceensis	10.8213220913484	0.716852251471762	9.416291678463747	12.226352504233052	1.15895787076078e-11	3.08607301826181e-07	FDR_lt_0.05
Table_S10_covariate_adjusted_sensitivity_models_comprehensive.tsv	CLR_comprehensive	CLR_LM	taxonomy_species	fecal_PFOA	fecal_PFOA0.353176588	s__GGB4745_SGB6570	7.72508282224128	0.647004715586109	6.456953579692506	8.993212064790054	7.98933427191354e-11	3.29240465345557e-07	FDR_lt_0.05
Table_S10_covariate_adjusted_sensitivity_models_comprehensive.tsv	CLR_comprehensive	CLR_LM	taxonomy_species	fecal_PFOS_62	fecal_PFOS_621.309164149	s__GGB4745_SGB6570	8.19844157625726	0.687944942858766	6.8500694882540785	9.54681366426044	8.27133803222114e-11	3.40861840307833e-07	FDR_lt_0.05
Table_S10_covariate_adjusted_sensitivity_models_comprehensive.tsv	CLR_comprehensive	CLR_LM	taxonomy_species	fecal_PFOS_62	fecal_PFOS_622.931465733	s__GGB4745_SGB6570	7.59334481822746	0.657089867735263	6.3054486774663445	8.881240958988576	1.45471055286128e-10	5.13845330429259e-07	FDR_lt_0.05
Table_S10_covariate_adjusted_sensitivity_models_comprehensive.tsv	CLR_comprehensive	CLR_LM	taxonomy_species	fecal_PFOA	fecal_PFOA0.767371601	s__GGB4745_SGB6570	8.44202810756262	0.732251955574172	7.006814274637243	9.877241940487998	1.51860080429031e-10	5.36413192669747e-07	FDR_lt_0.05
Table_S18_Phase9_terms_of_interest_results.tsv	Phase9_terms	ANCOMBC2	taxonomy_species	PFOS_derived_tertile	PFOS_derived_tertilemid	s__GGB9719_SGB15273	2.83630527928678				1.36142728751059e-09	8.63144900281713e-07	FDR_lt_0.05
Table_S10_covariate_adjusted_sensitivity_models_comprehensive.tsv	CLR_comprehensive	CLR_LM	taxonomy_species	fecal_PFOS_62	fecal_PFOS_629.486921529	s__GGB9198_SGB14137	9.87057323361406	0.903954964616053	8.098821502966596	11.642324964261524	4.06482824975757e-10	1.25633679129382e-06	FDR_lt_0.05
Table_S10_covariate_adjusted_sensitivity_models_comprehensive.tsv	CLR_comprehensive	CLR_LM	taxonomy_species	fecal_PFOS_62	fecal_PFOS_629.465869457	s__GGB4745_SGB6570	7.80368646038165	0.720747509956973	6.391021340865983	9.216351579897317	4.73310752586511e-10	1.30034240760601e-06	FDR_lt_0.05
Table_S10_covariate_adjusted_sensitivity_models_comprehensive.tsv	CLR_comprehensive	CLR_LM	taxonomy_species	fecal_PFOS_62	fecal_PFOS_622.931465733	s__GGB9198_SGB14137	9.60536456696896	0.916282240166182	7.809451376243244	11.401277757694677	8.42908468900258e-10	1.92266295832362e-06	FDR_lt_0.05
Table_S10_covariate_adjusted_sensitivity_models_comprehensive.tsv	CLR_comprehensive	CLR_LM	taxonomy_species	fecal_PFOS_62	fecal_PFOS_625.206843718	s__Lachnoclostridium_sp_An138	9.87082610943151	0.942381715249297	8.023757947542888	11.717894271320132	8.5534629707837e-10	1.92266295832362e-06	FDR_lt_0.05
Table_S10_covariate_adjusted_sensitivity_models_comprehensive.tsv	CLR_comprehensive	CLR_LM	taxonomy_species	fecal_PFOA	fecal_PFOA0.417040359	s__GGB4745_SGB6570	7.98890153266546	0.750480094371944	6.51796054769645	9.45984251763447	6.41303261132292e-10	1.98210805434463e-06	FDR_lt_0.05
Table_S10_covariate_adjusted_sensitivity_models_comprehensive.tsv	CLR_comprehensive	CLR_LM	taxonomy_species	fecal_PFHxS	fecal_PFHxS5.768690416	s__GGB4745_SGB6570	9.56290251420556	0.747346167278031	8.098104026340618	11.0277010020705	1.78285791761185e-10	2.37369703150842e-06	FDR_lt_0.05
Table_S10_covariate_adjusted_sensitivity_models_comprehensive.tsv	CLR_comprehensive	CLR_LM	taxonomy_species	fecal_PFHxS	fecal_PFHxS0.947633434	s__Coprococcus_phoceensis	10.438022990236	0.852987558069265	8.76616737642024	12.10987860405176	3.68098262622896e-10	2.55923510528992e-06	FDR_lt_0.05
Table_S10_covariate_adjusted_sensitivity_models_comprehensive.tsv	CLR_comprehensive	CLR_LM	taxonomy_species	fecal_PFHxS	fecal_PFHxS0.946733668	s__GGB4745_SGB6570	9.25909446662556	0.758683347291774	7.772075105933683	10.746113827317437	3.84442707719681e-10	2.55923510528992e-06	FDR_lt_0.05
Table_S18_Phase9_terms_of_interest_results.tsv	Phase9_terms	ANCOMBC2	taxonomy_species	fecal_PFOS_62_derived_tertile	fecal_PFOS_62_derived_tertilelow	s__GGB9759_SGB15370	-4.7022257085393				4.2961309762681e-09	2.72374703895397e-06	FDR_lt_0.05
Table_S10_covariate_adjusted_sensitivity_models_comprehensive.tsv	CLR_comprehensive	CLR_LM	taxonomy_species	fecal_PFOS_62	fecal_PFOS_629.791996047	s__GGB9778_SGB15398	7.77806064939757	0.766539065207078	6.275644081591698	9.280477217203444	1.49964815445282e-09	3.09002502225003e-06	FDR_lt_0.05
Table_S10_covariate_adjusted_sensitivity_models_comprehensive.tsv	CLR_comprehensive	CLR_LM	taxonomy_species	fecal_PFOA	fecal_PFOA1.133299285	s__Lachnoclostridium_sp_An138	10.0190912615784	1.00055732860558	8.057998897511462	11.980183625645337	1.89214537874712e-09	5.19835407054459e-06	FDR_lt_0.05
Table_S18_Phase9_terms_of_interest_results.tsv	Phase9_terms	ANCOMBC2	taxonomy_species	PFOA_derived_tertile	PFOA_derived_tertilemid	s__Ruminococcaceae_bacterium_AM53_2BH	-2.99235331956653				9.63222695108287e-09	6.10683188698654e-06	FDR_lt_0.05
Table_S10_covariate_adjusted_sensitivity_models_comprehensive.tsv	CLR_comprehensive	CLR_LM	taxonomy_species	fecal_PFHxS	fecal_PFHxS1.047959184	s__Coprococcus_phoceensis	9.45045002406714	0.831510314367844	7.820689807906165	11.080210240228114	1.20403348225698e-09	6.41220071310779e-06	FDR_lt_0.05
Table_S18_Phase9_terms_of_interest_results.tsv	Phase9_terms	ANCOMBC2	taxonomy_species	PFOS_branched_MP11_derived_tertile	PFOS_branched_MP11_derived_tertilelow	s__GGB3612_SGB4882	-6.33100672823358				1.33719483143171e-08	8.47781523127701e-06	FDR_lt_0.05
Table_S18_Phase9_terms_of_interest_results.tsv	Phase9_terms	ANCOMBC2	taxonomy_species	fecal_PFOA_derived_tertile	fecal_PFOA_derived_tertilehigh	s__Dysosmobacter_SGB15052	-6.44870670545244				1.48658630012993e-08	9.42495714282378e-06	FDR_lt_0.05
Table_S18_Phase9_terms_of_interest_results.tsv	Phase9_terms	ANCOMBC2	taxonomy_species	elim_k_PFHpS_derived_tertile	elim_k_PFHpS_derived_tertilehigh	s__Clostridiaceae_unclassified_SGB4771	4.2844550375917				2.81913369394662e-08	1.09137568095895e-05	FDR_lt_0.05
Table_S18_Phase9_terms_of_interest_results.tsv	Phase9_terms	ANCOMBC2	taxonomy_species	k_PFHpS_derived_tertile	k_PFHpS_derived_tertilehigh	s__Clostridiaceae_unclassified_SGB4771	4.2844550375917				2.81913369394662e-08	1.09137568095895e-05	FDR_lt_0.05
Table_S18_Phase9_terms_of_interest_results.tsv	Phase9_terms	ANCOMBC2	taxonomy_species	elim_k_PFHpS_derived_tertile	elim_k_PFHpS_derived_tertilehigh	s__Clostridiaceae_unclassified_SGB4769	-2.94564497520243				5.0189698517951e-08	1.09137568095895e-05	FDR_lt_0.05
Table_S18_Phase9_terms_of_interest_results.tsv	Phase9_terms	ANCOMBC2	taxonomy_species	k_PFHpS_derived_tertile	k_PFHpS_derived_tertilehigh	s__Clostridiaceae_unclassified_SGB4769	-2.94564497520243				5.0189698517951e-08	1.09137568095895e-05	FDR_lt_0.05
Table_S18_Phase9_terms_of_interest_results.tsv	Phase9_terms	ANCOMBC2	taxonomy_species	elim_k_PFHpS_derived_tertile	elim_k_PFHpS_derived_tertilehigh	s__GGB3321_SGB4394	-4.65275406298706				5.16423823797611e-08	1.09137568095895e-05	FDR_lt_0.05
Table_S18_Phase9_terms_of_interest_results.tsv	Phase9_terms	ANCOMBC2	taxonomy_species	k_PFHpS_derived_tertile	k_PFHpS_derived_tertilehigh	s__GGB3321_SGB4394	-4.65275406298706				5.16423823797611e-08	1.09137568095895e-05	FDR_lt_0.05
Table_S10_covariate_adjusted_sensitivity_models_comprehensive.tsv	CLR_comprehensive	CLR_LM	taxonomy_species	fecal_PFOS_62	fecal_PFOS_62423.3063989	s__GGB9778_SGB15398	6.9572217059298	0.750927805742404	5.485403206674688	8.429040205184911	7.25088257650195e-09	1.37911786605067e-05	FDR_lt_0.05
Table_S10_covariate_adjusted_sensitivity_models_comprehensive.tsv	CLR_comprehensive	CLR_LM	taxonomy_species	fecal_PFHxS	fecal_PFHxS0.397698849	s__GGB4745_SGB6570	7.7049165206279	0.720950713122779	6.291853122907253	9.117979918348546	3.18129157631524e-09	1.41185720156871e-05	FDR_lt_0.05
Table_S10_covariate_adjusted_sensitivity_models_comprehensive.tsv	CLR_comprehensive	CLR_LM	taxonomy_species	fecal_PFOS_62	fecal_PFOS_626.370926022	s__GGB4745_SGB6570	6.62300362100188	0.72826733083079	5.195599652573532	8.050407589430229	9.9437688782881e-09	1.64015065107867e-05	FDR_lt_0.05
Table_S10_covariate_adjusted_sensitivity_models_comprehensive.tsv	CLR_comprehensive	CLR_LM	taxonomy_species	fecal_PFOS_62	fecal_PFOS_629.791996047	s__GGB100505_SGB209407	6.41362320082262	0.705269712086028	5.031294565134005	7.795951836511235	9.94995541785165e-09	1.64015065107867e-05	FDR_lt_0.05
Table_S10_covariate_adjusted_sensitivity_models_comprehensive.tsv	CLR_comprehensive	CLR_LM	taxonomy_species	fecal_PFOS_62	fecal_PFOS_620.739869935	s__GGB9198_SGB14137	9.29742815161631	1.03000737598302	7.278613694689591	11.31624260854303	1.12810694398798e-08	1.74334826856543e-05	FDR_lt_0.05
Table_S18_Phase9_terms_of_interest_results.tsv	Phase9_terms	ANCOMBC2	taxonomy_species	elim_k_PFHxS_derived_tertile	elim_k_PFHxS_derived_tertilehigh	s__Veillonella_rogosae	-6.62281770182658				3.005938914173e-08	1.90576527158568e-05	FDR_lt_0.05
Table_S18_Phase9_terms_of_interest_results.tsv	Phase9_terms	ANCOMBC2	taxonomy_species	k_PFHxS_derived_tertile	k_PFHxS_derived_tertilehigh	s__Veillonella_rogosae	-6.62281770182658				3.005938914173e-08	1.90576527158568e-05	FDR_lt_0.05
Table_S18_Phase9_terms_of_interest_results.tsv	Phase9_terms	ANCOMBC2	taxonomy_species	HL_PFHxS_derived_tertile	HL_PFHxS_derived_tertilelow	s__Veillonella_rogosae	-6.62990984971358				3.04520435499707e-08	1.93065956106815e-05	FDR_lt_0.05
Table_S18_Phase9_terms_of_interest_results.tsv	Phase9_terms	ANCOMBC2	taxonomy_species	elim_k_PFHpS_derived_tertile	elim_k_PFHpS_derived_tertilehigh	s__Mediterraneibacter_glycyrrhizinilyticus	4.88208933724074				1.22188032965704e-07	1.9366803225064e-05	FDR_lt_0.05
Table_S18_Phase9_terms_of_interest_results.tsv	Phase9_terms	ANCOMBC2	taxonomy_species	k_PFHpS_derived_tertile	k_PFHpS_derived_tertilehigh	s__Mediterraneibacter_glycyrrhizinilyticus	4.88208933724074				1.22188032965704e-07	1.9366803225064e-05	FDR_lt_0.05
Table_S10_covariate_adjusted_sensitivity_models_comprehensive.tsv	CLR_comprehensive	CLR_LM	taxonomy_species	fecal_PFOA	fecal_PFOA0.566476979	s__GGB4745_SGB6570	6.7670560817508	0.745281476816768	5.306304387189934	8.227807776311666	1.02126641082424e-08	2.52518332740402e-05	FDR_lt_0.05
Table_S18_Phase9_terms_of_interest_results.tsv	Phase9_terms	ANCOMBC2	taxonomy_species	PFOS_branchedMP2_61_derived_tertile	PFOS_branchedMP2_61_derived_tertilelow	s__GGB3612_SGB4882	-5.42588960964486				4.46406040111525e-08	2.53772976171403e-05	FDR_lt_0.05
Table_S18_Phase9_terms_of_interest_results.tsv	Phase9_terms	ANCOMBC2	taxonomy_species	PFOS_branchedMP2_61_derived_tertile	PFOS_branchedMP2_61_derived_tertilelow	s__Streptococcus_australis	9.0114930701689				8.00545666155846e-08	2.53772976171403e-05	FDR_lt_0.05
Table_S18_Phase9_terms_of_interest_results.tsv	Phase9_terms	ANCOMBC2	taxonomy_species	HL_PFOA_derived_tertile	HL_PFOA_derived_tertilelow	s__Dysosmobacter_SGB15051	4.63065892132384				4.0216238792595e-08	2.54970953945052e-05	FDR_lt_0.05
Table_S18_Phase9_terms_of_interest_results.tsv	Phase9_terms	ANCOMBC2	taxonomy_species	PFOS_branchedMP3_4_51_derived_tertile	PFOS_branchedMP3_4_51_derived_tertilelow	s__GGB3612_SGB4882	-5.45457191616683				4.45263679018017e-08	2.55292327832014e-05	FDR_lt_0.05
Table_S18_Phase9_terms_of_interest_results.tsv	Phase9_terms	ANCOMBC2	taxonomy_species	PFOS_branchedMP3_4_51_derived_tertile	PFOS_branchedMP3_4_51_derived_tertilelow	s__Streptococcus_australis	9.05538944183555				8.05338573602568e-08	2.55292327832014e-05	FDR_lt_0.05
Table_S18_Phase9_terms_of_interest_results.tsv	Phase9_terms	ANCOMBC2	taxonomy_species	elim_k_PFOA_derived_tertile	elim_k_PFOA_derived_tertilehigh	s__Dysosmobacter_SGB15051	4.62475355195783				4.06955018821656e-08	2.5800948193293e-05	FDR_lt_0.05
Table_S18_Phase9_terms_of_interest_results.tsv	Phase9_terms	ANCOMBC2	taxonomy_species	k_PFOA_derived_tertile	k_PFOA_derived_tertilehigh	s__Dysosmobacter_SGB15051	4.62475355195783				4.06955018821656e-08	2.5800948193293e-05	FDR_lt_0.05
Table_S10_covariate_adjusted_sensitivity_models_comprehensive.tsv	CLR_comprehensive	CLR_LM	taxonomy_species	fecal_PFOA	fecal_PFOA1.033596838	s__GGB100505_SGB209407	6.24129668722076	0.694436514597229	4.880201118610191	7.602392255831329	1.21356225641111e-08	2.72786730472919e-05	FDR_lt_0.05
Table_S18_Phase9_terms_of_interest_results.tsv	Phase9_terms	ANCOMBC2	taxonomy_species	HL_PFHxS_derived_tertile	HL_PFHxS_derived_tertilelow	s__Merdimmobilis_hominis	-3.13372397081465				1.21711649566963e-07	2.80341069859079e-05	FDR_lt_0.05
Table_S18_Phase9_terms_of_interest_results.tsv	Phase9_terms	ANCOMBC2	taxonomy_species	HL_PFHxS_derived_tertile	HL_PFHxS_derived_tertilelow	s__Clostridiaceae_unclassified_SGB4769	-2.86985616093892				1.32653503087892e-07	2.80341069859079e-05	FDR_lt_0.05
Table_S18_Phase9_terms_of_interest_results.tsv	Phase9_terms	ANCOMBC2	taxonomy_species	elim_k_PFHxS_derived_tertile	elim_k_PFHxS_derived_tertilehigh	s__Merdimmobilis_hominis	-3.12669038036368				1.21021670293528e-07	2.81837855164746e-05	FDR_lt_0.05
Table_S18_Phase9_terms_of_interest_results.tsv	Phase9_terms	ANCOMBC2	taxonomy_species	k_PFHxS_derived_tertile	k_PFHxS_derived_tertilehigh	s__Merdimmobilis_hominis	-3.12669038036368				1.21021670293528e-07	2.81837855164746e-05	FDR_lt_0.05
Table_S18_Phase9_terms_of_interest_results.tsv	Phase9_terms	ANCOMBC2	taxonomy_species	elim_k_PFHxS_derived_tertile	elim_k_PFHxS_derived_tertilehigh	s__Clostridiaceae_unclassified_SGB4769	-2.86284508610786				1.33361761118965e-07	2.81837855164746e-05	FDR_lt_0.05
Table_S18_Phase9_terms_of_interest_results.tsv	Phase9_terms	ANCOMBC2	taxonomy_species	k_PFHxS_derived_tertile	k_PFHxS_derived_tertilehigh	s__Clostridiaceae_unclassified_SGB4769	-2.86284508610786				1.33361761118965e-07	2.81837855164746e-05	FDR_lt_0.05
Table_S18_Phase9_terms_of_interest_results.tsv	Phase9_terms	ANCOMBC2	taxonomy_species	Include_elimination_rate_analysis	Include_elimination_rate_analysisTRUE	s__Phocaeicola_massiliensis	3.68306366799423				7.73455341824306e-08	2.84662485498771e-05	FDR_lt_0.05
Table_S18_Phase9_terms_of_interest_results.tsv	Phase9_terms	ANCOMBC2	taxonomy_species	n_k_available	n_k_available8	s__Phocaeicola_massiliensis	3.68306366799423				7.73455341824306e-08	2.84662485498771e-05	FDR_lt_0.05
Table_S18_Phase9_terms_of_interest_results.tsv	Phase9_terms	ANCOMBC2	taxonomy_species	Include_elimination_rate_analysis	Include_elimination_rate_analysisTRUE	s__Oscillibacter_SGB15077	-6.38674151589503				1.28734074613351e-07	2.84662485498771e-05	FDR_lt_0.05
Table_S18_Phase9_terms_of_interest_results.tsv	Phase9_terms	ANCOMBC2	taxonomy_species	n_k_available	n_k_available8	s__Oscillibacter_SGB15077	-6.38674151589503				1.28734074613351e-07	2.84662485498771e-05	FDR_lt_0.05
Table_S18_Phase9_terms_of_interest_results.tsv	Phase9_terms	ANCOMBC2	taxonomy_species	Include_elimination_rate_analysis	Include_elimination_rate_analysisTRUE	s__Yanshouia_hominis	-2.24225523665746				1.346983369868e-07	2.84662485498771e-05	FDR_lt_0.05
Table_S18_Phase9_terms_of_interest_results.tsv	Phase9_terms	ANCOMBC2	taxonomy_species	n_k_available	n_k_available8	s__Yanshouia_hominis	-2.24225523665746				1.346983369868e-07	2.84662485498771e-05	FDR_lt_0.05
Table_S18_Phase9_terms_of_interest_results.tsv	Phase9_terms	ANCOMBC2	taxonomy_species	fecal_PFNA_derived_tertile	fecal_PFNA_derived_tertilehigh	s__GGB9537_SGB14940	5.47462571040341				5.12126227045366e-08	3.24688027946762e-05	FDR_lt_0.05
Table_S10_covariate_adjusted_sensitivity_models_comprehensive.tsv	CLR_comprehensive	CLR_LM	taxonomy_species	fecal_L_PFOS	fecal_L_PFOS14.92918132	s__GGB9634_SGB15097	12.7548353228258	0.771642162733854	11.242416683867447	14.267253961784153	1.27429271661049e-09	3.49609427391687e-05	FDR_lt_0.05
Table_S10_covariate_adjusted_sensitivity_models_comprehensive.tsv	CLR_comprehensive	CLR_LM	taxonomy_species	fecal_L_PFOS	fecal_L_PFOS60.31945838	s__GGB9634_SGB15097	12.4655809446342	0.800562485784642	10.896478472496302	14.034683416772097	2.53326044310417e-09	3.49609427391687e-05	FDR_lt_0.05
Table_S10_covariate_adjusted_sensitivity_models_comprehensive.tsv	CLR_comprehensive	CLR_LM	taxonomy_species	fecal_L_PFOS	fecal_L_PFOS25.14525692	s__GGB9634_SGB15097	12.1393489324948	0.805820240415806	10.55994126127982	13.71875660370978	3.70005767905365e-09	3.49609427391687e-05	FDR_lt_0.05
Table_S10_covariate_adjusted_sensitivity_models_comprehensive.tsv	CLR_comprehensive	CLR_LM	taxonomy_species	fecal_L_PFOS	fecal_L_PFOS3.181863727	s__Bacteroides_faecis	12.9849113077287	0.901929674670708	11.217129145374113	14.752693470083287	6.20850349096167e-09	3.49609427391687e-05	FDR_lt_0.05
Table_S10_covariate_adjusted_sensitivity_models_comprehensive.tsv	CLR_comprehensive	CLR_LM	taxonomy_species	fecal_L_PFOS	fecal_L_PFOS27.18236776	s__bacterium_210917_SL_2_15	11.0708384040133	0.770161042665433	9.56132276038905	12.580354047637549	6.31811212148607e-09	3.49609427391687e-05	FDR_lt_0.05
Table_S10_covariate_adjusted_sensitivity_models_comprehensive.tsv	CLR_comprehensive	CLR_LM	taxonomy_genus	fecal_PFNA	fecal_PFNA0.14375	g__Alistipes	-13.4896755185008	1.42721130420243	-16.28700967473756	-10.692341362264038	5.87566969160719e-12	4.74871624475693e-08	FDR_lt_0.05
Table_S18_Phase9_terms_of_interest_results.tsv	Phase9_terms	ANCOMBC2	taxonomy_genus	Include_elimination_rate_analysis	Include_elimination_rate_analysisTRUE	g__Oxalobacter	2.93209858508788				7.10235752463276e-09	3.18895852856011e-06	FDR_lt_0.05
Table_S18_Phase9_terms_of_interest_results.tsv	Phase9_terms	ANCOMBC2	taxonomy_genus	n_k_available	n_k_available8	g__Oxalobacter	2.93209858508788				7.10235752463276e-09	3.18895852856011e-06	FDR_lt_0.05
Table_S18_Phase9_terms_of_interest_results.tsv	Phase9_terms	ANCOMBC2	taxonomy_genus	PFOS_branched_MP11_derived_tertile	PFOS_branched_MP11_derived_tertilelow	g__GGB3612	-6.366510875276				1.41572976150052e-08	6.35662662913732e-06	FDR_lt_0.05
Table_S18_Phase9_terms_of_interest_results.tsv	Phase9_terms	ANCOMBC2	taxonomy_genus	PFOS_branchedMP2_61_derived_tertile	PFOS_branchedMP2_61_derived_tertilelow	g__GGB3612	-5.51374345585556				4.5598446516239e-08	2.04737024857913e-05	FDR_lt_0.05
Table_S18_Phase9_terms_of_interest_results.tsv	Phase9_terms	ANCOMBC2	taxonomy_genus	PFOS_branchedMP3_4_51_derived_tertile	PFOS_branchedMP3_4_51_derived_tertilelow	g__GGB3612	-5.53063933755612				4.70966628252919e-08	2.11464016085561e-05	FDR_lt_0.05
Table_S18_Phase9_terms_of_interest_results.tsv	Phase9_terms	ANCOMBC2	taxonomy_genus	elim_k_PFHpS_derived_tertile	elim_k_PFHpS_derived_tertilehigh	g__Oxalobacter	3.63284437281581				5.29576946940686e-08	2.37780049176368e-05	FDR_lt_0.05
Table_S18_Phase9_terms_of_interest_results.tsv	Phase9_terms	ANCOMBC2	taxonomy_genus	k_PFHpS_derived_tertile	k_PFHpS_derived_tertilehigh	g__Oxalobacter	3.63284437281581				5.29576946940686e-08	2.37780049176368e-05	FDR_lt_0.05
Table_S10_covariate_adjusted_sensitivity_models_comprehensive.tsv	CLR_comprehensive	CLR_LM	taxonomy_genus	fecal_PFOS_62	fecal_PFOS_629.486921529	g__GGB9198	10.1871644351557	1.00822622650311	8.211041031209604	12.163287839101795	1.61574067409279e-09	2.42756442413813e-05	FDR_lt_0.05
Table_S10_covariate_adjusted_sensitivity_models_comprehensive.tsv	CLR_comprehensive	CLR_LM	taxonomy_genus	fecal_PFOS_62	fecal_PFOS_62423.3063989	g__GGB9778	8.27844593956216	0.845023228273619	6.622200412145866	9.934691466978453	2.77261655432372e-09	2.42756442413813e-05	FDR_lt_0.05
Table_S18_Phase9_terms_of_interest_results.tsv	Phase9_terms	ANCOMBC2	taxonomy_genus	fecal_PFNA_derived_tertile	fecal_PFNA_derived_tertilehigh	g__GGB9537	5.42384192933708				5.46731439979947e-08	2.45482416550996e-05	FDR_lt_0.05
Table_S10_covariate_adjusted_sensitivity_models_comprehensive.tsv	CLR_comprehensive	CLR_LM	taxonomy_genus	fecal_PFOS_62	fecal_PFOS_625.115384615	g__Alistipes	-13.4846960297719	1.42928736735448	-16.286099269786682	-10.68329278975712	5.31532882318115e-09	3.10255743409084e-05	FDR_lt_0.05
Table_S10_covariate_adjusted_sensitivity_models_comprehensive.tsv	CLR_comprehensive	CLR_LM	taxonomy_genus	fecal_PFOS_62	fecal_PFOS_622.931465733	g__GGB9198	9.40703249136485	1.02197545406142	7.403960601404467	11.410104381325233	8.10032384152707e-09	3.54611926972451e-05	FDR_lt_0.05
Table_S18_Phase9_terms_of_interest_results.tsv	Phase9_terms	ANCOMBC2	taxonomy_genus	PFOS_derived_tertile	PFOS_derived_tertilemid	g__GGB3612	-3.6222219684349				1.64167514267503e-07	4.06453781807476e-05	FDR_lt_0.05
Table_S18_Phase9_terms_of_interest_results.tsv	Phase9_terms	ANCOMBC2	taxonomy_genus	PFOS_derived_tertile	PFOS_derived_tertilemid	g__Victivallis	-3.49465362904009				1.81048455148096e-07	4.06453781807476e-05	FDR_lt_0.05
Table_S18_Phase9_terms_of_interest_results.tsv	Phase9_terms	ANCOMBC2	taxonomy_genus	mean_k_all_available_derived_tertile	mean_k_all_available_derived_tertilehigh	g__GGB3345	-3.30738768551776				9.2794516929354e-08	4.166473810128e-05	FDR_lt_0.05
Table_S18_Phase9_terms_of_interest_results.tsv	Phase9_terms	ANCOMBC2	taxonomy_genus	primary_elimination_stratum_numeric_order_derived_tertile	primary_elimination_stratum_numeric_order_derived_tertilehigh	g__GGB3345	-3.30738768551776				9.2794516929354e-08	4.166473810128e-05	FDR_lt_0.05
Table_S10_covariate_adjusted_sensitivity_models_comprehensive.tsv	CLR_comprehensive	CLR_LM	taxonomy_genus	fecal_PFOS_62	fecal_PFOS_629.791996047	g__GGB9778	7.7371994588376	0.862590665208804	6.046521755028344	9.427877162646856	1.25488387190442e-08	4.39485429618367e-05	FDR_lt_0.05
Table_S18_Phase9_terms_of_interest_results.tsv	Phase9_terms	ANCOMBC2	taxonomy_genus	fecal_PFOS_62_derived_tertile	fecal_PFOS_62_derived_tertilelow	g__GGB9759	-3.63103508503688				1.71010379861986e-07	7.67836605580317e-05	FDR_lt_0.05
Table_S18_Phase9_terms_of_interest_results.tsv	Phase9_terms	ANCOMBC2	taxonomy_genus	elim_k_PFHpS_derived_tertile	elim_k_PFHpS_derived_tertilehigh	g__GGB3321	-3.21915351812516				3.47303658265493e-07	7.79696712806031e-05	FDR_lt_0.05
Table_S18_Phase9_terms_of_interest_results.tsv	Phase9_terms	ANCOMBC2	taxonomy_genus	k_PFHpS_derived_tertile	k_PFHpS_derived_tertilehigh	g__GGB3321	-3.21915351812516				3.47303658265493e-07	7.79696712806031e-05	FDR_lt_0.05
Table_S18_Phase9_terms_of_interest_results.tsv	Phase9_terms	ANCOMBC2	taxonomy_genus	HL_PFOS_MP345_derived_tertile	HL_PFOS_MP345_derived_tertilelow	g__Veillonella	-2.77871008643398				1.78764518163172e-07	8.0265268655264e-05	FDR_lt_0.05
Table_S18_Phase9_terms_of_interest_results.tsv	Phase9_terms	ANCOMBC2	taxonomy_genus	elim_k_PFOS_MP345_derived_tertile	elim_k_PFOS_MP345_derived_tertilehigh	g__Veillonella	-2.76618206712257				1.84451631147638e-07	8.28187823852896e-05	FDR_lt_0.05
Table_S18_Phase9_terms_of_interest_results.tsv	Phase9_terms	ANCOMBC2	taxonomy_genus	k_PFOS_MP345_derived_tertile	k_PFOS_MP345_derived_tertilehigh	g__Veillonella	-2.76618206712257				1.84451631147638e-07	8.28187823852896e-05	FDR_lt_0.05
Table_S18_Phase9_terms_of_interest_results.tsv	Phase9_terms	ANCOMBC2	taxonomy_genus	elim_k_PFHxS_derived_tertile	elim_k_PFHxS_derived_tertilehigh	g__Merdimmobilis	-3.07477376844123				1.93339798032686e-07	8.68095693166761e-05	FDR_lt_0.05
Table_S18_Phase9_terms_of_interest_results.tsv	Phase9_terms	ANCOMBC2	taxonomy_genus	k_PFHxS_derived_tertile	k_PFHxS_derived_tertilehigh	g__Merdimmobilis	-3.07477376844123				1.93339798032686e-07	8.68095693166761e-05	FDR_lt_0.05
Table_S18_Phase9_terms_of_interest_results.tsv	Phase9_terms	ANCOMBC2	taxonomy_genus	PFHxS_derived_tertile	PFHxS_derived_tertilemid	g__GGB4585	-3.93592966245598				1.93874510995979e-07	8.70496554371947e-05	FDR_lt_0.05
Table_S18_Phase9_terms_of_interest_results.tsv	Phase9_terms	ANCOMBC2	taxonomy_genus	HL_PFHxS_derived_tertile	HL_PFHxS_derived_tertilelow	g__Merdimmobilis	-3.07695350053079				2.08135500364498e-07	9.34528396636594e-05	FDR_lt_0.05
Table_S18_Phase9_terms_of_interest_results.tsv	Phase9_terms	ANCOMBC2	taxonomy_genus	Include_elimination_rate_analysis	Include_elimination_rate_analysisTRUE	g__GGB45491	-2.20485491813559				5.21530351505231e-07	9.96974275723909e-05	FDR_lt_0.05
Table_S18_Phase9_terms_of_interest_results.tsv	Phase9_terms	ANCOMBC2	taxonomy_genus	n_k_available	n_k_available8	g__GGB45491	-2.20485491813559				5.21530351505231e-07	9.96974275723909e-05	FDR_lt_0.05
Table_S18_Phase9_terms_of_interest_results.tsv	Phase9_terms	ANCOMBC2	taxonomy_genus	Include_elimination_rate_analysis	Include_elimination_rate_analysisTRUE	g__GGB9529	-4.13519888925015				6.66129805606175e-07	9.96974275723909e-05	FDR_lt_0.05
Table_S18_Phase9_terms_of_interest_results.tsv	Phase9_terms	ANCOMBC2	taxonomy_genus	n_k_available	n_k_available8	g__GGB9529	-4.13519888925015				6.66129805606175e-07	9.96974275723909e-05	FDR_lt_0.05
Table_S18_Phase9_terms_of_interest_results.tsv	Phase9_terms	ANCOMBC2	taxonomy_genus	Include_elimination_rate_analysis	Include_elimination_rate_analysisTRUE	g__GGB4599	2.30355524709029				9.08534500181004e-07	0.000101982997645318	FDR_lt_0.05
Table_S18_Phase9_terms_of_interest_results.tsv	Phase9_terms	ANCOMBC2	taxonomy_genus	n_k_available	n_k_available8	g__GGB4599	2.30355524709029				9.08534500181004e-07	0.000101982997645318	FDR_lt_0.05
Table_S10_covariate_adjusted_sensitivity_models_comprehensive.tsv	CLR_comprehensive	CLR_LM	taxonomy_genus	fecal_PFOS_62	fecal_PFOS_620.739869935	g__GGB9198	9.63442234292785	1.1488187914304	7.382737511724267	11.886107174131434	3.83456422154321e-08	0.000111911756805739	FDR_lt_0.05
Table_S18_Phase9_terms_of_interest_results.tsv	Phase9_terms	ANCOMBC2	taxonomy_genus	fecal_totalPFOS_derived_tertile	fecal_totalPFOS_derived_tertilelow	g__GGB3612	-4.7606334795871				2.67180417743727e-07	0.000119964007566933	FDR_lt_0.05
Table_S18_Phase9_terms_of_interest_results.tsv	Phase9_terms	ANCOMBC2	taxonomy_genus	HL_PFHxS_derived_tertile	HL_PFHxS_derived_tertilemid	g__GGB4768	-10.0293986419068				2.79252973855114e-07	0.000125384585260946	FDR_lt_0.05
Table_S18_Phase9_terms_of_interest_results.tsv	Phase9_terms	ANCOMBC2	taxonomy_genus	elim_k_PFHxS_derived_tertile	elim_k_PFHxS_derived_tertilemid	g__GGB4768	-10.0323201131228				2.82960683235459e-07	0.000127049346772721	FDR_lt_0.05
Table_S18_Phase9_terms_of_interest_results.tsv	Phase9_terms	ANCOMBC2	taxonomy_genus	k_PFHxS_derived_tertile	k_PFHxS_derived_tertilemid	g__GGB4768	-10.0323201131228				2.82960683235459e-07	0.000127049346772721	FDR_lt_0.05
Table_S18_Phase9_terms_of_interest_results.tsv	Phase9_terms	ANCOMBC2	taxonomy_genus	elim_k_PFHxS_derived_tertile	elim_k_PFHxS_derived_tertilehigh	g__Hydrogeniiclostridium	-3.72075152522486				9.35548173361247e-07	0.000141474262137158	FDR_lt_0.05
Table_S18_Phase9_terms_of_interest_results.tsv	Phase9_terms	ANCOMBC2	taxonomy_genus	k_PFHxS_derived_tertile	k_PFHxS_derived_tertilehigh	g__Hydrogeniiclostridium	-3.72075152522486				9.35548173361247e-07	0.000141474262137158	FDR_lt_0.05
Table_S18_Phase9_terms_of_interest_results.tsv	Phase9_terms	ANCOMBC2	taxonomy_genus	elim_k_PFHxS_derived_tertile	elim_k_PFHxS_derived_tertilehigh	g__Oxalobacter	3.07834698337268				9.45262330537803e-07	0.000141474262137158	FDR_lt_0.05
Table_S18_Phase9_terms_of_interest_results.tsv	Phase9_terms	ANCOMBC2	taxonomy_genus	k_PFHxS_derived_tertile	k_PFHxS_derived_tertilehigh	g__Oxalobacter	3.07834698337268				9.45262330537803e-07	0.000141474262137158	FDR_lt_0.05
Table_S18_Phase9_terms_of_interest_results.tsv	Phase9_terms	ANCOMBC2	taxonomy_genus	Include_elimination_rate_analysis	Include_elimination_rate_analysisTRUE	g__Angelakisella	3.60744938643182				2.16277502041837e-06	0.000145169637892653	FDR_lt_0.05
Table_S18_Phase9_terms_of_interest_results.tsv	Phase9_terms	ANCOMBC2	taxonomy_genus	n_k_available	n_k_available8	g__Angelakisella	3.60744938643182				2.16277502041837e-06	0.000145169637892653	FDR_lt_0.05
Table_S18_Phase9_terms_of_interest_results.tsv	Phase9_terms	ANCOMBC2	taxonomy_genus	Include_elimination_rate_analysis	Include_elimination_rate_analysisTRUE	g__GGB36267	3.48144150005089				2.49789648851605e-06	0.000145169637892653	FDR_lt_0.05
Table_S18_Phase9_terms_of_interest_results.tsv	Phase9_terms	ANCOMBC2	taxonomy_genus	n_k_available	n_k_available8	g__GGB36267	3.48144150005089				2.49789648851605e-06	0.000145169637892653	FDR_lt_0.05
Table_S18_Phase9_terms_of_interest_results.tsv	Phase9_terms	ANCOMBC2	taxonomy_genus	Include_elimination_rate_analysis	Include_elimination_rate_analysisTRUE	g__Youxingia	1.45177129764889				2.53745484481821e-06	0.000145169637892653	FDR_lt_0.05
Table_S18_Phase9_terms_of_interest_results.tsv	Phase9_terms	ANCOMBC2	taxonomy_genus	n_k_available	n_k_available8	g__Youxingia	1.45177129764889				2.53745484481821e-06	0.000145169637892653	FDR_lt_0.05
Table_S18_Phase9_terms_of_interest_results.tsv	Phase9_terms	ANCOMBC2	taxonomy_genus	Include_elimination_rate_analysis	Include_elimination_rate_analysisTRUE	g__Bacillota_unclassified	4.23209831587968				2.5865414323858e-06	0.000145169637892653	FDR_lt_0.05
Table_S18_Phase9_terms_of_interest_results.tsv	Phase9_terms	ANCOMBC2	taxonomy_genus	n_k_available	n_k_available8	g__Bacillota_unclassified	4.23209831587968				2.5865414323858e-06	0.000145169637892653	FDR_lt_0.05
Table_S18_Phase9_terms_of_interest_results.tsv	Phase9_terms	ANCOMBC2	taxonomy_genus	HL_PFHxS_derived_tertile	HL_PFHxS_derived_tertilelow	g__Hydrogeniiclostridium	-3.72293931506794				9.84647900883734e-07	0.000152992127638762	FDR_lt_0.05
Table_S18_Phase9_terms_of_interest_results.tsv	Phase9_terms	ANCOMBC2	taxonomy_genus	HL_PFHxS_derived_tertile	HL_PFHxS_derived_tertilelow	g__Oxalobacter	3.07616904999467				1.02221911562647e-06	0.000152992127638762	FDR_lt_0.05
Table_S18_Phase9_terms_of_interest_results.tsv	Phase9_terms	ANCOMBC2	taxonomy_genus	PFNA_derived_tertile	PFNA_derived_tertilehigh	g__GGB9531	3.75406919806405				4.15616406872316e-07	0.00018661176668567	FDR_lt_0.05
Table_S18_Phase9_terms_of_interest_results.tsv	Phase9_terms	ANCOMBC2	taxonomy_genus	PFOS_derived_tertile	PFOS_derived_tertilemid	g__GGB51647	3.31604128780227				1.39946994548417e-06	0.000209454001840798	FDR_lt_0.05
Table_S18_Phase9_terms_of_interest_results.tsv	Phase9_terms	ANCOMBC2	taxonomy_genus	Include_elimination_rate_analysis	Include_elimination_rate_analysisTRUE	g__GGB9110	2.83155504475161				4.25132954756582e-06	0.000212094107428562	FDR_lt_0.05
Table_S18_Phase9_terms_of_interest_results.tsv	Phase9_terms	ANCOMBC2	taxonomy_genus	n_k_available	n_k_available8	g__GGB9110	2.83155504475161				4.25132954756582e-06	0.000212094107428562	FDR_lt_0.05
Table_S18_Phase9_terms_of_interest_results.tsv	Phase9_terms	ANCOMBC2	taxonomy_genus	elim_k_PFOS_MP345_derived_tertile	elim_k_PFOS_MP345_derived_tertilehigh	g__GGB3304	4.25727103609923				9.55703278910126e-07	0.000214555386115323	FDR_lt_0.05
Table_S18_Phase9_terms_of_interest_results.tsv	Phase9_terms	ANCOMBC2	taxonomy_genus	k_PFOS_MP345_derived_tertile	k_PFOS_MP345_derived_tertilehigh	g__GGB3304	4.25727103609923				9.55703278910126e-07	0.000214555386115323	FDR_lt_0.05
Table_S18_Phase9_terms_of_interest_results.tsv	Phase9_terms	ANCOMBC2	taxonomy_genus	elim_k_PFHpS_derived_tertile	elim_k_PFHpS_derived_tertilehigh	g__GGB3612	-3.84468042925142				1.82055571300684e-06	0.000216861690594105	FDR_lt_0.05
Table_S18_Phase9_terms_of_interest_results.tsv	Phase9_terms	ANCOMBC2	taxonomy_genus	k_PFHpS_derived_tertile	k_PFHpS_derived_tertilehigh	g__GGB3612	-3.84468042925142				1.82055571300684e-06	0.000216861690594105	FDR_lt_0.05
Table_S18_Phase9_terms_of_interest_results.tsv	Phase9_terms	ANCOMBC2	taxonomy_genus	elim_k_PFHpS_derived_tertile	elim_k_PFHpS_derived_tertilehigh	g__GGB3478	-2.32150745442134				1.9319527001702e-06	0.000216861690594105	FDR_lt_0.05
Table_S18_Phase9_terms_of_interest_results.tsv	Phase9_terms	ANCOMBC2	taxonomy_genus	k_PFHpS_derived_tertile	k_PFHpS_derived_tertilehigh	g__GGB3478	-2.32150745442134				1.9319527001702e-06	0.000216861690594105	FDR_lt_0.05
Table_S18_Phase9_terms_of_interest_results.tsv	Phase9_terms	ANCOMBC2	taxonomy_genus	fecal_PFOA_derived_tertile	fecal_PFOA_derived_tertilehigh	g__GGB9531	3.55285514413477				5.00614567371453e-07	0.000224775940749782	FDR_lt_0.05
Table_S18_Phase9_terms_of_interest_results.tsv	Phase9_terms	ANCOMBC2	taxonomy_genus	HL_PFOS_MP345_derived_tertile	HL_PFOS_MP345_derived_tertilelow	g__GGB3304	4.24478219244241				1.0131387589233e-06	0.00022744965137828	FDR_lt_0.05
Table_S18_Phase9_terms_of_interest_results.tsv	Phase9_terms	ANCOMBC2	taxonomy_genus	elim_k_PFHxS_derived_tertile	elim_k_PFHxS_derived_tertilehigh	g__GGB3321	-2.81967357963857				2.08201163639296e-06	0.000233705806185109	FDR_lt_0.05
Table_S18_Phase9_terms_of_interest_results.tsv	Phase9_terms	ANCOMBC2	taxonomy_genus	k_PFHxS_derived_tertile	k_PFHxS_derived_tertilehigh	g__GGB3321	-2.81967357963857				2.08201163639296e-06	0.000233705806185109	FDR_lt_0.05
Table_S18_Phase9_terms_of_interest_results.tsv	Phase9_terms	ANCOMBC2	taxonomy_genus	fecal_PFOS_62_derived_tertile	fecal_PFOS_62_derived_tertilemid	g__GGB9529	-7.78401936922521				5.47568777107698e-07	0.000245858380921356	FDR_lt_0.05
Table_S18_Phase9_terms_of_interest_results.tsv	Phase9_terms	ANCOMBC2	taxonomy_genus	HL_PFHxS_derived_tertile	HL_PFHxS_derived_tertilelow	g__GGB3321	-2.82192837288932				2.20974942528895e-06	0.000248044372988685	FDR_lt_0.05
Table_S18_Phase9_terms_of_interest_results.tsv	Phase9_terms	ANCOMBC2	taxonomy_genus	elim_k_PFPeS_derived_tertile	elim_k_PFPeS_derived_tertilemid	g__Candidatus_Gastranaerophilales_unclassified	-5.18626233110097				7.66561463608731e-07	0.000253869751998963	FDR_lt_0.05
Table_S18_Phase9_terms_of_interest_results.tsv	Phase9_terms	ANCOMBC2	taxonomy_genus	k_PFPeS_derived_tertile	k_PFPeS_derived_tertilemid	g__Candidatus_Gastranaerophilales_unclassified	-5.18626233110097				7.66561463608731e-07	0.000253869751998963	FDR_lt_0.05
Table_S18_Phase9_terms_of_interest_results.tsv	Phase9_terms	ANCOMBC2	taxonomy_genus	elim_k_PFPeS_derived_tertile	elim_k_PFPeS_derived_tertilemid	g__GGB6613	-6.30259290963328				1.13707419313849e-06	0.000253869751998963	FDR_lt_0.05
Table_S18_Phase9_terms_of_interest_results.tsv	Phase9_terms	ANCOMBC2	taxonomy_genus	k_PFPeS_derived_tertile	k_PFPeS_derived_tertilemid	g__GGB6613	-6.30259290963328				1.13707419313849e-06	0.000253869751998963	FDR_lt_0.05
Table_S18_Phase9_terms_of_interest_results.tsv	Phase9_terms	ANCOMBC2	taxonomy_genus	elim_k_PFPeS_derived_tertile	elim_k_PFPeS_derived_tertilemid	g__Oxalobacter	3.48934630718086				1.69623442315565e-06	0.000253869751998963	FDR_lt_0.05
Table_S18_Phase9_terms_of_interest_results.tsv	Phase9_terms	ANCOMBC2	taxonomy_genus	k_PFPeS_derived_tertile	k_PFPeS_derived_tertilemid	g__Oxalobacter	3.48934630718086				1.69623442315565e-06	0.000253869751998963	FDR_lt_0.05
Table_S10_covariate_adjusted_sensitivity_models_comprehensive.tsv	CLR_comprehensive	CLR_LM	mag_abundance	fecal_PFOA	fecal_PFOA1.836427496	H06_bin.86	5.09098128384198	0.351700324529259	4.401648647764633	5.780313919919328	2.13346335150486e-12	1.4793861572005e-07	FDR_lt_0.05
Table_S10_covariate_adjusted_sensitivity_models_comprehensive.tsv	CLR_comprehensive	CLR_LM	mag_abundance	fecal_PFOA	fecal_PFOA0.614070352	H06_bin.86	4.83467643830288	0.353940390338623	4.140953273239179	5.528399603366581	6.44888998675866e-12	2.23589464730909e-07	FDR_lt_0.05
Table_S10_covariate_adjusted_sensitivity_models_comprehensive.tsv	CLR_comprehensive	CLR_LM	mag_abundance	fecal_PFOS_62	fecal_PFOS_6215.61414952	H06_bin.86	4.98169711055008	0.35531940105367	4.2852710844848865	5.678123136615273	3.92847330488219e-12	2.67477398651787e-07	FDR_lt_0.05
Table_S10_covariate_adjusted_sensitivity_models_comprehensive.tsv	CLR_comprehensive	CLR_LM	mag_abundance	fecal_PFOS_62	fecal_PFOS_622.808040201	H06_bin.86	4.66329351506646	0.344637824540519	3.987803378967043	5.338783651165877	7.71472985064715e-12	2.67477398651787e-07	FDR_lt_0.05
Table_S10_covariate_adjusted_sensitivity_models_comprehensive.tsv	CLR_comprehensive	CLR_LM	mag_abundance	fecal_PFHxS	fecal_PFHxS0.188916877	G03_bin.63	5.48110879884963	0.355587579506732	4.784157143016436	6.178060454682824	8.16448703683171e-12	6.09691233962445e-07	FDR_lt_0.05
Table_S10_covariate_adjusted_sensitivity_models_comprehensive.tsv	CLR_comprehensive	CLR_LM	mag_abundance	fecal_PFOA	fecal_PFOA0.937628866	E01_bin.79	6.67302083811806	0.532608577934101	5.629108025367222	7.7169336508688975	3.27327922463273e-11	7.5658575998161e-07	FDR_lt_0.05
Table_S10_covariate_adjusted_sensitivity_models_comprehensive.tsv	CLR_comprehensive	CLR_LM	mag_abundance	fecal_PFOA	fecal_PFOA0.532355915	F08_bin.91	5.98854437826588	0.516852677727106	4.975513129920753	7.001575626611007	1.38621443951802e-10	2.40307204162647e-06	FDR_lt_0.05
Table_S10_covariate_adjusted_sensitivity_models_comprehensive.tsv	CLR_comprehensive	CLR_LM	mag_abundance	fecal_PFHxS	fecal_PFHxS5.768690416	H06_bin.86	5.04349487038532	0.374046033793356	4.310364644150343	5.776625096620298	7.56109090393931e-11	2.82316012171286e-06	FDR_lt_0.05
Table_S10_covariate_adjusted_sensitivity_models_comprehensive.tsv	CLR_comprehensive	CLR_LM	mag_abundance	fecal_PFHxS	fecal_PFHxS0.946733668	H06_bin.86	4.90588999106198	0.379720281423456	4.161638239472007	5.650141742651954	1.52334808910861e-10	3.79191806340914e-06	FDR_lt_0.05
Table_S10_covariate_adjusted_sensitivity_models_comprehensive.tsv	CLR_comprehensive	CLR_LM	mag_abundance	fecal_PFNA	fecal_PFNA0.1072295	C07_bin.60	7.56471862318418	0.891489307948976	5.817399579604187	9.312037666764173	1.18818481762586e-10	3.80266669032981e-06	FDR_lt_0.05
Table_S10_covariate_adjusted_sensitivity_models_comprehensive.tsv	CLR_comprehensive	CLR_LM	mag_abundance	fecal_PFNA	fecal_PFNA0.108816121	C03_bin.61	9.59909828889608	1.18194739230532	7.2824813999776525	11.915715177814509	3.78933632472592e-10	6.06369598682642e-06	FDR_lt_0.05
Table_S18_Phase9_terms_of_interest_results.tsv	Phase9_terms	ANCOMBC2	mag_abundance	PFOS_branchedMP3_4_51_derived_tertile	PFOS_branchedMP3_4_51_derived_tertilelow	B06_bin.95	7.45134930906955				5.46725901237466e-09	9.72078652400215e-06	FDR_lt_0.05
Table_S10_covariate_adjusted_sensitivity_models_comprehensive.tsv	CLR_comprehensive	CLR_LM	mag_abundance	fecal_PFHxS	fecal_PFHxS10.79948454	E01_bin.79	6.71315986270614	0.560583189590959	5.61441681110786	7.8119029143044205	5.21657959877973e-10	9.73883245296188e-06	FDR_lt_0.05
Table_S18_Phase9_terms_of_interest_results.tsv	Phase9_terms	ANCOMBC2	mag_abundance	PFOS_branchedMP2_61_derived_tertile	PFOS_branchedMP2_61_derived_tertilelow	B06_bin.95	7.40790681792986				5.7427802296203e-09	1.02106632482649e-05	FDR_lt_0.05
Table_S10_covariate_adjusted_sensitivity_models_comprehensive.tsv	CLR_comprehensive	CLR_LM	mag_abundance	fecal_PFOS_62	fecal_PFOS_6216.63104839	G04_bin.33	7.18432136290257	0.662243325405134	5.8863244451085075	8.482318280696633	4.56941508796976e-10	1.05617460343333e-05	FDR_lt_0.05
Table_S10_covariate_adjusted_sensitivity_models_comprehensive.tsv	CLR_comprehensive	CLR_LM	mag_abundance	fecal_PFOS_62	fecal_PFOS_621.309164149	H06_bin.86	3.82549975228463	0.360967979352425	3.118002512753877	4.5329969918153825	6.94187771746352e-10	1.20340921171089e-05	FDR_lt_0.05
Table_S10_covariate_adjusted_sensitivity_models_comprehensive.tsv	CLR_comprehensive	CLR_LM	mag_abundance	fecal_PFHxS	fecal_PFHxS0.947633434	G03_bin.63	4.78431414456155	0.411007023406178	3.9787403786854405	5.589887910437659	8.22206505138714e-10	1.22798185955477e-05	FDR_lt_0.05
Table_S10_covariate_adjusted_sensitivity_models_comprehensive.tsv	CLR_comprehensive	CLR_LM	mag_abundance	fecal_PFOA	fecal_PFOA0.767371601	H06_bin.86	4.02315742127443	0.386880126930597	3.26487237249046	4.7814424700583995	9.72322450242814e-10	1.34845566689474e-05	FDR_lt_0.05
Table_S18_Phase9_terms_of_interest_results.tsv	Phase9_terms	ANCOMBC2	mag_abundance	fecal_PFNA_derived_tertile	fecal_PFNA_derived_tertilehigh	C05_bin.19	4.25446663651644				7.6480921004108e-09	1.35983077545304e-05	FDR_lt_0.05
Table_S10_covariate_adjusted_sensitivity_models_comprehensive.tsv	CLR_comprehensive	CLR_LM	mag_abundance	fecal_PFOA	fecal_PFOA2.061491935	G04_bin.33	7.03722224056417	0.685985865659333	5.692689943871878	8.381754537256462	1.23675673289382e-09	1.42931975620538e-05	FDR_lt_0.05
Table_S10_covariate_adjusted_sensitivity_models_comprehensive.tsv	CLR_comprehensive	CLR_LM	mag_abundance	fecal_PFOA	fecal_PFOA0.353176588	H06_bin.86	3.47582193217423	0.341840352333882	2.8058148415998216	4.1458290227486385	1.44610161382617e-09	1.4325082586562e-05	FDR_lt_0.05
Table_S10_covariate_adjusted_sensitivity_models_comprehensive.tsv	CLR_comprehensive	CLR_LM	mag_abundance	fecal_PFNA	fecal_PFNA0.108816121	A03_bin.15	9.58787143473415	1.2582183790338	7.121763411827903	12.053979457640398	1.91038753965551e-09	2.03800142730449e-05	FDR_lt_0.05
Table_S10_covariate_adjusted_sensitivity_models_comprehensive.tsv	CLR_comprehensive	CLR_LM	mag_abundance	fecal_PFHxS	fecal_PFHxS1.077856421	F08_bin.91	5.94389288593107	0.541902384929844	4.8817642114685755	7.006021560393564	2.11417058119715e-09	2.63129670535798e-05	FDR_lt_0.05
Table_S10_covariate_adjusted_sensitivity_models_comprehensive.tsv	CLR_comprehensive	CLR_LM	mag_abundance	fecal_L_PFOS	fecal_L_PFOS14.92918132	C05_bin.87	7.35032280979085	0.427580828770739	6.512264385400202	8.188381234181499	8.10235569220934e-10	2.79703709874114e-05	FDR_lt_0.05
Table_S10_covariate_adjusted_sensitivity_models_comprehensive.tsv	CLR_comprehensive	CLR_LM	mag_abundance	fecal_L_PFOS	fecal_L_PFOS14.92918132	H02_bin.14	7.07207573426538	0.427580828770739	6.234017309874732	7.910134158656028	1.2651976671833e-09	2.79703709874114e-05	FDR_lt_0.05
Table_S10_covariate_adjusted_sensitivity_models_comprehensive.tsv	CLR_comprehensive	CLR_LM	mag_abundance	fecal_L_PFOS	fecal_L_PFOS60.31945838	H02_bin.14	7.14235526070898	0.443606100970178	6.2728873028074315	8.011823218610528	1.72487772306986e-09	2.79703709874114e-05	FDR_lt_0.05
Table_S10_covariate_adjusted_sensitivity_models_comprehensive.tsv	CLR_comprehensive	CLR_LM	mag_abundance	fecal_L_PFOS	fecal_L_PFOS14.92918132	C01_bin.23	6.87042277607067	0.427580828770739	6.032364351680022	7.708481200461319	1.76550319311682e-09	2.79703709874114e-05	FDR_lt_0.05
Table_S10_covariate_adjusted_sensitivity_models_comprehensive.tsv	CLR_comprehensive	CLR_LM	mag_abundance	fecal_L_PFOS	fecal_L_PFOS60.31945838	C01_bin.23	7.11490044634796	0.443606100970178	6.245432488446411	7.984368404249508	1.80302518675385e-09	2.79703709874114e-05	FDR_lt_0.05
Table_S10_covariate_adjusted_sensitivity_models_comprehensive.tsv	CLR_comprehensive	CLR_LM	mag_abundance	fecal_L_PFOS	fecal_L_PFOS60.31945838	C05_bin.87	7.06142976507214	0.443606100970178	6.191961807170592	7.930897722973689	1.96642090743893e-09	2.79703709874114e-05	FDR_lt_0.05
Table_S10_covariate_adjusted_sensitivity_models_comprehensive.tsv	CLR_comprehensive	CLR_LM	mag_abundance	fecal_L_PFOS	fecal_L_PFOS25.14525692	C05_bin.87	6.98361728758727	0.446519517565639	6.108439033158618	7.858795542015923	2.40776459152536e-09	2.93554658998772e-05	FDR_lt_0.05
Table_S10_covariate_adjusted_sensitivity_models_comprehensive.tsv	CLR_comprehensive	CLR_LM	mag_abundance	fecal_PFOS_62	fecal_PFOS_622.931465733	H06_bin.86	3.35597605272322	0.344778174869213	2.6802108299795626	4.031741275466878	3.10134773992648e-09	4.30107309963964e-05	FDR_lt_0.05
Table_S10_covariate_adjusted_sensitivity_models_comprehensive.tsv	CLR_comprehensive	CLR_LM	mag_abundance	fecal_PFOA	fecal_PFOA2.061491935	G04_bin.38	4.86737803883131	0.519682224877184	3.8488008780720295	5.88595519959059	6.02236886332055e-09	5.22003877150466e-05	FDR_lt_0.05
Table_S10_covariate_adjusted_sensitivity_models_comprehensive.tsv	CLR_comprehensive	CLR_LM	mag_abundance	fecal_PFOS_62	fecal_PFOS_6216.63104839	G04_bin.38	4.72735222636804	0.502564075440044	3.7423266385055536	5.712377814230526	5.59429172914001e-09	6.46532295136711e-05	FDR_lt_0.05
Table_S10_covariate_adjusted_sensitivity_models_comprehensive.tsv	CLR_comprehensive	CLR_LM	mag_abundance	fecal_PFOA	fecal_PFOA0.937628866	F08_bin.91	5.07768862884332	0.561184647915112	3.9777667189297006	6.177610538756939	1.08348782350352e-08	8.34791251748677e-05	FDR_lt_0.05
Table_S10_covariate_adjusted_sensitivity_models_comprehensive.tsv	CLR_comprehensive	CLR_LM	mag_abundance	fecal_PFOA	fecal_PFOA0.532355915	E01_bin.79	4.40730592497999	0.490534034935514	3.445859216506383	5.368752633453598	1.22008838664039e-08	8.4603368906418e-05	FDR_lt_0.05
Table_S10_covariate_adjusted_sensitivity_models_comprehensive.tsv	CLR_comprehensive	CLR_LM	mag_abundance	fecal_PFOS_62	fecal_PFOS_625.206843718	H07_bin.27	5.50387270485419	0.600504060082008	4.3268847470934535	6.680860662614926	8.71175095516775e-09	8.62986049618917e-05	FDR_lt_0.05
Table_S18_Phase9_terms_of_interest_results.tsv	Phase9_terms	ANCOMBC2	mag_abundance	fecal_totalPFOS_derived_tertile	fecal_totalPFOS_derived_tertilelow	G07_bin.38	3.96913871555409				5.38452170769365e-08	9.57367959627931e-05	FDR_lt_0.05
Table_S18_Phase9_terms_of_interest_results.tsv	Phase9_terms	ANCOMBC2	mag_abundance	PFOS_branched_MP11_derived_tertile	PFOS_branched_MP11_derived_tertilelow	B06_bin.95	5.77274203283834				5.8543961055461e-08	0.00010409116275661	FDR_lt_0.05
Table_S10_covariate_adjusted_sensitivity_models_comprehensive.tsv	CLR_comprehensive	CLR_LM	mag_abundance	fecal_L_PFOS	fecal_L_PFOS6.984607491	C01_bin.21	7.07552580939621	0.512570825791948	6.070886990843992	8.08016462794843	1.00121739594729e-08	0.000106809871799657	FDR_lt_0.05
Table_S10_covariate_adjusted_sensitivity_models_comprehensive.tsv	CLR_comprehensive	CLR_LM	mag_abundance	fecal_L_PFOS	fecal_L_PFOS1.263696877	C01_bin.21	6.65256785699115	0.48926603753957	5.693606423413593	7.611529290568708	1.18811899278365e-08	0.000112665363689031	FDR_lt_0.05
Table_S10_covariate_adjusted_sensitivity_models_comprehensive.tsv	CLR_comprehensive	CLR_LM	mag_abundance	fecal_PFHxS	fecal_PFHxS0.947633434	H06_bin.86	4.18334869263033	0.426919447694433	3.346586575149241	5.020110810111419	1.21972198941974e-08	0.000130119941831297	FDR_lt_0.05
Table_S10_covariate_adjusted_sensitivity_models_comprehensive.tsv	CLR_comprehensive	CLR_LM	mag_abundance	fecal_L_PFOS	fecal_L_PFOS25.14525692	H02_bin.14	5.90649728445479	0.446519517565639	5.031319030026138	6.781675538883443	1.62173054741644e-08	0.000138404971838709	FDR_lt_0.05
Table_S18_Phase9_terms_of_interest_results.tsv	Phase9_terms	ANCOMBC2	mag_abundance	Include_elimination_rate_analysis	Include_elimination_rate_analysisTRUE	D03_bin.84	1.76505670705608				1.11975367031285e-07	0.000148220719170952	FDR_lt_0.05
Table_S18_Phase9_terms_of_interest_results.tsv	Phase9_terms	ANCOMBC2	mag_abundance	n_k_available	n_k_available8	D03_bin.84	1.76505670705608				1.11975367031285e-07	0.000148220719170952	FDR_lt_0.05
Table_S18_Phase9_terms_of_interest_results.tsv	Phase9_terms	ANCOMBC2	mag_abundance	Include_elimination_rate_analysis	Include_elimination_rate_analysisTRUE	A07_bin.5	-2.39799559523935				1.94891283479935e-07	0.000148220719170952	FDR_lt_0.05
Table_S18_Phase9_terms_of_interest_results.tsv	Phase9_terms	ANCOMBC2	mag_abundance	n_k_available	n_k_available8	A07_bin.5	-2.39799559523935				1.94891283479935e-07	0.000148220719170952	FDR_lt_0.05
Table_S18_Phase9_terms_of_interest_results.tsv	Phase9_terms	ANCOMBC2	mag_abundance	Include_elimination_rate_analysis	Include_elimination_rate_analysisTRUE	A01_bin.28	1.75295028767352				2.50091202200707e-07	0.000148220719170952	FDR_lt_0.05
Table_S18_Phase9_terms_of_interest_results.tsv	Phase9_terms	ANCOMBC2	mag_abundance	n_k_available	n_k_available8	A01_bin.28	1.75295028767352				2.50091202200707e-07	0.000148220719170952	FDR_lt_0.05
Table_S10_covariate_adjusted_sensitivity_models_comprehensive.tsv	CLR_comprehensive	CLR_LM	mag_abundance	fecal_PFHxS	fecal_PFHxS4.642641129	G04_bin.33	7.05463974211357	0.736561151087321	5.61097988598242	8.498299598244719	1.72733957965801e-08	0.000152880619711661	FDR_lt_0.05
Table_S10_covariate_adjusted_sensitivity_models_comprehensive.tsv	CLR_comprehensive	CLR_LM	mag_abundance	fecal_PFHxS	fecal_PFHxS0.397698849	H06_bin.86	3.44134532513302	0.360835134521729	2.734108461470431	4.148582188795609	1.84252715384454e-08	0.000152880619711661	FDR_lt_0.05
Table_S18_Phase9_terms_of_interest_results.tsv	Phase9_terms	ANCOMBC2	mag_abundance	fecal_totalPFOS_derived_tertile	fecal_totalPFOS_derived_tertilelow	A08_bin.27	3.48955638269544				1.84975593573084e-07	0.000164443302686472	FDR_lt_0.05
Table_S10_covariate_adjusted_sensitivity_models_comprehensive.tsv	CLR_comprehensive	CLR_LM	mag_abundance	fecal_L_PFOS	fecal_L_PFOS34.77733795	H02_bin.14	6.33080529450164	0.498353126237651	5.354033167075844	7.307577421927435	2.55701719355103e-08	0.000166042614024962	FDR_lt_0.05
Table_S10_covariate_adjusted_sensitivity_models_comprehensive.tsv	CLR_comprehensive	CLR_LM	mag_abundance	fecal_L_PFOS	fecal_L_PFOS1.263696877	C01_bin.23	6.21373082246781	0.48926603753957	5.254769388890253	7.172692256045368	2.5645914425826e-08	0.000166042614024962	FDR_lt_0.05
Table_S10_covariate_adjusted_sensitivity_models_comprehensive.tsv	CLR_comprehensive	CLR_LM	mag_abundance	fecal_L_PFOS	fecal_L_PFOS6.984607491	A09_bin.9	6.49828145612357	0.512570825791948	5.4936426375713525	7.502920274675788	2.61565877562275e-08	0.000166042614024962	FDR_lt_0.05
Table_S10_covariate_adjusted_sensitivity_models_comprehensive.tsv	CLR_comprehensive	CLR_LM	mag_abundance	fecal_L_PFOS	fecal_L_PFOS0.315765561	D01_bin.28	6.26738412053868	0.496145828535623	5.294938296608859	7.239829944468501	2.7237961618268e-08	0.000166042614024962	FDR_lt_0.05
Table_S10_covariate_adjusted_sensitivity_models_comprehensive.tsv	CLR_comprehensive	CLR_LM	mag_abundance	fecal_L_PFOS	fecal_L_PFOS18.83551308	H02_bin.14	5.34661402619481	0.429741030282831	4.504321606840461	6.188906445549159	3.23005223537762e-08	0.000176063666755258	FDR_lt_0.05
Table_S10_covariate_adjusted_sensitivity_models_comprehensive.tsv	CLR_comprehensive	CLR_LM	mag_abundance	fecal_L_PFOS	fecal_L_PFOS1.263696877	D01_bin.28	6.07542801872185	0.48926603753957	5.116466585144293	7.034389452299408	3.30078115401683e-08	0.000176063666755258	FDR_lt_0.05
Table_S18_Phase9_terms_of_interest_results.tsv	Phase9_terms	ANCOMBC2	mag_abundance	Include_elimination_rate_analysis	Include_elimination_rate_analysisTRUE	D05_bin.15	-1.52958925712745				3.97528143083654e-07	0.000176701259600684	FDR_lt_0.05
Table_S18_Phase9_terms_of_interest_results.tsv	Phase9_terms	ANCOMBC2	mag_abundance	n_k_available	n_k_available8	D05_bin.15	-1.52958925712745				3.97528143083654e-07	0.000176701259600684	FDR_lt_0.05
Table_S10_covariate_adjusted_sensitivity_models_comprehensive.tsv	CLR_comprehensive	CLR_LM	mag_abundance	fecal_L_PFOS	fecal_L_PFOS25.14525692	C01_bin.23	5.50844194469214	0.446519517565639	4.633263690263488	6.383620199120792	3.55169096722996e-08	0.000178303243474867	FDR_lt_0.05
Table_S18_Phase9_terms_of_interest_results.tsv	Phase9_terms	ANCOMBC2	mag_abundance	Include_elimination_rate_analysis	Include_elimination_rate_analysisTRUE	D06_bin.80	-1.50886362695896				5.98003920629511e-07	0.000180507119088926	FDR_lt_0.05
Table_S18_Phase9_terms_of_interest_results.tsv	Phase9_terms	ANCOMBC2	mag_abundance	n_k_available	n_k_available8	D06_bin.80	-1.50886362695896				5.98003920629511e-07	0.000180507119088926	FDR_lt_0.05
Table_S18_Phase9_terms_of_interest_results.tsv	Phase9_terms	ANCOMBC2	mag_abundance	Include_elimination_rate_analysis	Include_elimination_rate_analysisTRUE	E03_bin.28	3.35328383775001				6.09135385002e-07	0.000180507119088926	FDR_lt_0.05
Table_S18_Phase9_terms_of_interest_results.tsv	Phase9_terms	ANCOMBC2	mag_abundance	n_k_available	n_k_available8	E03_bin.28	3.35328383775001				6.09135385002e-07	0.000180507119088926	FDR_lt_0.05
Table_S18_Phase9_terms_of_interest_results.tsv	Phase9_terms	ANCOMBC2	mag_abundance	PFOA_derived_tertile	PFOA_derived_tertilemid	B08_bin.60	2.97432083361056				1.0583450639044e-07	0.000188173752362203	FDR_lt_0.05
Table_S18_Phase9_terms_of_interest_results.tsv	Phase9_terms	ANCOMBC2	mag_abundance	Include_elimination_rate_analysis	Include_elimination_rate_analysisTRUE	E02_bin.46	1.73162375402117				8.46735958020101e-07	0.000199147375517813	FDR_lt_0.05
Table_S18_Phase9_terms_of_interest_results.tsv	Phase9_terms	ANCOMBC2	mag_abundance	n_k_available	n_k_available8	E02_bin.46	1.73162375402117				8.46735958020101e-07	0.000199147375517813	FDR_lt_0.05
Table_S18_Phase9_terms_of_interest_results.tsv	Phase9_terms	ANCOMBC2	mag_abundance	Include_elimination_rate_analysis	Include_elimination_rate_analysisTRUE	D06_bin.42	-1.72404861568434				9.38055520553957e-07	0.000199147375517813	FDR_lt_0.05
Table_S18_Phase9_terms_of_interest_results.tsv	Phase9_terms	ANCOMBC2	mag_abundance	n_k_available	n_k_available8	D06_bin.42	-1.72404861568434				9.38055520553957e-07	0.000199147375517813	FDR_lt_0.05
Table_S18_Phase9_terms_of_interest_results.tsv	Phase9_terms	ANCOMBC2	mag_abundance	Include_elimination_rate_analysis	Include_elimination_rate_analysisTRUE	C04_bin.11	1.18556477909865				1.0337266842074e-06	0.000199147375517813	FDR_lt_0.05
Table_S18_Phase9_terms_of_interest_results.tsv	Phase9_terms	ANCOMBC2	mag_abundance	n_k_available	n_k_available8	C04_bin.11	1.18556477909865				1.0337266842074e-06	0.000199147375517813	FDR_lt_0.05
Table_S18_Phase9_terms_of_interest_results.tsv	Phase9_terms	ANCOMBC2	mag_abundance	Include_elimination_rate_analysis	Include_elimination_rate_analysisTRUE	D05_bin.78	-1.86575783472987				1.12006397929028e-06	0.000199147375517813	FDR_lt_0.05
Table_S18_Phase9_terms_of_interest_results.tsv	Phase9_terms	ANCOMBC2	mag_abundance	n_k_available	n_k_available8	D05_bin.78	-1.86575783472987				1.12006397929028e-06	0.000199147375517813	FDR_lt_0.05
Table_S18_Phase9_terms_of_interest_results.tsv	Phase9_terms	ANCOMBC2	mag_abundance	PFNA_derived_tertile	PFNA_derived_tertilelow	B06_bin.95	-5.7040901060469				1.16134684430355e-07	0.000206487468917171	FDR_lt_0.05
Table_S18_Phase9_terms_of_interest_results.tsv	Phase9_terms	ANCOMBC2	mag_abundance	fecal_totalPFOS_derived_tertile	fecal_totalPFOS_derived_tertilelow	B06_bin.95	4.62267264839175				3.51360970240813e-07	0.000208239935029388	FDR_lt_0.05
Table_S10_covariate_adjusted_sensitivity_models_comprehensive.tsv	CLR_comprehensive	CLR_LM	agora2_reaction	fecal_PFNA	fecal_PFNA0.14375	HYPSUCORNS	-10.3470900144374	0.685531007997956	-11.690730790113394	-9.003449238761407	1.4405188059619e-18	2.59293385073142e-14	FDR_lt_0.05
Table_S10_covariate_adjusted_sensitivity_models_comprehensive.tsv	CLR_comprehensive	CLR_LM	agora2_reaction	fecal_PFNA	fecal_PFNA0.14375	SUCCITRDSs	-10.3470900144374	0.685531007997956	-11.690730790113394	-9.003449238761407	1.4405188059619e-18	2.59293385073142e-14	FDR_lt_0.05
Table_S10_covariate_adjusted_sensitivity_models_comprehensive.tsv	CLR_comprehensive	CLR_LM	agora2_reaction	fecal_PFNA	fecal_PFNA0.14375	PDX5PS	-10.2078794115556	0.731071777911657	-11.640780096262448	-8.774978726848753	2.22821314341107e-17	2.67385577209329e-13	FDR_lt_0.05
Table_S10_covariate_adjusted_sensitivity_models_comprehensive.tsv	CLR_comprehensive	CLR_LM	agora2_reaction	fecal_PFNA	fecal_PFNA0.14375	ALKP_R788	-11.5147447535744	0.840466259728683	-13.162058622642618	-9.86743088450618	4.29719614058239e-17	3.31066212897858e-13	FDR_lt_0.05
Table_S10_covariate_adjusted_sensitivity_models_comprehensive.tsv	CLR_comprehensive	CLR_LM	agora2_reaction	fecal_PFNA	fecal_PFNA0.14375	R788t2pp	-11.5130080973446	0.841990772312718	-13.163310011077527	-9.862706183611671	4.59814184580359e-17	3.31066212897858e-13	FDR_lt_0.05
Table_S10_covariate_adjusted_sensitivity_models_comprehensive.tsv	CLR_comprehensive	CLR_LM	agora2_reaction	fecal_PFNA	fecal_PFNA0.14375	DAPabcpp	-11.5676647895449	1.04264683503959	-13.611252586222495	-9.524076992867304	4.6170293591318e-14	2.77021761547908e-10	FDR_lt_0.05
Table_S10_covariate_adjusted_sensitivity_models_comprehensive.tsv	CLR_comprehensive	CLR_LM	agora2_reaction	fecal_PFNA	fecal_PFNA0.14375	GLYCtex	-6.5583343563399	0.676275679235687	-7.883834687641847	-5.2328340250379535	2.78254176650505e-12	1.25214379492727e-08	FDR_lt_0.05
Table_S10_covariate_adjusted_sensitivity_models_comprehensive.tsv	CLR_comprehensive	CLR_LM	agora2_reaction	fecal_PFNA	fecal_PFNA0.14375	GLYCtpp	-6.5583343563399	0.676275679235687	-7.883834687641847	-5.2328340250379535	2.78254176650505e-12	1.25214379492727e-08	FDR_lt_0.05
Table_S10_covariate_adjusted_sensitivity_models_comprehensive.tsv	CLR_comprehensive	CLR_LM	agora2_reaction	fecal_PFOS_62	fecal_PFOS_625.115384615	HYPSUCORNS	-10.4892144390867	0.683559731058072	-11.82899151196052	-9.14943736621288	6.93404940068969e-13	2.70427926626898e-08	FDR_lt_0.05
Table_S10_covariate_adjusted_sensitivity_models_comprehensive.tsv	CLR_comprehensive	CLR_LM	agora2_reaction	fecal_PFOS_62	fecal_PFOS_625.115384615	SUCCITRDSs	-10.4892144390867	0.683559731058072	-11.82899151196052	-9.14943736621288	6.93404940068969e-13	2.70427926626898e-08	FDR_lt_0.05
Table_S10_covariate_adjusted_sensitivity_models_comprehensive.tsv	CLR_comprehensive	CLR_LM	agora2_reaction	fecal_PFOA	fecal_PFOA0.398076923	HYPSUCORNS	-10.6294907178144	0.715203070543539	-12.031288736079738	-9.227692699549063	1.28532837816779e-12	5.01278067485437e-08	FDR_lt_0.05
Table_S10_covariate_adjusted_sensitivity_models_comprehensive.tsv	CLR_comprehensive	CLR_LM	agora2_reaction	fecal_PFOA	fecal_PFOA0.398076923	SUCCITRDSs	-10.6294907178144	0.715203070543539	-12.031288736079738	-9.227692699549063	1.28532837816779e-12	5.01278067485437e-08	FDR_lt_0.05
Table_S10_covariate_adjusted_sensitivity_models_comprehensive.tsv	CLR_comprehensive	CLR_LM	agora2_reaction	fecal_PFOS_62	fecal_PFOS_625.115384615	PDX5PS	-10.43571701279	0.739470855565828	-11.885079889699023	-8.986354135880978	3.46741239825873e-12	9.01527223547271e-08	FDR_lt_0.05
Table_S10_covariate_adjusted_sensitivity_models_comprehensive.tsv	CLR_comprehensive	CLR_LM	agora2_reaction	fecal_PFOS_62	fecal_PFOS_625.115384615	ALKP_R788	-11.8231283489404	0.912491635506616	-13.611611954533368	-10.034644743347434	1.74661151986536e-11	2.89990029666799e-07	FDR_lt_0.05
Table_S10_covariate_adjusted_sensitivity_models_comprehensive.tsv	CLR_comprehensive	CLR_LM	agora2_reaction	fecal_PFOS_62	fecal_PFOS_625.115384615	R788t2pp	-11.8202683450755	0.915306260240412	-13.614268615146706	-10.026268075004293	1.85891044658204e-11	2.89990029666799e-07	FDR_lt_0.05
Table_S10_covariate_adjusted_sensitivity_models_comprehensive.tsv	CLR_comprehensive	CLR_LM	agora2_reaction	fecal_PFOA	fecal_PFOA0.398076923	PDX5PS	-10.4341834460819	0.800741489192201	-12.003636764898614	-8.864730127265185	1.57020219510283e-11	4.08252570726735e-07	FDR_lt_0.05
Table_S10_covariate_adjusted_sensitivity_models_comprehensive.tsv	CLR_comprehensive	CLR_LM	agora2_reaction	fecal_PFNA	fecal_PFNA0.14375	DADNK	-11.6162683314399	1.43881976184236	-14.436355064650925	-8.796181598228873	4.4192084310518e-10	1.15509530818727e-06	FDR_lt_0.05
Table_S10_covariate_adjusted_sensitivity_models_comprehensive.tsv	CLR_comprehensive	CLR_LM	agora2_reaction	fecal_PFNA	fecal_PFNA0.14375	r0456	-11.6162683314399	1.43881976184236	-14.436355064650925	-8.796181598228873	4.4192084310518e-10	1.15509530818727e-06	FDR_lt_0.05
Table_S10_covariate_adjusted_sensitivity_models_comprehensive.tsv	CLR_comprehensive	CLR_LM	agora2_reaction	fecal_PFNA	fecal_PFNA0.14375	ADXFTSNT	-11.2628000846374	1.39591900702157	-13.998801338399677	-8.526798830875123	4.49203730961715e-10	1.15509530818727e-06	FDR_lt_0.05
Table_S10_covariate_adjusted_sensitivity_models_comprehensive.tsv	CLR_comprehensive	CLR_LM	agora2_reaction	fecal_PFNA	fecal_PFNA0.14375	DH6NAOT4	-11.2628000846374	1.39591900702157	-13.998801338399677	-8.526798830875123	4.49203730961715e-10	1.15509530818727e-06	FDR_lt_0.05
Table_S10_covariate_adjusted_sensitivity_models_comprehensive.tsv	CLR_comprehensive	CLR_LM	agora2_reaction	fecal_PFNA	fecal_PFNA0.14375	DH6NPHS	-11.2628000846374	1.39591900702157	-13.998801338399677	-8.526798830875123	4.49203730961715e-10	1.15509530818727e-06	FDR_lt_0.05
Table_S10_covariate_adjusted_sensitivity_models_comprehensive.tsv	CLR_comprehensive	CLR_LM	agora2_reaction	fecal_PFNA	fecal_PFNA0.14375	DXFTOR	-11.2628000846374	1.39591900702157	-13.998801338399677	-8.526798830875123	4.49203730961715e-10	1.15509530818727e-06	FDR_lt_0.05
Table_S10_covariate_adjusted_sensitivity_models_comprehensive.tsv	CLR_comprehensive	CLR_LM	agora2_reaction	fecal_PFOS_62	fecal_PFOS_625.115384615	DAPabcpp	-11.8385601050581	1.00200632631874	-13.802492504642832	-9.874627705473369	9.69459364395086e-11	1.26029717371361e-06	FDR_lt_0.05
Table_S10_covariate_adjusted_sensitivity_models_comprehensive.tsv	CLR_comprehensive	CLR_LM	agora2_reaction	fecal_PFNA	fecal_PFNA0.14375	GLYC3Ptpp	-11.2293987893068	1.42104336997034	-14.014643794448666	-8.444153784164932	7.66651565619889e-10	1.60984098516329e-06	FDR_lt_0.05
Table_S10_covariate_adjusted_sensitivity_models_comprehensive.tsv	CLR_comprehensive	CLR_LM	agora2_reaction	fecal_PFNA	fecal_PFNA0.122959184	ADXFTSNT	-10.569710816271	1.34297582135	-13.201943426117	-7.937478206425	8.49638297725068e-10	1.60984098516329e-06	FDR_lt_0.05
Table_S10_covariate_adjusted_sensitivity_models_comprehensive.tsv	CLR_comprehensive	CLR_LM	agora2_reaction	fecal_PFNA	fecal_PFNA0.122959184	DH6NAOT4	-10.569710816271	1.34297582135	-13.201943426117	-7.937478206425	8.49638297725068e-10	1.60984098516329e-06	FDR_lt_0.05
Table_S10_covariate_adjusted_sensitivity_models_comprehensive.tsv	CLR_comprehensive	CLR_LM	agora2_reaction	fecal_PFNA	fecal_PFNA0.122959184	DH6NPHS	-10.569710816271	1.34297582135	-13.201943426117	-7.937478206425	8.49638297725068e-10	1.60984098516329e-06	FDR_lt_0.05
Table_S10_covariate_adjusted_sensitivity_models_comprehensive.tsv	CLR_comprehensive	CLR_LM	agora2_reaction	fecal_PFNA	fecal_PFNA0.122959184	DXFTOR	-10.569710816271	1.34297582135	-13.201943426117	-7.937478206425	8.49638297725068e-10	1.60984098516329e-06	FDR_lt_0.05
Table_S10_covariate_adjusted_sensitivity_models_comprehensive.tsv	CLR_comprehensive	CLR_LM	agora2_reaction	fecal_PFOA	fecal_PFOA0.398076923	ALKP_R788	-11.615124780828	0.997267781711339	-13.569769632982224	-9.660479928673775	1.26046520168425e-10	2.10221167215845e-06	FDR_lt_0.05
Table_S10_covariate_adjusted_sensitivity_models_comprehensive.tsv	CLR_comprehensive	CLR_LM	agora2_reaction	fecal_PFOA	fecal_PFOA0.398076923	R788t2pp	-11.6145561387975	1.00086754912707	-13.576256535086557	-9.652855742508443	1.34757158471696e-10	2.10221167215845e-06	FDR_lt_0.05
Table_S10_covariate_adjusted_sensitivity_models_comprehensive.tsv	CLR_comprehensive	CLR_LM	agora2_reaction	fecal_PFOA	fecal_PFOA0.398076923	DAPabcpp	-11.547225034821	1.08335091311225	-13.67059282452101	-9.42385724512099	6.26687268131597e-10	8.14693448571077e-06	FDR_lt_0.05
Table_S10_covariate_adjusted_sensitivity_models_comprehensive.tsv	CLR_comprehensive	CLR_LM	agora2_reaction	fecal_PFNA	fecal_PFNA0.108816121	4HBZt2pp	-11.6036046314062	1.5958850430371	-14.731539315758916	-8.475669947053483	5.97043786375503e-09	1.02350363378658e-05	FDR_lt_0.05
Table_S10_covariate_adjusted_sensitivity_models_comprehensive.tsv	CLR_comprehensive	CLR_LM	agora2_reaction	fecal_PFNA	fecal_PFNA0.108816121	4HBZtex	-11.6036046314062	1.5958850430371	-14.731539315758916	-8.475669947053483	5.97043786375503e-09	1.02350363378658e-05	FDR_lt_0.05
Table_S10_covariate_adjusted_sensitivity_models_comprehensive.tsv	CLR_comprehensive	CLR_LM	agora2_reaction	fecal_PFHxS	fecal_PFHxS1.112980769	HYPSUCORNS	-10.6380638728024	0.866623245682047	-12.336645434339212	-8.939482311265587	3.49966842249276e-10	1.46986073744696e-05	FDR_lt_0.05
Table_S10_covariate_adjusted_sensitivity_models_comprehensive.tsv	CLR_comprehensive	CLR_LM	agora2_reaction	fecal_PFHxS	fecal_PFHxS1.112980769	SUCCITRDSs	-10.6380638728024	0.866623245682047	-12.336645434339212	-8.939482311265587	3.49966842249276e-10	1.46986073744696e-05	FDR_lt_0.05
Table_S10_covariate_adjusted_sensitivity_models_comprehensive.tsv	CLR_comprehensive	CLR_LM	agora2_reaction	fecal_PFNA	fecal_PFNA0.14375	r0191	-10.8177835744832	1.53363336649518	-13.823704972813752	-7.811862176152646	1.21812840279259e-08	1.99330102275151e-05	FDR_lt_0.05
Table_S10_covariate_adjusted_sensitivity_models_comprehensive.tsv	CLR_comprehensive	CLR_LM	agora2_reaction	fecal_PFNA	fecal_PFNA0.14375	GLUABUTt7pp	-6.23738186977371	0.902445406976551	-8.00617486744775	-4.46858887209967	1.94451788737926e-08	3.0435932150284e-05	FDR_lt_0.05
Table_S10_covariate_adjusted_sensitivity_models_comprehensive.tsv	CLR_comprehensive	CLR_LM	agora2_reaction	fecal_PFOS_62	fecal_PFOS_625.115384615	GLYCtex	-6.87795629580439	0.711684721421393	-8.27285834979032	-5.48305424181846	3.51078869297605e-09	3.42301897565165e-05	FDR_lt_0.05
Table_S10_covariate_adjusted_sensitivity_models_comprehensive.tsv	CLR_comprehensive	CLR_LM	agora2_reaction	fecal_PFOS_62	fecal_PFOS_625.115384615	GLYCtpp	-6.87795629580439	0.711684721421393	-8.27285834979032	-5.48305424181846	3.51078869297605e-09	3.42301897565165e-05	FDR_lt_0.05
Table_S10_covariate_adjusted_sensitivity_models_comprehensive.tsv	CLR_comprehensive	CLR_LM	agora2_reaction	fecal_PFHxS	fecal_PFHxS1.112980769	PDX5PS	-10.4202859904662	0.946158455722581	-12.274756563682459	-8.56581541724994	1.98277396173586e-09	5.55176709286042e-05	FDR_lt_0.05
Table_S10_covariate_adjusted_sensitivity_models_comprehensive.tsv	CLR_comprehensive	CLR_LM	agora2_reaction	fecal_PFOA	fecal_PFOA0.516876574	4HBZt2pp	-11.381440082637	1.22872836971804	-13.78974768728436	-8.973132477989642	7.27835150243325e-09	7.09639271487242e-05	FDR_lt_0.05
Table_S10_covariate_adjusted_sensitivity_models_comprehensive.tsv	CLR_comprehensive	CLR_LM	agora2_reaction	fecal_PFOA	fecal_PFOA0.516876574	4HBZtex	-11.381440082637	1.22872836971804	-13.78974768728436	-8.973132477989642	7.27835150243325e-09	7.09639271487242e-05	FDR_lt_0.05
Table_S10_covariate_adjusted_sensitivity_models_comprehensive.tsv	CLR_comprehensive	CLR_LM	agora2_reaction	fecal_L_PFOS	fecal_L_PFOS12.05336538	HYPSUCORNS	-10.7829222350288	0.662656003717333	-12.081728002314772	-9.484116467742826	1.52669930486387e-09	7.32815666334655e-05	FDR_lt_0.05
Table_S10_covariate_adjusted_sensitivity_models_comprehensive.tsv	CLR_comprehensive	CLR_LM	agora2_reaction	fecal_L_PFOS	fecal_L_PFOS12.05336538	SUCCITRDSs	-10.7829222350288	0.662656003717333	-12.081728002314772	-9.484116467742826	1.52669930486387e-09	7.32815666334655e-05	FDR_lt_0.05
Table_S10_covariate_adjusted_sensitivity_models_comprehensive.tsv	CLR_comprehensive	CLR_LM	agora2_reaction	fecal_PFNA	fecal_PFNA0.14375	4HBZt2pp	-11.3525615421085	1.7595637526853	-14.801306497371687	-7.903816586845312	8.88546678554511e-08	0.00012795072171185	FDR_lt_0.05
Table_S10_covariate_adjusted_sensitivity_models_comprehensive.tsv	CLR_comprehensive	CLR_LM	agora2_reaction	fecal_PFNA	fecal_PFNA0.14375	4HBZtex	-11.3525615421085	1.7595637526853	-14.801306497371687	-7.903816586845312	8.88546678554511e-08	0.00012795072171185	FDR_lt_0.05
Table_S10_covariate_adjusted_sensitivity_models_comprehensive.tsv	CLR_comprehensive	CLR_LM	agora2_reaction	fecal_PFNA	fecal_PFNA0.14375	OPAHir	-6.64177311179144	1.04002002609704	-8.680212362941639	-4.603333860641241	1.10464121746599e-07	0.000152950322418368	FDR_lt_0.05
Table_S10_covariate_adjusted_sensitivity_models_comprehensive.tsv	CLR_comprehensive	CLR_LM	agora2_reaction	fecal_PFHxS	fecal_PFHxS1.112980769	ALKP_R788	-11.8255010675167	1.18462804607841	-14.147372037830385	-9.503630097203017	9.17547112055712e-09	0.000162948879064862	FDR_lt_0.05
Table_S10_covariate_adjusted_sensitivity_models_comprehensive.tsv	CLR_comprehensive	CLR_LM	agora2_reaction	fecal_PFHxS	fecal_PFHxS1.112980769	R788t2pp	-11.8226975474643	1.1886323561388	-14.152416965496347	-9.492978129432252	9.69933803957511e-09	0.000162948879064862	FDR_lt_0.05
Table_S10_covariate_adjusted_sensitivity_models_comprehensive.tsv	CLR_comprehensive	CLR_LM	agora2_reaction	fecal_PFOS_345	fecal_PFOS_345	OAADC	-0.00169531664101658	0.000264301586283288	-0.0022133477501318243	-0.0011772855319013356	2.20588785854607e-07	0.000168942051668938	FDR_lt_0.05
Table_S10_covariate_adjusted_sensitivity_models_comprehensive.tsv	CLR_comprehensive	CLR_LM	agora2_reaction	fecal_PFOS_345	fecal_PFOS_345	ACOCT	-0.0017859672047133	0.000285365586432641	-0.0023452837541212764	-0.0012266506553053236	3.53005295201804e-07	0.000168942051668938	FDR_lt_0.05
Table_S10_covariate_adjusted_sensitivity_models_comprehensive.tsv	CLR_comprehensive	CLR_LM	agora2_reaction	fecal_PFOS_345	fecal_PFOS_345	NADS2	-0.00148447747285564	0.000241119142330634	-0.0019570709918236826	-0.0010118839538875973	4.80425625397741e-07	0.000168942051668938	FDR_lt_0.05
Table_S10_covariate_adjusted_sensitivity_models_comprehensive.tsv	CLR_comprehensive	CLR_LM	agora2_reaction	fecal_PFOS_345	fecal_PFOS_345	BGLA	-0.00168212208889138	0.000273601090443222	-0.002218380226160095	-0.001145863951622665	4.92992124169162e-07	0.000168942051668938	FDR_lt_0.05
Table_S10_covariate_adjusted_sensitivity_models_comprehensive.tsv	CLR_comprehensive	CLR_LM	agora2_reaction	fecal_PFOS_345	fecal_PFOS_345	DCMPDAi	-0.0019471243613635	0.000318903025569588	-0.0025721742914798923	-0.0013220744312471076	5.60499015825815e-07	0.000168942051668938	FDR_lt_0.05
Table_S10_covariate_adjusted_sensitivity_models_comprehensive.tsv	CLR_comprehensive	CLR_LM	agora2_reaction	fecal_PFOS_345	fecal_PFOS_345	MADGBG	-0.0016779194259773	0.000275609446965005	-0.0022181139420287097	-0.0011377249099258904	5.91297180841284e-07	0.000168942051668938	FDR_lt_0.05
Table_S10_covariate_adjusted_sensitivity_models_comprehensive.tsv	CLR_comprehensive	CLR_LM	agora2_reaction	fecal_PFOS_345	fecal_PFOS_345	MBDGBG	-0.0016779194259773	0.000275609446965005	-0.0022181139420287097	-0.0011377249099258904	5.91297180841284e-07	0.000168942051668938	FDR_lt_0.05
Table_S10_covariate_adjusted_sensitivity_models_comprehensive.tsv	CLR_comprehensive	CLR_LM	agora2_reaction	fecal_PFOS_62	fecal_PFOS_627.147607053	4HBZt2pp	-11.3235714874153	1.30533087893241	-13.882020010122824	-8.765122964707777	2.1948937744103e-08	0.000171201714404003	FDR_lt_0.05
Table_S10_covariate_adjusted_sensitivity_models_comprehensive.tsv	CLR_comprehensive	CLR_LM	agora2_reaction	fecal_PFOS_62	fecal_PFOS_627.147607053	4HBZtex	-11.3235714874153	1.30533087893241	-13.882020010122824	-8.765122964707777	2.1948937744103e-08	0.000171201714404003	FDR_lt_0.05
Table_S10_covariate_adjusted_sensitivity_models_comprehensive.tsv	CLR_comprehensive	CLR_LM	agora2_reaction	fecal_PFOS_62	fecal_PFOS_625.115384615	ADXFTSNT	-11.7059956821947	1.4045262048017	-14.458867043606032	-8.953124320783369	4.24426164395409e-08	0.000192532279488932	FDR_lt_0.05
Table_S10_covariate_adjusted_sensitivity_models_comprehensive.tsv	CLR_comprehensive	CLR_LM	agora2_reaction	fecal_PFOS_62	fecal_PFOS_625.115384615	DH6NAOT4	-11.7059956821947	1.4045262048017	-14.458867043606032	-8.953124320783369	4.24426164395409e-08	0.000192532279488932	FDR_lt_0.05
Table_S10_covariate_adjusted_sensitivity_models_comprehensive.tsv	CLR_comprehensive	CLR_LM	agora2_reaction	fecal_PFOS_62	fecal_PFOS_625.115384615	DH6NPHS	-11.7059956821947	1.4045262048017	-14.458867043606032	-8.953124320783369	4.24426164395409e-08	0.000192532279488932	FDR_lt_0.05
Table_S10_covariate_adjusted_sensitivity_models_comprehensive.tsv	CLR_comprehensive	CLR_LM	agora2_reaction	fecal_PFOS_62	fecal_PFOS_625.115384615	DXFTOR	-11.7059956821947	1.4045262048017	-14.458867043606032	-8.953124320783369	4.24426164395409e-08	0.000192532279488932	FDR_lt_0.05
Table_S10_covariate_adjusted_sensitivity_models_comprehensive.tsv	CLR_comprehensive	CLR_LM	agora2_reaction	fecal_PFOS_62	fecal_PFOS_627.043457944	RIBFLVt2rpp	-5.89230486005219	0.707656932249568	-7.2793124472613435	-4.505297272843036	4.31117985456115e-08	0.000192532279488932	FDR_lt_0.05
Table_S10_covariate_adjusted_sensitivity_models_comprehensive.tsv	CLR_comprehensive	CLR_LM	agora2_reaction	fecal_PFOS_62	fecal_PFOS_627.043457944	RIBFLVtex	-5.89230486005219	0.707656932249568	-7.2793124472613435	-4.505297272843036	4.31117985456115e-08	0.000192532279488932	FDR_lt_0.05
Table_S10_covariate_adjusted_sensitivity_models_comprehensive.tsv	CLR_comprehensive	CLR_LM	agora2_reaction	fecal_PFOS_62	fecal_PFOS_625.115384615	DADNK	-11.8374821090413	1.42429104351944	-14.629092554339403	-9.045871663743197	4.44305260359075e-08	0.000192532279488932	FDR_lt_0.05
Table_S10_covariate_adjusted_sensitivity_models_comprehensive.tsv	CLR_comprehensive	CLR_LM	agora2_reaction	fecal_PFOS_62	fecal_PFOS_625.115384615	r0456	-11.8374821090413	1.42429104351944	-14.629092554339403	-9.045871663743197	4.44305260359075e-08	0.000192532279488932	FDR_lt_0.05
Table_S10_covariate_adjusted_sensitivity_models_comprehensive.tsv	CLR_comprehensive	CLR_LM	agora2_reaction	fecal_PFOA	fecal_PFOA0.398076923	GLYCtex	-6.65302410224947	0.795464654950515	-8.212134825952479	-5.0939133785464605	4.00832378529706e-08	0.000272309482819212	FDR_lt_0.05
Table_S10_covariate_adjusted_sensitivity_models_comprehensive.tsv	CLR_comprehensive	CLR_LM	agora2_reaction	fecal_PFOA	fecal_PFOA0.398076923	GLYCtpp	-6.65302410224947	0.795464654950515	-8.212134825952479	-5.0939133785464605	4.00832378529706e-08	0.000272309482819212	FDR_lt_0.05
Table_S10_covariate_adjusted_sensitivity_models_comprehensive.tsv	CLR_comprehensive	CLR_LM	agora2_reaction	fecal_PFOA	fecal_PFOA0.398076923	ADXFTSNT	-11.756202355479	1.42281562236979	-14.544920975323787	-8.967483735634211	4.88760610188329e-08	0.000272309482819212	FDR_lt_0.05
Table_S10_covariate_adjusted_sensitivity_models_comprehensive.tsv	CLR_comprehensive	CLR_LM	agora2_reaction	fecal_PFOA	fecal_PFOA0.398076923	DH6NAOT4	-11.756202355479	1.42281562236979	-14.544920975323787	-8.967483735634211	4.88760610188329e-08	0.000272309482819212	FDR_lt_0.05
Table_S10_covariate_adjusted_sensitivity_models_comprehensive.tsv	CLR_comprehensive	CLR_LM	agora2_reaction	fecal_PFOA	fecal_PFOA0.398076923	DH6NPHS	-11.756202355479	1.42281562236979	-14.544920975323787	-8.967483735634211	4.88760610188329e-08	0.000272309482819212	FDR_lt_0.05
Table_S10_covariate_adjusted_sensitivity_models_comprehensive.tsv	CLR_comprehensive	CLR_LM	agora2_reaction	fecal_PFOA	fecal_PFOA0.398076923	DXFTOR	-11.756202355479	1.42281562236979	-14.544920975323787	-8.967483735634211	4.88760610188329e-08	0.000272309482819212	FDR_lt_0.05
Table_S10_covariate_adjusted_sensitivity_models_comprehensive.tsv	CLR_comprehensive	CLR_LM	agora2_reaction	fecal_PFHxS	fecal_PFHxS1.112980769	DAPabcpp	-12.1201341979481	1.27802532112882	-14.625063827360588	-9.615204568535614	2.00713341468266e-08	0.000280998678055573	FDR_lt_0.05
Table_S10_covariate_adjusted_sensitivity_models_comprehensive.tsv	CLR_comprehensive	CLR_LM	agora2_reaction	fecal_PFOS_62	fecal_PFOS_625.115384615	4HBZt2pp	-11.4927318183864	1.42641866290138	-14.288512397673104	-8.696951239099695	7.34712763855511e-08	0.000286537977903649	FDR_lt_0.05
Table_S10_covariate_adjusted_sensitivity_models_comprehensive.tsv	CLR_comprehensive	CLR_LM	agora2_reaction	fecal_PFOS_62	fecal_PFOS_625.115384615	4HBZtex	-11.4927318183864	1.42641866290138	-14.288512397673104	-8.696951239099695	7.34712763855511e-08	0.000286537977903649	FDR_lt_0.05
Table_S10_covariate_adjusted_sensitivity_models_comprehensive.tsv	CLR_comprehensive	CLR_LM	agora2_subsystem	fecal_PFNA	fecal_PFNA0.902523503	Fluorobenzoate degradation	12.3473631359611	1.80389070155432	8.811737360914632	15.882988911007567	2.42364860251126e-08	5.62771205503114e-05	FDR_lt_0.05
Table_S10_covariate_adjusted_sensitivity_models_comprehensive.tsv	CLR_comprehensive	CLR_LM	agora2_subsystem	fecal_PFOS_62	fecal_PFOS_622.931465733	Tropane, piperidine and pyridine alkaloid biosynthesis	-9.85027160427443	1.22445792050842	-12.250209128470933	-7.450334080077928	7.53219509281516e-08	0.000378944735119531	FDR_lt_0.05
Table_S10_covariate_adjusted_sensitivity_models_comprehensive.tsv	CLR_comprehensive	CLR_LM	agora2_subsystem	fecal_PFOS_62	fecal_PFOS_622.090054429	Fluorobenzoate degradation	12.4600993185197	1.70832447054097	9.1117833562594	15.808415280780002	3.50637437235057e-07	0.000829347005758804	FDR_lt_0.05
Table_S10_covariate_adjusted_sensitivity_models_comprehensive.tsv	CLR_comprehensive	CLR_LM	agora2_subsystem	fecal_PFOS_62	fecal_PFOS_622.931465733	Oxalate metabolism	-5.99494102118469	0.840716669425286	-7.6427456932582505	-4.34713634911113	4.94542042789985e-07	0.000829347005758804	FDR_lt_0.05
Table_S10_covariate_adjusted_sensitivity_models_comprehensive.tsv	CLR_comprehensive	CLR_LM	agora2_subsystem	fecal_PFNA	fecal_PFNA0.902523503	Polycyclic aromatic hydrocarbon degradation	12.5890116475444	2.22306273787404	8.231808681311282	16.946214613777517	1.21145985514904e-06	0.00140650489182804	FDR_lt_0.05
Table_S10_covariate_adjusted_sensitivity_models_comprehensive.tsv	CLR_comprehensive	CLR_LM	agora2_subsystem	fecal_PFOA	fecal_PFOA0.353176588	Tropane, piperidine and pyridine alkaloid biosynthesis	-9.8052134112201	1.36031870882999	-12.47143808052688	-7.13898874191332	4.1996223996656e-07	0.00211283002927176	FDR_lt_0.05
Table_S10_covariate_adjusted_sensitivity_models_comprehensive.tsv	CLR_comprehensive	CLR_LM	agora2_subsystem	fecal_PFOS_62	fecal_PFOS_622.090054429	Polycyclic aromatic hydrocarbon degradation	12.0797459046331	1.85822677131902	8.437621432847822	15.721870376418378	1.93120216151208e-06	0.00242896951864182	FDR_lt_0.05
Table_S10_covariate_adjusted_sensitivity_models_comprehensive.tsv	CLR_comprehensive	CLR_LM	agora2_subsystem	fecal_PFHxS	fecal_PFHxS4.743196437	Polycyclic aromatic hydrocarbon degradation	13.6289265966102	1.80586600938777	10.08942921821017	17.168423975010228	5.56390194842854e-07	0.00301452207565859	FDR_lt_0.05
Table_S10_covariate_adjusted_sensitivity_models_comprehensive.tsv	CLR_comprehensive	CLR_LM	agora2_subsystem	fecal_PFHxS	fecal_PFHxS0.397698849	Tropane, piperidine and pyridine alkaloid biosynthesis	-9.74191558527122	1.35883657334958	-12.405235269036396	-7.078595901506044	1.12570234008532e-06	0.00304952763929113	FDR_lt_0.05
Table_S10_covariate_adjusted_sensitivity_models_comprehensive.tsv	CLR_comprehensive	CLR_LM	agora2_subsystem	fecal_PFOA	fecal_PFOA0.353176588	Oxalate metabolism	-5.8321753338992	0.914741046049737	-7.625067784156685	-4.039282883641715	2.54550012762471e-06	0.00640320557103996	FDR_lt_0.05
Table_S10_covariate_adjusted_sensitivity_models_comprehensive.tsv	CLR_comprehensive	CLR_LM	agora2_subsystem	fecal_PFHxS	fecal_PFHxS0.397698849	Oxalate metabolism	-5.90290628611762	0.907114587411168	-7.680850877443509	-4.124961694791731	4.05521592533893e-06	0.00732371996116211	FDR_lt_0.05
Table_S10_covariate_adjusted_sensitivity_models_comprehensive.tsv	CLR_comprehensive	CLR_LM	agora2_subsystem	fecal_L_PFOS	fecal_L_PFOS34.77733795	Fluorobenzoate degradation	11.0795040784021	1.30851333402413	8.514817943714807	13.644190213089395	2.09298197280536e-06	0.00814917814290257	FDR_lt_0.05
Table_S10_covariate_adjusted_sensitivity_models_comprehensive.tsv	CLR_comprehensive	CLR_LM	agora2_subsystem	fecal_L_PFOS	fecal_L_PFOS9.806403202	Tropane, piperidine and pyridine alkaloid biosynthesis	-9.85447994890863	1.18984847007461	-12.186582950254865	-7.522376947562394	2.63216348284967e-06	0.00814917814290257	FDR_lt_0.05
Table_S10_covariate_adjusted_sensitivity_models_comprehensive.tsv	CLR_comprehensive	CLR_LM	agora2_subsystem	fecal_PFOS_345	fecal_PFOS_345	Nitrogen metabolism	0.00426401237781455	0.000954792054025741	0.002392619951924097	0.006135404803705002	7.95638208099539e-05	0.010263732884484	FDR_lt_0.05
Table_S10_covariate_adjusted_sensitivity_models_comprehensive.tsv	CLR_comprehensive	CLR_LM	agora2_subsystem	fecal_PFHxS	fecal_PFHxS4.743196437	Fluorobenzoate degradation	12.1272123629052	2.04415393605745	8.120670648232597	16.1337540775778	1.29410772555276e-05	0.0175286891426121	FDR_lt_0.05
Table_S10_covariate_adjusted_sensitivity_models_comprehensive.tsv	CLR_comprehensive	CLR_LM	agora2_subsystem	fecal_PFHxS	fecal_PFHxS2.130085384	Polycyclic aromatic hydrocarbon degradation	9.0419923998068	1.57212532881673	5.960626755326009	12.12335804428759	1.88240480333194e-05	0.0203977384489049	FDR_lt_0.05
Table_S10_covariate_adjusted_sensitivity_models_comprehensive.tsv	CLR_comprehensive	CLR_LM	agora2_subsystem	fecal_PFHxS	fecal_PFHxS1.047959184	Polycyclic aromatic hydrocarbon degradation	9.94941515996355	1.81198953108119	6.397915679044418	13.500914640882682	3.2497095575525e-05	0.0293448773046991	FDR_lt_0.05
Table_S10_covariate_adjusted_sensitivity_models_comprehensive.tsv	CLR_comprehensive	CLR_LM	agora2_subsystem	fecal_PFOS_62	fecal_PFOS_626.772476143	Polycyclic aromatic hydrocarbon degradation	9.06570251530606	1.75189474243191	5.631988820139517	12.499416210472605	3.97136879928779e-05	0.0399599128584338	FDR_lt_0.05
Table_S10_covariate_adjusted_sensitivity_models_comprehensive.tsv	CLR_comprehensive	CLR_LM	agora2_subsystem	fecal_totalPFOS	fecal_totalPFOS	Nitrogen metabolism	0.00121954964392699	0.000306077153035761	0.0006196384239768983	0.0018194608638770816	0.000351631831326222	0.0453605062410827	FDR_lt_0.05
Table_S10_covariate_adjusted_sensitivity_models_comprehensive.tsv	CLR_comprehensive	CLR_LM	agora2_subsystem	fecal_PFNA	fecal_PFNA0.902523503	Fatty acid biosynthesis	5.56286080289116	1.30211331337919	3.010718708667948	8.115002897114373	0.000108535225365195	0.0603257642816378	nominal_or_exploratory
Table_S10_covariate_adjusted_sensitivity_models_comprehensive.tsv	CLR_comprehensive	CLR_LM	agora2_subsystem	fecal_PFNA	fecal_PFNA0.122959184	Polycyclic aromatic hydrocarbon degradation	9.54252237223788	2.25069797583611	5.131154339599104	13.953890404876656	0.000120061087216968	0.0603257642816378	nominal_or_exploratory
Table_S10_covariate_adjusted_sensitivity_models_comprehensive.tsv	CLR_comprehensive	CLR_LM	agora2_subsystem	fecal_PFNA	fecal_PFNA0.322729605	Chondroitin sulfate degradation	-13.0897007772055	3.14909271262492	-19.261922493950344	-6.917479060460657	0.000155415377440159	0.0603257642816378	nominal_or_exploratory
Table_S10_covariate_adjusted_sensitivity_models_comprehensive.tsv	CLR_comprehensive	CLR_LM	agora2_subsystem	fecal_PFNA	fecal_PFNA0.322729605	Hyaluronan metabolism	-12.1854703810139	2.96102635532702	-17.98908203745486	-6.381858724572941	0.000176602382601174	0.0603257642816378	nominal_or_exploratory
Table_S10_covariate_adjusted_sensitivity_models_comprehensive.tsv	CLR_comprehensive	CLR_LM	agora2_subsystem	fecal_PFNA	fecal_PFNA0.902523503	Phenylpropanoid biosynthesis	5.30644726274869	1.29243703511106	2.7732706739310125	7.839623851566367	0.000181860615836117	0.0603257642816378	nominal_or_exploratory
Table_S10_covariate_adjusted_sensitivity_models_comprehensive.tsv	CLR_comprehensive	CLR_LM	agora2_subsystem	fecal_PFNA	fecal_PFNA0.122959184	Oxidative phosphorylation	-1.01518357286705	0.253417894033554	-1.5118826451728158	-0.5184845005612841	0.000247026915882132	0.071699562334789	nominal_or_exploratory
Table_S10_covariate_adjusted_sensitivity_models_comprehensive.tsv	CLR_comprehensive	CLR_LM	agora2_subsystem	fecal_PFOS_62	fecal_PFOS_622.769897959	Polycyclic aromatic hydrocarbon degradation	9.4311639871769	1.94687020220086	5.615298390863215	13.247029583490585	8.66471940406227e-05	0.0726536722030621	nominal_or_exploratory
Table_S10_covariate_adjusted_sensitivity_models_comprehensive.tsv	CLR_comprehensive	CLR_LM	agora2_subsystem	fecal_PFNA	fecal_PFNA0.902523503	Bile acid metabolism	-1.52591249882755	0.392990679975934	-2.296174231580381	-0.7556507660747195	0.000359127199075668	0.0926548173615223	nominal_or_exploratory
Table_S10_covariate_adjusted_sensitivity_models_comprehensive.tsv	CLR_comprehensive	CLR_LM	agora2_subsystem	fecal_PFOS_62	fecal_PFOS_622.931465733	D-Arginine and D-ornithine metabolism	-5.77693560275873	1.25542008202907	-8.237558963535708	-3.316312241981753	0.000154302397321192	0.0981530893744832	nominal_or_exploratory
Table_S10_covariate_adjusted_sensitivity_models_comprehensive.tsv	CLR_comprehensive	CLR_LM	agora2_subsystem	fecal_PFOS_62	fecal_PFOS_622.931465733	Xylene degradation	-6.13995140700644	1.33570187022098	-8.75792707263956	-3.5219757413733195	0.000156077263962605	0.0981530893744832	nominal_or_exploratory
Table_S10_covariate_adjusted_sensitivity_models_comprehensive.tsv	CLR_comprehensive	CLR_LM	agora2_subsystem	fecal_PFOS_345	fecal_PFOS_345	N-glycan metabolism	0.0172822036252028	0.00505668066359078	0.007371109524564871	0.027193297725840726	0.00161737485445562	0.104320678112388	nominal_or_exploratory
Table_S10_covariate_adjusted_sensitivity_models_comprehensive.tsv	CLR_comprehensive	CLR_LM	agora2_subsystem	fecal_PFNA	fecal_PFNA0.261592742	Chondroitin sulfate degradation	-11.4212468093124	3.00395190309675	-17.308992539382032	-5.53350107924277	0.000457905965781031	0.106325765254355	nominal_or_exploratory
Table_S10_covariate_adjusted_sensitivity_models_comprehensive.tsv	CLR_comprehensive	CLR_LM	agora2_subsystem	fecal_totalPFOS	fecal_totalPFOS	N-glycan metabolism	0.00535685427177579	0.00156290602697773	0.002293558458899439	0.00842015008465214	0.00165067379067532	0.106468459498558	nominal_or_exploratory
Table_S10_covariate_adjusted_sensitivity_models_comprehensive.tsv	CLR_comprehensive	CLR_LM	agora2_subsystem	fecal_PFOS_62	fecal_PFOS_622.769897959	Oxidative phosphorylation	-0.908545437425484	0.202117746304643	-1.3046962201825842	-0.5123946546683837	0.000198919364451885	0.106775229330923	nominal_or_exploratory
Table_S10_covariate_adjusted_sensitivity_models_comprehensive.tsv	CLR_comprehensive	CLR_LM	agora2_subsystem	fecal_PFOS_62	fecal_PFOS_622.931465733	Inositol phosphate metabolism	1.81282190399308	0.4057350634108	1.017581179707912	2.608062628278248	0.000212234604116324	0.106775229330923	nominal_or_exploratory
Table_S10_covariate_adjusted_sensitivity_models_comprehensive.tsv	CLR_comprehensive	CLR_LM	agora2_subsystem	fecal_PFNA_derived_tertile	fecal_PFNA_derived_tertilelow	Porphyrin and chlorophyll metabolism	7.67382203196921	2.013312132129	3.7277302529963694	11.61991381094205	0.000341077079973887	0.109539825128623	nominal_or_exploratory
Table_S10_covariate_adjusted_sensitivity_models_comprehensive.tsv	CLR_comprehensive	CLR_LM	agora2_subsystem	fecal_PFNA_derived_tertile	fecal_PFNA_derived_tertilemid	Heparan sulfate degradation	1.06269883692746	0.290950862702714	0.4924351460301405	1.6329625278247795	0.000566097287486424	0.109539825128623	nominal_or_exploratory
Table_S10_covariate_adjusted_sensitivity_models_comprehensive.tsv	CLR_comprehensive	CLR_LM	agora2_subsystem	primary_elimination_stratum	primary_elimination_stratumLow_mean_k_T1	Benzoate degradation	-0.46622076056515	0.127552606112226	-0.716223868545113	-0.21621765258518705	0.000561437074911456	0.113033512203845	nominal_or_exploratory
Table_S10_covariate_adjusted_sensitivity_models_comprehensive.tsv	CLR_comprehensive	CLR_LM	agora2_subsystem	primary_elimination_stratum	primary_elimination_stratumLow_mean_k_T1	Miscellaneous	-0.368731038468376	0.103130488158291	-0.5708667952586264	-0.16659528167812565	0.0007208853606533	0.113033512203845	nominal_or_exploratory
Table_S10_covariate_adjusted_sensitivity_models_comprehensive.tsv	CLR_comprehensive	CLR_LM	agora2_subsystem	primary_elimination_stratum	primary_elimination_stratumNot_applicable_reference_or_missing_k	Benzoate degradation	-0.389394432675434	0.110860063880161	-0.6066801578805495	-0.17210870747031845	0.000876228776773992	0.113033512203845	nominal_or_exploratory
Table_S10_covariate_adjusted_sensitivity_models_comprehensive.tsv	CLR_comprehensive	CLR_LM	agora2_subsystem	fecal_PFOS_62	fecal_PFOS_622.931465733	Bile acid synthesis	2.55186864874296	0.58399444362157	1.4072395392446828	3.6964977582412373	0.000268432358788483	0.113875921286704	nominal_or_exploratory
Table_S10_covariate_adjusted_sensitivity_models_comprehensive.tsv	CLR_comprehensive	CLR_LM	agora2_subsystem	fecal_PFOS_62	fecal_PFOS_622.931465733	Vitamin A metabolism	1.99484219299189	0.457035329579153	1.0990529470167503	2.89063143896703	0.000271618178382121	0.113875921286704	nominal_or_exploratory
Table_S10_covariate_adjusted_sensitivity_models_comprehensive.tsv	CLR_comprehensive	CLR_LM	agora2_subsystem	fecal_PFNA	fecal_PFNA0.261592742	Hyaluronan metabolism	-10.5675002849222	2.8245534720348	-16.10362509011041	-5.031375479733993	0.000549081782976943	0.11590617273386	nominal_or_exploratory
Table_S10_covariate_adjusted_sensitivity_models_comprehensive.tsv	CLR_comprehensive	CLR_LM	agora2_subsystem	k_PFOS_MP26_tertile	k_PFOS_MP26_tertileLow_k_PFOS_MP26_T1	Zeatin biosynthesis	-0.557345188895766	0.145030039999617	-0.8416040672950154	-0.2730863104965167	0.000308198140121615	0.119272680227065	nominal_or_exploratory
Table_S10_covariate_adjusted_sensitivity_models_comprehensive.tsv	CLR_comprehensive	CLR_LM	agora2_subsystem	fecal_PFOS_62	fecal_PFOS_622.931465733	Nicotine degradation	-5.53608196446781	1.29254154532191	-8.069463393298754	-3.0027005356368663	0.000330172446736187	0.120246121102904	nominal_or_exploratory
Table_S10_covariate_adjusted_sensitivity_models_comprehensive.tsv	CLR_comprehensive	CLR_LM	agora2_subsystem	fecal_PFOS_62	fecal_PFOS_622.931465733	Zeatin biosynthesis	-1.33905520063288	0.313720056508255	-1.9539465113890597	-0.7241638898767001	0.00034205625022956	0.120246121102904	nominal_or_exploratory
Table_S10_covariate_adjusted_sensitivity_models_comprehensive.tsv	CLR_comprehensive	CLR_LM	agora2_subsystem	fecal_PFOS_62	fecal_PFOS_622.931465733	Fructose and mannose metabolism	1.68396715388565	0.397920615998175	0.904042746529227	2.463891561242073	0.000373165018572968	0.120246121102904	nominal_or_exploratory
Table_S10_covariate_adjusted_sensitivity_models_comprehensive.tsv	CLR_comprehensive	CLR_LM	agora2_subsystem	fecal_PFOS_62	fecal_PFOS_622.931465733	Urea cycle	1.74278805050455	0.41281879077057	0.9336632205942329	2.5519128804148674	0.000382416604580892	0.120246121102904	nominal_or_exploratory
Table_S10_covariate_adjusted_sensitivity_models_comprehensive.tsv	CLR_comprehensive	CLR_LM	agora2_subsystem	fecal_PFOS_62	fecal_PFOS_622.931465733	Benzoate degradation	1.48066382763345	0.355623894235784	0.7836409949313135	2.1776866603355867	0.000439438817651827	0.125932406338332	nominal_or_exploratory
Table_S10_covariate_adjusted_sensitivity_models_comprehensive.tsv	CLR_comprehensive	CLR_LM	agora2_subsystem	fecal_PFOS_62	fecal_PFOS_622.931465733	Plant polysaccharide degradation	1.34017405583884	0.322691392946678	0.7076989256633511	1.972649186014329	0.000450563171156821	0.125932406338332	nominal_or_exploratory
Table_S10_covariate_adjusted_sensitivity_models_comprehensive.tsv	CLR_comprehensive	CLR_LM	agora2_subsystem	primary_elimination_stratum_numeric_order	primary_elimination_stratum_numeric_order	Miscellaneous	0.190512241801093	0.0546013235503533	0.08349364764240054	0.29753083595978547	0.00117220805567827	0.128118285528279	nominal_or_exploratory
Table_S10_covariate_adjusted_sensitivity_models_comprehensive.tsv	CLR_comprehensive	CLR_LM	agora2_subsystem	primary_elimination_stratum_numeric_order	primary_elimination_stratum_numeric_order	Benzoate degradation	0.246597253146425	0.0746424238750952	0.1002981023512384	0.3928964039416116	0.00198633000819036	0.128118285528279	nominal_or_exploratory
Table_S10_covariate_adjusted_sensitivity_models_comprehensive.tsv	CLR_comprehensive	CLR_LM	agora2_subsystem	primary_elimination_stratum	primary_elimination_stratumMid_mean_k_T2	Benzoate degradation	-0.363637163129021	0.108981306775649	-0.5772405244092931	-0.15003380184874895	0.00149697128126454	0.144831971462344	nominal_or_exploratory
Table_S10_covariate_adjusted_sensitivity_models_comprehensive.tsv	CLR_comprehensive	CLR_LM	agora2_subsystem	elim_k_PFOS_MP345	elim_k_PFOS_MP345	Arachidonic acid metabolism	-22.4240079862622	6.41691765140447	-35.001166583014964	-9.84684938950944	0.0011542498666357	0.148898232796006	nominal_or_exploratory
Table_S10_covariate_adjusted_sensitivity_models_comprehensive.tsv	CLR_comprehensive	CLR_LM	agora2_subsystem	k_PFOS_MP345	k_PFOS_MP345	Arachidonic acid metabolism	-22.4240079862622	6.41691765140447	-35.001166583014964	-9.84684938950944	0.0011542498666357	0.148898232796006	nominal_or_exploratory
Table_S10_covariate_adjusted_sensitivity_models_comprehensive.tsv	CLR_comprehensive	CLR_LM	agora2_subsystem	primary_elimination_stratum	primary_elimination_stratumMid_mean_k_T2	Stilbene, coumarine and lignin synthesis	2.04642309126347	0.681374015566703	0.7109300207527323	3.3819161617742077	0.00396085732986813	0.1556868108285	nominal_or_exploratory
Table_S10_covariate_adjusted_sensitivity_models_comprehensive.tsv	CLR_comprehensive	CLR_LM	agora2_subsystem	primary_elimination_stratum	primary_elimination_stratumMid_mean_k_T2	Respiration	-0.378387128940944	0.132266850768844	-0.6376301564478782	-0.11914410143400977	0.0058976048243626	0.1556868108285	nominal_or_exploratory
Table_S10_covariate_adjusted_sensitivity_models_comprehensive.tsv	CLR_comprehensive	CLR_LM	agora2_subsystem	primary_elimination_stratum	primary_elimination_stratumLow_mean_k_T1	Methane metabolism	-0.470499554338529	0.165568246713329	-0.7950133178966539	-0.1459857907804042	0.00621454861673546	0.1556868108285	nominal_or_exploratory
Table_S10_covariate_adjusted_sensitivity_models_comprehensive.tsv	CLR_comprehensive	CLR_LM	agora2_subsystem	primary_elimination_stratum	primary_elimination_stratumMid_mean_k_T2	Caffeine metabolism	2.20742539143943	0.781962484897785	0.6747789210397714	3.7400718618390885	0.00654244511700592	0.1556868108285	nominal_or_exploratory
Table_S10_covariate_adjusted_sensitivity_models_comprehensive.tsv	CLR_comprehensive	CLR_LM	agora2_subsystem	primary_elimination_stratum	primary_elimination_stratumMid_mean_k_T2	Chloroalkane and chloroalkene degradation	1.93486674517846	0.686577917495364	0.5891740268875465	3.2805594634693733	0.0066286816598069	0.1556868108285	nominal_or_exploratory
Table_S10_covariate_adjusted_sensitivity_models_comprehensive.tsv	CLR_comprehensive	CLR_LM	agora2_subsystem	primary_elimination_stratum	primary_elimination_stratumMid_mean_k_T2	Vitamin C metabolism	2.05007188344405	0.727620083091395	0.6239365205849157	3.476207246303184	0.00664004783394333	0.1556868108285	nominal_or_exploratory
Table_S10_covariate_adjusted_sensitivity_models_comprehensive.tsv	CLR_comprehensive	CLR_LM	agora2_subsystem	primary_elimination_stratum	primary_elimination_stratumMid_mean_k_T2	Fatty acid oxidation	-0.240467822822868	0.0853925334892691	-0.4078371884618355	-0.07309845718390054	0.00666679769976754	0.1556868108285	nominal_or_exploratory
Table_S10_covariate_adjusted_sensitivity_models_comprehensive.tsv	CLR_comprehensive	CLR_LM	agora2_subsystem	primary_elimination_stratum	primary_elimination_stratumNot_applicable_reference_or_missing_k	Ascorbate and aldarate metabolism	-0.449182902230639	0.160518063106042	-0.7637983059184813	-0.1345674985427967	0.00699568994440889	0.1556868108285	nominal_or_exploratory
Table_S10_covariate_adjusted_sensitivity_models_comprehensive.tsv	CLR_comprehensive	CLR_LM	agora2_subsystem	primary_elimination_stratum	primary_elimination_stratumLow_mean_k_T1	Stilbene, coumarine and lignin synthesis	2.17583774255202	0.797485678911904	0.6127658118846879	3.738909673219352	0.00844766417116365	0.1556868108285	nominal_or_exploratory
Table_S10_covariate_adjusted_sensitivity_models_comprehensive.tsv	CLR_comprehensive	CLR_LM	agora2_subsystem	primary_elimination_stratum	primary_elimination_stratumMid_mean_k_T2	Glyoxylate and dicarboxylate metabolism	-0.355796419930597	0.132173625319106	-0.6148567255560449	-0.09673611430514922	0.00931017216958418	0.1556868108285	nominal_or_exploratory
Table_S10_covariate_adjusted_sensitivity_models_comprehensive.tsv	CLR_comprehensive	CLR_LM	agora2_subsystem	primary_elimination_stratum	primary_elimination_stratumMid_mean_k_T2	Tyrosine metabolism	-0.323521147332206	0.120849652941762	-0.5603864670980595	-0.08665582756635248	0.00968329664752665	0.1556868108285	nominal_or_exploratory
Table_S10_covariate_adjusted_sensitivity_models_comprehensive.tsv	CLR_comprehensive	CLR_LM	agora2_subsystem	primary_elimination_stratum	primary_elimination_stratumMid_mean_k_T2	Pentose and glucuronate interconversions	-0.286469108198374	0.107200147897216	-0.49658139807691737	-0.07635681831983065	0.00980622574541765	0.1556868108285	nominal_or_exploratory
Table_S10_covariate_adjusted_sensitivity_models_comprehensive.tsv	CLR_comprehensive	CLR_LM	agora2_subsystem	primary_elimination_stratum	primary_elimination_stratumMid_mean_k_T2	Tropane, piperidine and pyridine alkaloid biosynthesis	1.52844349887403	0.574869902660949	0.40169848965857025	2.65518850808949	0.0101622557471991	0.1556868108285	nominal_or_exploratory
Table_S10_covariate_adjusted_sensitivity_models_comprehensive.tsv	CLR_comprehensive	CLR_LM	agora2_subsystem	primary_elimination_stratum	primary_elimination_stratumMid_mean_k_T2	Aminobenzoate degradation	-0.376597025540419	0.141772790290871	-0.6544716945105262	-0.09872235657031186	0.0102272792983554	0.1556868108285	nominal_or_exploratory
Table_S10_covariate_adjusted_sensitivity_models_comprehensive.tsv	CLR_comprehensive	CLR_LM	agora2_subsystem	primary_elimination_stratum	primary_elimination_stratumNot_applicable_reference_or_missing_k	Stilbene, coumarine and lignin synthesis	1.83094071795378	0.693120399515018	0.47242473490434467	3.1894567010032153	0.0106315531559401	0.1556868108285	nominal_or_exploratory
Table_S10_covariate_adjusted_sensitivity_models_comprehensive.tsv	CLR_comprehensive	CLR_LM	agora2_subsystem	primary_elimination_stratum	primary_elimination_stratumLow_mean_k_T1	Beta-alanine metabolism	-0.364666288171061	0.141029239449503	-0.6410835974920869	-0.08824897885003513	0.012297536319501	0.1556868108285	nominal_or_exploratory
Table_S10_covariate_adjusted_sensitivity_models_comprehensive.tsv	CLR_comprehensive	CLR_LM	agora2_subsystem	primary_elimination_stratum	primary_elimination_stratumMid_mean_k_T2	Arginine and proline metabolism	-0.334148263218615	0.129960781758653	-0.5888713954655749	-0.07942513097165516	0.0127707079606576	0.1556868108285	nominal_or_exploratory
Table_S10_covariate_adjusted_sensitivity_models_comprehensive.tsv	CLR_comprehensive	CLR_LM	agora2_subsystem	primary_elimination_stratum	primary_elimination_stratumMid_mean_k_T2	Ether lipid metabolism	1.760925511311	0.68978288725757	0.408951052286163	3.112899970335837	0.0133862437382492	0.1556868108285	nominal_or_exploratory
Table_S10_covariate_adjusted_sensitivity_models_comprehensive.tsv	CLR_comprehensive	CLR_LM	agora2_subsystem	primary_elimination_stratum	primary_elimination_stratumLow_mean_k_T1	Inositol phosphate metabolism	-0.396362103859288	0.156088027079787	-0.7022946369356705	-0.09042957078290548	0.0138587182452944	0.1556868108285	nominal_or_exploratory
Table_S10_covariate_adjusted_sensitivity_models_comprehensive.tsv	CLR_comprehensive	CLR_LM	agora2_subsystem	primary_elimination_stratum	primary_elimination_stratumLow_mean_k_T1	Nucleotide sugar metabolism	-0.325448550151885	0.128296534491649	-0.576909757755517	-0.07398734254825301	0.0139534297356315	0.1556868108285	nominal_or_exploratory
Table_S10_covariate_adjusted_sensitivity_models_comprehensive.tsv	CLR_comprehensive	CLR_LM	agora2_subsystem	primary_elimination_stratum	primary_elimination_stratumLow_mean_k_T1	Fatty acid oxidation	-0.252905114978587	0.0999441143746268	-0.4487955791528555	-0.057014650804318445	0.0141773889278831	0.1556868108285	nominal_or_exploratory
Table_S10_covariate_adjusted_sensitivity_models_comprehensive.tsv	CLR_comprehensive	CLR_LM	agora2_exchange	fecal_PFNA	fecal_PFNA0.122959184	EX_Cit_Mg(e)	-9.11580634177497	1.22128690520097	-11.509528675968872	-6.722084007581069	3.17560138162864e-09	4.10009194316188e-05	FDR_lt_0.05
Table_S10_covariate_adjusted_sensitivity_models_comprehensive.tsv	CLR_comprehensive	CLR_LM	agora2_exchange	fecal_PFNA	fecal_PFNA0.902523503	EX_turan_D(e)	-9.77346815217186	1.3455638402083	-12.410773278980129	-7.136163025363592	6.11849981592578e-09	4.10009194316188e-05	FDR_lt_0.05
Table_S10_covariate_adjusted_sensitivity_models_comprehensive.tsv	CLR_comprehensive	CLR_LM	agora2_exchange	fecal_PFNA	fecal_PFNA0.14375	EX_4hpro_LT(e)	-6.39417267810575	0.901425954356338	-8.160967548644173	-4.627377807567328	1.06907608695868e-08	4.10009194316188e-05	FDR_lt_0.05
Table_S10_covariate_adjusted_sensitivity_models_comprehensive.tsv	CLR_comprehensive	CLR_LM	agora2_exchange	fecal_PFNA	fecal_PFNA0.902523503	EX_btd_RR(e)	13.9420167740179	1.97342551198702	10.07410277052334	17.80993077751246	1.17413858624338e-08	4.10009194316188e-05	FDR_lt_0.05
Table_S10_covariate_adjusted_sensitivity_models_comprehensive.tsv	CLR_comprehensive	CLR_LM	agora2_exchange	fecal_PFNA	fecal_PFNA0.108816121	EX_3dhcdchol(e)	-8.93724104326871	1.29517445216347	-11.475782969509112	-6.3986991170283085	2.01784637744665e-08	4.69754636669579e-05	FDR_lt_0.05
Table_S10_covariate_adjusted_sensitivity_models_comprehensive.tsv	CLR_comprehensive	CLR_LM	agora2_exchange	fecal_PFNA	fecal_PFNA0.108816121	EX_3dhchol(e)	-8.93724104326871	1.29517445216347	-11.475782969509112	-6.3986991170283085	2.01784637744665e-08	4.69754636669579e-05	FDR_lt_0.05
Table_S10_covariate_adjusted_sensitivity_models_comprehensive.tsv	CLR_comprehensive	CLR_LM	agora2_exchange	fecal_PFNA	fecal_PFNA0.902523503	EX_M03134(e)	-9.69014462786074	1.4492156444478	-12.530607290978427	-6.849681964743052	4.08897826474599e-08	6.4114851276713e-05	FDR_lt_0.05
Table_S10_covariate_adjusted_sensitivity_models_comprehensive.tsv	CLR_comprehensive	CLR_LM	agora2_exchange	fecal_PFNA	fecal_PFNA0.902523503	EX_butam(e)	-9.64858067860073	1.45058608974758	-12.491729414505986	-6.805431942695474	4.59012394592733e-08	6.4114851276713e-05	FDR_lt_0.05
Table_S10_covariate_adjusted_sensitivity_models_comprehensive.tsv	CLR_comprehensive	CLR_LM	agora2_exchange	fecal_PFNA	fecal_PFNA0.902523503	EX_norval_L(e)	-9.64858067860073	1.45058608974758	-12.491729414505986	-6.805431942695474	4.59012394592733e-08	6.4114851276713e-05	FDR_lt_0.05
Table_S10_covariate_adjusted_sensitivity_models_comprehensive.tsv	CLR_comprehensive	CLR_LM	agora2_exchange	fecal_PFNA	fecal_PFNA0.902523503	EX_peamn(e)	-9.64858067860073	1.45058608974758	-12.491729414505986	-6.805431942695474	4.59012394592733e-08	6.4114851276713e-05	FDR_lt_0.05
Table_S10_covariate_adjusted_sensitivity_models_comprehensive.tsv	CLR_comprehensive	CLR_LM	agora2_exchange	fecal_PFNA	fecal_PFNA0.14375	EX_Cit_Mg(e)	-8.32266047125882	1.26943283482412	-10.810748827514095	-5.834572115003544	6.2912919711543e-08	7.98879693209847e-05	FDR_lt_0.05
Table_S10_covariate_adjusted_sensitivity_models_comprehensive.tsv	CLR_comprehensive	CLR_LM	agora2_exchange	fecal_PFOA	fecal_PFOA0.541458542	EX_ocdcea(e)	-12.1766368889719	1.50626864232191	-15.128923427922844	-9.224350350020957	6.96302405591924e-08	0.00129662665329139	FDR_lt_0.05
Table_S10_covariate_adjusted_sensitivity_models_comprehensive.tsv	CLR_comprehensive	CLR_LM	agora2_exchange	fecal_PFOA	fecal_PFOA0.516876574	EX_ocdcea(e)	-11.3200249444175	1.41851316272712	-14.100310743362655	-8.539739145472346	8.56877249069121e-08	0.00129662665329139	FDR_lt_0.05
Table_S10_covariate_adjusted_sensitivity_models_comprehensive.tsv	CLR_comprehensive	CLR_LM	agora2_exchange	PFNA_derived_tertile	PFNA_derived_tertilelow	EX_but(e)	-1.01530386014743	0.180216682893941	-1.3685285586195544	-0.6620791616753057	5.6763400113852e-07	0.00132145195465048	FDR_lt_0.05
Table_S10_covariate_adjusted_sensitivity_models_comprehensive.tsv	CLR_comprehensive	CLR_LM	agora2_exchange	fecal_PFOA	fecal_PFOA0.587755102	EX_ocdcea(e)	-12.6211052419733	1.62739172021801	-15.8107930136006	-9.431417470346	1.34983403368557e-07	0.001361712573182	FDR_lt_0.05
Table_S10_covariate_adjusted_sensitivity_models_comprehensive.tsv	CLR_comprehensive	CLR_LM	agora2_exchange	fecal_PFOA	fecal_PFOA0.359879032	EX_ocdcea(e)	-10.9508408134996	1.45119836253661	-13.795189604071355	-8.106492022927844	2.07366594034941e-07	0.00145281861635827	FDR_lt_0.05
Table_S10_covariate_adjusted_sensitivity_models_comprehensive.tsv	CLR_comprehensive	CLR_LM	agora2_exchange	fecal_PFOA	fecal_PFOA0.538880634	EX_ocdcea(e)	-11.7649206496427	1.57381802993622	-14.849603988317693	-8.680237310967708	2.40024222898208e-07	0.00145281861635827	FDR_lt_0.05
Table_S10_covariate_adjusted_sensitivity_models_comprehensive.tsv	CLR_comprehensive	CLR_LM	agora2_exchange	fecal_PFOS_62	fecal_PFOS_622.769897959	EX_Cit_Mg(e)	-10.7846746006649	1.33237659167782	-13.396132720353428	-8.173216480976372	6.82106540598136e-08	0.0020643272344662	FDR_lt_0.05
Table_S10_covariate_adjusted_sensitivity_models_comprehensive.tsv	CLR_comprehensive	CLR_LM	agora2_exchange	fecal_PFNA_derived_tertile	fecal_PFNA_derived_tertilemid	EX_Cit_Mg(e)	-4.19479924162311	0.765939597661483	-5.696040853039616	-2.693557630206603	1.01691528556723e-06	0.00236737878480051	FDR_lt_0.05
Table_S10_covariate_adjusted_sensitivity_models_comprehensive.tsv	CLR_comprehensive	CLR_LM	agora2_exchange	fecal_PFOA	fecal_PFOA0.587755102	EX_Cit_Mg(e)	-9.79189061744686	1.37927706067973	-12.495273656379132	-7.088507578514589	5.2869279828585e-07	0.00249470825667281	FDR_lt_0.05
Table_S10_covariate_adjusted_sensitivity_models_comprehensive.tsv	CLR_comprehensive	CLR_LM	agora2_exchange	fecal_PFOA	fecal_PFOA0.398076923	EX_ocdcea(e)	-11.8491536387943	1.67878384751078	-15.139569979915429	-8.558737297673172	5.77020810094821e-07	0.00249470825667281	FDR_lt_0.05
Table_S10_covariate_adjusted_sensitivity_models_comprehensive.tsv	CLR_comprehensive	CLR_LM	agora2_exchange	fecal_PFOS_62	fecal_PFOS_625.206843718	EX_ppoh(e)	-8.55692917674427	1.13055824095157	-10.772823329009347	-6.341035024479192	1.9787920004483e-07	0.00277544855809988	FDR_lt_0.05
Table_S10_covariate_adjusted_sensitivity_models_comprehensive.tsv	CLR_comprehensive	CLR_LM	agora2_exchange	fecal_PFOS_62	fecal_PFOS_625.115384615	EX_Cit_Mg(e)	-9.67449653091146	1.31031143936886	-12.242706952074425	-7.106286109748495	2.9068514535557e-07	0.00277544855809988	FDR_lt_0.05
Table_S10_covariate_adjusted_sensitivity_models_comprehensive.tsv	CLR_comprehensive	CLR_LM	agora2_exchange	fecal_PFOS_62	fecal_PFOS_622.090054429	EX_btd_RR(e)	12.2282316016962	1.68149078746605	8.932509658262742	15.523953545129658	3.66831688884467e-07	0.00277544855809988	FDR_lt_0.05
Table_S10_covariate_adjusted_sensitivity_models_comprehensive.tsv	CLR_comprehensive	CLR_LM	agora2_exchange	fecal_PFOS_62	fecal_PFOS_622.090054429	EX_turan_D(e)	-10.3027535784764	1.46478732787474	-13.17373674111089	-7.43177041584191	6.08036953517798e-07	0.00330590621546344	FDR_lt_0.05
Table_S10_covariate_adjusted_sensitivity_models_comprehensive.tsv	CLR_comprehensive	CLR_LM	agora2_exchange	fecal_PFOS_62	fecal_PFOS_627.999009411	EX_starch1200(e)	-11.2505782910979	1.61418176597209	-14.414374552403197	-8.086782029792603	6.96861452555974e-07	0.00330590621546344	FDR_lt_0.05
Table_S10_covariate_adjusted_sensitivity_models_comprehensive.tsv	CLR_comprehensive	CLR_LM	agora2_exchange	fecal_PFOS_62	fecal_PFOS_627.999009411	EX_hdca(e)	-10.4651525646695	1.51087477497396	-13.426467123618462	-7.503838005720539	7.64649203946738e-07	0.00330590621546344	FDR_lt_0.05
Table_S10_covariate_adjusted_sensitivity_models_comprehensive.tsv	CLR_comprehensive	CLR_LM	agora2_exchange	fecal_PFOS_62	fecal_PFOS_625.115384615	EX_inost(e)	-9.86688144954025	1.45743413044773	-12.723452345217801	-7.010310553862698	1.07188501553923e-06	0.00384168469719655	FDR_lt_0.05
Table_S10_covariate_adjusted_sensitivity_models_comprehensive.tsv	CLR_comprehensive	CLR_LM	agora2_exchange	fecal_PFOS_62	fecal_PFOS_625.206843718	EX_starch1200(e)	-9.90119943803772	1.46887759103538	-12.780199516467064	-7.022199359608376	1.14245183302831e-06	0.00384168469719655	FDR_lt_0.05
Table_S10_covariate_adjusted_sensitivity_models_comprehensive.tsv	CLR_comprehensive	CLR_LM	agora2_exchange	fecal_PFOA	fecal_PFOA0.538880634	EX_hdca(e)	-10.8744352715993	1.60665895487429	-14.023486823152908	-7.725383720045691	1.07580324398448e-06	0.00406976367199329	FDR_lt_0.05
Table_S10_covariate_adjusted_sensitivity_models_comprehensive.tsv	CLR_comprehensive	CLR_LM	agora2_exchange	fecal_PFOS_62	fecal_PFOS_625.115384615	EX_4hpro_LT(e)	-6.59006029494194	0.988884792900189	-8.52827448902631	-4.651846100857569	1.34955087530048e-06	0.00408428076900936	FDR_lt_0.05
Table_S10_covariate_adjusted_sensitivity_models_comprehensive.tsv	CLR_comprehensive	CLR_LM	agora2_exchange	fecal_PFHxS	fecal_PFHxS4.743196437	EX_btd_RR(e)	13.8663032561951	1.67584839483683	10.581640402314912	17.150966110075284	1.51154344891468e-07	0.0044694097224603	FDR_lt_0.05
Table_S10_covariate_adjusted_sensitivity_models_comprehensive.tsv	CLR_comprehensive	CLR_LM	agora2_exchange	fecal_PFHxS	fecal_PFHxS1.047959184	EX_Cit_Mg(e)	-10.336005723825	1.32378620896123	-12.93062669338901	-7.74138475426099	3.45825381970785e-07	0.0044694097224603	FDR_lt_0.05
Table_S10_covariate_adjusted_sensitivity_models_comprehensive.tsv	CLR_comprehensive	CLR_LM	agora2_exchange	fecal_PFHxS	fecal_PFHxS1.287212787	EX_ocdcea(e)	-12.3275652395041	1.6853557816782	-15.630862571593372	-9.024267907414828	8.56602581600367e-07	0.0044694097224603	FDR_lt_0.05
Table_S10_covariate_adjusted_sensitivity_models_comprehensive.tsv	CLR_comprehensive	CLR_LM	agora2_exchange	fecal_PFHxS	fecal_PFHxS1.573299748	EX_ocdcea(e)	-11.2033680935117	1.56853758376084	-14.277701757682948	-8.129034429340454	1.18417166323643e-06	0.0044694097224603	FDR_lt_0.05
Table_S10_covariate_adjusted_sensitivity_models_comprehensive.tsv	CLR_comprehensive	CLR_LM	agora2_exchange	fecal_PFHxS	fecal_PFHxS1.047959184	EX_ocdcea(e)	-12.9272254070905	1.81364299169244	-16.481965670807682	-9.372485143373318	1.2178414112936e-06	0.0044694097224603	FDR_lt_0.05
Table_S10_covariate_adjusted_sensitivity_models_comprehensive.tsv	CLR_comprehensive	CLR_LM	agora2_exchange	fecal_PFHxS	fecal_PFHxS4.743196437	EX_butam(e)	-11.7895156190154	1.65638789391571	-15.036035891090192	-8.542995346940609	1.24155142815537e-06	0.0044694097224603	FDR_lt_0.05
Table_S10_covariate_adjusted_sensitivity_models_comprehensive.tsv	CLR_comprehensive	CLR_LM	agora2_exchange	fecal_PFHxS	fecal_PFHxS4.743196437	EX_norval_L(e)	-11.7895156190154	1.65638789391571	-15.036035891090192	-8.542995346940609	1.24155142815537e-06	0.0044694097224603	FDR_lt_0.05
Table_S10_covariate_adjusted_sensitivity_models_comprehensive.tsv	CLR_comprehensive	CLR_LM	agora2_exchange	fecal_PFHxS	fecal_PFHxS4.743196437	EX_peamn(e)	-11.7895156190154	1.65638789391571	-15.036035891090192	-8.542995346940609	1.24155142815537e-06	0.0044694097224603	FDR_lt_0.05
Table_S10_covariate_adjusted_sensitivity_models_comprehensive.tsv	CLR_comprehensive	CLR_LM	agora2_exchange	fecal_PFHxS	fecal_PFHxS4.743196437	EX_M03134(e)	-11.7895156190154	1.65638789391571	-15.036035891090192	-8.542995346940609	1.24155142815538e-06	0.0044694097224603	FDR_lt_0.05
Table_S10_covariate_adjusted_sensitivity_models_comprehensive.tsv	CLR_comprehensive	CLR_LM	agora2_exchange	fecal_PFHxS	fecal_PFHxS0.718177316	EX_starch1200(e)	-11.9063850514547	1.69436418684191	-15.227338857664844	-8.585431245244557	1.47521335154948e-06	0.0044694097224603	FDR_lt_0.05
Table_S10_covariate_adjusted_sensitivity_models_comprehensive.tsv	CLR_comprehensive	CLR_LM	agora2_exchange	fecal_PFHxS	fecal_PFHxS4.743196437	EX_turan_D(e)	-11.2347484741269	1.60144241018097	-14.373575598081601	-8.095921350172198	1.50845320775231e-06	0.0044694097224603	FDR_lt_0.05
Table_S10_covariate_adjusted_sensitivity_models_comprehensive.tsv	CLR_comprehensive	CLR_LM	agora2_exchange	fecal_PFOA	fecal_PFOA0.538880634	EX_starch1200(e)	-11.5821371928401	1.75959967579444	-15.030952557397203	-8.133321828282998	1.61423580663546e-06	0.00476775133997715	FDR_lt_0.05
Table_S10_covariate_adjusted_sensitivity_models_comprehensive.tsv	CLR_comprehensive	CLR_LM	agora2_exchange	fecal_PFOA	fecal_PFOA1.133299285	EX_starch1200(e)	-10.488303316825	1.60036600200188	-13.625020680748685	-7.351585952901315	1.7186664979066e-06	0.00476775133997715	FDR_lt_0.05
Table_S10_covariate_adjusted_sensitivity_models_comprehensive.tsv	CLR_comprehensive	CLR_LM	agora2_exchange	fecal_PFOA	fecal_PFOA0.486916367	EX_ocdcea(e)	-10.724724261101	1.63738029442995	-13.933989638183704	-7.515458884018298	1.73292574477097e-06	0.00476775133997715	FDR_lt_0.05
Table_S10_covariate_adjusted_sensitivity_models_comprehensive.tsv	CLR_comprehensive	CLR_LM	agora2_exchange	fecal_PFHxS	fecal_PFHxS2.003064351	EX_starch1200(e)	-10.6164520857677	1.53067528833504	-13.616575650904378	-7.61632852063102	1.75717351432615e-06	0.00477248326490981	FDR_lt_0.05
Table_S10_covariate_adjusted_sensitivity_models_comprehensive.tsv	CLR_comprehensive	CLR_LM	agora2_exchange	fecal_PFHxS	fecal_PFHxS1.891129032	EX_ocdcea(e)	-11.1547795198838	1.62403066132882	-14.337879616088287	-7.971679423679312	2.00023668986022e-06	0.0047762422827753	FDR_lt_0.05
Table_S10_covariate_adjusted_sensitivity_models_comprehensive.tsv	CLR_comprehensive	CLR_LM	agora2_exchange	fecal_PFHxS	fecal_PFHxS0.718177316	EX_ocdcea(e)	-12.0271820197523	1.75439802816689	-15.465802154959404	-8.588561884545195	2.05165046510966e-06	0.0047762422827753	FDR_lt_0.05
Table_S10_covariate_adjusted_sensitivity_models_comprehensive.tsv	CLR_comprehensive	CLR_LM	agora2_exchange	fecal_PFOA	fecal_PFOA0.516876574	EX_3dhcdchol(e)	-8.77312915691867	1.37536049871666	-11.468835734403322	-6.077422579434016	2.52850938466021e-06	0.00549289514095485	FDR_lt_0.05
Table_S10_covariate_adjusted_sensitivity_models_comprehensive.tsv	CLR_comprehensive	CLR_LM	agora2_exchange	fecal_PFOA	fecal_PFOA0.516876574	EX_3dhchol(e)	-8.77312915691867	1.37536049871666	-11.468835734403322	-6.077422579434016	2.52850938466021e-06	0.00549289514095485	FDR_lt_0.05
Table_S10_covariate_adjusted_sensitivity_models_comprehensive.tsv	CLR_comprehensive	CLR_LM	agora2_exchange	fecal_PFOA	fecal_PFOA1.133299285	EX_ppoh(e)	-8.30340599520602	1.30217523828029	-10.855669462235388	-5.751142528176652	2.54099035069283e-06	0.00549289514095485	FDR_lt_0.05
Table_S10_covariate_adjusted_sensitivity_models_comprehensive.tsv	CLR_comprehensive	CLR_LM	agora2_exchange	elim_k_PFHxS	elim_k_PFHxS	EX_alaasp(e)	-4.72976031908419	1.12157997685517	-6.928057073720323	-2.5314635644480568	0.000133039069166983	0.00585878102253873	FDR_lt_0.05
Table_S10_covariate_adjusted_sensitivity_models_comprehensive.tsv	CLR_comprehensive	CLR_LM	agora2_exchange	elim_k_PFHxS	elim_k_PFHxS	EX_alagln(e)	-4.72976031908419	1.12157997685517	-6.928057073720323	-2.5314635644480568	0.000133039069166983	0.00585878102253873	FDR_lt_0.05
Table_S10_covariate_adjusted_sensitivity_models_comprehensive.tsv	CLR_comprehensive	CLR_LM	agora2_exchange	elim_k_PFHxS	elim_k_PFHxS	EX_alaglu(e)	-4.72976031908419	1.12157997685517	-6.928057073720323	-2.5314635644480568	0.000133039069166983	0.00585878102253873	FDR_lt_0.05
Table_S10_covariate_adjusted_sensitivity_models_comprehensive.tsv	CLR_comprehensive	CLR_LM	agora2_exchange	elim_k_PFHxS	elim_k_PFHxS	EX_alagly(e)	-4.72976031908419	1.12157997685517	-6.928057073720323	-2.5314635644480568	0.000133039069166983	0.00585878102253873	FDR_lt_0.05
Table_S10_covariate_adjusted_sensitivity_models_comprehensive.tsv	CLR_comprehensive	CLR_LM	agora2_exchange	elim_k_PFHxS	elim_k_PFHxS	EX_alahis(e)	-4.72976031908419	1.12157997685517	-6.928057073720323	-2.5314635644480568	0.000133039069166983	0.00585878102253873	FDR_lt_0.05
Table_S10_covariate_adjusted_sensitivity_models_comprehensive.tsv	CLR_comprehensive	CLR_LM	agora2_exchange	elim_k_PFHxS	elim_k_PFHxS	EX_alaleu(e)	-4.72976031908419	1.12157997685517	-6.928057073720323	-2.5314635644480568	0.000133039069166983	0.00585878102253873	FDR_lt_0.05
Table_S10_covariate_adjusted_sensitivity_models_comprehensive.tsv	CLR_comprehensive	CLR_LM	agora2_exchange	elim_k_PFHxS	elim_k_PFHxS	EX_alathr(e)	-4.72976031908419	1.12157997685517	-6.928057073720323	-2.5314635644480568	0.000133039069166983	0.00585878102253873	FDR_lt_0.05
Table_S10_covariate_adjusted_sensitivity_models_comprehensive.tsv	CLR_comprehensive	CLR_LM	agora2_exchange	elim_k_PFHxS	elim_k_PFHxS	EX_glyasn(e)	-4.72976031908419	1.12157997685517	-6.928057073720323	-2.5314635644480568	0.000133039069166983	0.00585878102253873	FDR_lt_0.05
Table_S10_covariate_adjusted_sensitivity_models_comprehensive.tsv	CLR_comprehensive	CLR_LM	agora2_exchange	elim_k_PFHxS	elim_k_PFHxS	EX_glyasp(e)	-4.72976031908419	1.12157997685517	-6.928057073720323	-2.5314635644480568	0.000133039069166983	0.00585878102253873	FDR_lt_0.05
Table_S10_covariate_adjusted_sensitivity_models_comprehensive.tsv	CLR_comprehensive	CLR_LM	agora2_exchange	elim_k_PFHxS	elim_k_PFHxS	EX_glygln(e)	-4.72976031908419	1.12157997685517	-6.928057073720323	-2.5314635644480568	0.000133039069166983	0.00585878102253873	FDR_lt_0.05
Table_S10_covariate_adjusted_sensitivity_models_comprehensive.tsv	CLR_comprehensive	CLR_LM	agora2_exchange	elim_k_PFHxS	elim_k_PFHxS	EX_glyglu(e)	-4.72976031908419	1.12157997685517	-6.928057073720323	-2.5314635644480568	0.000133039069166983	0.00585878102253873	FDR_lt_0.05
Table_S10_covariate_adjusted_sensitivity_models_comprehensive.tsv	CLR_comprehensive	CLR_LM	agora2_exchange	elim_k_PFHxS	elim_k_PFHxS	EX_glyleu(e)	-4.72976031908419	1.12157997685517	-6.928057073720323	-2.5314635644480568	0.000133039069166983	0.00585878102253873	FDR_lt_0.05
Table_S10_covariate_adjusted_sensitivity_models_comprehensive.tsv	CLR_comprehensive	CLR_LM	agora2_exchange	elim_k_PFHxS	elim_k_PFHxS	EX_glymet(e)	-4.72976031908419	1.12157997685517	-6.928057073720323	-2.5314635644480568	0.000133039069166983	0.00585878102253873	FDR_lt_0.05
Table_S10_covariate_adjusted_sensitivity_models_comprehensive.tsv	CLR_comprehensive	CLR_LM	agora2_exchange	elim_k_PFHxS	elim_k_PFHxS	EX_glyphe(e)	-4.72976031908419	1.12157997685517	-6.928057073720323	-2.5314635644480568	0.000133039069166983	0.00585878102253873	FDR_lt_0.05
Table_S10_covariate_adjusted_sensitivity_models_comprehensive.tsv	CLR_comprehensive	CLR_LM	agora2_exchange	elim_k_PFHxS	elim_k_PFHxS	EX_glypro(e)	-4.72976031908419	1.12157997685517	-6.928057073720323	-2.5314635644480568	0.000133039069166983	0.00585878102253873	FDR_lt_0.05
Table_S10_covariate_adjusted_sensitivity_models_comprehensive.tsv	CLR_comprehensive	CLR_LM	agora2_exchange	elim_k_PFHxS	elim_k_PFHxS	EX_glytyr(e)	-4.72976031908419	1.12157997685517	-6.928057073720323	-2.5314635644480568	0.000133039069166983	0.00585878102253873	FDR_lt_0.05
Table_S10_covariate_adjusted_sensitivity_models_comprehensive.tsv	CLR_comprehensive	CLR_LM	agora2_exchange	elim_k_PFHxS	elim_k_PFHxS	EX_metala(e)	-4.72976031908419	1.12157997685517	-6.928057073720323	-2.5314635644480568	0.000133039069166983	0.00585878102253873	FDR_lt_0.05
Table_S10_covariate_adjusted_sensitivity_models_comprehensive.tsv	CLR_comprehensive	CLR_LM	agora2_exchange	k_PFHxS	k_PFHxS	EX_alaasp(e)	-4.72976031908419	1.12157997685517	-6.928057073720323	-2.5314635644480568	0.000133039069166983	0.00585878102253873	FDR_lt_0.05
Table_S10_covariate_adjusted_sensitivity_models_comprehensive.tsv	CLR_comprehensive	CLR_LM	agora2_exchange	k_PFHxS	k_PFHxS	EX_alagln(e)	-4.72976031908419	1.12157997685517	-6.928057073720323	-2.5314635644480568	0.000133039069166983	0.00585878102253873	FDR_lt_0.05
Table_S10_covariate_adjusted_sensitivity_models_comprehensive.tsv	CLR_comprehensive	CLR_LM	agora2_exchange	k_PFHxS	k_PFHxS	EX_alaglu(e)	-4.72976031908419	1.12157997685517	-6.928057073720323	-2.5314635644480568	0.000133039069166983	0.00585878102253873	FDR_lt_0.05
Table_S10_covariate_adjusted_sensitivity_models_comprehensive.tsv	CLR_comprehensive	CLR_LM	agora2_exchange	k_PFHxS	k_PFHxS	EX_alagly(e)	-4.72976031908419	1.12157997685517	-6.928057073720323	-2.5314635644480568	0.000133039069166983	0.00585878102253873	FDR_lt_0.05
Table_S10_covariate_adjusted_sensitivity_models_comprehensive.tsv	CLR_comprehensive	CLR_LM	agora2_exchange	k_PFHxS	k_PFHxS	EX_alahis(e)	-4.72976031908419	1.12157997685517	-6.928057073720323	-2.5314635644480568	0.000133039069166983	0.00585878102253873	FDR_lt_0.05
Table_S10_covariate_adjusted_sensitivity_models_comprehensive.tsv	CLR_comprehensive	CLR_LM	agora2_exchange	k_PFHxS	k_PFHxS	EX_alaleu(e)	-4.72976031908419	1.12157997685517	-6.928057073720323	-2.5314635644480568	0.000133039069166983	0.00585878102253873	FDR_lt_0.05
Table_S10_covariate_adjusted_sensitivity_models_comprehensive.tsv	CLR_comprehensive	CLR_LM	agora2_exchange	k_PFHxS	k_PFHxS	EX_alathr(e)	-4.72976031908419	1.12157997685517	-6.928057073720323	-2.5314635644480568	0.000133039069166983	0.00585878102253873	FDR_lt_0.05
Table_S10_covariate_adjusted_sensitivity_models_comprehensive.tsv	CLR_comprehensive	CLR_LM	humann_pathways	fecal_PFOS_62	fecal_PFOS_625.206843718	UNINTEGRATED|g__Eubacterium.s__Eubacterium_sp_CAG_161	12.388083387935	0.529746033092049	11.349781163074583	13.426385612795416	1.61036904788026e-16	1.2560878573466e-11	FDR_lt_0.05
Table_S10_covariate_adjusted_sensitivity_models_comprehensive.tsv	CLR_comprehensive	CLR_LM	humann_pathways	fecal_PFOS_62	fecal_PFOS_6291.19155354	UNINTEGRATED|g__Eubacterium.s__Eubacterium_sp_CAG_161	11.6952752873065	0.56528318828716	10.587320238263665	12.803230336349333	1.90285718027903e-15	7.42114300308821e-11	FDR_lt_0.05
Table_S10_covariate_adjusted_sensitivity_models_comprehensive.tsv	CLR_comprehensive	CLR_LM	humann_pathways	fecal_PFOA	fecal_PFOA1.133299285	UNINTEGRATED|g__Eubacterium.s__Eubacterium_sp_CAG_161	12.6645287880081	0.62838814512387	11.432888023565315	13.896169552450885	3.2172837163326e-15	2.50948129873943e-10	FDR_lt_0.05
Table_S10_covariate_adjusted_sensitivity_models_comprehensive.tsv	CLR_comprehensive	CLR_LM	humann_pathways	fecal_PFOS_62	fecal_PFOS_625.115384615	UNINTEGRATED|g__Eubacterium.s__Eubacterium_sp_CAG_161	11.1875159311398	0.591207512992825	10.028749205673861	12.346282656605737	1.13107548231777e-14	2.94079625402621e-10	FDR_lt_0.05
Table_S10_covariate_adjusted_sensitivity_models_comprehensive.tsv	CLR_comprehensive	CLR_LM	humann_pathways	fecal_PFOS_62	fecal_PFOS_621.309164149	UNINTEGRATED|g__Eubacterium.s__Eubacterium_sp_CAG_161	10.0430062211217	0.565810652178071	8.934017342852682	11.151995099390719	4.02187801495933e-14	7.84266212917069e-10	FDR_lt_0.05
Table_S10_covariate_adjusted_sensitivity_models_comprehensive.tsv	CLR_comprehensive	CLR_LM	humann_pathways	fecal_PFOA	fecal_PFOA4.089492207	UNINTEGRATED|g__Eubacterium.s__Eubacterium_sp_CAG_161	11.9712655514081	0.671127115990437	10.655856404066844	13.286674698749357	3.6484689739487e-14	1.42290289983999e-09	FDR_lt_0.05
Table_S10_covariate_adjusted_sensitivity_models_comprehensive.tsv	CLR_comprehensive	CLR_LM	humann_pathways	fecal_PFHxS	fecal_PFHxS2.003064351	UNINTEGRATED|g__Eubacterium.s__Eubacterium_sp_CAG_161	12.605811226722	0.589544230054151	11.450304535815864	13.761317917628137	3.02936170260324e-14	2.54466383018672e-09	FDR_lt_0.05
Table_S10_covariate_adjusted_sensitivity_models_comprehensive.tsv	CLR_comprehensive	CLR_LM	humann_pathways	fecal_PFOS_62	fecal_PFOS_6224.05215647	UNINTEGRATED|g__Eubacterium.s__Eubacterium_sp_CAG_161	8.80178728353434	0.561945328728122	7.700374439227221	9.903200127841458	4.65861724099086e-13	7.26744289594573e-09	FDR_lt_0.05
Table_S10_covariate_adjusted_sensitivity_models_comprehensive.tsv	CLR_comprehensive	CLR_LM	humann_pathways	fecal_PFOS_62	fecal_PFOS_626.370926022	UNINTEGRATED|g__Eubacterium.s__Eubacterium_sp_CAG_161	8.98199962512998	0.598974405866006	7.808009789632608	10.155989460627351	1.08197020102879e-12	1.29118885043046e-08	FDR_lt_0.05
Table_S10_covariate_adjusted_sensitivity_models_comprehensive.tsv	CLR_comprehensive	CLR_LM	humann_pathways	fecal_PFOS_62	fecal_PFOS_629.486921529	UNINTEGRATED|g__Eubacterium.s__Eubacterium_sp_CAG_161	7.96672559777266	0.533162668254351	6.921726767994132	9.011724427551188	1.15875922474528e-12	1.29118885043046e-08	FDR_lt_0.05
Table_S10_covariate_adjusted_sensitivity_models_comprehensive.tsv	CLR_comprehensive	CLR_LM	humann_pathways	fecal_PFOA	fecal_PFOA0.398076923	UNINTEGRATED|g__Eubacterium.s__Eubacterium_sp_CAG_161	11.4886358273879	0.736992053978409	10.044131401590219	12.933140253185583	5.11040484475459e-13	1.32870525963619e-08	FDR_lt_0.05
Table_S10_covariate_adjusted_sensitivity_models_comprehensive.tsv	CLR_comprehensive	CLR_LM	humann_pathways	fecal_PFHxS	fecal_PFHxS30.05580694	UNINTEGRATED|g__Eubacterium.s__Eubacterium_sp_CAG_161	11.96500451866	0.643597202491772	10.703554001776128	13.226455035543873	3.38695937611625e-13	1.42252293796882e-08	FDR_lt_0.05
Table_S10_covariate_adjusted_sensitivity_models_comprehensive.tsv	CLR_comprehensive	CLR_LM	humann_pathways	fecal_PFOS_62	fecal_PFOS_622.769897959	UNINTEGRATED|g__Dorea.s__Dorea_longicatena	-15.0149247614832	1.04188889617953	-17.05702699799508	-12.972822524971322	2.32279233064217e-12	2.26472252237611e-08	FDR_lt_0.05
Table_S10_covariate_adjusted_sensitivity_models_comprehensive.tsv	CLR_comprehensive	CLR_LM	humann_pathways	fecal_PFOS_62	fecal_PFOS_626.772476143	UNINTEGRATED|g__Eubacterium.s__Eubacterium_sp_CAG_161	7.73663394645369	0.540957837192183	6.676356585557011	8.796911307350369	2.68800399782994e-12	2.32960346478594e-08	FDR_lt_0.05
Table_S10_covariate_adjusted_sensitivity_models_comprehensive.tsv	CLR_comprehensive	CLR_LM	humann_pathways	fecal_PFOA	fecal_PFOA0.767371601	UNINTEGRATED|g__Eubacterium.s__Eubacterium_sp_CAG_161	10.4925736760517	0.705452468906574	9.109886836994814	11.875260515108586	1.26659157027303e-12	2.46985356203241e-08	FDR_lt_0.05
Table_S10_covariate_adjusted_sensitivity_models_comprehensive.tsv	CLR_comprehensive	CLR_LM	humann_pathways	fecal_PFOS_62	fecal_PFOS_625.206843718	UNINTEGRATED|g__Dorea.s__Dorea_longicatena	-12.6943713094861	0.918114226515089	-14.493875193455674	-10.894867425516525	5.12006223509364e-12	3.99364854337304e-08	FDR_lt_0.05
Table_S10_covariate_adjusted_sensitivity_models_comprehensive.tsv	CLR_comprehensive	CLR_LM	humann_pathways	fecal_PFOA	fecal_PFOA1.147442327	UNINTEGRATED|g__Eubacterium.s__Eubacterium_sp_CAG_161	8.98294129251227	0.639579029571703	7.729366394551732	10.236516190472809	3.79858714299532e-12	5.92579594307271e-08	FDR_lt_0.05
Table_S10_covariate_adjusted_sensitivity_models_comprehensive.tsv	CLR_comprehensive	CLR_LM	humann_pathways	fecal_PFOS_62	fecal_PFOS_621.309164149	UNINTEGRATED|g__Dorea.s__Dorea_longicatena	-13.1548906619283	0.98061859235896	-15.076903102951862	-11.23287822090474	9.08068023831046e-12	6.43902780534742e-08	FDR_lt_0.05
Table_S10_covariate_adjusted_sensitivity_models_comprehensive.tsv	CLR_comprehensive	CLR_LM	humann_pathways	fecal_PFOA	fecal_PFOA0.566476979	UNINTEGRATED|g__Eubacterium.s__Eubacterium_sp_CAG_161	9.43324825262546	0.718005126307199	8.02595820506335	10.840538300187571	1.34545632827243e-11	1.51081845768905e-07	FDR_lt_0.05
Table_S10_covariate_adjusted_sensitivity_models_comprehensive.tsv	CLR_comprehensive	CLR_LM	humann_pathways	fecal_PFOA	fecal_PFOA0.670523139	UNINTEGRATED|g__Eubacterium.s__Eubacterium_sp_CAG_161	8.22898426631294	0.626599887860476	7.000848486106407	9.457120046519474	1.35586271843889e-11	1.51081845768905e-07	FDR_lt_0.05
Table_S10_covariate_adjusted_sensitivity_models_comprehensive.tsv	CLR_comprehensive	CLR_LM	humann_pathways	fecal_PFOS_62	fecal_PFOS_625.115384615	UNINTEGRATED|g__Dorea.s__Dorea_longicatena	-12.9040032978436	1.02463443724741	-14.912286794848523	-10.895719800838677	2.97309130038675e-11	1.93250934525139e-07	FDR_lt_0.05
Table_S10_covariate_adjusted_sensitivity_models_comprehensive.tsv	CLR_comprehensive	CLR_LM	humann_pathways	fecal_PFOA	fecal_PFOA0.97187343	UNINTEGRATED|g__Eubacterium.s__Eubacterium_sp_CAG_161	7.9220056821031	0.623569809265118	6.699808855943468	9.144202508262731	2.52563306500589e-11	2.46249223838074e-07	FDR_lt_0.05
Table_S10_covariate_adjusted_sensitivity_models_comprehensive.tsv	CLR_comprehensive	CLR_LM	humann_pathways	fecal_PFHxS	fecal_PFHxS1.112980769	UNINTEGRATED|g__Eubacterium.s__Eubacterium_sp_CAG_161	11.5159553213346	0.751312754909611	10.043382321711762	12.988528320957437	8.97301349207126e-12	2.51244377777995e-07	FDR_lt_0.05
Table_S10_covariate_adjusted_sensitivity_models_comprehensive.tsv	CLR_comprehensive	CLR_LM	humann_pathways	fecal_PFHxS	fecal_PFHxS0.947633434	UNINTEGRATED|g__Eubacterium.s__Eubacterium_sp_CAG_161	10.358382608992	0.692052135130077	9.00196042413705	11.714804793846952	1.33646063939156e-11	2.80656734272228e-07	FDR_lt_0.05
Table_S10_covariate_adjusted_sensitivity_models_comprehensive.tsv	CLR_comprehensive	CLR_LM	humann_pathways	fecal_PFHxS	fecal_PFHxS3.93781344	UNINTEGRATED|g__Eubacterium.s__Eubacterium_sp_CAG_161	8.94191169866348	0.609083216220024	7.7481085948722335	10.135714802454727	1.84614591033035e-11	3.10152512935498e-07	FDR_lt_0.05
Table_S10_covariate_adjusted_sensitivity_models_comprehensive.tsv	CLR_comprehensive	CLR_LM	humann_pathways	fecal_L_PFOS	fecal_L_PFOS21.47738693	UNINTEGRATED|g__Bacteroides.s__Bacteroides_faecis	13.4958789496158	0.537561104586547	12.442259184626169	14.549498714605432	9.67123898840536e-12	4.24201242658265e-07	FDR_lt_0.05
Table_S10_covariate_adjusted_sensitivity_models_comprehensive.tsv	CLR_comprehensive	CLR_LM	humann_pathways	fecal_L_PFOS	fecal_L_PFOS22.56384065	UNINTEGRATED|g__Eubacterium.s__Eubacterium_sp_CAG_161	12.6618084320063	0.51542773086526	11.65157007951039	13.672046784502209	1.24973348858785e-11	4.24201242658265e-07	FDR_lt_0.05
Table_S10_covariate_adjusted_sensitivity_models_comprehensive.tsv	CLR_comprehensive	CLR_LM	humann_pathways	fecal_L_PFOS	fecal_L_PFOS0.315765561	UNINTEGRATED|g__Bacteroides.s__Bacteroides_faecis	14.4885641626361	0.592748754009623	13.326776604777239	15.650351720494962	1.32562888330708e-11	4.24201242658265e-07	FDR_lt_0.05
Table_S10_covariate_adjusted_sensitivity_models_comprehensive.tsv	CLR_comprehensive	CLR_LM	humann_pathways	fecal_L_PFOS	fecal_L_PFOS3.181863727	UNINTEGRATED|g__Bacteroides.s__Bacteroides_faecis	14.2049327550565	0.597085131541363	13.034645897235428	15.375219612877572	1.8230343185427e-11	4.37528236450247e-07	FDR_lt_0.05
Table_S10_covariate_adjusted_sensitivity_models_comprehensive.tsv	CLR_comprehensive	CLR_LM	humann_pathways	fecal_PFOS_62	fecal_PFOS_621.277071683	UNINTEGRATED|g__Fusicatenibacter.s__Fusicatenibacter_saccharivorans	-13.6424534733926	1.13882537492668	-15.874551208248892	-11.410355738536307	7.5159185617792e-11	4.50955113706752e-07	FDR_lt_0.05
Table_S10_covariate_adjusted_sensitivity_models_comprehensive.tsv	CLR_comprehensive	CLR_LM	humann_pathways	fecal_PFOS_62	fecal_PFOS_621.625884732	UNINTEGRATED|g__Firmicutes_unclassified.s__Firmicutes_bacterium_AF16_15	-13.7159951625916	1.1526164902986	-15.975123483576857	-11.456866841606343	8.49702968659581e-11	4.73405939681767e-07	FDR_lt_0.05
Table_S10_covariate_adjusted_sensitivity_models_comprehensive.tsv	CLR_comprehensive	CLR_LM	humann_pathways	fecal_PFHxS	fecal_PFHxS1.120996441	UNINTEGRATED|g__Subdoligranulum.s__Subdoligranulum_sp_APC924_74	-13.3610564631111	0.956483864569963	-15.235764837668228	-11.48634808855397	4.21779044090225e-11	5.35226972527032e-07	FDR_lt_0.05
Table_S10_covariate_adjusted_sensitivity_models_comprehensive.tsv	CLR_comprehensive	CLR_LM	humann_pathways	fecal_PFHxS	fecal_PFHxS1.541247485	UNINTEGRATED|g__Eubacterium.s__Eubacterium_sp_CAG_161	8.16896016785801	0.586773013604311	7.018885061193561	9.31903527452246	4.4602247710586e-11	5.35226972527032e-07	FDR_lt_0.05
Table_S10_covariate_adjusted_sensitivity_models_comprehensive.tsv	CLR_comprehensive	CLR_LM	humann_pathways	fecal_L_PFOS	fecal_L_PFOS28.2841999	UNINTEGRATED|g__Bacteroides.s__Bacteroides_faecis	13.6712726256213	0.600382166848857	12.49452357859754	14.84802167264506	3.05112783211222e-11	5.83447059010344e-07	FDR_lt_0.05
Table_S10_covariate_adjusted_sensitivity_models_comprehensive.tsv	CLR_comprehensive	CLR_LM	humann_pathways	fecal_L_PFOS	fecal_L_PFOS6.984607491	UNINTEGRATED|g__Bacteroides.s__Bacteroides_faecis	13.692259032111	0.612371808560003	12.492010287333395	14.892507776888605	3.77991788542761e-11	5.83447059010344e-07	FDR_lt_0.05
Table_S10_covariate_adjusted_sensitivity_models_comprehensive.tsv	CLR_comprehensive	CLR_LM	humann_pathways	fecal_L_PFOS	fecal_L_PFOS14.92918132	UNINTEGRATED|g__Bacteroides.s__Bacteroides_faecis	11.3074436867903	0.510833688232975	10.30620965785367	12.308677715726931	4.25430147195042e-11	5.83447059010344e-07	FDR_lt_0.05
Table_S10_covariate_adjusted_sensitivity_models_comprehensive.tsv	CLR_comprehensive	CLR_LM	humann_pathways	fecal_PFHxS	fecal_PFHxS1.891129032	UNINTEGRATED|g__Subdoligranulum.s__Subdoligranulum_sp_APC924_74	-13.5437913998517	0.99342153425058	-15.490897606982838	-11.596685192720564	6.30239256603209e-11	5.9988060398979e-07	FDR_lt_0.05
Table_S10_covariate_adjusted_sensitivity_models_comprehensive.tsv	CLR_comprehensive	CLR_LM	humann_pathways	fecal_PFHxS	fecal_PFHxS1.016037248	UNINTEGRATED|g__Eubacterium.s__Eubacterium_sp_CAG_161	9.2644399183025	0.680814032711794	7.930044414187384	10.598835422417617	6.50068453113997e-11	5.9988060398979e-07	FDR_lt_0.05
Table_S10_covariate_adjusted_sensitivity_models_comprehensive.tsv	CLR_comprehensive	CLR_LM	humann_pathways	fecal_PFHxS	fecal_PFHxS2.130085384	UNINTEGRATED|g__Eubacterium.s__Eubacterium_sp_CAG_161	7.90383244601453	0.58532252543337	6.756600296165124	9.051064595863934	7.3810139099579e-11	5.9988060398979e-07	FDR_lt_0.05
Table_S10_covariate_adjusted_sensitivity_models_comprehensive.tsv	CLR_comprehensive	CLR_LM	humann_pathways	fecal_PFHxS	fecal_PFHxS1.047959184	UNINTEGRATED|g__Dorea.s__Dorea_longicatena	-14.7934325278453	1.09969138554785	-16.948827643519085	-12.638037412171514	7.85557933796154e-11	5.9988060398979e-07	FDR_lt_0.05
Table_S10_covariate_adjusted_sensitivity_models_comprehensive.tsv	CLR_comprehensive	CLR_LM	humann_pathways	fecal_L_PFOS	fecal_L_PFOS1.263696877	UNINTEGRATED|g__Bacteroides.s__Bacteroides_faecis	12.5827588712371	0.584529421494435	11.437081205108008	13.728436537366193	5.90059269977585e-11	6.19933898843562e-07	FDR_lt_0.05
Table_S10_covariate_adjusted_sensitivity_models_comprehensive.tsv	CLR_comprehensive	CLR_LM	humann_pathways	fecal_L_PFOS	fecal_L_PFOS8.143579373	UNINTEGRATED|g__Bacteroides.s__Bacteroides_faecis	11.1384108523512	0.517850700980937	10.123423478428563	12.153398226273836	5.95671551268991e-11	6.19933898843562e-07	FDR_lt_0.05
Table_S10_covariate_adjusted_sensitivity_models_comprehensive.tsv	CLR_comprehensive	CLR_LM	humann_pathways	fecal_L_PFOS	fecal_L_PFOS27.18236776	PWY66-429: fatty acid biosynthesis initiation (mitochondria)|g__Sutterella.s__Sutterella_sp_CAG_351	10.8910752989509	0.509853174124484	9.891763077666912	11.890387520234889	6.45764477962044e-11	6.19933898843562e-07	FDR_lt_0.05
Table_S10_covariate_adjusted_sensitivity_models_comprehensive.tsv	CLR_comprehensive	CLR_LM	humann_pathways	fecal_PFOS_62	fecal_PFOS_627.999009411	PWY-3001: superpathway of L-isoleucine biosynthesis I|unclassified	-7.95845273798307	0.6858158803012	-9.302651863373422	-6.614253612592718	1.34784994131523e-10	7.00881969483922e-07	FDR_lt_0.05
Table_S10_covariate_adjusted_sensitivity_models_comprehensive.tsv	CLR_comprehensive	CLR_LM	humann_pathways	fecal_L_PFOS	fecal_L_PFOS27.18236776	PWY-6163: chorismate biosynthesis from 3-dehydroquinate|g__Sutterella.s__Sutterella_sp_CAG_351	10.4619958128895	0.509853174124484	9.462683591605511	11.461308034173488	1.03362491904031e-10	8.03818662549544e-07	FDR_lt_0.05
Table_S10_covariate_adjusted_sensitivity_models_comprehensive.tsv	CLR_comprehensive	CLR_LM	humann_pathways	fecal_L_PFOS	fecal_L_PFOS464.5706385	UNINTEGRATED|g__Eubacterium.s__Eubacterium_sp_CAG_161	11.7682699262601	0.573763088549666	10.643694272702755	12.892845579817445	1.03890835525126e-10	8.03818662549544e-07	FDR_lt_0.05
Table_S10_covariate_adjusted_sensitivity_models_comprehensive.tsv	CLR_comprehensive	CLR_LM	humann_pathways	fecal_L_PFOS	fecal_L_PFOS27.18236776	PWY-6123: inosine-5'-phosphate biosynthesis I|g__Sutterella.s__Sutterella_sp_CAG_351	10.3735663326824	0.509853174124483	9.374254111398413	11.372878553966386	1.14143822149354e-10	8.03818662549544e-07	FDR_lt_0.05
Table_S10_covariate_adjusted_sensitivity_models_comprehensive.tsv	CLR_comprehensive	CLR_LM	humann_pathways	fecal_L_PFOS	fecal_L_PFOS27.18236776	PWY-6124: inosine-5'-phosphate biosynthesis II|g__Sutterella.s__Sutterella_sp_CAG_351	10.349958312922	0.509853174124483	9.350646091638014	11.349270534205987	1.17223554955142e-10	8.03818662549544e-07	FDR_lt_0.05
Table_S10_covariate_adjusted_sensitivity_models_comprehensive.tsv	CLR_comprehensive	CLR_LM	humann_pathways	fecal_L_PFOS	fecal_L_PFOS27.18236776	PWY-5097: L-lysine biosynthesis VI|g__Sutterella.s__Sutterella_sp_CAG_351	10.2180581434089	0.509853174124483	9.218745922124914	11.217370364692886	1.36169182830209e-10	8.7148277011334e-07	FDR_lt_0.05
Table_S10_covariate_adjusted_sensitivity_models_comprehensive.tsv	CLR_comprehensive	CLR_LM	humann_pathways	fecal_PFOS_62	fecal_PFOS_621.277071683	UNINTEGRATED|g__Firmicutes_unclassified.s__Firmicutes_bacterium_AF16_15	-12.7034505879238	1.11496182327726	-14.88877576154723	-10.518125414300371	1.88305468577482e-10	9.17989159315225e-07	FDR_lt_0.05
Table_S10_covariate_adjusted_sensitivity_models_comprehensive.tsv	CLR_comprehensive	CLR_LM	humann_pathways	fecal_PFOS_62	fecal_PFOS_622.808040201	UNINTEGRATED|g__Firmicutes_unclassified.s__Firmicutes_bacterium_AF16_15	-12.8157172816659	1.13031930231914	-15.031143114211416	-10.600291449120386	2.05789792448369e-10	9.44211988880751e-07	FDR_lt_0.05
Table_S10_covariate_adjusted_sensitivity_models_comprehensive.tsv	CLR_comprehensive	CLR_LM	humann_pathways	fecal_PFHxS	fecal_PFHxS2.003064351	UNINTEGRATED|g__Dorea.s__Dorea_longicatena	-12.4250864983873	0.961000158036202	-14.308646808138256	-10.541526188636343	1.50501154698043e-10	1.00629860662693e-06	FDR_lt_0.05
Table_S10_covariate_adjusted_sensitivity_models_comprehensive.tsv	CLR_comprehensive	CLR_LM	humann_pathways	fecal_PFHxS	fecal_PFHxS1.048410758	UNINTEGRATED|g__Subdoligranulum.s__Subdoligranulum_sp_APC924_74	-14.5896704270779	1.1307816350006	-16.806002431679076	-12.373338422476724	1.55736689120835e-10	1.00629860662693e-06	FDR_lt_0.05
Table_S10_covariate_adjusted_sensitivity_models_comprehensive.tsv	CLR_comprehensive	CLR_LM	humann_pathways	fecal_PFOA	fecal_PFOA0.587755102	UNINTEGRATED|g__Dorea.s__Dorea_longicatena	-14.2513448421529	1.21980461069118	-16.64216187910761	-11.860527805198187	1.19054094516463e-10	1.03180215247602e-06	FDR_lt_0.05
Table_S10_covariate_adjusted_sensitivity_models_comprehensive.tsv	CLR_comprehensive	CLR_LM	humann_pathways	fecal_PFOA	fecal_PFOA1.133299285	UNINTEGRATED|g__Dorea.s__Dorea_longicatena	-12.3600386164051	1.07289724051634	-14.462917207817126	-10.257160024993075	1.53946111913225e-10	1.20077967292315e-06	FDR_lt_0.05
Table_S10_covariate_adjusted_sensitivity_models_comprehensive.tsv	CLR_comprehensive	CLR_LM	humann_pathways	fecal_PFHxS	fecal_PFHxS1.287212787	UNINTEGRATED|g__Subdoligranulum.s__Subdoligranulum_sp_APC924_74	-13.0682663151646	1.0309341850867	-15.088897317934531	-11.047635312394668	2.07777531483598e-10	1.23486164538813e-06	FDR_lt_0.05
Table_S10_covariate_adjusted_sensitivity_models_comprehensive.tsv	CLR_comprehensive	CLR_LM	humann_pathways	fecal_PFHxS	fecal_PFHxS1.573299748	UNINTEGRATED|g__Subdoligranulum.s__Subdoligranulum_sp_APC924_74	-12.1180769799201	0.959476351089588	-13.998650628055692	-10.237503331784506	2.20511008105023e-10	1.23486164538813e-06	FDR_lt_0.05
Table_S10_covariate_adjusted_sensitivity_models_comprehensive.tsv	CLR_comprehensive	CLR_LM	humann_pathways	fecal_PFHxS	fecal_PFHxS0.545591182	UNINTEGRATED|g__Subdoligranulum.s__Subdoligranulum_sp_APC924_74	-13.7964573489914	1.11505999206474	-15.98197493343829	-11.61093976454451	3.07886147808458e-10	1.6164022759944e-06	FDR_lt_0.05
Table_S10_covariate_adjusted_sensitivity_models_comprehensive.tsv	CLR_comprehensive	CLR_LM	humann_pathways	fecal_PFNA	fecal_PFNA0.111389865	UNINTEGRATED|g__Anaerostipes.s__Anaerostipes_hadrus	-11.8144434684442	1.39863003689084	-14.555758340750245	-9.073128596138154	1.34162641929387e-10	1.80865228258384e-06	FDR_lt_0.05
Table_S10_covariate_adjusted_sensitivity_models_comprehensive.tsv	CLR_comprehensive	CLR_LM	humann_pathways	fecal_PFNA	fecal_PFNA0.902523503	UNINTEGRATED|g__Anaerostipes.s__Anaerostipes_hadrus	-12.2077978075116	1.44786054667622	-15.045604478996992	-9.369991136026208	1.40941721945498e-10	1.80865228258384e-06	FDR_lt_0.05
Table_S10_covariate_adjusted_sensitivity_models_comprehensive.tsv	CLR_comprehensive	CLR_LM	humann_pathways	fecal_PFNA	fecal_PFNA0.108816121	PWY-5097: L-lysine biosynthesis VI|g__Sutterella.s__Sutterella_sp_CAG_351	10.2794045670571	1.22338226619576	7.88157532531341	12.67723380880079	1.5461107271986e-10	1.80865228258384e-06	FDR_lt_0.05
Table_S10_covariate_adjusted_sensitivity_models_comprehensive.tsv	CLR_comprehensive	CLR_LM	humann_pathways	fecal_PFNA	fecal_PFNA0.108816121	PWY-6124: inosine-5'-phosphate biosynthesis II|g__Sutterella.s__Sutterella_sp_CAG_351	10.4050003586579	1.26330682823996	7.928918975307578	12.88108174200822	2.62402083528125e-10	1.80865228258384e-06	FDR_lt_0.05
Table_S10_covariate_adjusted_sensitivity_models_comprehensive.tsv	CLR_comprehensive	CLR_LM	humann_pathways	fecal_PFNA	fecal_PFNA0.108816121	PWY-6123: inosine-5'-phosphate biosynthesis I|g__Sutterella.s__Sutterella_sp_CAG_351	10.4276947425421	1.27013177035468	7.938236472646927	12.917153012437272	2.85478215517027e-10	1.80865228258384e-06	FDR_lt_0.05
Table_S10_covariate_adjusted_sensitivity_models_comprehensive.tsv	CLR_comprehensive	CLR_LM	humann_pathways	fecal_PFNA	fecal_PFNA0.108816121	PWY-6163: chorismate biosynthesis from 3-dehydroquinate|g__Sutterella.s__Sutterella_sp_CAG_351	10.5181778678899	1.2838150597904	8.001900350700716	13.034455385079085	3.01442047097307e-10	1.80865228258384e-06	FDR_lt_0.05
Table_S10_covariate_adjusted_sensitivity_models_comprehensive.tsv	CLR_comprehensive	CLR_LM	humann_pathways	fecal_PFOS_62	fecal_PFOS_627.999009411	THISYN-PWY: superpathway of thiamine diphosphate biosynthesis I	-9.17829016676223	0.844560017357467	-10.833627800782864	-7.522952532741594	4.42745683002174e-10	1.89946408264841e-06	FDR_lt_0.05
Table_S10_covariate_adjusted_sensitivity_models_comprehensive.tsv	CLR_comprehensive	CLR_LM	humann_pathways	fecal_PFOS_62	fecal_PFOS_625.206843718	UNINTEGRATED|g__Firmicutes_unclassified.s__Firmicutes_bacterium_AF16_15	-12.0162579000463	1.10841776058939	-14.188756710801504	-9.843759089291096	4.62689968850253e-10	1.89946408264841e-06	FDR_lt_0.05
Table_S10_covariate_adjusted_sensitivity_models_comprehensive.tsv	CLR_comprehensive	CLR_LM	humann_pathways	fecal_PFHxS	fecal_PFHxS0.718177316	UNINTEGRATED|g__Subdoligranulum.s__Subdoligranulum_sp_APC924_74	-13.0745746287877	1.07316741138477	-15.177982755101848	-10.971166502473551	3.95286108090327e-10	1.95317841644632e-06	FDR_lt_0.05
Table_S10_covariate_adjusted_sensitivity_models_comprehensive.tsv	CLR_comprehensive	CLR_LM	humann_pathways	fecal_L_PFOS	fecal_L_PFOS12.05336538	UNINTEGRATED|g__Eubacterium.s__Eubacterium_sp_CAG_161	11.865466764122	0.644096849876855	10.603036938363365	13.127896589880637	3.63330351686869e-10	2.17998211012122e-06	FDR_lt_0.05
Table_S10_covariate_adjusted_sensitivity_models_comprehensive.tsv	CLR_comprehensive	CLR_LM	humann_pathways	fecal_PFHxS	fecal_PFHxS6.088317757	UNINTEGRATED|g__Subdoligranulum.s__Subdoligranulum_sp_APC924_74	-12.4985835413585	1.05260479280497	-14.56168893525624	-10.435478147460758	5.98047012142812e-10	2.79088605666645e-06	FDR_lt_0.05
Table_S10_covariate_adjusted_sensitivity_models_comprehensive.tsv	CLR_comprehensive	CLR_LM	humann_pathways	fecal_PFOS_62	fecal_PFOS_627.147607053	UNINTEGRATED|g__Firmicutes_unclassified.s__Firmicutes_bacterium_AF16_15	-11.8918571765365	1.13200750606073	-14.11059188841553	-9.673122464657471	8.11889132061464e-10	3.16636761503971e-06	FDR_lt_0.05
Table_S10_covariate_adjusted_sensitivity_models_comprehensive.tsv	CLR_comprehensive	CLR_LM	humann_pathways	fecal_L_PFOS	fecal_L_PFOS13.39023162	UNINTEGRATED|g__Eubacterium.s__Eubacterium_sp_CAG_161	10.5173887907457	0.600558975320443	9.340293199117632	11.69448438237377	6.53564083958179e-10	3.69071482705795e-06	FDR_lt_0.05
Table_S10_covariate_adjusted_sensitivity_models_comprehensive.tsv	CLR_comprehensive	CLR_LM	humann_pathways	fecal_PFOS_62	fecal_PFOS_621.277071683	UNINTEGRATED|g__Roseburia.s__Roseburia_hominis	-13.1862848934396	1.28082083536439	-15.696693730753804	-10.675876056125396	1.16128161912466e-09	4.31333172817729e-06	FDR_lt_0.05
Table_S10_covariate_adjusted_sensitivity_models_comprehensive.tsv	CLR_comprehensive	CLR_LM	humann_pathways	fecal_PFOS_62	fecal_PFOS_622.769897959	UNINTEGRATED|g__Firmicutes_unclassified.s__Firmicutes_bacterium_AF16_15	-12.8291641097248	1.25784801469611	-15.294546218529176	-10.363782000920425	1.36982468045076e-09	4.85665113977996e-06	FDR_lt_0.05
Table_S10_covariate_adjusted_sensitivity_models_comprehensive.tsv	CLR_comprehensive	CLR_LM	humann_pathways	fecal_PFNA	fecal_PFNA0.108816121	PWY66-429: fatty acid biosynthesis initiation (mitochondria)|g__Sutterella.s__Sutterella_sp_CAG_351	10.9371316763796	1.3996537763812	8.193810274672447	13.680453078086753	1.01876473201127e-09	4.89094473187509e-06	FDR_lt_0.05
Table_S10_covariate_adjusted_sensitivity_models_comprehensive.tsv	CLR_comprehensive	CLR_LM	humann_pathways	fecal_PFNA	fecal_PFNA0.108816121	COA-PWY: coenzyme A biosynthesis I (prokaryotic)|g__Sutterella.s__Sutterella_sp_CAG_351	10.5374751238325	1.35197121095869	7.887611550353467	13.187338697311533	1.08687660708335e-09	4.89094473187509e-06	FDR_lt_0.05
