MAG ID	Domain Marker Set	Classification	Domain	Phylum	Class	Order	Family	Genus	Species	Classification Method	Msa Percent	Note
A01_bin.12	bac120	d__Bacteria;p__Bacillota;c__Clostridia;o__Oscillospirales;f__Acutalibacteraceae;g__Acutalibacter;s__Acutalibacter ornithocaccae	Bacteria	Bacillota	Clostridia	Oscillospirales	Acutalibacteraceae	Acutalibacter	Acutalibacter ornithocaccae	ani_screen		classification based on ANI only
A01_bin.28	bac120	d__Bacteria;p__Bacillota;c__Clostridia;o__Oscillospirales;f__Acutalibacteraceae;g__UMGS1623;s__UMGS1623 sp934647945	Bacteria	Bacillota	Clostridia	Oscillospirales	Acutalibacteraceae	UMGS1623	UMGS1623 sp934647945	ani_screen		classification based on ANI only
A01_bin.29	bac120	d__Bacteria;p__Bacillota;c__Clostridia;o__Oscillospirales;f__Oscillospiraceae;g__Scatomorpha;s__Scatomorpha pullicola	Bacteria	Bacillota	Clostridia	Oscillospirales	Oscillospiraceae	Scatomorpha	Scatomorpha pullicola	ani_screen		classification based on ANI only
A01_bin.31	bac120	d__Bacteria;p__Bacillota;c__Clostridia;o__Lachnospirales;f__Lachnospiraceae;g__Mediterraneibacter;s__Mediterraneibacter torques	Bacteria	Bacillota	Clostridia	Lachnospirales	Lachnospiraceae	Mediterraneibacter	Mediterraneibacter torques	ani_screen		classification based on ANI only
A01_bin.47	bac120	d__Bacteria;p__Bacillota;c__Clostridia;o__Christensenellales;f__Aristaeellaceae;g__Egerieenecus;s__Egerieenecus merdigallinarum	Bacteria	Bacillota	Clostridia	Christensenellales	Aristaeellaceae	Egerieenecus	Egerieenecus merdigallinarum	ani_screen		classification based on ANI only
A01_bin.49	bac120	d__Bacteria;p__Bacillota;c__Clostridia;o__Oscillospirales;f__Oscillospiraceae;g__CAG-170;s__CAG-170 sp003516765	Bacteria	Bacillota	Clostridia	Oscillospirales	Oscillospiraceae	CAG-170	CAG-170 sp003516765	ani_screen		classification based on ANI only
A01_bin.66	bac120	d__Bacteria;p__Bacillota;c__Clostridia;o__Christensenellales;f__Aristaeellaceae;g__Ventricola;s__Ventricola sp900542395	Bacteria	Bacillota	Clostridia	Christensenellales	Aristaeellaceae	Ventricola	Ventricola sp900542395	ani_screen		classification based on ANI only
A01_bin.69	bac120	d__Bacteria;p__Actinomycetota;c__Coriobacteriia;o__Coriobacteriales;f__Eggerthellaceae;g__Anaerotardibacter;s__Anaerotardibacter sp000435675	Bacteria	Actinomycetota	Coriobacteriia	Coriobacteriales	Eggerthellaceae	Anaerotardibacter	Anaerotardibacter sp000435675	ani_screen		classification based on ANI only
A01_bin.72	bac120	d__Bacteria;p__Bacillota;c__Clostridia;o__Oscillospirales;f__Ruminococcaceae;g__Faecalibacterium;s__Faecalibacterium hattorii	Bacteria	Bacillota	Clostridia	Oscillospirales	Ruminococcaceae	Faecalibacterium	Faecalibacterium hattorii	ani_screen		classification based on ANI only
A01_bin.77	bac120	d__Bacteria;p__Bacillota;c__Clostridia;o__Oscillospirales;f__Oscillospiraceae;g__Oscillibacter;s__Oscillibacter sp963557435	Bacteria	Bacillota	Clostridia	Oscillospirales	Oscillospiraceae	Oscillibacter	Oscillibacter sp963557435	ani_screen		classification based on ANI only
A01_bin.86	bac120	d__Bacteria;p__Bacillota;c__Clostridia;o__Oscillospirales;f__Oscillospiraceae;g__HGM13006;s__HGM13006 sp965147785	Bacteria	Bacillota	Clostridia	Oscillospirales	Oscillospiraceae	HGM13006	HGM13006 sp965147785	ani_screen		classification based on ANI only
A02_bin.52	bac120	d__Bacteria;p__Bacillota;c__Negativicutes;o__Acidaminococcales;f__Acidaminococcaceae;g__Acidaminococcus;s__Acidaminococcus massiliensis	Bacteria	Bacillota	Negativicutes	Acidaminococcales	Acidaminococcaceae	Acidaminococcus	Acidaminococcus massiliensis	ani_screen		classification based on ANI only
A03_bin.15	bac120	d__Bacteria;p__Pseudomonadota;c__Gammaproteobacteria;o__Burkholderiales;f__Burkholderiaceae_F;g__Mesosutterella;s__Mesosutterella massiliensis	Bacteria	Pseudomonadota	Gammaproteobacteria	Burkholderiales	Burkholderiaceae_F	Mesosutterella	Mesosutterella massiliensis	ani_screen		classification based on ANI only
A03_bin.17	bac120	d__Bacteria;p__Bacillota;c__Clostridia;o__Lachnospirales;f__Lachnospiraceae;g__Eubacterium_G;s__Eubacterium_G ventriosum	Bacteria	Bacillota	Clostridia	Lachnospirales	Lachnospiraceae	Eubacterium_G	Eubacterium_G ventriosum	ani_screen		classification based on ANI only
A03_bin.21	bac120	d__Bacteria;p__Bacillota;c__Clostridia;o__Lachnospirales;f__Lachnospiraceae;g__Hominisplanchenecus;s__Hominisplanchenecus faecis	Bacteria	Bacillota	Clostridia	Lachnospirales	Lachnospiraceae	Hominisplanchenecus	Hominisplanchenecus faecis	ani_screen		classification based on ANI only
A03_bin.36	bac120	d__Bacteria;p__Bacillota;c__Clostridia;o__Lachnospirales;f__Lachnospiraceae;g__Jutongia;s__Jutongia sp003524945	Bacteria	Bacillota	Clostridia	Lachnospirales	Lachnospiraceae	Jutongia	Jutongia sp003524945	ani_screen		classification based on ANI only
A03_bin.5	bac120	d__Bacteria;p__Cyanobacteriota;c__Vampirovibrionia;o__Gastranaerophilales;f__Gastranaerophilaceae;g__Stercorousia;s__Stercorousia sp958449715	Bacteria	Cyanobacteriota	Vampirovibrionia	Gastranaerophilales	Gastranaerophilaceae	Stercorousia	Stercorousia sp958449715	ani_screen		classification based on ANI only
A03_bin.68	bac120	d__Bacteria;p__Bacillota;c__Clostridia;o__Lachnospirales;f__Lachnospiraceae;g__Roseburia;s__Roseburia hominis	Bacteria	Bacillota	Clostridia	Lachnospirales	Lachnospiraceae	Roseburia	Roseburia hominis	ani_screen		classification based on ANI only
A04_bin.71	bac120	d__Bacteria;p__Bacteroidota;c__Bacteroidia;o__Bacteroidales;f__Rikenellaceae;g__Alistipes_A;s__Alistipes_A ihumii	Bacteria	Bacteroidota	Bacteroidia	Bacteroidales	Rikenellaceae	Alistipes_A	Alistipes_A ihumii	ani_screen		classification based on ANI only
A04_bin.72	bac120	d__Bacteria;p__Bacillota;c__Clostridia;o__Lachnospirales;f__Lachnospiraceae;g__Eubacterium_G;s__Eubacterium_G segne	Bacteria	Bacillota	Clostridia	Lachnospirales	Lachnospiraceae	Eubacterium_G	Eubacterium_G segne	ani_screen		classification based on ANI only
A04_bin.93	bac120	d__Bacteria;p__Bacillota;c__Clostridia;o__Oscillospirales;f__Ruminococcaceae;g__Gemmiger;s__Gemmiger qucibialis	Bacteria	Bacillota	Clostridia	Oscillospirales	Ruminococcaceae	Gemmiger	Gemmiger qucibialis	ani_screen		classification based on ANI only
A05_bin.102	bac120	d__Bacteria;p__Bacillota;c__Clostridia;o__Oscillospirales;f__Ruminococcaceae;g__Porcipelethomonas;s__Porcipelethomonas ammoniilytica	Bacteria	Bacillota	Clostridia	Oscillospirales	Ruminococcaceae	Porcipelethomonas	Porcipelethomonas ammoniilytica	ani_screen		classification based on ANI only
A05_bin.109	bac120	d__Bacteria;p__Bacteroidota;c__Bacteroidia;o__Bacteroidales;f__Bacteroidaceae;g__Bacteroides;s__Bacteroides sp900755095	Bacteria	Bacteroidota	Bacteroidia	Bacteroidales	Bacteroidaceae	Bacteroides	Bacteroides sp900755095	ani_screen		classification based on ANI only
A05_bin.115	bac120	d__Bacteria;p__Bacillota;c__Negativicutes;o__Veillonellales;f__Dialisteraceae;g__UBA5809;s__UBA5809 sp002417965	Bacteria	Bacillota	Negativicutes	Veillonellales	Dialisteraceae	UBA5809	UBA5809 sp002417965	ani_screen		classification based on ANI only
A05_bin.15	bac120	d__Bacteria;p__Bacillota;c__Clostridia;o__Lachnospirales;f__Lachnospiraceae;g__Coprococcus_A;s__Coprococcus_A intestinihominis	Bacteria	Bacillota	Clostridia	Lachnospirales	Lachnospiraceae	Coprococcus_A	Coprococcus_A intestinihominis	ani_screen		classification based on ANI only
A05_bin.33	bac120	d__Bacteria;p__Bacillota;c__Clostridia;o__Peptostreptococcales;f__Anaerovoracaceae;g__Fimisoma;s__Fimisoma sp900754795	Bacteria	Bacillota	Clostridia	Peptostreptococcales	Anaerovoracaceae	Fimisoma	Fimisoma sp900754795	ani_screen		classification based on ANI only
A05_bin.47	bac120	d__Bacteria;p__Actinomycetota;c__Coriobacteriia;o__Coriobacteriales;f__Eggerthellaceae;g__UMGS1519;s__UMGS1519 sp900552585	Bacteria	Actinomycetota	Coriobacteriia	Coriobacteriales	Eggerthellaceae	UMGS1519	UMGS1519 sp900552585	ani_screen		classification based on ANI only
A05_bin.49	bac120	d__Bacteria;p__Bacillota;c__Bacilli;o__Lactobacillales;f__Streptococcaceae;g__Streptococcus;s__Streptococcus salivarius_D	Bacteria	Bacillota	Bacilli	Lactobacillales	Streptococcaceae	Streptococcus	Streptococcus salivarius_D	ani_screen		classification based on ANI only
A05_bin.5	ar53	d__Archaea;p__Methanobacteriota;c__Methanobacteria;o__Methanobacteriales;f__Methanobacteriaceae;g__Methanocatella;s__Methanocatella smithii	Archaea	Methanobacteriota	Methanobacteria	Methanobacteriales	Methanobacteriaceae	Methanocatella	Methanocatella smithii	ani_screen		classification based on ANI only
A05_bin.79	bac120	d__Bacteria;p__Bacillota;c__Clostridia;o__Oscillospirales;f__Acutalibacteraceae;g__Fimenecus;s__Fimenecus sp000432435	Bacteria	Bacillota	Clostridia	Oscillospirales	Acutalibacteraceae	Fimenecus	Fimenecus sp000432435	ani_screen		classification based on ANI only
A05_bin.9	bac120	d__Bacteria;p__Bacillota;c__Bacilli;o__Lactobacillales;f__Lactobacillaceae;g__Limosilactobacillus;s__Limosilactobacillus reuteri	Bacteria	Bacillota	Bacilli	Lactobacillales	Lactobacillaceae	Limosilactobacillus	Limosilactobacillus reuteri	ani_screen		classification based on ANI only
A05_bin.91	bac120	d__Bacteria;p__Bacillota;c__Clostridia;o__Peptostreptococcales;f__Anaerovoracaceae;g__CAG-238;s__CAG-238 sp900542245	Bacteria	Bacillota	Clostridia	Peptostreptococcales	Anaerovoracaceae	CAG-238	CAG-238 sp900542245	ani_screen		classification based on ANI only
A05_bin.92	bac120	d__Bacteria;p__Bacillota;c__Bacilli;o__Lactobacillales;f__Lactobacillaceae;g__Lacticaseibacillus;s__Lacticaseibacillus paracasei	Bacteria	Bacillota	Bacilli	Lactobacillales	Lactobacillaceae	Lacticaseibacillus	Lacticaseibacillus paracasei	ani_screen		classification based on ANI only
A06_bin.107	bac120	d__Bacteria;p__Bacteroidota;c__Bacteroidia;o__Bacteroidales;f__Marinifilaceae;g__Odoribacter;s__Odoribacter splanchnicus	Bacteria	Bacteroidota	Bacteroidia	Bacteroidales	Marinifilaceae	Odoribacter	Odoribacter splanchnicus	ani_screen		classification based on ANI only
A06_bin.108	bac120	d__Bacteria;p__Bacillota;c__Clostridia;o__Oscillospirales;f__Ruminococcaceae;g__Angelakisella;s__Angelakisella sp900547385	Bacteria	Bacillota	Clostridia	Oscillospirales	Ruminococcaceae	Angelakisella	Angelakisella sp900547385	ani_screen		classification based on ANI only
A06_bin.20	bac120	d__Bacteria;p__Bacillota_I;c__Bacilli_A;o__RF39;f__UBA660;g__CAG-582;s__CAG-582 sp000435515	Bacteria	Bacillota_I	Bacilli_A	RF39	UBA660	CAG-582	CAG-582 sp000435515	ani_screen		classification based on ANI only
A06_bin.30	bac120	d__Bacteria;p__Bacillota;c__Clostridia;o__Lachnospirales;f__Lachnospiraceae;g__Eubacterium_U;s__Eubacterium_U album	Bacteria	Bacillota	Clostridia	Lachnospirales	Lachnospiraceae	Eubacterium_U	Eubacterium_U album	ani_screen		classification based on ANI only
A06_bin.31	bac120	d__Bacteria;p__Bacillota;c__Clostridia;o__Lachnospirales;f__Lachnospiraceae;g__Oliverpabstia;s__Oliverpabstia intestinalis	Bacteria	Bacillota	Clostridia	Lachnospirales	Lachnospiraceae	Oliverpabstia	Oliverpabstia intestinalis	ani_screen		classification based on ANI only
A06_bin.41	bac120	d__Bacteria;p__Bacillota;c__Clostridia;o__Christensenellales;f__CAG-917;g__CAG-475;s__CAG-475 sp000434435	Bacteria	Bacillota	Clostridia	Christensenellales	CAG-917	CAG-475	CAG-475 sp000434435	ani_screen		classification based on ANI only
A06_bin.83	bac120	d__Bacteria;p__Bacillota;c__Clostridia;o__Lachnospirales;f__Lachnospiraceae;g__CAG-194;s__CAG-194 sp000432915	Bacteria	Bacillota	Clostridia	Lachnospirales	Lachnospiraceae	CAG-194	CAG-194 sp000432915	ani_screen		classification based on ANI only
A07_bin.25	bac120	d__Bacteria;p__Bacteroidota;c__Bacteroidia;o__Bacteroidales;f__Bacteroidaceae;g__Paraprevotella;s__Paraprevotella xylaniphila	Bacteria	Bacteroidota	Bacteroidia	Bacteroidales	Bacteroidaceae	Paraprevotella	Paraprevotella xylaniphila	ani_screen		classification based on ANI only
A07_bin.27	bac120	d__Bacteria;p__Bacillota;c__Negativicutes;o__Acidaminococcales;f__Acidaminococcaceae;g__Fusicatenibacter_A;s__Fusicatenibacter_A intestinipullorum	Bacteria	Bacillota	Negativicutes	Acidaminococcales	Acidaminococcaceae	Fusicatenibacter_A	Fusicatenibacter_A intestinipullorum	ani_screen		classification based on ANI only
A07_bin.40	bac120	d__Bacteria;p__Bacillota;c__Clostridia;o__Oscillospirales;f__Butyricicoccaceae;g__Agathobaculum;s__Agathobaculum hominis	Bacteria	Bacillota	Clostridia	Oscillospirales	Butyricicoccaceae	Agathobaculum	Agathobaculum hominis	ani_screen		classification based on ANI only
A07_bin.65	bac120	d__Bacteria;p__Bacteroidota;c__Bacteroidia;o__Bacteroidales;f__Barnesiellaceae;g__Barnesiella;s__Barnesiella intestinihominis	Bacteria	Bacteroidota	Bacteroidia	Bacteroidales	Barnesiellaceae	Barnesiella	Barnesiella intestinihominis	ani_screen		classification based on ANI only
A07_bin.75	bac120	d__Bacteria;p__Actinomycetota;c__Coriobacteriia;o__Coriobacteriales;f__Eggerthellaceae;g__Slackia;s__Slackia isoflavoniconvertens	Bacteria	Actinomycetota	Coriobacteriia	Coriobacteriales	Eggerthellaceae	Slackia	Slackia isoflavoniconvertens	ani_screen		classification based on ANI only
A07_bin.77	bac120	d__Bacteria;p__Bacillota;c__Clostridia;o__Oscillospirales;f__CAG-382;g__UMGS882;s__UMGS882 sp900757905	Bacteria	Bacillota	Clostridia	Oscillospirales	CAG-382	UMGS882	UMGS882 sp900757905	ani_screen		classification based on ANI only
A07_bin.85	bac120	d__Bacteria;p__Bacteroidota;c__Bacteroidia;o__Bacteroidales;f__Bacteroidaceae;g__Phocaeicola;s__Phocaeicola plebeius	Bacteria	Bacteroidota	Bacteroidia	Bacteroidales	Bacteroidaceae	Phocaeicola	Phocaeicola plebeius	ani_screen		classification based on ANI only
A08_bin.108	bac120	d__Bacteria;p__Bacillota;c__Clostridia;o__Christensenellales;f__QALW01;g__Neochristensenella;s__Neochristensenella sp003150515	Bacteria	Bacillota	Clostridia	Christensenellales	QALW01	Neochristensenella	Neochristensenella sp003150515	ani_screen		classification based on ANI only
A08_bin.2	bac120	d__Bacteria;p__Actinomycetota;c__Coriobacteriia;o__Coriobacteriales;f__Eggerthellaceae;g__Anaerotardibacter;s__Anaerotardibacter sp000436075	Bacteria	Actinomycetota	Coriobacteriia	Coriobacteriales	Eggerthellaceae	Anaerotardibacter	Anaerotardibacter sp000436075	ani_screen		classification based on ANI only
A08_bin.91	bac120	d__Bacteria;p__Bacillota;c__Clostridia;o__Lachnospirales;f__Lachnospiraceae;g__Anaerostipes;s__Anaerostipes amylophilus	Bacteria	Bacillota	Clostridia	Lachnospirales	Lachnospiraceae	Anaerostipes	Anaerostipes amylophilus	ani_screen		classification based on ANI only
A09_bin.16	bac120	d__Bacteria;p__Bacillota;c__Clostridia;o__Oscillospirales;f__Oscillospiraceae;g__CAG-103;s__CAG-103 sp900317855	Bacteria	Bacillota	Clostridia	Oscillospirales	Oscillospiraceae	CAG-103	CAG-103 sp900317855	ani_screen		classification based on ANI only
A09_bin.21	bac120	d__Bacteria;p__Bacillota;c__Clostridia;o__Oscillospirales;f__Oscillospiraceae;g__CAG-170;s__CAG-170 sp900545925	Bacteria	Bacillota	Clostridia	Oscillospirales	Oscillospiraceae	CAG-170	CAG-170 sp900545925	ani_screen		classification based on ANI only
A09_bin.36	bac120	d__Bacteria;p__Bacillota;c__Clostridia;o__Oscillospirales;f__Oscillospiraceae;g__Oscillibacter;s__Oscillibacter segnis	Bacteria	Bacillota	Clostridia	Oscillospirales	Oscillospiraceae	Oscillibacter	Oscillibacter segnis	ani_screen		classification based on ANI only
A09_bin.58	bac120	d__Bacteria;p__Bacillota;c__Clostridia;o__Peptostreptococcales;f__Anaerovoracaceae;g__Fimisoma;s__Fimisoma sp000435715	Bacteria	Bacillota	Clostridia	Peptostreptococcales	Anaerovoracaceae	Fimisoma	Fimisoma sp000435715	ani_screen		classification based on ANI only
A09_bin.62	bac120	d__Bacteria;p__Bacillota;c__Clostridia;o__Oscillospirales;f__Ruminococcaceae;g__Ruthenibacterium;s__Ruthenibacterium lactatiformans	Bacteria	Bacillota	Clostridia	Oscillospirales	Ruminococcaceae	Ruthenibacterium	Ruthenibacterium lactatiformans	ani_screen		classification based on ANI only
B01_bin.20	bac120	d__Bacteria;p__Bacteroidota;c__Bacteroidia;o__Bacteroidales;f__Rikenellaceae;g__Alistipes;s__Alistipes dispar	Bacteria	Bacteroidota	Bacteroidia	Bacteroidales	Rikenellaceae	Alistipes	Alistipes dispar	ani_screen		classification based on ANI only
B01_bin.49	bac120	d__Bacteria;p__Bacillota;c__Clostridia;o__Oscillospirales;f__Oscillospiraceae;g__Lawsonibacter_A;s__Lawsonibacter_A hominis	Bacteria	Bacillota	Clostridia	Oscillospirales	Oscillospiraceae	Lawsonibacter_A	Lawsonibacter_A hominis	ani_screen		classification based on ANI only
B01_bin.63	bac120	d__Bacteria;p__Bacillota;c__Clostridia;o__Christensenellales;f__CAG-917;g__CAG-349;s__CAG-349 sp003539515	Bacteria	Bacillota	Clostridia	Christensenellales	CAG-917	CAG-349	CAG-349 sp003539515	ani_screen		classification based on ANI only
B01_bin.66	bac120	d__Bacteria;p__Bacillota;c__Clostridia;o__Christensenellales;f__CAG-138;g__Aphodomorpha;s__Aphodomorpha intestinavium	Bacteria	Bacillota	Clostridia	Christensenellales	CAG-138	Aphodomorpha	Aphodomorpha intestinavium	ani_screen		classification based on ANI only
B01_bin.68	bac120	d__Bacteria;p__Actinomycetota;c__Coriobacteriia;o__Coriobacteriales;f__QAMH01;g__QAMH01;s__QAMH01 sp900544245	Bacteria	Actinomycetota	Coriobacteriia	Coriobacteriales	QAMH01	QAMH01	QAMH01 sp900544245	ani_screen		classification based on ANI only
B01_bin.9	bac120	d__Bacteria;p__Verrucomicrobiota;c__Verrucomicrobiia;o__Verrucomicrobiales;f__Akkermansiaceae;g__Akkermansia;s__Akkermansia muciniphila	Bacteria	Verrucomicrobiota	Verrucomicrobiia	Verrucomicrobiales	Akkermansiaceae	Akkermansia	Akkermansia muciniphila	ani_screen		classification based on ANI only
B02_bin.18	bac120	d__Bacteria;p__Bacteroidota;c__Bacteroidia;o__Bacteroidales;f__Rikenellaceae;g__Alistipes;s__Alistipes sp944322375	Bacteria	Bacteroidota	Bacteroidia	Bacteroidales	Rikenellaceae	Alistipes	Alistipes sp944322375	ani_screen		classification based on ANI only
B02_bin.24	bac120	d__Bacteria;p__Bacillota;c__Clostridia;o__Christensenellales;f__Aristaeellaceae;g__SFMI01;s__SFMI01 sp004556155	Bacteria	Bacillota	Clostridia	Christensenellales	Aristaeellaceae	SFMI01	SFMI01 sp004556155	ani_screen		classification based on ANI only
B02_bin.26	bac120	d__Bacteria;p__Bacteroidota;c__Bacteroidia;o__Bacteroidales;f__Rikenellaceae;g__Alistipes;s__Alistipes merdipullorum	Bacteria	Bacteroidota	Bacteroidia	Bacteroidales	Rikenellaceae	Alistipes	Alistipes merdipullorum	ani_screen		classification based on ANI only
B02_bin.40	bac120	d__Bacteria;p__Bacteroidota;c__Bacteroidia;o__Bacteroidales;f__Rikenellaceae;g__Alistipes;s__Alistipes megaguti	Bacteria	Bacteroidota	Bacteroidia	Bacteroidales	Rikenellaceae	Alistipes	Alistipes megaguti	ani_screen		classification based on ANI only
B02_bin.41	bac120	d__Bacteria;p__Bacillota;c__Clostridia;o__Lachnospirales;f__Lachnospiraceae;g__Dorea_A;s__Dorea_A longicatena	Bacteria	Bacillota	Clostridia	Lachnospirales	Lachnospiraceae	Dorea_A	Dorea_A longicatena	ani_screen		classification based on ANI only
B02_bin.56	bac120	d__Bacteria;p__Bacteroidota;c__Bacteroidia;o__Bacteroidales;f__Bacteroidaceae;g__Prevotella;s__Prevotella sp945863825	Bacteria	Bacteroidota	Bacteroidia	Bacteroidales	Bacteroidaceae	Prevotella	Prevotella sp945863825	ani_screen		classification based on ANI only
B02_bin.68	bac120	d__Bacteria;p__Bacillota;c__Negativicutes;o__Acidaminococcales;f__Acidaminococcaceae;g__Succiniclasticum;s__Succiniclasticum sp900314855	Bacteria	Bacillota	Negativicutes	Acidaminococcales	Acidaminococcaceae	Succiniclasticum	Succiniclasticum sp900314855	ani_screen		classification based on ANI only
B02_bin.70	bac120	d__Bacteria;p__Desulfobacterota;c__Desulfovibrionia;o__Desulfovibrionales;f__Desulfovibrionaceae;g__Desulfovibrio;s__Desulfovibrio faecigallinarum	Bacteria	Desulfobacterota	Desulfovibrionia	Desulfovibrionales	Desulfovibrionaceae	Desulfovibrio	Desulfovibrio faecigallinarum	ani_screen		classification based on ANI only
B02_bin.73	bac120	d__Bacteria;p__Bacteroidota;c__Bacteroidia;o__Bacteroidales;f__Bacteroidaceae;g__Phocaeicola;s__Phocaeicola fibrisolvens	Bacteria	Bacteroidota	Bacteroidia	Bacteroidales	Bacteroidaceae	Phocaeicola	Phocaeicola fibrisolvens	ani_screen		classification based on ANI only
B02_bin.75	bac120	d__Bacteria;p__Bacteroidota;c__Bacteroidia;o__Bacteroidales;f__Rikenellaceae;g__Alistipes_A;s__Alistipes_A sp900545315	Bacteria	Bacteroidota	Bacteroidia	Bacteroidales	Rikenellaceae	Alistipes_A	Alistipes_A sp900545315	ani_screen		classification based on ANI only
B02_bin.77	bac120	d__Bacteria;p__Bacillota;c__Negativicutes;o__Veillonellales;f__Dialisteraceae;g__UBA1822;s__UBA1822 sp900545365	Bacteria	Bacillota	Negativicutes	Veillonellales	Dialisteraceae	UBA1822	UBA1822 sp900545365	ani_screen		classification based on ANI only
B02_bin.97	bac120	d__Bacteria;p__Bacteroidota;c__Bacteroidia;o__Flavobacteriales;f__UBA1820;g__Merdimorpha;s__Merdimorpha sp003150615	Bacteria	Bacteroidota	Bacteroidia	Flavobacteriales	UBA1820	Merdimorpha	Merdimorpha sp003150615	ani_screen		classification based on ANI only
B02_bin.99	bac120	d__Bacteria;p__Bacillota;c__Clostridia;o__Oscillospirales;f__CAG-272;g__CAG-841;s__CAG-841 sp000437375	Bacteria	Bacillota	Clostridia	Oscillospirales	CAG-272	CAG-841	CAG-841 sp000437375	ani_screen		classification based on ANI only
B03_bin.12	bac120	d__Bacteria;p__Bacteroidota;c__Bacteroidia;o__Bacteroidales;f__Barnesiellaceae;g__Barnesiella_B;s__Barnesiella_B propionica	Bacteria	Bacteroidota	Bacteroidia	Bacteroidales	Barnesiellaceae	Barnesiella_B	Barnesiella_B propionica	ani_screen		classification based on ANI only
B03_bin.36	bac120	d__Bacteria;p__Bacillota;c__Clostridia;o__Oscillospirales;f__Acutalibacteraceae;g__Ruminococcoides;s__Ruminococcoides bromii	Bacteria	Bacillota	Clostridia	Oscillospirales	Acutalibacteraceae	Ruminococcoides	Ruminococcoides bromii	ani_screen		classification based on ANI only
B03_bin.49	bac120	d__Bacteria;p__Bacillota;c__Clostridia;o__Oscillospirales;f__Acutalibacteraceae;g__Eubacterium_R;s__Eubacterium_R sp000433975	Bacteria	Bacillota	Clostridia	Oscillospirales	Acutalibacteraceae	Eubacterium_R	Eubacterium_R sp000433975	ani_screen		classification based on ANI only
B03_bin.54	bac120	d__Bacteria;p__Bacillota;c__Clostridia;o__UBA1212;f__UBA1255;g__Egerieisoma;s__Egerieisoma sp900552695	Bacteria	Bacillota	Clostridia	UBA1212	UBA1255	Egerieisoma	Egerieisoma sp900552695	ani_screen		classification based on ANI only
B03_bin.63	bac120	d__Bacteria;p__Bacillota;c__Clostridia;o__Oscillospirales;f__Oscillospiraceae;g__Intestinimonas;s__Intestinimonas massiliensis	Bacteria	Bacillota	Clostridia	Oscillospirales	Oscillospiraceae	Intestinimonas	Intestinimonas massiliensis	ani_screen		classification based on ANI only
B03_bin.77	bac120	d__Bacteria;p__Bacillota;c__Clostridia;o__Oscillospirales;f__Ruminococcaceae;g__Faecalibacterium;s__Faecalibacterium duncaniae	Bacteria	Bacillota	Clostridia	Oscillospirales	Ruminococcaceae	Faecalibacterium	Faecalibacterium duncaniae	ani_screen		classification based on ANI only
B03_bin.9	bac120	d__Bacteria;p__Verrucomicrobiota;c__Verrucomicrobiia;o__Verrucomicrobiales;f__Akkermansiaceae;g__Akkermansia;s__Akkermansia biwaensis	Bacteria	Verrucomicrobiota	Verrucomicrobiia	Verrucomicrobiales	Akkermansiaceae	Akkermansia	Akkermansia biwaensis	ani_screen		classification based on ANI only
B04_bin.13	bac120	d__Bacteria;p__Bacillota;c__Clostridia;o__Oscillospirales;f__Oscillospiraceae;g__Oscillibacter;s__Oscillibacter sp900548505	Bacteria	Bacillota	Clostridia	Oscillospirales	Oscillospiraceae	Oscillibacter	Oscillibacter sp900548505	ani_screen		classification based on ANI only
B04_bin.18	bac120	d__Bacteria;p__Bacteroidota;c__Bacteroidia;o__Bacteroidales;f__Rikenellaceae;g__Alistipes;s__Alistipes onderdonkii	Bacteria	Bacteroidota	Bacteroidia	Bacteroidales	Rikenellaceae	Alistipes	Alistipes onderdonkii	ani_screen		classification based on ANI only
B04_bin.30	bac120	d__Bacteria;p__Bacillota;c__Clostridia;o__Oscillospirales;f__Ruminococcaceae;g__Negativibacillus;s__Negativibacillus massiliensis	Bacteria	Bacillota	Clostridia	Oscillospirales	Ruminococcaceae	Negativibacillus	Negativibacillus massiliensis	ani_screen		classification based on ANI only
B04_bin.33	bac120	d__Bacteria;p__Bacillota;c__Clostridia;o__UBA1381;f__UBA1381;g__Hominilimicola;s__Hominilimicola fabiformis	Bacteria	Bacillota	Clostridia	UBA1381	UBA1381	Hominilimicola	Hominilimicola fabiformis	ani_screen		classification based on ANI only
B04_bin.53	bac120	d__Bacteria;p__Bacillota;c__Clostridia;o__Oscillospirales;f__Oscillospiraceae;g__Lawsonibacter;s__Lawsonibacter asaccharolyticus	Bacteria	Bacillota	Clostridia	Oscillospirales	Oscillospiraceae	Lawsonibacter	Lawsonibacter asaccharolyticus	ani_screen		classification based on ANI only
B04_bin.73	bac120	d__Bacteria;p__Actinomycetota;c__Coriobacteriia;o__Coriobacteriales;f__Eggerthellaceae;g__Anaerotardibacter;s__Anaerotardibacter sp000434775	Bacteria	Actinomycetota	Coriobacteriia	Coriobacteriales	Eggerthellaceae	Anaerotardibacter	Anaerotardibacter sp000434775	ani_screen		classification based on ANI only
B05_bin.105	bac120	d__Bacteria;p__Bacillota_I;c__Bacilli_A;o__Erysipelotrichales;f__Erysipelotrichaceae;g__Absicoccus;s__Absicoccus sp000434355	Bacteria	Bacillota_I	Bacilli_A	Erysipelotrichales	Erysipelotrichaceae	Absicoccus	Absicoccus sp000434355	ani_screen		classification based on ANI only
B05_bin.112	bac120	d__Bacteria;p__Bacillota;c__Negativicutes;o__Acidaminococcales;f__Acidaminococcaceae;g__Phascolarctobacterium_A;s__Phascolarctobacterium_A succinatutens_B	Bacteria	Bacillota	Negativicutes	Acidaminococcales	Acidaminococcaceae	Phascolarctobacterium_A	Phascolarctobacterium_A succinatutens_B	ani_screen		classification based on ANI only
B05_bin.113	bac120	d__Bacteria;p__Actinomycetota;c__Coriobacteriia;o__Coriobacteriales;f__Eggerthellaceae;g__Ellagibacter;s__Ellagibacter isourolithinifaciens	Bacteria	Actinomycetota	Coriobacteriia	Coriobacteriales	Eggerthellaceae	Ellagibacter	Ellagibacter isourolithinifaciens	ani_screen		classification based on ANI only
B05_bin.17	bac120	d__Bacteria;p__Bacillota;c__Clostridia;o__Oscillospirales;f__Acutalibacteraceae;g__CAG-488;s__CAG-488 sp900554995	Bacteria	Bacillota	Clostridia	Oscillospirales	Acutalibacteraceae	CAG-488	CAG-488 sp900554995	ani_screen		classification based on ANI only
B05_bin.2	bac120	d__Bacteria;p__Pseudomonadota;c__Gammaproteobacteria;o__Enterobacterales;f__Pasteurellaceae;g__Haemophilus_D;s__Haemophilus_D sp048377755	Bacteria	Pseudomonadota	Gammaproteobacteria	Enterobacterales	Pasteurellaceae	Haemophilus_D	Haemophilus_D sp048377755	ani_screen		classification based on ANI only
B05_bin.33	bac120	d__Bacteria;p__Bacillota;c__Clostridia;o__Lachnospirales;f__Lachnospiraceae;g__Lachnospira;s__Lachnospira rogosae	Bacteria	Bacillota	Clostridia	Lachnospirales	Lachnospiraceae	Lachnospira	Lachnospira rogosae	ani_screen		classification based on ANI only
B05_bin.44	bac120	d__Bacteria;p__Actinomycetota;c__Coriobacteriia;o__Coriobacteriales;f__Atopobiaceae;g__Tractidigestivibacter;s__Tractidigestivibacter sp000752675	Bacteria	Actinomycetota	Coriobacteriia	Coriobacteriales	Atopobiaceae	Tractidigestivibacter	Tractidigestivibacter sp000752675	ani_screen		classification based on ANI only
B05_bin.45	bac120	d__Bacteria;p__Bacillota;c__Clostridia;o__Christensenellales;f__Aristaeellaceae;g__Limiplasma;s__Limiplasma sp900548145	Bacteria	Bacillota	Clostridia	Christensenellales	Aristaeellaceae	Limiplasma	Limiplasma sp900548145	ani_screen		classification based on ANI only
B05_bin.47	bac120	d__Bacteria;p__Bacillota;c__Clostridia;o__Oscillospirales;f__Oscillospiraceae;g__CAG-170;s__CAG-170 sp002404795	Bacteria	Bacillota	Clostridia	Oscillospirales	Oscillospiraceae	CAG-170	CAG-170 sp002404795	ani_screen		classification based on ANI only
B05_bin.48	bac120	d__Bacteria;p__Bacillota;c__Clostridia;o__Oscillospirales;f__Acutalibacteraceae;g__UBA737;s__UBA737 sp900549055	Bacteria	Bacillota	Clostridia	Oscillospirales	Acutalibacteraceae	UBA737	UBA737 sp900549055	ani_screen		classification based on ANI only
B05_bin.52	bac120	d__Bacteria;p__Bacillota;c__Negativicutes;o__Veillonellales;f__Megasphaeraceae;g__Megasphaera;s__Megasphaera elsdenii	Bacteria	Bacillota	Negativicutes	Veillonellales	Megasphaeraceae	Megasphaera	Megasphaera elsdenii	ani_screen		classification based on ANI only
B05_bin.57	bac120	d__Bacteria;p__Actinomycetota;c__Coriobacteriia;o__Coriobacteriales;f__Atopobiaceae;g__Parolsenella;s__Parolsenella catena	Bacteria	Actinomycetota	Coriobacteriia	Coriobacteriales	Atopobiaceae	Parolsenella	Parolsenella catena	ani_screen		classification based on ANI only
B05_bin.59	bac120	d__Bacteria;p__Bacillota_I;c__Bacilli_A;o__ML615J-28;f__CAG-313;g__CAG-313;s__CAG-313 sp003539625	Bacteria	Bacillota_I	Bacilli_A	ML615J-28	CAG-313	CAG-313	CAG-313 sp003539625	ani_screen		classification based on ANI only
B05_bin.76	bac120	d__Bacteria;p__Bacillota_I;c__Bacilli_A;o__RF39;f__UBA660;g__CAG-433;s__CAG-433 sp000433675	Bacteria	Bacillota_I	Bacilli_A	RF39	UBA660	CAG-433	CAG-433 sp000433675	ani_screen		classification based on ANI only
B05_bin.82	bac120	d__Bacteria;p__Bacillota;c__Clostridia;o__Oscillospirales;f__CAG-272;g__QALR01;s__QALR01 sp900553085	Bacteria	Bacillota	Clostridia	Oscillospirales	CAG-272	QALR01	QALR01 sp900553085	ani_screen		classification based on ANI only
B05_bin.9	bac120	d__Bacteria;p__Bacillota;c__Clostridia;o__Oscillospirales;f__CAG-272;g__UMGS902;s__UMGS902 sp900761025	Bacteria	Bacillota	Clostridia	Oscillospirales	CAG-272	UMGS902	UMGS902 sp900761025	ani_screen		classification based on ANI only
B06_bin.105	bac120	d__Bacteria;p__Bacillota;c__Clostridia;o__Christensenellales;f__Borkfalkiaceae;g__Borkfalkia;s__Borkfalkia sp949297575	Bacteria	Bacillota	Clostridia	Christensenellales	Borkfalkiaceae	Borkfalkia	Borkfalkia sp949297575	ani_screen		classification based on ANI only
B06_bin.108	bac120	d__Bacteria;p__Bacillota;c__Clostridia;o__Lachnospirales;f__Lachnospiraceae;g__Coprococcus;s__Coprococcus eutactus	Bacteria	Bacillota	Clostridia	Lachnospirales	Lachnospiraceae	Coprococcus	Coprococcus eutactus	ani_screen		classification based on ANI only
B06_bin.111	bac120	d__Bacteria;p__Pseudomonadota;c__Gammaproteobacteria;o__Burkholderiales;f__Burkholderiaceae_F;g__Aphodousia;s__Aphodousia faecalis	Bacteria	Pseudomonadota	Gammaproteobacteria	Burkholderiales	Burkholderiaceae_F	Aphodousia	Aphodousia faecalis	ani_screen		classification based on ANI only
B06_bin.112	bac120	d__Bacteria;p__Bacteroidota;c__Bacteroidia;o__Bacteroidales;f__Tannerellaceae;g__Parabacteroides;s__Parabacteroides sp944325345	Bacteria	Bacteroidota	Bacteroidia	Bacteroidales	Tannerellaceae	Parabacteroides	Parabacteroides sp944325345	ani_screen		classification based on ANI only
B06_bin.15	bac120	d__Bacteria;p__Verrucomicrobiota;c__Lentisphaeria;o__Victivallales;f__Victivallaceae;g__Victivallis;s__Victivallis vadensis	Bacteria	Verrucomicrobiota	Lentisphaeria	Victivallales	Victivallaceae	Victivallis	Victivallis vadensis	ani_screen		classification based on ANI only
B06_bin.18	bac120	d__Bacteria;p__Bacteroidota;c__Bacteroidia;o__Bacteroidales;f__Bacteroidaceae;g__Bacteroides;s__Bacteroides clarus	Bacteria	Bacteroidota	Bacteroidia	Bacteroidales	Bacteroidaceae	Bacteroides	Bacteroides clarus	ani_screen		classification based on ANI only
B06_bin.32	bac120	d__Bacteria;p__Bacteroidota;c__Bacteroidia;o__Bacteroidales;f__Muribaculaceae;g__Duncaniella;s__	Bacteria	Bacteroidota	Bacteroidia	Bacteroidales	Muribaculaceae	Duncaniella		taxonomic classification fully defined by topology	96.37	classification based on placement in class-level tree
B06_bin.47	bac120	d__Bacteria;p__Spirochaetota;c__Brachyspiria;o__Brachyspirales;f__Brachyspiraceae;g__Brachyspira;s__Brachyspira aalborgi	Bacteria	Spirochaetota	Brachyspiria	Brachyspirales	Brachyspiraceae	Brachyspira	Brachyspira aalborgi	ani_screen		classification based on ANI only
B06_bin.51	bac120	d__Bacteria;p__Bacteroidota;c__Bacteroidia;o__Bacteroidales;f__Bacteroidaceae;g__Bacteroides;s__Bacteroides salyersiae	Bacteria	Bacteroidota	Bacteroidia	Bacteroidales	Bacteroidaceae	Bacteroides	Bacteroides salyersiae	ani_screen		classification based on ANI only
B06_bin.6	bac120	d__Bacteria;p__Cyanobacteriota;c__Vampirovibrionia;o__Gastranaerophilales;f__Gastranaerophilaceae;g__CAG-196;s__CAG-196 sp002102975	Bacteria	Cyanobacteriota	Vampirovibrionia	Gastranaerophilales	Gastranaerophilaceae	CAG-196	CAG-196 sp002102975	ani_screen		classification based on ANI only
B06_bin.60	bac120	d__Bacteria;p__Pseudomonadota;c__Gammaproteobacteria;o__Burkholderiales;f__Burkholderiaceae_F;g__Duodenibacillus;s__Duodenibacillus massiliensis	Bacteria	Pseudomonadota	Gammaproteobacteria	Burkholderiales	Burkholderiaceae_F	Duodenibacillus	Duodenibacillus massiliensis	ani_screen		classification based on ANI only
B06_bin.62	bac120	d__Bacteria;p__Bacillota;c__Clostridia;o__Christensenellales;f__Borkfalkiaceae;g__Scatosoma;s__Scatosoma sp900552625	Bacteria	Bacillota	Clostridia	Christensenellales	Borkfalkiaceae	Scatosoma	Scatosoma sp900552625	ani_screen		classification based on ANI only
B06_bin.7	bac120	d__Bacteria;p__Bacteroidota;c__Bacteroidia;o__Bacteroidales;f__Rikenellaceae;g__Alistipes;s__Alistipes senegalensis	Bacteria	Bacteroidota	Bacteroidia	Bacteroidales	Rikenellaceae	Alistipes	Alistipes senegalensis	ani_screen		classification based on ANI only
B06_bin.83	bac120	d__Bacteria;p__Bacillota;c__Clostridia;o__Oscillospirales;f__Oscillospiraceae;g__Vescimonas;s__Vescimonas sp900551355	Bacteria	Bacillota	Clostridia	Oscillospirales	Oscillospiraceae	Vescimonas	Vescimonas sp900551355	ani_screen		classification based on ANI only
B06_bin.86	bac120	d__Bacteria;p__Bacillota;c__Clostridia;o__Oscillospirales;f__Ruminococcaceae;g__Huintestinicola;s__Huintestinicola butyrica	Bacteria	Bacillota	Clostridia	Oscillospirales	Ruminococcaceae	Huintestinicola	Huintestinicola butyrica	ani_screen		classification based on ANI only
B06_bin.9	bac120	d__Bacteria;p__Pseudomonadota;c__Gammaproteobacteria;o__Burkholderiales;f__Burkholderiaceae_F;g__Duodenibacillus;s__Duodenibacillus intestinigallinarum	Bacteria	Pseudomonadota	Gammaproteobacteria	Burkholderiales	Burkholderiaceae_F	Duodenibacillus	Duodenibacillus intestinigallinarum	ani_screen		classification based on ANI only
B07_bin.25	bac120	d__Bacteria;p__Bacillota;c__Clostridia;o__Christensenellales;f__Borkfalkiaceae;g__UBA4636;s__UBA4636 sp900770945	Bacteria	Bacillota	Clostridia	Christensenellales	Borkfalkiaceae	UBA4636	UBA4636 sp900770945	ani_screen		classification based on ANI only
B07_bin.36	bac120	d__Bacteria;p__Bacillota;c__Negativicutes;o__Veillonellales;f__Dialisteraceae;g__Dialister;s__Dialister sp002320515	Bacteria	Bacillota	Negativicutes	Veillonellales	Dialisteraceae	Dialister	Dialister sp002320515	ani_screen		classification based on ANI only
B07_bin.47	bac120	d__Bacteria;p__Bacillota;c__Clostridia;o__Oscillospirales;f__Acutalibacteraceae;g__CAG-488;s__CAG-488 sp000434915	Bacteria	Bacillota	Clostridia	Oscillospirales	Acutalibacteraceae	CAG-488	CAG-488 sp000434915	ani_screen		classification based on ANI only
B07_bin.51	bac120	d__Bacteria;p__Bacteroidota;c__Bacteroidia;o__Bacteroidales;f__Bacteroidaceae;g__Prevotella;s__Prevotella sp000436035	Bacteria	Bacteroidota	Bacteroidia	Bacteroidales	Bacteroidaceae	Prevotella	Prevotella sp000436035	ani_screen		classification based on ANI only
B07_bin.55	bac120	d__Bacteria;p__Bacillota;c__Clostridia;o__Lachnospirales;f__Lachnospiraceae;g__Coprococcus;s__Coprococcus ammoniilyticus	Bacteria	Bacillota	Clostridia	Lachnospirales	Lachnospiraceae	Coprococcus	Coprococcus ammoniilyticus	ani_screen		classification based on ANI only
B07_bin.9	bac120	d__Bacteria;p__Bacillota;c__Clostridia;o__Christensenellales;f__Borkfalkiaceae;g__UBA10281;s__UBA10281 sp902495325	Bacteria	Bacillota	Clostridia	Christensenellales	Borkfalkiaceae	UBA10281	UBA10281 sp902495325	ani_screen		classification based on ANI only
B08_bin.39	bac120	d__Bacteria;p__Bacillota;c__Clostridia;o__Oscillospirales;f__Oscillospiraceae;g__Vescimonas;s__Vescimonas sanitatis	Bacteria	Bacillota	Clostridia	Oscillospirales	Oscillospiraceae	Vescimonas	Vescimonas sanitatis	ani_screen		classification based on ANI only
B08_bin.47	bac120	d__Bacteria;p__Bacteroidota;c__Bacteroidia;o__Bacteroidales;f__Bacteroidaceae;g__Bacteroides;s__Bacteroides finegoldii	Bacteria	Bacteroidota	Bacteroidia	Bacteroidales	Bacteroidaceae	Bacteroides	Bacteroides finegoldii	ani_screen		classification based on ANI only
B08_bin.66	bac120	d__Bacteria;p__Bacteroidota;c__Bacteroidia;o__Bacteroidales;f__Rikenellaceae;g__Alistipes;s__Alistipes communis	Bacteria	Bacteroidota	Bacteroidia	Bacteroidales	Rikenellaceae	Alistipes	Alistipes communis	ani_screen		classification based on ANI only
B09_bin.106	bac120	d__Bacteria;p__Bacteroidota;c__Bacteroidia;o__Bacteroidales;f__Marinifilaceae;g__Butyricimonas;s__Butyricimonas virosa	Bacteria	Bacteroidota	Bacteroidia	Bacteroidales	Marinifilaceae	Butyricimonas	Butyricimonas virosa	ani_screen		classification based on ANI only
B09_bin.25	bac120	d__Bacteria;p__Actinomycetota;c__Coriobacteriia;o__Coriobacteriales;f__Coriobacteriaceae;g__Collinsella;s__	Bacteria	Actinomycetota	Coriobacteriia	Coriobacteriales	Coriobacteriaceae	Collinsella		taxonomic classification fully defined by topology	86.19	classification based on placement in class-level tree
B09_bin.49	bac120	d__Bacteria;p__Bacillota;c__Clostridia;o__Lachnospirales;f__Lachnospiraceae;g__Enterocloster;s__Enterocloster sp000431375	Bacteria	Bacillota	Clostridia	Lachnospirales	Lachnospiraceae	Enterocloster	Enterocloster sp000431375	ani_screen		classification based on ANI only
B09_bin.51	bac120	d__Bacteria;p__Pseudomonadota;c__Alphaproteobacteria;o__RF32;f__CAG-239;g__HGM16780;s__HGM16780 sp900538765	Bacteria	Pseudomonadota	Alphaproteobacteria	RF32	CAG-239	HGM16780	HGM16780 sp900538765	ani_screen		classification based on ANI only
B09_bin.61	bac120	d__Bacteria;p__Bacillota;c__Clostridia;o__Oscillospirales;f__Ruminococcaceae;g__Hominimerdicola;s__Hominimerdicola aceti	Bacteria	Bacillota	Clostridia	Oscillospirales	Ruminococcaceae	Hominimerdicola	Hominimerdicola aceti	ani_screen		classification based on ANI only
B09_bin.93	bac120	d__Bacteria;p__Bacillota;c__Clostridia;o__Oscillospirales;f__Oscillospiraceae;g__CAG-103;s__CAG-103 sp000432375	Bacteria	Bacillota	Clostridia	Oscillospirales	Oscillospiraceae	CAG-103	CAG-103 sp000432375	ani_screen		classification based on ANI only
C01_bin.21	bac120	d__Bacteria;p__Bacillota;c__Clostridia;o__Oscillospirales;f__Acutalibacteraceae;g__Eubacterium_R;s__Eubacterium_R sp000434995	Bacteria	Bacillota	Clostridia	Oscillospirales	Acutalibacteraceae	Eubacterium_R	Eubacterium_R sp000434995	ani_screen		classification based on ANI only
C01_bin.25	bac120	d__Bacteria;p__Actinomycetota;c__Coriobacteriia;o__Coriobacteriales;f__Coriobacteriaceae;g__Collinsella;s__Collinsella sp902461405	Bacteria	Actinomycetota	Coriobacteriia	Coriobacteriales	Coriobacteriaceae	Collinsella	Collinsella sp902461405	ani_screen		classification based on ANI only
C01_bin.57	bac120	d__Bacteria;p__Pseudomonadota;c__Gammaproteobacteria;o__Burkholderiales;f__Burkholderiaceae_F;g__Parasutterella;s__Parasutterella gallistercoris	Bacteria	Pseudomonadota	Gammaproteobacteria	Burkholderiales	Burkholderiaceae_F	Parasutterella	Parasutterella gallistercoris	ani_screen		classification based on ANI only
C02_bin.12	bac120	d__Bacteria;p__Bacteroidota;c__Bacteroidia;o__Bacteroidales;f__Bacteroidaceae;g__Prevotella;s__Prevotella copri_B	Bacteria	Bacteroidota	Bacteroidia	Bacteroidales	Bacteroidaceae	Prevotella	Prevotella copri_B	ani_screen		classification based on ANI only
C02_bin.32	bac120	d__Bacteria;p__Bacillota;c__Clostridia;o__Lachnospirales;f__Lachnospiraceae;g__Coprococcus_C;s__Coprococcus_C hominis	Bacteria	Bacillota	Clostridia	Lachnospirales	Lachnospiraceae	Coprococcus_C	Coprococcus_C hominis	ani_screen		classification based on ANI only
C02_bin.89	bac120	d__Bacteria;p__Bacillota;c__Clostridia;o__Oscillospirales;f__Acutalibacteraceae;g__Hominenteromicrobium;s__Hominenteromicrobium mulieris	Bacteria	Bacillota	Clostridia	Oscillospirales	Acutalibacteraceae	Hominenteromicrobium	Hominenteromicrobium mulieris	ani_screen		classification based on ANI only
C03_bin.22	bac120	d__Bacteria;p__Bacillota;c__Clostridia;o__Lachnospirales;f__Lachnospiraceae;g__Enterocloster;s__Enterocloster sp001517625	Bacteria	Bacillota	Clostridia	Lachnospirales	Lachnospiraceae	Enterocloster	Enterocloster sp001517625	ani_screen		classification based on ANI only
C03_bin.41	bac120	d__Bacteria;p__Bacillota;c__Clostridia;o__Lachnospirales;f__Lachnospiraceae;g__Pilosibacter;s__Pilosibacter sp900066055	Bacteria	Bacillota	Clostridia	Lachnospirales	Lachnospiraceae	Pilosibacter	Pilosibacter sp900066055	ani_screen		classification based on ANI only
C03_bin.49	bac120	d__Bacteria;p__Actinomycetota;c__Actinomycetes;o__Actinomycetales;f__Bifidobacteriaceae;g__Bifidobacterium;s__Bifidobacterium longum	Bacteria	Actinomycetota	Actinomycetes	Actinomycetales	Bifidobacteriaceae	Bifidobacterium	Bifidobacterium longum	ani_screen		classification based on ANI only
C03_bin.52	bac120	d__Bacteria;p__Actinomycetota;c__Coriobacteriia;o__Coriobacteriales;f__Eggerthellaceae;g__Eggerthella;s__Eggerthella lenta	Bacteria	Actinomycetota	Coriobacteriia	Coriobacteriales	Eggerthellaceae	Eggerthella	Eggerthella lenta	ani_screen		classification based on ANI only
C04_bin.10	bac120	d__Bacteria;p__Bacillota;c__Clostridia;o__Oscillospirales;f__Oscillospiraceae;g__Evtepia;s__Evtepia sp004556345	Bacteria	Bacillota	Clostridia	Oscillospirales	Oscillospiraceae	Evtepia	Evtepia sp004556345	ani_screen		classification based on ANI only
C04_bin.103	bac120	d__Bacteria;p__Bacillota;c__Clostridia;o__Oscillospirales;f__Acutalibacteraceae;g__CAG-177;s__CAG-177 sp003514385	Bacteria	Bacillota	Clostridia	Oscillospirales	Acutalibacteraceae	CAG-177	CAG-177 sp003514385	ani_screen		classification based on ANI only
C04_bin.18	bac120	d__Bacteria;p__Bacillota_I;c__Bacilli_A;o__Erysipelotrichales;f__Erysipelotrichaceae;g__Holdemanella;s__Holdemanella sp900556915	Bacteria	Bacillota_I	Bacilli_A	Erysipelotrichales	Erysipelotrichaceae	Holdemanella	Holdemanella sp900556915	ani_screen		classification based on ANI only
C04_bin.39	bac120	d__Bacteria;p__Bacillota;c__Clostridia;o__Oscillospirales;f__Ruminococcaceae;g__Faecalibacterium;s__Faecalibacterium prausnitzii	Bacteria	Bacillota	Clostridia	Oscillospirales	Ruminococcaceae	Faecalibacterium	Faecalibacterium prausnitzii	ani_screen		classification based on ANI only
C04_bin.63	bac120	d__Bacteria;p__Bacteroidota;c__Bacteroidia;o__Bacteroidales;f__Marinifilaceae;g__Butyricimonas;s__Butyricimonas faecihominis	Bacteria	Bacteroidota	Bacteroidia	Bacteroidales	Marinifilaceae	Butyricimonas	Butyricimonas faecihominis	ani_screen		classification based on ANI only
C04_bin.65	bac120	d__Bacteria;p__Bacillota;c__Clostridia;o__Peptostreptococcales;f__Anaerovoracaceae;g__Alangreenwoodia;s__	Bacteria	Bacillota	Clostridia	Peptostreptococcales	Anaerovoracaceae	Alangreenwoodia		taxonomic classification fully defined by topology	63.03	classification based on placement in class-level tree
C04_bin.78	ar53	d__Archaea;p__Methanobacteriota;c__Methanobacteria;o__Methanobacteriales;f__Methanobacteriaceae;g__Methanocatella;s__Methanocatella intestini	Archaea	Methanobacteriota	Methanobacteria	Methanobacteriales	Methanobacteriaceae	Methanocatella	Methanocatella intestini	ani_screen		classification based on ANI only
C04_bin.83	bac120	d__Bacteria;p__Bacteroidota;c__Bacteroidia;o__Bacteroidales;f__Bacteroidaceae;g__Prevotella;s__Prevotella sp900543975	Bacteria	Bacteroidota	Bacteroidia	Bacteroidales	Bacteroidaceae	Prevotella	Prevotella sp900543975	ani_screen		classification based on ANI only
C05_bin.100	bac120	d__Bacteria;p__Bacillota;c__Clostridia;o__Oscillospirales;f__Oscillospiraceae;g__Limivicinus;s__Limivicinus sp934573855	Bacteria	Bacillota	Clostridia	Oscillospirales	Oscillospiraceae	Limivicinus	Limivicinus sp934573855	ani_screen		classification based on ANI only
C05_bin.102	bac120	d__Bacteria;p__Bacillota;c__Clostridia;o__Christensenellales;f__Pumilibacteraceae;g__CAG-552;s__CAG-552 sp000435495	Bacteria	Bacillota	Clostridia	Christensenellales	Pumilibacteraceae	CAG-552	CAG-552 sp000435495	ani_screen		classification based on ANI only
C05_bin.117	bac120	d__Bacteria;p__Bacillota;c__Clostridia;o__Lachnospirales;f__Lachnospiraceae;g__Gallintestinimicrobium;s__Gallintestinimicrobium propionicum	Bacteria	Bacillota	Clostridia	Lachnospirales	Lachnospiraceae	Gallintestinimicrobium	Gallintestinimicrobium propionicum	ani_screen		classification based on ANI only
C05_bin.122	bac120	d__Bacteria;p__Bacillota;c__Clostridia;o__Lachnospirales;f__Lachnospiraceae;g__Coprococcus;s__Coprococcus sp000433075	Bacteria	Bacillota	Clostridia	Lachnospirales	Lachnospiraceae	Coprococcus	Coprococcus sp000433075	ani_screen		classification based on ANI only
C05_bin.16	bac120	d__Bacteria;p__Bacillota_I;c__Bacilli_A;o__RF39;f__UBA660;g__CAG-533;s__CAG-533 sp000434495	Bacteria	Bacillota_I	Bacilli_A	RF39	UBA660	CAG-533	CAG-533 sp000434495	ani_screen		classification based on ANI only
C05_bin.32	bac120	d__Bacteria;p__Bacillota;c__Clostridia;o__Oscillospirales;f__Oscillospiraceae;g__F23-B02;s__F23-B02 sp004553495	Bacteria	Bacillota	Clostridia	Oscillospirales	Oscillospiraceae	F23-B02	F23-B02 sp004553495	ani_screen		classification based on ANI only
C05_bin.33	bac120	d__Bacteria;p__Bacillota;c__Clostridia;o__Christensenellales;f__CAG-917;g__CAG-1138;s__CAG-1138 sp000434675	Bacteria	Bacillota	Clostridia	Christensenellales	CAG-917	CAG-1138	CAG-1138 sp000434675	ani_screen		classification based on ANI only
C05_bin.34	bac120	d__Bacteria;p__Bacillota_I;c__Bacilli_A;o__RFN20;f__CAG-826;g__CAG-826;s__CAG-826 sp000437235	Bacteria	Bacillota_I	Bacilli_A	RFN20	CAG-826	CAG-826	CAG-826 sp000437235	ani_screen		classification based on ANI only
C05_bin.47	bac120	d__Bacteria;p__Verrucomicrobiota;c__Verrucomicrobiia;o__Verrucomicrobiales;f__Akkermansiaceae;g__Akkermansia;s__Akkermansia sp004167605	Bacteria	Verrucomicrobiota	Verrucomicrobiia	Verrucomicrobiales	Akkermansiaceae	Akkermansia	Akkermansia sp004167605	ani_screen		classification based on ANI only
C05_bin.49	bac120	d__Bacteria;p__Bacillota;c__Clostridia;o__CAKSNL01;f__HGM11501;g__HGM11501;s__HGM11501 sp900766735	Bacteria	Bacillota	Clostridia	CAKSNL01	HGM11501	HGM11501	HGM11501 sp900766735	ani_screen		classification based on ANI only
C05_bin.5	bac120	d__Bacteria;p__Bacteroidota;c__Bacteroidia;o__Bacteroidales;f__Barnesiellaceae;g__UMGS27;s__UMGS27 sp900538555	Bacteria	Bacteroidota	Bacteroidia	Bacteroidales	Barnesiellaceae	UMGS27	UMGS27 sp900538555	ani_screen		classification based on ANI only
C05_bin.60	bac120	d__Bacteria;p__Bacillota;c__Clostridia;o__Lachnospirales;f__Lachnospiraceae;g__Blautia_A;s__Blautia_A intestinihominis	Bacteria	Bacillota	Clostridia	Lachnospirales	Lachnospiraceae	Blautia_A	Blautia_A intestinihominis	ani_screen		classification based on ANI only
C05_bin.78	bac120	d__Bacteria;p__Bacillota_I;c__Bacilli_A;o__RF39;f__UBA660;g__CAG-628;s__CAG-628 sp003524085	Bacteria	Bacillota_I	Bacilli_A	RF39	UBA660	CAG-628	CAG-628 sp003524085	ani_screen		classification based on ANI only
C05_bin.86	bac120	d__Bacteria;p__Bacillota_I;c__Bacilli_A;o__RF39;f__UBA660;g__CAG-1000;s__CAG-1000 sp000436975	Bacteria	Bacillota_I	Bacilli_A	RF39	UBA660	CAG-1000	CAG-1000 sp000436975	ani_screen		classification based on ANI only
C05_bin.90	bac120	d__Bacteria;p__Bacillota;c__Clostridia;o__Oscillospirales;f__CAG-272;g__UBA11512;s__UBA11512 sp003522145	Bacteria	Bacillota	Clostridia	Oscillospirales	CAG-272	UBA11512	UBA11512 sp003522145	ani_screen		classification based on ANI only
C06_bin.10	bac120	d__Bacteria;p__Bacillota;c__Clostridia;o__Oscillospirales;f__Oscillospiraceae;g__Intestinimonas;s__Intestinimonas butyriciproducens	Bacteria	Bacillota	Clostridia	Oscillospirales	Oscillospiraceae	Intestinimonas	Intestinimonas butyriciproducens	ani_screen		classification based on ANI only
C06_bin.11	bac120	d__Bacteria;p__Bacillota;c__Clostridia;o__Lachnospirales;f__Lachnospiraceae;g__Anthropogastromicrobium;s__Anthropogastromicrobium aceti	Bacteria	Bacillota	Clostridia	Lachnospirales	Lachnospiraceae	Anthropogastromicrobium	Anthropogastromicrobium aceti	ani_screen		classification based on ANI only
C06_bin.26	bac120	d__Bacteria;p__Bacillota;c__Clostridia;o__Oscillospirales;f__Acutalibacteraceae;g__Fimivicinus;s__Fimivicinus sp900544375	Bacteria	Bacillota	Clostridia	Oscillospirales	Acutalibacteraceae	Fimivicinus	Fimivicinus sp900544375	ani_screen		classification based on ANI only
C06_bin.29	bac120	d__Bacteria;p__Bacillota;c__Clostridia;o__Oscillospirales;f__Oscillospiraceae;g__Vescimonas;s__Vescimonas coprocola	Bacteria	Bacillota	Clostridia	Oscillospirales	Oscillospiraceae	Vescimonas	Vescimonas coprocola	ani_screen		classification based on ANI only
C06_bin.41	bac120	d__Bacteria;p__Bacillota;c__Clostridia;o__Lachnospirales;f__Lachnospiraceae;g__Lachnospira;s__Lachnospira intestinalis	Bacteria	Bacillota	Clostridia	Lachnospirales	Lachnospiraceae	Lachnospira	Lachnospira intestinalis	ani_screen		classification based on ANI only
C07_bin.25	bac120	d__Bacteria;p__Bacillota;c__Clostridia;o__Lachnospirales;f__Lachnospiraceae;g__Anaerobutyricum;s__Anaerobutyricum hallii	Bacteria	Bacillota	Clostridia	Lachnospirales	Lachnospiraceae	Anaerobutyricum	Anaerobutyricum hallii	ani_screen		classification based on ANI only
C07_bin.38	bac120	d__Bacteria;p__Bacillota;c__Clostridia;o__Oscillospirales;f__Ruminococcaceae;g__Ruminococcus_C;s__Ruminococcus_C sp000433635	Bacteria	Bacillota	Clostridia	Oscillospirales	Ruminococcaceae	Ruminococcus_C	Ruminococcus_C sp000433635	ani_screen		classification based on ANI only
C07_bin.69	bac120	d__Bacteria;p__Bacillota;c__Clostridia;o__Oscillospirales;f__Ruminococcaceae;g__Allofournierella_A;s__Allofournierella_A excrementavium	Bacteria	Bacillota	Clostridia	Oscillospirales	Ruminococcaceae	Allofournierella_A	Allofournierella_A excrementavium	ani_screen		classification based on ANI only
C07_bin.75	bac120	d__Bacteria;p__Bacillota;c__Clostridia;o__Christensenellales;f__CAG-314;g__CAG-314;s__CAG-314 sp000437915	Bacteria	Bacillota	Clostridia	Christensenellales	CAG-314	CAG-314	CAG-314 sp000437915	ani_screen		classification based on ANI only
C07_bin.89	bac120	d__Bacteria;p__Desulfobacterota;c__Desulfovibrionia;o__Desulfovibrionales;f__Desulfovibrionaceae;g__Bilophila;s__Bilophila wadsworthia	Bacteria	Desulfobacterota	Desulfovibrionia	Desulfovibrionales	Desulfovibrionaceae	Bilophila	Bilophila wadsworthia	ani_screen		classification based on ANI only
C08_bin.14	bac120	d__Bacteria;p__Bacillota;c__Clostridia;o__Christensenellales;f__Borkfalkiaceae;g__Scatosoma;s__Scatosoma sp003150575	Bacteria	Bacillota	Clostridia	Christensenellales	Borkfalkiaceae	Scatosoma	Scatosoma sp003150575	ani_screen		classification based on ANI only
C08_bin.27	bac120	d__Bacteria;p__Bacillota;c__Clostridia;o__Oscillospirales;f__Oscillospiraceae;g__Vescimonas;s__Vescimonas sp900548615	Bacteria	Bacillota	Clostridia	Oscillospirales	Oscillospiraceae	Vescimonas	Vescimonas sp900548615	ani_screen		classification based on ANI only
C08_bin.28	bac120	d__Bacteria;p__Bacillota;c__Clostridia;o__Oscillospirales;f__Ruminococcaceae;g__Faecalibacterium;s__Faecalibacterium butyricigenerans	Bacteria	Bacillota	Clostridia	Oscillospirales	Ruminococcaceae	Faecalibacterium	Faecalibacterium butyricigenerans	ani_screen		classification based on ANI only
C08_bin.34	bac120	d__Bacteria;p__Bacillota;c__Clostridia;o__Christensenellales;f__Borkfalkiaceae;g__Borkfalkia;s__Borkfalkia faecavium	Bacteria	Bacillota	Clostridia	Christensenellales	Borkfalkiaceae	Borkfalkia	Borkfalkia faecavium	ani_screen		classification based on ANI only
C08_bin.48	bac120	d__Bacteria;p__Bacillota;c__Clostridia;o__Lachnospirales;f__Lachnospiraceae;g__COE1;s__COE1 sp001916965	Bacteria	Bacillota	Clostridia	Lachnospirales	Lachnospiraceae	COE1	COE1 sp001916965	ani_screen		classification based on ANI only
C08_bin.52	bac120	d__Bacteria;p__Bacillota;c__Clostridia;o__Oscillospirales;f__Ruminococcaceae;g__Faecalibacterium;s__Faecalibacterium intestinale	Bacteria	Bacillota	Clostridia	Oscillospirales	Ruminococcaceae	Faecalibacterium	Faecalibacterium intestinale	ani_screen		classification based on ANI only
C08_bin.68	bac120	d__Bacteria;p__Bacteroidota;c__Bacteroidia;o__Bacteroidales;f__Bacteroidaceae;g__Paraprevotella;s__Paraprevotella clara	Bacteria	Bacteroidota	Bacteroidia	Bacteroidales	Bacteroidaceae	Paraprevotella	Paraprevotella clara	ani_screen		classification based on ANI only
C08_bin.77	bac120	d__Bacteria;p__Bacteroidota;c__Bacteroidia;o__Bacteroidales;f__Bacteroidaceae;g__Phocaeicola;s__Phocaeicola plebeius_A	Bacteria	Bacteroidota	Bacteroidia	Bacteroidales	Bacteroidaceae	Phocaeicola	Phocaeicola plebeius_A	ani_screen		classification based on ANI only
C08_bin.86	bac120	d__Bacteria;p__Bacillota;c__Negativicutes;o__Acidaminococcales;f__Acidaminococcaceae;g__Phascolarctobacterium;s__Phascolarctobacterium faecium	Bacteria	Bacillota	Negativicutes	Acidaminococcales	Acidaminococcaceae	Phascolarctobacterium	Phascolarctobacterium faecium	ani_screen		classification based on ANI only
C08_bin.87	bac120	d__Bacteria;p__Bacillota;c__Clostridia;o__Oscillospirales;f__Ruminococcaceae;g__Ruminiclostridium_E;s__Ruminiclostridium_E sp003512525	Bacteria	Bacillota	Clostridia	Oscillospirales	Ruminococcaceae	Ruminiclostridium_E	Ruminiclostridium_E sp003512525	ani_screen		classification based on ANI only
D01_bin.11	bac120	d__Bacteria;p__Bacillota;c__Clostridia;o__Christensenellales;f__Aristaeellaceae;g__Ventricola;s__Ventricola sp900542445	Bacteria	Bacillota	Clostridia	Christensenellales	Aristaeellaceae	Ventricola	Ventricola sp900542445	ani_screen		classification based on ANI only
D01_bin.23	bac120	d__Bacteria;p__Bacillota;c__Clostridia;o__Lachnospirales;f__Lachnospiraceae;g__Anaerostipes;s__Anaerostipes hadrus	Bacteria	Bacillota	Clostridia	Lachnospirales	Lachnospiraceae	Anaerostipes	Anaerostipes hadrus	ani_screen		classification based on ANI only
D01_bin.28	bac120	d__Bacteria;p__Bacteroidota;c__Bacteroidia;o__Bacteroidales;f__Bacteroidaceae;g__Bacteroides;s__Bacteroides faecis	Bacteria	Bacteroidota	Bacteroidia	Bacteroidales	Bacteroidaceae	Bacteroides	Bacteroides faecis	ani_screen		classification based on ANI only
D01_bin.36	bac120	d__Bacteria;p__Bacillota;c__Clostridia;o__Oscillospirales;f__Butyricicoccaceae;g__Agathobaculum;s__Agathobaculum butyriciproducens	Bacteria	Bacillota	Clostridia	Oscillospirales	Butyricicoccaceae	Agathobaculum	Agathobaculum butyriciproducens	ani_screen		classification based on ANI only
D01_bin.63	bac120	d__Bacteria;p__Desulfobacterota;c__Desulfovibrionia;o__Desulfovibrionales;f__Desulfovibrionaceae;g__Desulfovibrio;s__Desulfovibrio sp900319575	Bacteria	Desulfobacterota	Desulfovibrionia	Desulfovibrionales	Desulfovibrionaceae	Desulfovibrio	Desulfovibrio sp900319575	ani_screen		classification based on ANI only
D01_bin.64	bac120	d__Bacteria;p__Bacteroidota;c__Bacteroidia;o__Bacteroidales;f__Bacteroidaceae;g__Bacteroides;s__Bacteroides uniformis	Bacteria	Bacteroidota	Bacteroidia	Bacteroidales	Bacteroidaceae	Bacteroides	Bacteroides uniformis	ani_screen		classification based on ANI only
D01_bin.67	bac120	d__Bacteria;p__Actinomycetota;c__Coriobacteriia;o__Coriobacteriales;f__Coriobacteriaceae;g__Collinsella;s__Collinsella sp905215825	Bacteria	Actinomycetota	Coriobacteriia	Coriobacteriales	Coriobacteriaceae	Collinsella	Collinsella sp905215825	ani_screen		classification based on ANI only
D02_bin.11	bac120	d__Bacteria;p__Bacteroidota;c__Bacteroidia;o__Bacteroidales;f__Bacteroidaceae;g__Phocaeicola;s__Phocaeicola vulgatus	Bacteria	Bacteroidota	Bacteroidia	Bacteroidales	Bacteroidaceae	Phocaeicola	Phocaeicola vulgatus	ani_screen		classification based on ANI only
D02_bin.28	bac120	d__Bacteria;p__Bacillota;c__Clostridia;o__Lachnospirales;f__Lachnospiraceae;g__Limivivens;s__Limivivens faecihominis	Bacteria	Bacillota	Clostridia	Lachnospirales	Lachnospiraceae	Limivivens	Limivivens faecihominis	ani_screen		classification based on ANI only
D02_bin.53	bac120	d__Bacteria;p__Actinomycetota;c__Coriobacteriia;o__Coriobacteriales;f__Eggerthellaceae;g__Senegalimassilia;s__Senegalimassilia anaerobia	Bacteria	Actinomycetota	Coriobacteriia	Coriobacteriales	Eggerthellaceae	Senegalimassilia	Senegalimassilia anaerobia	ani_screen		classification based on ANI only
D03_bin.27	bac120	d__Bacteria;p__Bacillota_I;c__Bacilli_A;o__RFN20;f__CAG-288;g__CAG-288;s__CAG-288 sp000437395	Bacteria	Bacillota_I	Bacilli_A	RFN20	CAG-288	CAG-288	CAG-288 sp000437395	ani_screen		classification based on ANI only
D03_bin.84	bac120	d__Bacteria;p__Actinomycetota;c__Actinomycetes;o__Actinomycetales;f__Bifidobacteriaceae;g__Bifidobacterium;s__Bifidobacterium catenulatum	Bacteria	Actinomycetota	Actinomycetes	Actinomycetales	Bifidobacteriaceae	Bifidobacterium	Bifidobacterium catenulatum	ani_screen		classification based on ANI only
D04_bin.18	bac120	d__Bacteria;p__Bacillota;c__Clostridia;o__Lachnospirales;f__Lachnospiraceae;g__Dorea_A;s__Dorea_A amylophila	Bacteria	Bacillota	Clostridia	Lachnospirales	Lachnospiraceae	Dorea_A	Dorea_A amylophila	ani_screen		classification based on ANI only
D04_bin.5	bac120	d__Bacteria;p__Bacillota;c__Clostridia;o__Oscillospirales;f__Oscillospiraceae;g__Flavonifractor;s__Flavonifractor plautii	Bacteria	Bacillota	Clostridia	Oscillospirales	Oscillospiraceae	Flavonifractor	Flavonifractor plautii	ani_screen		classification based on ANI only
D04_bin.58	bac120	d__Bacteria;p__Bacillota;c__Clostridia;o__Lachnospirales;f__Anaerotignaceae;g__Anaerotignum;s__Anaerotignum sp001304995	Bacteria	Bacillota	Clostridia	Lachnospirales	Anaerotignaceae	Anaerotignum	Anaerotignum sp001304995	ani_screen		classification based on ANI only
D05_bin.12	bac120	d__Bacteria;p__Bacillota;c__Clostridia;o__Oscillospirales;f__Oscillospiraceae;g__Scatomorpha;s__Scatomorpha sp900545405	Bacteria	Bacillota	Clostridia	Oscillospirales	Oscillospiraceae	Scatomorpha	Scatomorpha sp900545405	ani_screen		classification based on ANI only
D05_bin.15	bac120	d__Bacteria;p__Bacteroidota;c__Bacteroidia;o__Bacteroidales;f__Coprobacteraceae;g__Coprobacter;s__Coprobacter fastidiosus	Bacteria	Bacteroidota	Bacteroidia	Bacteroidales	Coprobacteraceae	Coprobacter	Coprobacter fastidiosus	ani_screen		classification based on ANI only
D05_bin.39	bac120	d__Bacteria;p__Bacillota;c__Clostridia;o__Lachnospirales;f__Lachnospiraceae;g__Allocoprococcus;s__Allocoprococcus comes	Bacteria	Bacillota	Clostridia	Lachnospirales	Lachnospiraceae	Allocoprococcus	Allocoprococcus comes	ani_screen		classification based on ANI only
D05_bin.59	bac120	d__Bacteria;p__Bacillota;c__Clostridia;o__Lachnospirales;f__Anaerotignaceae;g__Anaerotignum;s__Anaerotignum sp958420075	Bacteria	Bacillota	Clostridia	Lachnospirales	Anaerotignaceae	Anaerotignum	Anaerotignum sp958420075	ani_screen		classification based on ANI only
D05_bin.66	bac120	d__Bacteria;p__Bacillota_I;c__Bacilli_A;o__Erysipelotrichales;f__Coprobacillaceae;g__Faecalibacillus;s__Faecalibacillus faecis	Bacteria	Bacillota_I	Bacilli_A	Erysipelotrichales	Coprobacillaceae	Faecalibacillus	Faecalibacillus faecis	ani_screen		classification based on ANI only
D05_bin.72	bac120	d__Bacteria;p__Bacillota;c__Clostridia;o__Peptostreptococcales;f__Anaerovoracaceae;g__Alangreenwoodia;s__Alangreenwoodia sp905206455	Bacteria	Bacillota	Clostridia	Peptostreptococcales	Anaerovoracaceae	Alangreenwoodia	Alangreenwoodia sp905206455	ani_screen		classification based on ANI only
D05_bin.78	bac120	d__Bacteria;p__Bacillota;c__Clostridia;o__Christensenellales;f__Aristaeellaceae;g__Limiplasma;s__Limiplasma merdipullorum	Bacteria	Bacillota	Clostridia	Christensenellales	Aristaeellaceae	Limiplasma	Limiplasma merdipullorum	ani_screen		classification based on ANI only
D05_bin.82	bac120	d__Bacteria;p__Bacillota;c__Clostridia;o__Oscillospirales;f__Acutalibacteraceae;g__Eubacterium_R;s__Eubacterium_R sp003526845	Bacteria	Bacillota	Clostridia	Oscillospirales	Acutalibacteraceae	Eubacterium_R	Eubacterium_R sp003526845	ani_screen		classification based on ANI only
D05_bin.84	bac120	d__Bacteria;p__Bacillota;c__Clostridia;o__Oscillospirales;f__Ruminococcaceae;g__Negativibacillus;s__Negativibacillus sp000435195	Bacteria	Bacillota	Clostridia	Oscillospirales	Ruminococcaceae	Negativibacillus	Negativibacillus sp000435195	ani_screen		classification based on ANI only
D06_bin.25	bac120	d__Bacteria;p__Bacillota;c__Clostridia;o__Oscillospirales;f__Ruminococcaceae;g__CAG-115;s__CAG-115 sp003531585	Bacteria	Bacillota	Clostridia	Oscillospirales	Ruminococcaceae	CAG-115	CAG-115 sp003531585	ani_screen		classification based on ANI only
D06_bin.38	bac120	d__Bacteria;p__Bacillota;c__Clostridia;o__Oscillospirales;f__Oscillospiraceae;g__Faecousia;s__Faecousia sp000435995	Bacteria	Bacillota	Clostridia	Oscillospirales	Oscillospiraceae	Faecousia	Faecousia sp000435995	ani_screen		classification based on ANI only
D06_bin.58	bac120	d__Bacteria;p__Bacillota;c__Clostridia;o__Oscillospirales;f__Oscillospiraceae;g__Scatomorpha;s__Scatomorpha intestinigallinarum	Bacteria	Bacillota	Clostridia	Oscillospirales	Oscillospiraceae	Scatomorpha	Scatomorpha intestinigallinarum	ani_screen		classification based on ANI only
D06_bin.80	bac120	d__Bacteria;p__Bacillota;c__Clostridia;o__Christensenellales;f__CAG-138;g__SFEL01;s__SFEL01 sp004557245	Bacteria	Bacillota	Clostridia	Christensenellales	CAG-138	SFEL01	SFEL01 sp004557245	ani_screen		classification based on ANI only
D06_bin.95	bac120	d__Bacteria;p__Actinomycetota;c__Coriobacteriia;o__Coriobacteriales;f__Eggerthellaceae;g__Anaerotardibacter;s__Anaerotardibacter sp958409415	Bacteria	Actinomycetota	Coriobacteriia	Coriobacteriales	Eggerthellaceae	Anaerotardibacter	Anaerotardibacter sp958409415	ani_screen		classification based on ANI only
D07_bin.25	bac120	d__Bacteria;p__Actinomycetota;c__Coriobacteriia;o__Coriobacteriales;f__Eggerthellaceae;g__Adlercreutzia;s__Adlercreutzia rubneri	Bacteria	Actinomycetota	Coriobacteriia	Coriobacteriales	Eggerthellaceae	Adlercreutzia	Adlercreutzia rubneri	ani_screen		classification based on ANI only
D07_bin.37	bac120	d__Bacteria;p__Bacillota;c__Clostridia;o__Lachnospirales;f__Lachnospiraceae;g__Mediterraneibacter;s__Mediterraneibacter faecigallinarum	Bacteria	Bacillota	Clostridia	Lachnospirales	Lachnospiraceae	Mediterraneibacter	Mediterraneibacter faecigallinarum	ani_screen		classification based on ANI only
D07_bin.58	bac120	d__Bacteria;p__Bacillota;c__Clostridia;o__Oscillospirales;f__Ruminococcaceae;g__Negativibacillus;s__Negativibacillus faecipullorum	Bacteria	Bacillota	Clostridia	Oscillospirales	Ruminococcaceae	Negativibacillus	Negativibacillus faecipullorum	ani_screen		classification based on ANI only
D07_bin.75	bac120	d__Bacteria;p__Bacillota;c__Clostridia;o__Lachnospirales;f__Lachnospiraceae;g__Blautia_A;s__Blautia_A fusiformis	Bacteria	Bacillota	Clostridia	Lachnospirales	Lachnospiraceae	Blautia_A	Blautia_A fusiformis	ani_screen		classification based on ANI only
D08_bin.102	bac120	d__Bacteria;p__Pseudomonadota;c__Gammaproteobacteria;o__Burkholderiales;f__Burkholderiaceae_F;g__Sutterella;s__Sutterella wadsworthensis_A	Bacteria	Pseudomonadota	Gammaproteobacteria	Burkholderiales	Burkholderiaceae_F	Sutterella	Sutterella wadsworthensis_A	ani_screen		classification based on ANI only
D08_bin.21	bac120	d__Bacteria;p__Bacteroidota;c__Bacteroidia;o__Bacteroidales;f__Rikenellaceae;g__Alistipes;s__Alistipes putredinis	Bacteria	Bacteroidota	Bacteroidia	Bacteroidales	Rikenellaceae	Alistipes	Alistipes putredinis	ani_screen		classification based on ANI only
D08_bin.26	bac120	d__Bacteria;p__Bacillota_I;c__Bacilli_A;o__Acholeplasmatales;f__Anaeroplasmataceae;g__CAG-307;s__CAG-307 sp001916215	Bacteria	Bacillota_I	Bacilli_A	Acholeplasmatales	Anaeroplasmataceae	CAG-307	CAG-307 sp001916215	ani_screen		classification based on ANI only
D08_bin.42	bac120	d__Bacteria;p__Bacillota;c__Clostridia;o__HGM11327;f__HGM11327;g__SIG351;s__SIG351 sp905210525	Bacteria	Bacillota	Clostridia	HGM11327	HGM11327	SIG351	SIG351 sp905210525	ani_screen		classification based on ANI only
D08_bin.43	bac120	d__Bacteria;p__Bacillota;c__Clostridia;o__Oscillospirales;f__CAG-272;g__UMGS1696;s__UMGS1696 sp900753285	Bacteria	Bacillota	Clostridia	Oscillospirales	CAG-272	UMGS1696	UMGS1696 sp900753285	ani_screen		classification based on ANI only
D08_bin.45	bac120	d__Bacteria;p__Bacillota;c__Clostridia;o__Oscillospirales;f__Ruminococcaceae;g__Ruminococcus_C;s__Ruminococcus_C sp000980705	Bacteria	Bacillota	Clostridia	Oscillospirales	Ruminococcaceae	Ruminococcus_C	Ruminococcus_C sp000980705	ani_screen		classification based on ANI only
D08_bin.46	bac120	d__Bacteria;p__Bacillota;c__Clostridia;o__Lachnospirales;f__Lachnospiraceae;g__Eshraghiella;s__Eshraghiella crossota	Bacteria	Bacillota	Clostridia	Lachnospirales	Lachnospiraceae	Eshraghiella	Eshraghiella crossota	ani_screen		classification based on ANI only
D08_bin.51	bac120	d__Bacteria;p__Pseudomonadota;c__Alphaproteobacteria;o__RF32;f__CAG-239;g__JAFUYI01;s__JAFUYI01 sp001917175	Bacteria	Pseudomonadota	Alphaproteobacteria	RF32	CAG-239	JAFUYI01	JAFUYI01 sp001917175	ani_screen		classification based on ANI only
D08_bin.61	bac120	d__Bacteria;p__Bacillota;c__Clostridia;o__Christensenellales;f__Borkfalkiaceae;g__Scatosoma;s__Scatosoma sp900542935	Bacteria	Bacillota	Clostridia	Christensenellales	Borkfalkiaceae	Scatosoma	Scatosoma sp900542935	ani_screen		classification based on ANI only
D08_bin.68	bac120	d__Bacteria;p__Bacillota_I;c__Bacilli_A;o__RF39;f__UBA660;g__CAG-1000;s__CAG-1000 sp000434555	Bacteria	Bacillota_I	Bacilli_A	RF39	UBA660	CAG-1000	CAG-1000 sp000434555	ani_screen		classification based on ANI only
D08_bin.97	bac120	d__Bacteria;p__Bacteroidota;c__Bacteroidia;o__Bacteroidales;f__Tannerellaceae;g__Parabacteroides;s__Parabacteroides merdae	Bacteria	Bacteroidota	Bacteroidia	Bacteroidales	Tannerellaceae	Parabacteroides	Parabacteroides merdae	ani_screen		classification based on ANI only
E01_bin.104	bac120	d__Bacteria;p__Bacteroidota;c__Bacteroidia;o__Bacteroidales;f__Porphyromonadaceae;g__Porphyromonas;s__Porphyromonas sp900539765	Bacteria	Bacteroidota	Bacteroidia	Bacteroidales	Porphyromonadaceae	Porphyromonas	Porphyromonas sp900539765	ani_screen		classification based on ANI only
E01_bin.21	bac120	d__Bacteria;p__Bacillota;c__Clostridia;o__Oscillospirales;f__Ruminococcaceae;g__Ruminococcus_C;s__Ruminococcus_C sp000437175	Bacteria	Bacillota	Clostridia	Oscillospirales	Ruminococcaceae	Ruminococcus_C	Ruminococcus_C sp000437175	ani_screen		classification based on ANI only
E01_bin.24	bac120	d__Bacteria;p__Bacillota;c__Clostridia;o__RUG12999;f__RUG12999;g__JAZNOL01;s__	Bacteria	Bacillota	Clostridia	RUG12999	RUG12999	JAZNOL01		taxonomic novelty determined using RED	92.75	classification based on placement in class-level tree
E01_bin.44	bac120	d__Bacteria;p__Bacillota;c__Clostridia;o__Lachnospirales;f__Lachnospiraceae;g__Roseburia_C;s__Roseburia_C amylophila	Bacteria	Bacillota	Clostridia	Lachnospirales	Lachnospiraceae	Roseburia_C	Roseburia_C amylophila	ani_screen		classification based on ANI only
E01_bin.48	bac120	d__Bacteria;p__Bacillota;c__Clostridia;o__Monoglobales;f__Monoglobaceae;g__Ructibacterium;s__Ructibacterium sp900550775	Bacteria	Bacillota	Clostridia	Monoglobales	Monoglobaceae	Ructibacterium	Ructibacterium sp900550775	ani_screen		classification based on ANI only
E01_bin.5	bac120	d__Bacteria;p__Bacillota;c__Clostridia;o__Oscillospirales;f__Ruminococcaceae;g__Faecalibacterium;s__Faecalibacterium prausnitzii_E	Bacteria	Bacillota	Clostridia	Oscillospirales	Ruminococcaceae	Faecalibacterium	Faecalibacterium prausnitzii_E	ani_screen		classification based on ANI only
E01_bin.52	bac120	d__Bacteria;p__Bacteroidota;c__Bacteroidia;o__Bacteroidales;f__Muribaculaceae;g__Lepagella;s__Lepagella muris_A	Bacteria	Bacteroidota	Bacteroidia	Bacteroidales	Muribaculaceae	Lepagella	Lepagella muris_A	ani_screen		classification based on ANI only
E01_bin.74	bac120	d__Bacteria;p__Bacillota;c__Clostridia;o__Lachnospirales;f__Lachnospiraceae;g__Eubacterium_F;s__Eubacterium_F sp934316845	Bacteria	Bacillota	Clostridia	Lachnospirales	Lachnospiraceae	Eubacterium_F	Eubacterium_F sp934316845	ani_screen		classification based on ANI only
E01_bin.79	bac120	d__Bacteria;p__Bacillota;c__Clostridia;o__Oscillospirales;f__Oscillospiraceae;g__Limivicinus;s__Limivicinus sp900547315	Bacteria	Bacillota	Clostridia	Oscillospirales	Oscillospiraceae	Limivicinus	Limivicinus sp900547315	ani_screen		classification based on ANI only
E01_bin.90	bac120	d__Bacteria;p__Bacteroidota;c__Bacteroidia;o__Bacteroidales;f__Muribaculaceae;g__UBA7173;s__	Bacteria	Bacteroidota	Bacteroidia	Bacteroidales	Muribaculaceae	UBA7173		taxonomic classification fully defined by topology	98.16	classification based on placement in class-level tree
E02_bin.20	bac120	d__Bacteria;p__Bacillota;c__Clostridia;o__Oscillospirales;f__Acutalibacteraceae;g__Ruminococcoides;s__Ruminococcoides intestinale_A	Bacteria	Bacillota	Clostridia	Oscillospirales	Acutalibacteraceae	Ruminococcoides	Ruminococcoides intestinale_A	ani_screen		classification based on ANI only
E02_bin.46	bac120	d__Bacteria;p__Bacillota;c__Clostridia;o__Oscillospirales;f__Ruminococcaceae;g__Faecalibacterium;s__Faecalibacterium langellae	Bacteria	Bacillota	Clostridia	Oscillospirales	Ruminococcaceae	Faecalibacterium	Faecalibacterium langellae	ani_screen		classification based on ANI only
E02_bin.56	bac120	d__Bacteria;p__Pseudomonadota;c__Gammaproteobacteria;o__Enterobacterales;f__Pasteurellaceae;g__Haemophilus_D;s__Haemophilus_D sp001811025	Bacteria	Pseudomonadota	Gammaproteobacteria	Enterobacterales	Pasteurellaceae	Haemophilus_D	Haemophilus_D sp001811025	ani_screen		classification based on ANI only
E03_bin.16	bac120	d__Bacteria;p__Pseudomonadota;c__Alphaproteobacteria;o__RF32;f__CAG-239;g__Scatocola;s__Scatocola faecipullorum	Bacteria	Pseudomonadota	Alphaproteobacteria	RF32	CAG-239	Scatocola	Scatocola faecipullorum	ani_screen		classification based on ANI only
E03_bin.25	bac120	d__Bacteria;p__Bacillota;c__Clostridia;o__TANB77;f__CAG-508;g__Merdicola;s__Merdicola sp900552655	Bacteria	Bacillota	Clostridia	TANB77	CAG-508	Merdicola	Merdicola sp900552655	ani_screen		classification based on ANI only
E03_bin.28	bac120	d__Bacteria;p__Bacteroidota;c__Bacteroidia;o__Bacteroidales;f__Bacteroidaceae;g__Bacteroides;s__Bacteroides intestinalis	Bacteria	Bacteroidota	Bacteroidia	Bacteroidales	Bacteroidaceae	Bacteroides	Bacteroides intestinalis	ani_screen		classification based on ANI only
E03_bin.35	bac120	d__Bacteria;p__Bacillota;c__Clostridia;o__Lachnospirales;f__Lachnospiraceae;g__Pilosibacter;s__Pilosibacter fragilis	Bacteria	Bacillota	Clostridia	Lachnospirales	Lachnospiraceae	Pilosibacter	Pilosibacter fragilis	ani_screen		classification based on ANI only
E03_bin.39	bac120	d__Bacteria;p__Bacillota;c__Clostridia;o__Oscillospirales;f__Oscillospiraceae;g__CAG-170;s__CAG-170 sp900549635	Bacteria	Bacillota	Clostridia	Oscillospirales	Oscillospiraceae	CAG-170	CAG-170 sp900549635	ani_screen		classification based on ANI only
E04_bin.14	bac120	d__Bacteria;p__Bacillota;c__Clostridia;o__Oscillospirales;f__Acutalibacteraceae;g__CAG-177;s__CAG-177 sp003538135	Bacteria	Bacillota	Clostridia	Oscillospirales	Acutalibacteraceae	CAG-177	CAG-177 sp003538135	ani_screen		classification based on ANI only
E04_bin.21	bac120	d__Bacteria;p__Bacillota;c__Negativicutes;o__Veillonellales;f__Dialisteraceae;g__Dialister;s__Dialister sp000434475	Bacteria	Bacillota	Negativicutes	Veillonellales	Dialisteraceae	Dialister	Dialister sp000434475	ani_screen		classification based on ANI only
E04_bin.35	bac120	d__Bacteria;p__Bacteroidota;c__Bacteroidia;o__Bacteroidales;f__UBA932;g__Cryptobacteroides;s__Cryptobacteroides sp000432515	Bacteria	Bacteroidota	Bacteroidia	Bacteroidales	UBA932	Cryptobacteroides	Cryptobacteroides sp000432515	ani_screen		classification based on ANI only
E04_bin.38	bac120	d__Bacteria;p__Bacillota;c__Clostridia;o__Lachnospirales;f__Lachnospiraceae;g__Blautia_A;s__Blautia_A faecis	Bacteria	Bacillota	Clostridia	Lachnospirales	Lachnospiraceae	Blautia_A	Blautia_A faecis	ani_screen		classification based on ANI only
E04_bin.61	bac120	d__Bacteria;p__Bacillota;c__Clostridia;o__Oscillospirales;f__Oscillospiraceae;g__Hominicoprocola;s__Hominicoprocola sp003522105	Bacteria	Bacillota	Clostridia	Oscillospirales	Oscillospiraceae	Hominicoprocola	Hominicoprocola sp003522105	ani_screen		classification based on ANI only
E06_bin.36	bac120	d__Bacteria;p__Bacillota;c__Clostridia;o__Christensenellales;f__Borkfalkiaceae;g__Scatosoma;s__Scatosoma sp003448195	Bacteria	Bacillota	Clostridia	Christensenellales	Borkfalkiaceae	Scatosoma	Scatosoma sp003448195	ani_screen		classification based on ANI only
E06_bin.44	bac120	d__Bacteria;p__Bacillota;c__Clostridia;o__Oscillospirales;f__Acutalibacteraceae;g__UMGS172;s__UMGS172 sp900539855	Bacteria	Bacillota	Clostridia	Oscillospirales	Acutalibacteraceae	UMGS172	UMGS172 sp900539855	ani_screen		classification based on ANI only
E06_bin.46	bac120	d__Bacteria;p__Bacillota;c__Clostridia;o__Christensenellales;f__Borkfalkiaceae;g__Borkfalkia;s__Borkfalkia ceftriaxoniphila	Bacteria	Bacillota	Clostridia	Christensenellales	Borkfalkiaceae	Borkfalkia	Borkfalkia ceftriaxoniphila	ani_screen		classification based on ANI only
E06_bin.5	bac120	d__Bacteria;p__Actinomycetota;c__Coriobacteriia;o__Coriobacteriales;f__Coriobacteriaceae;g__Enorma;s__Enorma massiliensis	Bacteria	Actinomycetota	Coriobacteriia	Coriobacteriales	Coriobacteriaceae	Enorma	Enorma massiliensis	ani_screen		classification based on ANI only
E06_bin.50	bac120	d__Bacteria;p__Bacteroidota;c__Bacteroidia;o__Bacteroidales;f__Muribaculaceae;g__UBA7173;s__UBA7173 sp900545955	Bacteria	Bacteroidota	Bacteroidia	Bacteroidales	Muribaculaceae	UBA7173	UBA7173 sp900545955	ani_screen		classification based on ANI only
E06_bin.51	bac120	d__Bacteria;p__Actinomycetota;c__Actinomycetes;o__Actinomycetales;f__Bifidobacteriaceae;g__Bifidobacterium;s__Bifidobacterium dentium	Bacteria	Actinomycetota	Actinomycetes	Actinomycetales	Bifidobacteriaceae	Bifidobacterium	Bifidobacterium dentium	ani_screen		classification based on ANI only
E06_bin.55	bac120	d__Bacteria;p__Bacillota;c__Clostridia;o__Lachnospirales;f__Lachnospiraceae;g__Mediterraneibacter;s__Mediterraneibacter gnavus	Bacteria	Bacillota	Clostridia	Lachnospirales	Lachnospiraceae	Mediterraneibacter	Mediterraneibacter gnavus	ani_screen		classification based on ANI only
E06_bin.6	bac120	d__Bacteria;p__Pseudomonadota;c__Gammaproteobacteria;o__Burkholderiales;f__Burkholderiaceae_F;g__Duodenibacillus;s__Duodenibacillus sp900552545	Bacteria	Pseudomonadota	Gammaproteobacteria	Burkholderiales	Burkholderiaceae_F	Duodenibacillus	Duodenibacillus sp900552545	ani_screen		classification based on ANI only
E06_bin.63	bac120	d__Bacteria;p__Bacillota;c__Clostridia;o__Lachnospirales;f__Lachnospiraceae;g__Eubacterium_F;s__Eubacterium_F sp003491505	Bacteria	Bacillota	Clostridia	Lachnospirales	Lachnospiraceae	Eubacterium_F	Eubacterium_F sp003491505	ani_screen		classification based on ANI only
E06_bin.70	bac120	d__Bacteria;p__Bacillota;c__Bacilli;o__Lactobacillales;f__Lactobacillaceae;g__Lactiplantibacillus;s__Lactiplantibacillus plantarum	Bacteria	Bacillota	Bacilli	Lactobacillales	Lactobacillaceae	Lactiplantibacillus	Lactiplantibacillus plantarum	ani_screen		classification based on ANI only
E06_bin.72	bac120	d__Bacteria;p__Bacillota_I;c__Bacilli_A;o__RFN20;f__CAG-826;g__Onthovivens;s__	Bacteria	Bacillota_I	Bacilli_A	RFN20	CAG-826	Onthovivens		taxonomic classification fully defined by topology	69.2	classification based on placement in class-level tree
E06_bin.83	bac120	d__Bacteria;p__Bacteroidota;c__Bacteroidia;o__Bacteroidales;f__Tannerellaceae;g__Parabacteroides;s__Parabacteroides faecalis	Bacteria	Bacteroidota	Bacteroidia	Bacteroidales	Tannerellaceae	Parabacteroides	Parabacteroides faecalis	ani_screen		classification based on ANI only
E06_bin.85	bac120	d__Bacteria;p__Bacteroidota;c__Bacteroidia;o__Bacteroidales;f__Rikenellaceae;g__Alistipes;s__Alistipes shahii	Bacteria	Bacteroidota	Bacteroidia	Bacteroidales	Rikenellaceae	Alistipes	Alistipes shahii	ani_screen		classification based on ANI only
E07_bin.31	bac120	d__Bacteria;p__Bacillota;c__Clostridia;o__TANB77;f__CAG-508;g__Merdicola;s__Merdicola sp018371855	Bacteria	Bacillota	Clostridia	TANB77	CAG-508	Merdicola	Merdicola sp018371855	ani_screen		classification based on ANI only
E07_bin.34	bac120	d__Bacteria;p__Bacillota;c__Bacilli;o__Lactobacillales;f__Enterococcaceae;g__Enterococcus;s__Enterococcus faecalis	Bacteria	Bacillota	Bacilli	Lactobacillales	Enterococcaceae	Enterococcus	Enterococcus faecalis	ani_screen		classification based on ANI only
E07_bin.58	bac120	d__Bacteria;p__Bacteroidota;c__Bacteroidia;o__Bacteroidales;f__Tannerellaceae;g__Parabacteroides;s__Parabacteroides goldsteinii	Bacteria	Bacteroidota	Bacteroidia	Bacteroidales	Tannerellaceae	Parabacteroides	Parabacteroides goldsteinii	ani_screen		classification based on ANI only
E07_bin.61	bac120	d__Bacteria;p__Bacillota_I;c__Bacilli_A;o__Erysipelotrichales;f__Erysipelotrichaceae;g__Holdemanella;s__Holdemanella biformis	Bacteria	Bacillota_I	Bacilli_A	Erysipelotrichales	Erysipelotrichaceae	Holdemanella	Holdemanella biformis	ani_screen		classification based on ANI only
E07_bin.69	bac120	d__Bacteria;p__Bacillota;c__Clostridia;o__Oscillospirales;f__Oscillospiraceae;g__Oscillibacter;s__Oscillibacter welbionis	Bacteria	Bacillota	Clostridia	Oscillospirales	Oscillospiraceae	Oscillibacter	Oscillibacter welbionis	ani_screen		classification based on ANI only
E07_bin.8	bac120	d__Bacteria;p__Bacteroidota;c__Bacteroidia;o__Bacteroidales;f__Bacteroidaceae;g__Bacteroides;s__Bacteroides fragilis	Bacteria	Bacteroidota	Bacteroidia	Bacteroidales	Bacteroidaceae	Bacteroides	Bacteroides fragilis	ani_screen		classification based on ANI only
E07_bin.94	bac120	d__Bacteria;p__Bacillota;c__Clostridia;o__Lachnospirales;f__Anaerotignaceae;g__Anaerotignum_A;s__Anaerotignum_A faecicola	Bacteria	Bacillota	Clostridia	Lachnospirales	Anaerotignaceae	Anaerotignum_A	Anaerotignum_A faecicola	ani_screen		classification based on ANI only
E08_bin.65	bac120	d__Bacteria;p__Bacillota_I;c__Bacilli_A;o__RFN20;f__CAG-288;g__CAG-345;s__CAG-345 sp000433315	Bacteria	Bacillota_I	Bacilli_A	RFN20	CAG-288	CAG-345	CAG-345 sp000433315	ani_screen		classification based on ANI only
F01_bin.18	bac120	d__Bacteria;p__Bacteroidota;c__Bacteroidia;o__Bacteroidales;f__Bacteroidaceae;g__Bacteroides;s__Bacteroides caccae	Bacteria	Bacteroidota	Bacteroidia	Bacteroidales	Bacteroidaceae	Bacteroides	Bacteroides caccae	ani_screen		classification based on ANI only
F01_bin.44	bac120	d__Bacteria;p__Bacillota;c__Clostridia;o__Lachnospirales;f__Lachnospiraceae;g__Roseburia;s__Roseburia intestinalis	Bacteria	Bacillota	Clostridia	Lachnospirales	Lachnospiraceae	Roseburia	Roseburia intestinalis	ani_screen		classification based on ANI only
F01_bin.45	bac120	d__Bacteria;p__Bacillota;c__Clostridia;o__Monoglobales;f__Monoglobaceae;g__UMGS1820;s__UMGS1820 sp900545865	Bacteria	Bacillota	Clostridia	Monoglobales	Monoglobaceae	UMGS1820	UMGS1820 sp900545865	ani_screen		classification based on ANI only
F02_bin.29	bac120	d__Bacteria;p__Bacillota;c__Clostridia;o__Oscillospirales;f__Oscillospiraceae;g__Vescimonas;s__Vescimonas cirricatena	Bacteria	Bacillota	Clostridia	Oscillospirales	Oscillospiraceae	Vescimonas	Vescimonas cirricatena	ani_screen		classification based on ANI only
F02_bin.31	bac120	d__Bacteria;p__Verrucomicrobiota;c__Verrucomicrobiia;o__Verrucomicrobiales;f__Akkermansiaceae;g__Akkermansia;s__Akkermansia massiliensis	Bacteria	Verrucomicrobiota	Verrucomicrobiia	Verrucomicrobiales	Akkermansiaceae	Akkermansia	Akkermansia massiliensis	ani_screen		classification based on ANI only
F02_bin.63	bac120	d__Bacteria;p__Actinomycetota;c__Actinomycetes;o__Actinomycetales;f__Bifidobacteriaceae;g__Bifidobacterium;s__Bifidobacterium bifidum	Bacteria	Actinomycetota	Actinomycetes	Actinomycetales	Bifidobacteriaceae	Bifidobacterium	Bifidobacterium bifidum	ani_screen		classification based on ANI only
F02_bin.65	bac120	d__Bacteria;p__Bacillota;c__Clostridia;o__Lachnospirales;f__Lachnospiraceae;g__Blautia_A;s__Blautia_A sp900066335	Bacteria	Bacillota	Clostridia	Lachnospirales	Lachnospiraceae	Blautia_A	Blautia_A sp900066335	ani_screen		classification based on ANI only
F02_bin.66	bac120	d__Bacteria;p__Bacteroidota;c__Bacteroidia;o__Bacteroidales;f__Rikenellaceae;g__Tidjanibacter;s__Tidjanibacter inops	Bacteria	Bacteroidota	Bacteroidia	Bacteroidales	Rikenellaceae	Tidjanibacter	Tidjanibacter inops	ani_screen		classification based on ANI only
F02_bin.87	bac120	d__Bacteria;p__Cyanobacteriota;c__Vampirovibrionia;o__Gastranaerophilales;f__Gastranaerophilaceae;g__Stercorousia;s__Stercorousia faecigallinarum	Bacteria	Cyanobacteriota	Vampirovibrionia	Gastranaerophilales	Gastranaerophilaceae	Stercorousia	Stercorousia faecigallinarum	ani_screen		classification based on ANI only
F03_bin.1	bac120	d__Bacteria;p__Bacillota;c__Clostridia;o__Lachnospirales;f__Lachnospiraceae;g__Acetatifactor;s__Acetatifactor acetigignens	Bacteria	Bacillota	Clostridia	Lachnospirales	Lachnospiraceae	Acetatifactor	Acetatifactor acetigignens	ani_screen		classification based on ANI only
F03_bin.13	bac120	d__Bacteria;p__Bacteroidota;c__Bacteroidia;o__Bacteroidales;f__Rikenellaceae;g__Alistipes;s__Alistipes finegoldii	Bacteria	Bacteroidota	Bacteroidia	Bacteroidales	Rikenellaceae	Alistipes	Alistipes finegoldii	ani_screen		classification based on ANI only
F03_bin.22	bac120	d__Bacteria;p__Bacillota;c__Clostridia;o__Oscillospirales;f__Ruminococcaceae;g__Faecalibacterium;s__Faecalibacterium prausnitzii_I	Bacteria	Bacillota	Clostridia	Oscillospirales	Ruminococcaceae	Faecalibacterium	Faecalibacterium prausnitzii_I	ani_screen		classification based on ANI only
F03_bin.29	bac120	d__Bacteria;p__Bacteroidota;c__Bacteroidia;o__Bacteroidales;f__Bacteroidaceae;g__Bacteroides;s__Bacteroides cellulosilyticus	Bacteria	Bacteroidota	Bacteroidia	Bacteroidales	Bacteroidaceae	Bacteroides	Bacteroides cellulosilyticus	ani_screen		classification based on ANI only
F03_bin.35	bac120	d__Bacteria;p__Actinomycetota;c__Coriobacteriia;o__Coriobacteriales;f__Coriobacteriaceae;g__Collinsella;s__	Bacteria	Actinomycetota	Coriobacteriia	Coriobacteriales	Coriobacteriaceae	Collinsella		taxonomic classification fully defined by topology	92.4	classification based on placement in class-level tree
F03_bin.40	bac120	d__Bacteria;p__Bacillota;c__Clostridia;o__Lachnospirales;f__Lachnospiraceae;g__Blautia_A;s__Blautia_A wexlerae	Bacteria	Bacillota	Clostridia	Lachnospirales	Lachnospiraceae	Blautia_A	Blautia_A wexlerae	ani_screen		classification based on ANI only
F03_bin.53	bac120	d__Bacteria;p__Bacillota;c__Bacilli;o__Lactobacillales;f__Enterococcaceae;g__Enterococcus_B;s__Enterococcus_B hirae	Bacteria	Bacillota	Bacilli	Lactobacillales	Enterococcaceae	Enterococcus_B	Enterococcus_B hirae	ani_screen		classification based on ANI only
F04_bin.40	bac120	d__Bacteria;p__Bacillota;c__Clostridia;o__Lachnospirales;f__Lachnospiraceae;g__Blautia_A;s__Blautia_A obeum	Bacteria	Bacillota	Clostridia	Lachnospirales	Lachnospiraceae	Blautia_A	Blautia_A obeum	ani_screen		classification based on ANI only
F04_bin.52	bac120	d__Bacteria;p__Bacillota;c__Clostridia;o__Lachnospirales;f__Lachnospiraceae;g__Eisenbergiella;s__Eisenbergiella sp900555195	Bacteria	Bacillota	Clostridia	Lachnospirales	Lachnospiraceae	Eisenbergiella	Eisenbergiella sp900555195	ani_screen		classification based on ANI only
F05_bin.14	bac120	d__Bacteria;p__Bacillota;c__Clostridia;o__Lachnospirales;f__Lachnospiraceae;g__Mediterraneibacter;s__Mediterraneibacter lactaris	Bacteria	Bacillota	Clostridia	Lachnospirales	Lachnospiraceae	Mediterraneibacter	Mediterraneibacter lactaris	ani_screen		classification based on ANI only
F05_bin.45	bac120	d__Bacteria;p__Pseudomonadota;c__Gammaproteobacteria;o__Burkholderiales;f__Burkholderiaceae_F;g__Duodenibacillus;s__Duodenibacillus intestinavium	Bacteria	Pseudomonadota	Gammaproteobacteria	Burkholderiales	Burkholderiaceae_F	Duodenibacillus	Duodenibacillus intestinavium	ani_screen		classification based on ANI only
F05_bin.48	bac120	d__Bacteria;p__Pseudomonadota;c__Gammaproteobacteria;o__Burkholderiales;f__Burkholderiaceae_F;g__Sutterella;s__Sutterella wadsworthensis	Bacteria	Pseudomonadota	Gammaproteobacteria	Burkholderiales	Burkholderiaceae_F	Sutterella	Sutterella wadsworthensis	ani_screen		classification based on ANI only
F05_bin.9	bac120	d__Bacteria;p__Bacteroidota;c__Bacteroidia;o__Bacteroidales;f__Rikenellaceae;g__Alistipes;s__Alistipes avistercoris	Bacteria	Bacteroidota	Bacteroidia	Bacteroidales	Rikenellaceae	Alistipes	Alistipes avistercoris	ani_screen		classification based on ANI only
F06_bin.46	bac120	d__Bacteria;p__Bacillota;c__Bacilli;o__Lactobacillales;f__Streptococcaceae;g__Streptococcus;s__Streptococcus thermophilus	Bacteria	Bacillota	Bacilli	Lactobacillales	Streptococcaceae	Streptococcus	Streptococcus thermophilus	ani_screen		classification based on ANI only
F06_bin.47	bac120	d__Bacteria;p__Verrucomicrobiota;c__Lentisphaeria;o__Victivallales;f__Victivallaceae;g__Victivallis;s__Victivallis lenta	Bacteria	Verrucomicrobiota	Lentisphaeria	Victivallales	Victivallaceae	Victivallis	Victivallis lenta	ani_screen		classification based on ANI only
F06_bin.53	bac120	d__Bacteria;p__Bacillota;c__Clostridia;o__Oscillospirales;f__Ruminococcaceae;g__Faecalibacterium;s__Faecalibacterium tardum	Bacteria	Bacillota	Clostridia	Oscillospirales	Ruminococcaceae	Faecalibacterium	Faecalibacterium tardum	ani_screen		classification based on ANI only
F06_bin.68	bac120	d__Bacteria;p__Bacteroidota;c__Bacteroidia;o__Bacteroidales;f__Bacteroidaceae;g__Prevotella;s__Prevotella sp003447235	Bacteria	Bacteroidota	Bacteroidia	Bacteroidales	Bacteroidaceae	Prevotella	Prevotella sp003447235	ani_screen		classification based on ANI only
F06_bin.75	bac120	d__Bacteria;p__Bacillota;c__Clostridia;o__Oscillospirales;f__Oscillospiraceae;g__Hominicoprocola;s__Hominicoprocola fusiformis	Bacteria	Bacillota	Clostridia	Oscillospirales	Oscillospiraceae	Hominicoprocola	Hominicoprocola fusiformis	ani_screen		classification based on ANI only
F07_bin.100	bac120	d__Bacteria;p__Cyanobacteriota;c__Vampirovibrionia;o__Gastranaerophilales;f__Gastranaerophilaceae;g__Scatenecus;s__Scatenecus faecavium	Bacteria	Cyanobacteriota	Vampirovibrionia	Gastranaerophilales	Gastranaerophilaceae	Scatenecus	Scatenecus faecavium	ani_screen		classification based on ANI only
F07_bin.105	bac120	d__Bacteria;p__Bacillota;c__Clostridia;o__Oscillospirales;f__Oscillospiraceae;g__F23-B02;s__F23-B02 sp001916715	Bacteria	Bacillota	Clostridia	Oscillospirales	Oscillospiraceae	F23-B02	F23-B02 sp001916715	ani_screen		classification based on ANI only
F07_bin.109	bac120	d__Bacteria;p__Bacteroidota;c__Bacteroidia;o__Bacteroidales;f__Muribaculaceae;g__CAG-1031;s__CAG-1031 sp900752535	Bacteria	Bacteroidota	Bacteroidia	Bacteroidales	Muribaculaceae	CAG-1031	CAG-1031 sp900752535	ani_screen		classification based on ANI only
F07_bin.117	bac120	d__Bacteria;p__Bacillota;c__Clostridia;o__Christensenellales;f__CAG-138;g__Pelethousia;s__Pelethousia gallinarum	Bacteria	Bacillota	Clostridia	Christensenellales	CAG-138	Pelethousia	Pelethousia gallinarum	ani_screen		classification based on ANI only
F07_bin.118	bac120	d__Bacteria;p__Verrucomicrobiota;c__Lentisphaeria;o__Victivallales;f__UBA1829;g__UBA11452;s__UBA11452 sp003526375	Bacteria	Verrucomicrobiota	Lentisphaeria	Victivallales	UBA1829	UBA11452	UBA11452 sp003526375	ani_screen		classification based on ANI only
F07_bin.23	bac120	d__Bacteria;p__Bacillota;c__Clostridia;o__Oscillospirales;f__CAG-272;g__QALR01;s__	Bacteria	Bacillota	Clostridia	Oscillospirales	CAG-272	QALR01		taxonomic classification fully defined by topology	96.85	classification based on placement in class-level tree
F07_bin.42	bac120	d__Bacteria;p__Bacillota;c__Clostridia;o__Lachnospirales;f__Lachnospiraceae;g__Lachnospira;s__Lachnospira eligens_A	Bacteria	Bacillota	Clostridia	Lachnospirales	Lachnospiraceae	Lachnospira	Lachnospira eligens_A	ani_screen		classification based on ANI only
F07_bin.6	bac120	d__Bacteria;p__Bacillota;c__Clostridia;o__Oscillospirales;f__Acutalibacteraceae;g__CAG-217;s__CAG-217 sp000436335	Bacteria	Bacillota	Clostridia	Oscillospirales	Acutalibacteraceae	CAG-217	CAG-217 sp000436335	ani_screen		classification based on ANI only
F07_bin.63	bac120	d__Bacteria;p__Verrucomicrobiota;c__Lentisphaeria;o__Victivallales;f__UBA1829;g__UBA1829;s__UBA1829 sp900760615	Bacteria	Verrucomicrobiota	Lentisphaeria	Victivallales	UBA1829	UBA1829	UBA1829 sp900760615	ani_screen		classification based on ANI only
F07_bin.74	bac120	d__Bacteria;p__Bacillota;c__Clostridia;o__Lachnospirales;f__Lachnospiraceae;g__Coprococcus;s__Coprococcus aceti	Bacteria	Bacillota	Clostridia	Lachnospirales	Lachnospiraceae	Coprococcus	Coprococcus aceti	ani_screen		classification based on ANI only
F07_bin.82	bac120	d__Bacteria;p__Desulfobacterota;c__Desulfovibrionia;o__Desulfovibrionales;f__Desulfovibrionaceae;g__Mailhella;s__Mailhella excrementigallinarum	Bacteria	Desulfobacterota	Desulfovibrionia	Desulfovibrionales	Desulfovibrionaceae	Mailhella	Mailhella excrementigallinarum	ani_screen		classification based on ANI only
F07_bin.93	bac120	d__Bacteria;p__Bacillota;c__Clostridia;o__Oscillospirales;f__Acutalibacteraceae;g__Pseudoruminococcus;s__Pseudoruminococcus massiliensis	Bacteria	Bacillota	Clostridia	Oscillospirales	Acutalibacteraceae	Pseudoruminococcus	Pseudoruminococcus massiliensis	ani_screen		classification based on ANI only
F08_bin.12	bac120	d__Bacteria;p__Bacteroidota;c__Bacteroidia;o__Bacteroidales;f__Rikenellaceae;g__Alistipes_A;s__Alistipes_A hominis	Bacteria	Bacteroidota	Bacteroidia	Bacteroidales	Rikenellaceae	Alistipes_A	Alistipes_A hominis	ani_screen		classification based on ANI only
F08_bin.17	bac120	d__Bacteria;p__Bacillota;c__Clostridia;o__TANB77;f__CAG-508;g__CAG-245;s__CAG-245 sp000434195	Bacteria	Bacillota	Clostridia	TANB77	CAG-508	CAG-245	CAG-245 sp000434195	ani_screen		classification based on ANI only
F08_bin.22	bac120	d__Bacteria;p__Pseudomonadota;c__Gammaproteobacteria;o__Burkholderiales;f__Burkholderiaceae_D;g__Oxalobacter;s__Oxalobacter formigenes	Bacteria	Pseudomonadota	Gammaproteobacteria	Burkholderiales	Burkholderiaceae_D	Oxalobacter	Oxalobacter formigenes	ani_screen		classification based on ANI only
F08_bin.54	bac120	d__Bacteria;p__Pseudomonadota;c__Gammaproteobacteria;o__Enterobacterales;f__Pasteurellaceae;g__Haemophilus_D;s__Haemophilus_D sp905371285	Bacteria	Pseudomonadota	Gammaproteobacteria	Enterobacterales	Pasteurellaceae	Haemophilus_D	Haemophilus_D sp905371285	ani_screen		classification based on ANI only
F08_bin.62	bac120	d__Bacteria;p__Bacillota;c__Clostridia;o__Oscillospirales;f__Oscillospiraceae;g__Limivicinus;s__Limivicinus sp003150355	Bacteria	Bacillota	Clostridia	Oscillospirales	Oscillospiraceae	Limivicinus	Limivicinus sp003150355	ani_screen		classification based on ANI only
F08_bin.63	bac120	d__Bacteria;p__Bacteroidota;c__Bacteroidia;o__Bacteroidales;f__Muribaculaceae;g__Muribaculum;s__Muribaculum sp001701195	Bacteria	Bacteroidota	Bacteroidia	Bacteroidales	Muribaculaceae	Muribaculum	Muribaculum sp001701195	ani_screen		classification based on ANI only
G01_bin.11	bac120	d__Bacteria;p__Bacillota;c__Clostridia;o__Oscillospirales;f__CAG-272;g__Colimorpha_A;s__Colimorpha_A sp000433515	Bacteria	Bacillota	Clostridia	Oscillospirales	CAG-272	Colimorpha_A	Colimorpha_A sp000433515	ani_screen		classification based on ANI only
G01_bin.26	bac120	d__Bacteria;p__Bacillota;c__Clostridia;o__Oscillospirales;f__Acutalibacteraceae;g__CAG-557;s__CAG-557 sp000435275	Bacteria	Bacillota	Clostridia	Oscillospirales	Acutalibacteraceae	CAG-557	CAG-557 sp000435275	ani_screen		classification based on ANI only
G01_bin.3	bac120	d__Bacteria;p__Bacteroidota;c__Bacteroidia;o__Bacteroidales;f__Muribaculaceae;g__Lepagella;s__Lepagella sp900321585	Bacteria	Bacteroidota	Bacteroidia	Bacteroidales	Muribaculaceae	Lepagella	Lepagella sp900321585	ani_screen		classification based on ANI only
G01_bin.30	bac120	d__Bacteria;p__Bacillota;c__Clostridia;o__Oscillospirales;f__Ruminococcaceae;g__Faecalibacterium;s__Faecalibacterium sp900539945	Bacteria	Bacillota	Clostridia	Oscillospirales	Ruminococcaceae	Faecalibacterium	Faecalibacterium sp900539945	ani_screen		classification based on ANI only
G01_bin.63	bac120	d__Bacteria;p__Bacillota;c__Clostridia;o__Oscillospirales;f__Oscillospiraceae;g__Apopatocola;s__Apopatocola sp003522945	Bacteria	Bacillota	Clostridia	Oscillospirales	Oscillospiraceae	Apopatocola	Apopatocola sp003522945	ani_screen		classification based on ANI only
G01_bin.65	bac120	d__Bacteria;p__Bacteroidota;c__Bacteroidia;o__Bacteroidales;f__Muribaculaceae;g__Lepagella;s__Lepagella sp002491165	Bacteria	Bacteroidota	Bacteroidia	Bacteroidales	Muribaculaceae	Lepagella	Lepagella sp002491165	ani_screen		classification based on ANI only
G01_bin.72	bac120	d__Bacteria;p__Bacillota_I;c__Bacilli_A;o__RF39;f__UBA660;g__CAG-302;s__CAG-302 sp000431795	Bacteria	Bacillota_I	Bacilli_A	RF39	UBA660	CAG-302	CAG-302 sp000431795	ani_screen		classification based on ANI only
G01_bin.76	bac120	d__Bacteria;p__Pseudomonadota;c__Alphaproteobacteria;o__RF32;f__CAG-239;g__Scatacola_A;s__Scatacola_A faecigallinarum	Bacteria	Pseudomonadota	Alphaproteobacteria	RF32	CAG-239	Scatacola_A	Scatacola_A faecigallinarum	ani_screen		classification based on ANI only
G01_bin.80	bac120	d__Bacteria;p__Bacillota;c__Clostridia;o__Lachnospirales;f__Lachnospiraceae;g__Suilimivivens;s__Suilimivivens sp000438155	Bacteria	Bacillota	Clostridia	Lachnospirales	Lachnospiraceae	Suilimivivens	Suilimivivens sp000438155	ani_screen		classification based on ANI only
G01_bin.81	bac120	d__Bacteria;p__Bacillota;c__Clostridia;o__Lachnospirales;f__Lachnospiraceae;g__Roseburia;s__Roseburia sp000434275	Bacteria	Bacillota	Clostridia	Lachnospirales	Lachnospiraceae	Roseburia	Roseburia sp000434275	ani_screen		classification based on ANI only
G01_bin.90	bac120	d__Bacteria;p__Pseudomonadota;c__Alphaproteobacteria;o__RF32;f__CAG-239;g__CAZU01;s__CAZU01 sp000432275	Bacteria	Pseudomonadota	Alphaproteobacteria	RF32	CAG-239	CAZU01	CAZU01 sp000432275	ani_screen		classification based on ANI only
G02_bin.41	bac120	d__Bacteria;p__Bacteroidota;c__Bacteroidia;o__Bacteroidales;f__Rikenellaceae;g__Alistipes_A;s__Alistipes_A indistinctus	Bacteria	Bacteroidota	Bacteroidia	Bacteroidales	Rikenellaceae	Alistipes_A	Alistipes_A indistinctus	ani_screen		classification based on ANI only
G02_bin.42	bac120	d__Bacteria;p__Bacillota;c__Clostridia;o__Oscillospirales;f__Oscillospiraceae;g__Scatomorpha;s__	Bacteria	Bacillota	Clostridia	Oscillospirales	Oscillospiraceae	Scatomorpha		taxonomic classification fully defined by topology	72.3	classification based on placement in class-level tree
G03_bin.106	bac120	d__Bacteria;p__Bacteroidota;c__Bacteroidia;o__Bacteroidales;f__Bacteroidaceae;g__Bacteroides;s__Bacteroides eggerthii	Bacteria	Bacteroidota	Bacteroidia	Bacteroidales	Bacteroidaceae	Bacteroides	Bacteroides eggerthii	ani_screen		classification based on ANI only
G03_bin.17	bac120	d__Bacteria;p__Bacillota;c__Clostridia;o__Oscillospirales;f__Oscillospiraceae;g__Vescimonas;s__Vescimonas sp900545585	Bacteria	Bacillota	Clostridia	Oscillospirales	Oscillospiraceae	Vescimonas	Vescimonas sp900545585	ani_screen		classification based on ANI only
G03_bin.32	bac120	d__Bacteria;p__Bacillota;c__Clostridia;o__Oscillospirales;f__Oscillospiraceae;g__Onthomonas;s__Onthomonas sp900545815	Bacteria	Bacillota	Clostridia	Oscillospirales	Oscillospiraceae	Onthomonas	Onthomonas sp900545815	ani_screen		classification based on ANI only
G03_bin.37	bac120	d__Bacteria;p__Desulfobacterota;c__Desulfovibrionia;o__Desulfovibrionales;f__Desulfovibrionaceae;g__Desulfovibrio;s__Desulfovibrio fairfieldensis	Bacteria	Desulfobacterota	Desulfovibrionia	Desulfovibrionales	Desulfovibrionaceae	Desulfovibrio	Desulfovibrio fairfieldensis	ani_screen		classification based on ANI only
G03_bin.62	bac120	d__Bacteria;p__Bacillota;c__Clostridia;o__Oscillospirales;f__Ruminococcaceae;g__Merdivicinus;s__Merdivicinus sp934539585	Bacteria	Bacillota	Clostridia	Oscillospirales	Ruminococcaceae	Merdivicinus	Merdivicinus sp934539585	ani_screen		classification based on ANI only
G03_bin.76	bac120	d__Bacteria;p__Bacillota;c__Clostridia;o__Oscillospirales;f__CAG-272;g__Flemingiibacterium;s__Flemingiibacterium sp900546315	Bacteria	Bacillota	Clostridia	Oscillospirales	CAG-272	Flemingiibacterium	Flemingiibacterium sp900546315	ani_screen		classification based on ANI only
G04_bin.23	bac120	d__Bacteria;p__Bacteroidota;c__Bacteroidia;o__Bacteroidales;f__Marinifilaceae;g__Butyricimonas;s__Butyricimonas faecalis	Bacteria	Bacteroidota	Bacteroidia	Bacteroidales	Marinifilaceae	Butyricimonas	Butyricimonas faecalis	ani_screen		classification based on ANI only
G04_bin.50	bac120	d__Bacteria;p__Bacillota;c__Clostridia;o__Lachnospirales;f__Lachnospiraceae;g__Butyribacter;s__Butyribacter sp003529475	Bacteria	Bacillota	Clostridia	Lachnospirales	Lachnospiraceae	Butyribacter	Butyribacter sp003529475	ani_screen		classification based on ANI only
G04_bin.79	bac120	d__Bacteria;p__Pseudomonadota;c__Gammaproteobacteria;o__Burkholderiales;f__Burkholderiaceae_F;g__Parasutterella;s__Parasutterella excrementihominis	Bacteria	Pseudomonadota	Gammaproteobacteria	Burkholderiales	Burkholderiaceae_F	Parasutterella	Parasutterella excrementihominis	ani_screen		classification based on ANI only
G04_bin.89	bac120	d__Bacteria;p__Bacillota_I;c__Bacilli_A;o__RF39;f__UBA660;g__CAG-302;s__CAG-302 sp934162325	Bacteria	Bacillota_I	Bacilli_A	RF39	UBA660	CAG-302	CAG-302 sp934162325	ani_screen		classification based on ANI only
G04_bin.90	bac120	d__Bacteria;p__Bacteroidota;c__Bacteroidia;o__Bacteroidales;f__Bacteroidaceae;g__Bacteroides;s__Bacteroides stercoris	Bacteria	Bacteroidota	Bacteroidia	Bacteroidales	Bacteroidaceae	Bacteroides	Bacteroides stercoris	ani_screen		classification based on ANI only
G05_bin.10	bac120	d__Bacteria;p__Bacillota;c__Clostridia;o__Christensenellales;f__CAG-138;g__Phil1;s__Phil1 sp001940855	Bacteria	Bacillota	Clostridia	Christensenellales	CAG-138	Phil1	Phil1 sp001940855	ani_screen		classification based on ANI only
G05_bin.13	bac120	d__Bacteria;p__Bacillota;c__Clostridia;o__Oscillospirales;f__Acutalibacteraceae;g__Ruminococcoides;s__Ruminococcoides intestinale	Bacteria	Bacillota	Clostridia	Oscillospirales	Acutalibacteraceae	Ruminococcoides	Ruminococcoides intestinale	ani_screen		classification based on ANI only
G05_bin.15	bac120	d__Bacteria;p__Bacillota;c__Clostridia;o__Lachnospirales;f__Lachnospiraceae;g__Maccoyibacter;s__Maccoyibacter intestinihominis	Bacteria	Bacillota	Clostridia	Lachnospirales	Lachnospiraceae	Maccoyibacter	Maccoyibacter intestinihominis	ani_screen		classification based on ANI only
G05_bin.22	bac120	d__Bacteria;p__Bacillota;c__Clostridia;o__Christensenellales;f__CAG-138;g__PeH17;s__PeH17 sp000435055	Bacteria	Bacillota	Clostridia	Christensenellales	CAG-138	PeH17	PeH17 sp000435055	ani_screen		classification based on ANI only
G05_bin.44	bac120	d__Bacteria;p__Bacteroidota;c__Bacteroidia;o__Bacteroidales;f__Bacteroidaceae;g__Bacteroides;s__Bacteroides hominis	Bacteria	Bacteroidota	Bacteroidia	Bacteroidales	Bacteroidaceae	Bacteroides	Bacteroides hominis	ani_screen		classification based on ANI only
G05_bin.67	bac120	d__Bacteria;p__Bacteroidota;c__Bacteroidia;o__Bacteroidales;f__Marinifilaceae;g__Butyricimonas;s__Butyricimonas paravirosa	Bacteria	Bacteroidota	Bacteroidia	Bacteroidales	Marinifilaceae	Butyricimonas	Butyricimonas paravirosa	ani_screen		classification based on ANI only
G05_bin.71	bac120	d__Bacteria;p__Bacillota;c__Clostridia;o__Oscillospirales;f__Oscillospiraceae;g__F23-B02;s__F23-B02 sp002472405	Bacteria	Bacillota	Clostridia	Oscillospirales	Oscillospiraceae	F23-B02	F23-B02 sp002472405	ani_screen		classification based on ANI only
G05_bin.76	bac120	d__Bacteria;p__Bacillota;c__Clostridia;o__Oscillospirales;f__CAG-382;g__Woodwardiibium;s__Woodwardiibium sp900760275	Bacteria	Bacillota	Clostridia	Oscillospirales	CAG-382	Woodwardiibium	Woodwardiibium sp900760275	ani_screen		classification based on ANI only
G05_bin.78	bac120	d__Bacteria;p__Bacillota_I;c__Bacilli_A;o__RFN20;f__CAG-288;g__CAG-568;s__CAG-568 sp000434395	Bacteria	Bacillota_I	Bacilli_A	RFN20	CAG-288	CAG-568	CAG-568 sp000434395	ani_screen		classification based on ANI only
G06_bin.14	bac120	d__Bacteria;p__Bacillota;c__Clostridia;o__Oscillospirales;f__Acutalibacteraceae;g__Eubacterium_R;s__Eubacterium_R sp000436835	Bacteria	Bacillota	Clostridia	Oscillospirales	Acutalibacteraceae	Eubacterium_R	Eubacterium_R sp000436835	ani_screen		classification based on ANI only
G06_bin.24	bac120	d__Bacteria;p__Bacillota;c__Clostridia;o__Oscillospirales;f__Oscillospiraceae;g__CAG-170;s__CAG-170 sp000432135	Bacteria	Bacillota	Clostridia	Oscillospirales	Oscillospiraceae	CAG-170	CAG-170 sp000432135	ani_screen		classification based on ANI only
G06_bin.77	bac120	d__Bacteria;p__Bacillota_I;c__Bacilli_A;o__RF39;f__UBA660;g__CAG-302;s__CAG-302 sp900543825	Bacteria	Bacillota_I	Bacilli_A	RF39	UBA660	CAG-302	CAG-302 sp900543825	ani_screen		classification based on ANI only
G06_bin.89	bac120	d__Bacteria;p__Bacteroidota;c__Bacteroidia;o__Bacteroidales;f__Rikenellaceae;g__Alistipes;s__Alistipes sp900541585	Bacteria	Bacteroidota	Bacteroidia	Bacteroidales	Rikenellaceae	Alistipes	Alistipes sp900541585	ani_screen		classification based on ANI only
G07_bin.107	bac120	d__Bacteria;p__Bacillota;c__Clostridia;o__Lachnospirales;f__Lachnospiraceae;g__Roseburia;s__Roseburia faecis	Bacteria	Bacillota	Clostridia	Lachnospirales	Lachnospiraceae	Roseburia	Roseburia faecis	ani_screen		classification based on ANI only
G07_bin.36	bac120	d__Bacteria;p__Cyanobacteriota;c__Vampirovibrionia;o__Gastranaerophilales;f__Gastranaerophilaceae;g__Zag111;s__Zag111 sp002102825	Bacteria	Cyanobacteriota	Vampirovibrionia	Gastranaerophilales	Gastranaerophilaceae	Zag111	Zag111 sp002102825	ani_screen		classification based on ANI only
G07_bin.76	bac120	d__Bacteria;p__Bacteroidota;c__Bacteroidia;o__Bacteroidales;f__Bacteroidaceae;g__Phocaeicola;s__Phocaeicola coprocola	Bacteria	Bacteroidota	Bacteroidia	Bacteroidales	Bacteroidaceae	Phocaeicola	Phocaeicola coprocola	ani_screen		classification based on ANI only
G07_bin.85	bac120	d__Bacteria;p__Bacillota;c__Clostridia;o__Christensenellales;f__Aristaeellaceae;g__UBA11524;s__UBA11524 sp000437595	Bacteria	Bacillota	Clostridia	Christensenellales	Aristaeellaceae	UBA11524	UBA11524 sp000437595	ani_screen		classification based on ANI only
G07_bin.87	bac120	d__Bacteria;p__Cyanobacteriota;c__Vampirovibrionia;o__Gastranaerophilales;f__Gastranaerophilaceae;g__Stercorousia;s__Stercorousia sp000433095	Bacteria	Cyanobacteriota	Vampirovibrionia	Gastranaerophilales	Gastranaerophilaceae	Stercorousia	Stercorousia sp000433095	ani_screen		classification based on ANI only
G08_bin.11	bac120	d__Bacteria;p__Bacillota;c__Clostridia;o__UBA1212;f__UBA1255;g__Egerieisoma;s__Egerieisoma faecipullorum	Bacteria	Bacillota	Clostridia	UBA1212	UBA1255	Egerieisoma	Egerieisoma faecipullorum	ani_screen		classification based on ANI only
G08_bin.17	bac120	d__Bacteria;p__Bacillota;c__Clostridia;o__Oscillospirales;f__Oscillospiraceae;g__Hominicoprocola;s__Hominicoprocola sp900317525	Bacteria	Bacillota	Clostridia	Oscillospirales	Oscillospiraceae	Hominicoprocola	Hominicoprocola sp900317525	ani_screen		classification based on ANI only
G08_bin.28	bac120	d__Bacteria;p__Bacillota;c__Clostridia;o__Oscillospirales;f__CAG-272;g__CAKTAA01;s__CAKTAA01 sp019415985	Bacteria	Bacillota	Clostridia	Oscillospirales	CAG-272	CAKTAA01	CAKTAA01 sp019415985	ani_screen		classification based on ANI only
G08_bin.3	bac120	d__Bacteria;p__Bacillota;c__Clostridia;o__Oscillospirales;f__Oscillospiraceae;g__F23-B02;s__F23-B02 sp945613045	Bacteria	Bacillota	Clostridia	Oscillospirales	Oscillospiraceae	F23-B02	F23-B02 sp945613045	ani_screen		classification based on ANI only
G08_bin.54	bac120	d__Bacteria;p__Bacillota;c__Clostridia;o__Oscillospirales;f__CAG-272;g__UMGS911;s__UMGS911 sp937934385	Bacteria	Bacillota	Clostridia	Oscillospirales	CAG-272	UMGS911	UMGS911 sp937934385	ani_screen		classification based on ANI only
G08_bin.64	bac120	d__Bacteria;p__Bacillota;c__Clostridia;o__Oscillospirales;f__Oscillospiraceae;g__Scatomorpha;s__Scatomorpha merdavium	Bacteria	Bacillota	Clostridia	Oscillospirales	Oscillospiraceae	Scatomorpha	Scatomorpha merdavium	ani_screen		classification based on ANI only
G08_bin.70	bac120	d__Bacteria;p__Bacillota;c__Clostridia;o__Christensenellales;f__Aristaeellaceae;g__Alectryocaccomicrobium;s__Alectryocaccomicrobium faecavium	Bacteria	Bacillota	Clostridia	Christensenellales	Aristaeellaceae	Alectryocaccomicrobium	Alectryocaccomicrobium faecavium	ani_screen		classification based on ANI only
G08_bin.80	bac120	d__Bacteria;p__Bacillota;c__Clostridia;o__TANB77;f__CAG-508;g__DNVW01;s__DNVW01 sp003507395	Bacteria	Bacillota	Clostridia	TANB77	CAG-508	DNVW01	DNVW01 sp003507395	ani_screen		classification based on ANI only
G08_bin.86	bac120	d__Bacteria;p__Bacillota;c__Clostridia;o__Oscillospirales;f__Oscillospiraceae;g__JAZOXB01;s__JAZOXB01 sp040096185	Bacteria	Bacillota	Clostridia	Oscillospirales	Oscillospiraceae	JAZOXB01	JAZOXB01 sp040096185	ani_screen		classification based on ANI only
G08_bin.88	bac120	d__Bacteria;p__Bacillota_I;c__Bacilli_A;o__Erysipelotrichales;f__Erysipelotrichaceae;g__Merdibacter;s__Merdibacter merdipullorum	Bacteria	Bacillota_I	Bacilli_A	Erysipelotrichales	Erysipelotrichaceae	Merdibacter	Merdibacter merdipullorum	ani_screen		classification based on ANI only
G08_bin.9	bac120	d__Bacteria;p__Bacillota;c__Clostridia;o__Oscillospirales;f__Ruminococcaceae;g__Faecalibacterium;s__Faecalibacterium taiwanense	Bacteria	Bacillota	Clostridia	Oscillospirales	Ruminococcaceae	Faecalibacterium	Faecalibacterium taiwanense	ani_screen		classification based on ANI only
H01_bin.103	bac120	d__Bacteria;p__Bacteroidota;c__Bacteroidia;o__Bacteroidales;f__Muribaculaceae;g__Lepagella;s__Lepagella sp000437495	Bacteria	Bacteroidota	Bacteroidia	Bacteroidales	Muribaculaceae	Lepagella	Lepagella sp000437495	ani_screen		classification based on ANI only
H01_bin.11	bac120	d__Bacteria;p__Bacillota;c__Clostridia;o__Oscillospirales;f__Ruminococcaceae;g__Gemmiger;s__Gemmiger sp900540775	Bacteria	Bacillota	Clostridia	Oscillospirales	Ruminococcaceae	Gemmiger	Gemmiger sp900540775	ani_screen		classification based on ANI only
H01_bin.42	bac120	d__Bacteria;p__Actinomycetota;c__Coriobacteriia;o__Coriobacteriales;f__Coriobacteriaceae;g__Collinsella;s__Collinsella sp900540945	Bacteria	Actinomycetota	Coriobacteriia	Coriobacteriales	Coriobacteriaceae	Collinsella	Collinsella sp900540945	ani_screen		classification based on ANI only
H01_bin.45	bac120	d__Bacteria;p__Bacteroidota;c__Bacteroidia;o__Bacteroidales;f__Bacteroidaceae;g__Prevotella;s__Prevotella sinensis	Bacteria	Bacteroidota	Bacteroidia	Bacteroidales	Bacteroidaceae	Prevotella	Prevotella sinensis	ani_screen		classification based on ANI only
H01_bin.57	bac120	d__Bacteria;p__Actinomycetota;c__Coriobacteriia;o__Coriobacteriales;f__Eggerthellaceae;g__CALADF01;s__CALADF01 sp937890835	Bacteria	Actinomycetota	Coriobacteriia	Coriobacteriales	Eggerthellaceae	CALADF01	CALADF01 sp937890835	ani_screen		classification based on ANI only
H01_bin.58	bac120	d__Bacteria;p__Bacillota;c__Clostridia;o__Oscillospirales;f__Oscillospiraceae;g__Vescimonas;s__Vescimonas sp900554275	Bacteria	Bacillota	Clostridia	Oscillospirales	Oscillospiraceae	Vescimonas	Vescimonas sp900554275	ani_screen		classification based on ANI only
H01_bin.87	bac120	d__Bacteria;p__Bacillota;c__Clostridia;o__Lachnospirales;f__Lachnospiraceae;g__Acetatifactor;s__Acetatifactor intestinalis	Bacteria	Bacillota	Clostridia	Lachnospirales	Lachnospiraceae	Acetatifactor	Acetatifactor intestinalis	ani_screen		classification based on ANI only
H01_bin.93	bac120	d__Bacteria;p__Bacillota;c__Clostridia;o__Oscillospirales;f__Oscillospiraceae;g__CAG-170;s__CAG-170 sp900553545	Bacteria	Bacillota	Clostridia	Oscillospirales	Oscillospiraceae	CAG-170	CAG-170 sp900553545	ani_screen		classification based on ANI only
H02_bin.14	bac120	d__Bacteria;p__Bacillota;c__Clostridia;o__Oscillospirales;f__Oscillospiraceae;g__Vescimonas;s__Vescimonas sp900547745	Bacteria	Bacillota	Clostridia	Oscillospirales	Oscillospiraceae	Vescimonas	Vescimonas sp900547745	ani_screen		classification based on ANI only
H02_bin.17	bac120	d__Bacteria;p__Bacteroidota;c__Bacteroidia;o__Bacteroidales;f__Bacteroidaceae;g__Phocaeicola;s__Phocaeicola sp000432735	Bacteria	Bacteroidota	Bacteroidia	Bacteroidales	Bacteroidaceae	Phocaeicola	Phocaeicola sp000432735	ani_screen		classification based on ANI only
H02_bin.18	bac120	d__Bacteria;p__Actinomycetota;c__Actinomycetes;o__Actinomycetales;f__Bifidobacteriaceae;g__Bifidobacterium;s__Bifidobacterium adolescentis	Bacteria	Actinomycetota	Actinomycetes	Actinomycetales	Bifidobacteriaceae	Bifidobacterium	Bifidobacterium adolescentis	ani_screen		classification based on ANI only
H02_bin.19	bac120	d__Bacteria;p__Pseudomonadota;c__Gammaproteobacteria;o__Burkholderiales;f__Burkholderiaceae_F;g__Sutterella;s__Sutterella seckii	Bacteria	Pseudomonadota	Gammaproteobacteria	Burkholderiales	Burkholderiaceae_F	Sutterella	Sutterella seckii	ani_screen		classification based on ANI only
H02_bin.41	bac120	d__Bacteria;p__Bacillota;c__Clostridia;o__Oscillospirales;f__Ruminococcaceae;g__Ruminococcus_C;s__Ruminococcus_C callidus	Bacteria	Bacillota	Clostridia	Oscillospirales	Ruminococcaceae	Ruminococcus_C	Ruminococcus_C callidus	ani_screen		classification based on ANI only
H02_bin.48	bac120	d__Bacteria;p__Bacillota;c__Negativicutes;o__Veillonellales;f__Dialisteraceae;g__Dialister;s__Dialister succinatiphilus	Bacteria	Bacillota	Negativicutes	Veillonellales	Dialisteraceae	Dialister	Dialister succinatiphilus	ani_screen		classification based on ANI only
H02_bin.53	bac120	d__Bacteria;p__Bacteroidota;c__Bacteroidia;o__Bacteroidales;f__UBA932;g__Cryptobacteroides;s__Cryptobacteroides sp000431015	Bacteria	Bacteroidota	Bacteroidia	Bacteroidales	UBA932	Cryptobacteroides	Cryptobacteroides sp000431015	ani_screen		classification based on ANI only
H02_bin.57	bac120	d__Bacteria;p__Bacteroidota;c__Bacteroidia;o__Bacteroidales;f__Muribaculaceae;g__Limisoma;s__Limisoma sp000437795	Bacteria	Bacteroidota	Bacteroidia	Bacteroidales	Muribaculaceae	Limisoma	Limisoma sp000437795	ani_screen		classification based on ANI only
H02_bin.64	bac120	d__Bacteria;p__Desulfobacterota;c__Desulfovibrionia;o__Desulfovibrionales;f__Desulfovibrionaceae;g__Desulfovibrio;s__Desulfovibrio sp900556755	Bacteria	Desulfobacterota	Desulfovibrionia	Desulfovibrionales	Desulfovibrionaceae	Desulfovibrio	Desulfovibrio sp900556755	ani_screen		classification based on ANI only
H03_bin.11	bac120	d__Bacteria;p__Bacillota;c__Clostridia;o__Christensenellales;f__UBA1242;g__UBA6345;s__UBA6345 sp944380265	Bacteria	Bacillota	Clostridia	Christensenellales	UBA1242	UBA6345	UBA6345 sp944380265	ani_screen		classification based on ANI only
H03_bin.13	bac120	d__Bacteria;p__Bacteroidota;c__Bacteroidia;o__Bacteroidales;f__Muribaculaceae;g__CAG-873;s__CAG-873 sp910578035	Bacteria	Bacteroidota	Bacteroidia	Bacteroidales	Muribaculaceae	CAG-873	CAG-873 sp910578035	ani_screen		classification based on ANI only
H03_bin.18	bac120	d__Bacteria;p__Bacillota_I;c__Bacilli_A;o__ML615J-28;f__CAG-313;g__CAG-313;s__CAG-313 sp000433035	Bacteria	Bacillota_I	Bacilli_A	ML615J-28	CAG-313	CAG-313	CAG-313 sp000433035	ani_screen		classification based on ANI only
H03_bin.2	bac120	d__Bacteria;p__Bacillota;c__Clostridia;o__Oscillospirales;f__CAG-382;g__UBA1206;s__UBA1206 sp000433115	Bacteria	Bacillota	Clostridia	Oscillospirales	CAG-382	UBA1206	UBA1206 sp000433115	ani_screen		classification based on ANI only
H03_bin.22	bac120	d__Bacteria;p__Bacillota;c__Clostridia;o__Oscillospirales;f__Oscillospiraceae;g__Faecousia;s__Faecousia sp000434635	Bacteria	Bacillota	Clostridia	Oscillospirales	Oscillospiraceae	Faecousia	Faecousia sp000434635	ani_screen		classification based on ANI only
H03_bin.38	bac120	d__Bacteria;p__Bacillota;c__Clostridia;o__Christensenellales;f__UBA1750;g__Spyradocola;s__Spyradocola sp905193155	Bacteria	Bacillota	Clostridia	Christensenellales	UBA1750	Spyradocola	Spyradocola sp905193155	ani_screen		classification based on ANI only
H03_bin.40	bac120	d__Bacteria;p__Bacillota;c__Clostridia;o__Christensenellales;f__CAG-917;g__CAG-475;s__CAG-475 sp934233745	Bacteria	Bacillota	Clostridia	Christensenellales	CAG-917	CAG-475	CAG-475 sp934233745	ani_screen		classification based on ANI only
H03_bin.63	ar53	d__Archaea;p__Thermoplasmatota;c__Thermoplasmata;o__Methanomassiliicoccales;f__Methanomassiliicoccaceae;g__Methanomassiliicoccus_A;s__Methanomassiliicoccus_A intestinalis	Archaea	Thermoplasmatota	Thermoplasmata	Methanomassiliicoccales	Methanomassiliicoccaceae	Methanomassiliicoccus_A	Methanomassiliicoccus_A intestinalis	ani_screen		classification based on ANI only
H03_bin.66	bac120	d__Bacteria;p__Bacillota;c__Clostridia;o__Christensenellales;f__Borkfalkiaceae;g__UMGS621;s__UMGS621 sp900543915	Bacteria	Bacillota	Clostridia	Christensenellales	Borkfalkiaceae	UMGS621	UMGS621 sp900543915	ani_screen		classification based on ANI only
H03_bin.72	bac120	d__Bacteria;p__Bacillota;c__Clostridia;o__Oscillospirales;f__CAG-272;g__UMGS1312;s__UMGS1312 sp900550625	Bacteria	Bacillota	Clostridia	Oscillospirales	CAG-272	UMGS1312	UMGS1312 sp900550625	ani_screen		classification based on ANI only
H03_bin.82	bac120	d__Bacteria;p__Bacteroidota;c__Bacteroidia;o__Bacteroidales;f__Bacteroidaceae;g__Phocaeicola;s__Phocaeicola intestinalis	Bacteria	Bacteroidota	Bacteroidia	Bacteroidales	Bacteroidaceae	Phocaeicola	Phocaeicola intestinalis	ani_screen		classification based on ANI only
H03_bin.86	bac120	d__Bacteria;p__Verrucomicrobiota;c__Verrucomicrobiia;o__Opitutales;f__Intestinicryptomonadaceae;g__Merdousia;s__Merdousia gallistercoris	Bacteria	Verrucomicrobiota	Verrucomicrobiia	Opitutales	Intestinicryptomonadaceae	Merdousia	Merdousia gallistercoris	ani_screen		classification based on ANI only
H04_bin.32	bac120	d__Bacteria;p__Bacillota;c__Clostridia;o__Oscillospirales;f__Oscillospiraceae;g__Evtepia;s__Evtepia excrementipullorum	Bacteria	Bacillota	Clostridia	Oscillospirales	Oscillospiraceae	Evtepia	Evtepia excrementipullorum	ani_screen		classification based on ANI only
H04_bin.33	bac120	d__Bacteria;p__Bacillota;c__Clostridia;o__Oscillospirales;f__Acutalibacteraceae;g__Clostridium_A;s__Clostridium_A leptum	Bacteria	Bacillota	Clostridia	Oscillospirales	Acutalibacteraceae	Clostridium_A	Clostridium_A leptum	ani_screen		classification based on ANI only
H04_bin.47	bac120	d__Bacteria;p__Bacillota;c__Clostridia;o__Lachnospirales;f__Anaerotignaceae;g__Anaerotignum;s__Anaerotignum lactatifermentans	Bacteria	Bacillota	Clostridia	Lachnospirales	Anaerotignaceae	Anaerotignum	Anaerotignum lactatifermentans	ani_screen		classification based on ANI only
H04_bin.57	bac120	d__Bacteria;p__Bacillota;c__Clostridia;o__Oscillospirales;f__Ruminococcaceae;g__Gemmiger;s__Gemmiger formicilis	Bacteria	Bacillota	Clostridia	Oscillospirales	Ruminococcaceae	Gemmiger	Gemmiger formicilis	ani_screen		classification based on ANI only
H04_bin.68	bac120	d__Bacteria;p__Bacillota;c__Clostridia;o__Lachnospirales;f__Lachnospiraceae;g__Blautia_A;s__Blautia_A ammoniilytica	Bacteria	Bacillota	Clostridia	Lachnospirales	Lachnospiraceae	Blautia_A	Blautia_A ammoniilytica	ani_screen		classification based on ANI only
H04_bin.7	bac120	d__Bacteria;p__Bacillota;c__Clostridia;o__Lachnospirales;f__Lachnospiraceae;g__Copromonas;s__Copromonas avistercoris	Bacteria	Bacillota	Clostridia	Lachnospirales	Lachnospiraceae	Copromonas	Copromonas avistercoris	ani_screen		classification based on ANI only
H04_bin.73	bac120	d__Bacteria;p__Bacillota;c__Clostridia;o__Lachnospirales;f__Lachnospiraceae;g__Eisenbergiella;s__Eisenbergiella intestinigallinarum	Bacteria	Bacillota	Clostridia	Lachnospirales	Lachnospiraceae	Eisenbergiella	Eisenbergiella intestinigallinarum	ani_screen		classification based on ANI only
H05_bin.21	bac120	d__Bacteria;p__Bacillota;c__Clostridia;o__Lachnospirales;f__Lachnospiraceae;g__Hungatella;s__Hungatella effluvii	Bacteria	Bacillota	Clostridia	Lachnospirales	Lachnospiraceae	Hungatella	Hungatella effluvii	ani_screen		classification based on ANI only
H05_bin.27	bac120	d__Bacteria;p__Actinomycetota;c__Coriobacteriia;o__Coriobacteriales;f__Coriobacteriaceae;g__Collinsella;s__	Bacteria	Actinomycetota	Coriobacteriia	Coriobacteriales	Coriobacteriaceae	Collinsella		taxonomic classification fully defined by topology	97.94	classification based on placement in class-level tree
H05_bin.34	bac120	d__Bacteria;p__Pseudomonadota;c__Gammaproteobacteria;o__Enterobacterales;f__Enterobacteriaceae;g__Escherichia;s__Escherichia coli	Bacteria	Pseudomonadota	Gammaproteobacteria	Enterobacterales	Enterobacteriaceae	Escherichia	Escherichia coli	ani_screen		classification based on ANI only
H05_bin.38	bac120	d__Bacteria;p__Bacteroidota;c__Bacteroidia;o__Bacteroidales;f__Tannerellaceae;g__Parabacteroides;s__Parabacteroides distasonis	Bacteria	Bacteroidota	Bacteroidia	Bacteroidales	Tannerellaceae	Parabacteroides	Parabacteroides distasonis	ani_screen		classification based on ANI only
H05_bin.41	bac120	d__Bacteria;p__Bacillota;c__Clostridia;o__Lachnospirales;f__Lachnospiraceae;g__Faecalimonas;s__Faecalimonas sp029983955	Bacteria	Bacillota	Clostridia	Lachnospirales	Lachnospiraceae	Faecalimonas	Faecalimonas sp029983955	ani_screen		classification based on ANI only
H05_bin.43	bac120	d__Bacteria;p__Bacillota;c__Clostridia;o__Lachnospirales;f__Lachnospiraceae;g__Roseburia;s__Roseburia rectalis	Bacteria	Bacillota	Clostridia	Lachnospirales	Lachnospiraceae	Roseburia	Roseburia rectalis	ani_screen		classification based on ANI only
H06_bin.1	bac120	d__Bacteria;p__Bacillota;c__Clostridia;o__Oscillospirales;f__Oscillospiraceae;g__Vescimonas;s__Vescimonas sp000435975	Bacteria	Bacillota	Clostridia	Oscillospirales	Oscillospiraceae	Vescimonas	Vescimonas sp000435975	ani_screen		classification based on ANI only
H06_bin.54	bac120	d__Bacteria;p__Bacillota_I;c__Bacilli_A;o__RF39;f__UBA660;g__CAG-914;s__CAG-914 sp000437895	Bacteria	Bacillota_I	Bacilli_A	RF39	UBA660	CAG-914	CAG-914 sp000437895	ani_screen		classification based on ANI only
H06_bin.57	bac120	d__Bacteria;p__Bacillota;c__Clostridia;o__Oscillospirales;f__UBA644;g__UBA644;s__UBA644 sp900547165	Bacteria	Bacillota	Clostridia	Oscillospirales	UBA644	UBA644	UBA644 sp900547165	ani_screen		classification based on ANI only
H06_bin.61	bac120	d__Bacteria;p__Bacillota;c__Clostridia;o__Lachnospirales;f__Lachnospiraceae;g__Fusicatenibacter;s__Fusicatenibacter saccharivorans	Bacteria	Bacillota	Clostridia	Lachnospirales	Lachnospiraceae	Fusicatenibacter	Fusicatenibacter saccharivorans	ani_screen		classification based on ANI only
H06_bin.64	bac120	d__Bacteria;p__Bacillota;c__Clostridia;o__Oscillospirales;f__Ruminococcaceae;g__Ruminiclostridium_E;s__Ruminiclostridium_E siraeum	Bacteria	Bacillota	Clostridia	Oscillospirales	Ruminococcaceae	Ruminiclostridium_E	Ruminiclostridium_E siraeum	ani_screen		classification based on ANI only
H06_bin.86	bac120	d__Bacteria;p__Bacillota_I;c__Bacilli_A;o__ML615J-28;f__CAG-313;g__CAG-313;s__CAG-313 sp900539265	Bacteria	Bacillota_I	Bacilli_A	ML615J-28	CAG-313	CAG-313	CAG-313 sp900539265	ani_screen		classification based on ANI only
H07_bin.11	bac120	d__Bacteria;p__Bacillota;c__Clostridia;o__Lachnospirales;f__Lachnospiraceae;g__Pilosibacter;s__Pilosibacter sp900066785	Bacteria	Bacillota	Clostridia	Lachnospirales	Lachnospiraceae	Pilosibacter	Pilosibacter sp900066785	ani_screen		classification based on ANI only
H07_bin.16	bac120	d__Bacteria;p__Bacteroidota;c__Bacteroidia;o__Bacteroidales;f__Bacteroidaceae;g__Bacteroides;s__Bacteroides xylanisolvens	Bacteria	Bacteroidota	Bacteroidia	Bacteroidales	Bacteroidaceae	Bacteroides	Bacteroides xylanisolvens	ani_screen		classification based on ANI only
H07_bin.23	bac120	d__Bacteria;p__Bacillota;c__Clostridia;o__Oscillospirales;f__Ruminococcaceae;g__Faecalibacterium;s__Faecalibacterium longum	Bacteria	Bacillota	Clostridia	Oscillospirales	Ruminococcaceae	Faecalibacterium	Faecalibacterium longum	ani_screen		classification based on ANI only
H07_bin.27	bac120	d__Bacteria;p__Bacillota;c__Bacilli;o__Lactobacillales;f__Lactobacillaceae;g__Lactobacillus;s__Lactobacillus acidophilus	Bacteria	Bacillota	Bacilli	Lactobacillales	Lactobacillaceae	Lactobacillus	Lactobacillus acidophilus	ani_screen		classification based on ANI only
H07_bin.28	bac120	d__Bacteria;p__Bacillota;c__Clostridia;o__Oscillospirales;f__Acutalibacteraceae;g__Ruminococcoides;s__Ruminococcoides intestinihominis	Bacteria	Bacillota	Clostridia	Oscillospirales	Acutalibacteraceae	Ruminococcoides	Ruminococcoides intestinihominis	ani_screen		classification based on ANI only
H07_bin.29	bac120	d__Bacteria;p__Bacillota;c__Clostridia;o__Oscillospirales;f__Oscillospiraceae;g__Oscillibacter;s__Oscillibacter sp944387015	Bacteria	Bacillota	Clostridia	Oscillospirales	Oscillospiraceae	Oscillibacter	Oscillibacter sp944387015	ani_screen		classification based on ANI only
H07_bin.31	bac120	d__Bacteria;p__Bacteroidota;c__Bacteroidia;o__Bacteroidales;f__Marinifilaceae;g__Odoribacter;s__Odoribacter sp900544025	Bacteria	Bacteroidota	Bacteroidia	Bacteroidales	Marinifilaceae	Odoribacter	Odoribacter sp900544025	ani_screen		classification based on ANI only
H07_bin.48	bac120	d__Bacteria;p__Bacillota;c__Clostridia;o__Lachnospirales;f__Lachnospiraceae;g__Mediterraneibacter;s__Mediterraneibacter faecis	Bacteria	Bacillota	Clostridia	Lachnospirales	Lachnospiraceae	Mediterraneibacter	Mediterraneibacter faecis	ani_screen		classification based on ANI only
H07_bin.63	bac120	d__Bacteria;p__Bacteroidota;c__Bacteroidia;o__Bacteroidales;f__Bacteroidaceae;g__Bacteroides;s__Bacteroides thetaiotaomicron	Bacteria	Bacteroidota	Bacteroidia	Bacteroidales	Bacteroidaceae	Bacteroides	Bacteroides thetaiotaomicron	ani_screen		classification based on ANI only
H08_bin.15	bac120	d__Bacteria;p__Bacillota;c__Clostridia;o__Lachnospirales;f__Lachnospiraceae;g__Otoolea;s__Otoolea fessa	Bacteria	Bacillota	Clostridia	Lachnospirales	Lachnospiraceae	Otoolea	Otoolea fessa	ani_screen		classification based on ANI only
H08_bin.8	bac120	d__Bacteria;p__Pseudomonadota;c__Gammaproteobacteria;o__Burkholderiales;f__Burkholderiaceae_F;g__Sutterella;s__Sutterella sp900762445	Bacteria	Pseudomonadota	Gammaproteobacteria	Burkholderiales	Burkholderiaceae_F	Sutterella	Sutterella sp900762445	ani_screen		classification based on ANI only
