MAG ID	Cluster ID	Representative MAG ID	Is Representative	Gtdb Classification	Gtdb Domain	Gtdb Phylum	Gtdb Class	Gtdb Order	Gtdb Family	Gtdb Genus	Gtdb Species	Completeness	Contamination	Genome Size Bp	Contigs	N50 Contigs	Gc	Predicted Genes	Samples With Relative Abundance Gt0	Prevalence Fraction	Mean Relative Abundance Percent	Median Relative Abundance Percent	Median Nonzero Relative Abundance Percent	Max Relative Abundance Percent	Total Relative Abundance Percent Across Samples	Samples With Covered Fraction Gt0	Mean Covered Fraction
A01_bin.12	ANI95_cluster_00001	A01_bin.12	True	d__Bacteria;p__Bacillota;c__Clostridia;o__Oscillospirales;f__Acutalibacteraceae;g__Acutalibacter;s__Acutalibacter ornithocaccae	Bacteria	Bacillota	Clostridia	Oscillospirales	Acutalibacteraceae	Acutalibacter	Acutalibacter ornithocaccae	97.99	1.23	2362010	110	34483	61.700289	2242	27.0	0.4153846154	0.02183575013	0.0	0.022783091	0.4748867	1.419323758	27.0	0.2227434263
A01_bin.14	ANI95_cluster_00055	A09_bin.62	False	d__Bacteria;p__Bacillota;c__Clostridia;o__Oscillospirales;f__Ruminococcaceae;g__Ruthenibacterium;s__Ruthenibacterium lactatiformans	Bacteria	Bacillota	Clostridia	Oscillospirales	Ruminococcaceae	Ruthenibacterium	Ruthenibacterium lactatiformans	97.28	1.86	3224326	87	65111	58.400484	2985	51.0	0.7846153846	0.0276560212	0.009563613	0.01412658	0.72093105	1.797641378	51.0	0.2940354535
A01_bin.16	ANI95_cluster_00056	B01_bin.20	False	d__Bacteria;p__Bacteroidota;c__Bacteroidia;o__Bacteroidales;f__Rikenellaceae;g__Alistipes;s__Alistipes dispar	Bacteria	Bacteroidota	Bacteroidia	Bacteroidales	Rikenellaceae	Alistipes	Alistipes dispar	96.95	7.45	2678953	30	177100	61.990001	2191	8.0	0.1230769231	0.06585489019	0.0	0.12420156	1.8582957	4.280567863	8.0	0.08384296662
A01_bin.17	ANI95_cluster_00143	C03_bin.49	False	d__Bacteria;p__Actinomycetota;c__Actinomycetes;o__Actinomycetales;f__Bifidobacteriaceae;g__Bifidobacterium;s__Bifidobacterium longum	Bacteria	Actinomycetota	Actinomycetes	Actinomycetales	Bifidobacteriaceae	Bifidobacterium	Bifidobacterium longum	94.41	0.77	2308583	45	83717	60.063164	1984	53.0	0.8153846154	0.02580216228	0.014635764	0.019830305	0.2083077	1.677140548	53.0	0.2984136897
A01_bin.20	ANI95_cluster_00280	F02_bin.31	False	d__Bacteria;p__Verrucomicrobiota;c__Verrucomicrobiia;o__Verrucomicrobiales;f__Akkermansiaceae;g__Akkermansia;s__Akkermansia massiliensis	Bacteria	Verrucomicrobiota	Verrucomicrobiia	Verrucomicrobiales	Akkermansiaceae	Akkermansia	Akkermansia massiliensis	97.96	0.0	3079112	45	95106	57.888735	2556	12.0	0.1846153846	0.02687931988	0.0	0.12459608	0.34452742	1.747155792	12.0	0.1564704378
A01_bin.21	ANI95_cluster_00231	D08_bin.97	False	d__Bacteria;p__Bacteroidota;c__Bacteroidia;o__Bacteroidales;f__Tannerellaceae;g__Parabacteroides;s__Parabacteroides merdae	Bacteria	Bacteroidota	Bacteroidia	Bacteroidales	Tannerellaceae	Parabacteroides	Parabacteroides merdae	98.85	1.06	4021565	50	146354	45.454319	3300	42.0	0.6461538462	0.02292790329	0.01744784	0.02301266	0.12659802	1.490313714	42.0	0.2894405948
A01_bin.23	ANI95_cluster_00222	D08_bin.21	False	d__Bacteria;p__Bacteroidota;c__Bacteroidia;o__Bacteroidales;f__Rikenellaceae;g__Alistipes;s__Alistipes putredinis	Bacteria	Bacteroidota	Bacteroidia	Bacteroidales	Rikenellaceae	Alistipes	Alistipes putredinis	93.32	0.96	1839394	19	195472	55.280761	1593	52.0	0.8	0.1119429457	0.07772115	0.120148405	0.7851159	7.27629147	52.0	0.4964511374
A01_bin.25	ANI95_cluster_00021	A04_bin.93	False	d__Bacteria;p__Bacillota;c__Clostridia;o__Oscillospirales;f__Ruminococcaceae;g__Gemmiger;s__Gemmiger qucibialis	Bacteria	Bacillota	Clostridia	Oscillospirales	Ruminococcaceae	Gemmiger	Gemmiger qucibialis	97.05	0.68	2546995	242	16209	56.521626	2159	48.0	0.7384615385	0.01533557368	0.008764941	0.014134184	0.20940708	0.9968122895	48.0	0.2050286114
A01_bin.28	ANI95_cluster_00002	A01_bin.28	True	d__Bacteria;p__Bacillota;c__Clostridia;o__Oscillospirales;f__Acutalibacteraceae;g__UMGS1623;s__UMGS1623 sp934647945	Bacteria	Bacillota	Clostridia	Oscillospirales	Acutalibacteraceae	UMGS1623	UMGS1623 sp934647945	89.35	4.62	2336113	390	8103	59.880109	2381	23.0	0.3538461538	0.01185234985	0.0	0.0110790115	0.22776434	0.7704027401	23.0	0.1188376144
A01_bin.29	ANI95_cluster_00003	A01_bin.29	True	d__Bacteria;p__Bacillota;c__Clostridia;o__Oscillospirales;f__Oscillospiraceae;g__Scatomorpha;s__Scatomorpha pullicola	Bacteria	Bacillota	Clostridia	Oscillospirales	Oscillospiraceae	Scatomorpha	Scatomorpha pullicola	94.16	1.34	2163083	165	18892	62.340604	2149	9.0	0.1384615385	0.01025748759	0.0	0.0378193	0.34600914	0.6667366935	9.0	0.08670087246
A01_bin.31	ANI95_cluster_00004	A01_bin.31	True	d__Bacteria;p__Bacillota;c__Clostridia;o__Lachnospirales;f__Lachnospiraceae;g__Mediterraneibacter;s__Mediterraneibacter torques	Bacteria	Bacillota	Clostridia	Lachnospirales	Lachnospiraceae	Mediterraneibacter	Mediterraneibacter torques	91.73	0.0	2276978	67	60844	42.213627	2058	35.0	0.5384615385	0.01916533153	0.004986056	0.014339851	0.2190218	1.245746549	35.0	0.2067077114
A01_bin.32	ANI95_cluster_00302	F06_bin.75	False	d__Bacteria;p__Bacillota;c__Clostridia;o__Oscillospirales;f__Oscillospiraceae;g__Hominicoprocola;s__Hominicoprocola fusiformis	Bacteria	Bacillota	Clostridia	Oscillospirales	Oscillospiraceae	Hominicoprocola	Hominicoprocola fusiformis	94.41	1.93	1950005	151	19859	59.254822	1944	47.0	0.7230769231	0.02404187253	0.012845874	0.021944612	0.3653395	1.562721715	47.0	0.2262998465
A01_bin.34	ANI95_cluster_00128	B08_bin.66	False	d__Bacteria;p__Bacteroidota;c__Bacteroidia;o__Bacteroidales;f__Rikenellaceae;g__Alistipes;s__Alistipes communis	Bacteria	Bacteroidota	Bacteroidia	Bacteroidales	Rikenellaceae	Alistipes	Alistipes communis	97.58	0.48	2679208	47	92101	60.069618	2183	38.0	0.5846153846	0.02682079037	0.014059553	0.0337866575	0.16361354	1.743351374	38.0	0.2790051275
A01_bin.40	ANI95_cluster_00083	B04_bin.18	False	d__Bacteria;p__Bacteroidota;c__Bacteroidia;o__Bacteroidales;f__Rikenellaceae;g__Alistipes;s__Alistipes onderdonkii	Bacteria	Bacteroidota	Bacteroidia	Bacteroidales	Rikenellaceae	Alistipes	Alistipes onderdonkii	95.73	0.96	2772923	35	104266	59.310698	2263	56.0	0.8615384615	0.1165528897	0.03157245	0.04346163	0.89815927	7.575937832	56.0	0.5121431066
A01_bin.47	ANI95_cluster_00005	A01_bin.47	True	d__Bacteria;p__Bacillota;c__Clostridia;o__Christensenellales;f__Aristaeellaceae;g__Egerieenecus;s__Egerieenecus merdigallinarum	Bacteria	Bacillota	Clostridia	Christensenellales	Aristaeellaceae	Egerieenecus	Egerieenecus merdigallinarum	93.01	0.81	2841231	348	11837	59.457784	2700	25.0	0.3846153846	0.01264289072	0.0	0.020275025	0.26089478	0.8217878968	25.0	0.1648697665
A01_bin.49	ANI95_cluster_00006	A01_bin.49	True	d__Bacteria;p__Bacillota;c__Clostridia;o__Oscillospirales;f__Oscillospiraceae;g__CAG-170;s__CAG-170 sp003516765	Bacteria	Bacillota	Clostridia	Oscillospirales	Oscillospiraceae	CAG-170	CAG-170 sp003516765	92.73	1.73	2181759	260	13843	57.305596	2241	34.0	0.5230769231	0.04141921968	0.007977027	0.037361186	0.61439455	2.692249279	34.0	0.3014077166
A01_bin.5	ANI95_cluster_00019	A04_bin.71	False	d__Bacteria;p__Bacteroidota;c__Bacteroidia;o__Bacteroidales;f__Rikenellaceae;g__Alistipes_A;s__Alistipes_A ihumii	Bacteria	Bacteroidota	Bacteroidia	Bacteroidales	Rikenellaceae	Alistipes_A	Alistipes_A ihumii	97.6	0.48	2515951	20	199859	58.296406	2034	25.0	0.3846153846	0.01664756104	0.0	0.01685653	0.32825178	1.082091468	25.0	0.1599193862
A01_bin.53	ANI95_cluster_00267	E06_bin.85	False	d__Bacteria;p__Bacteroidota;c__Bacteroidia;o__Bacteroidales;f__Rikenellaceae;g__Alistipes;s__Alistipes shahii	Bacteria	Bacteroidota	Bacteroidia	Bacteroidales	Rikenellaceae	Alistipes	Alistipes shahii	81.62	0.0	2218732	27	109878	59.924452	1781	45.0	0.6923076923	0.06187287401	0.040773105	0.058136567	0.30729526	4.02173681	45.0	0.4178757268
A01_bin.54	ANI95_cluster_00272	E07_bin.69	False	d__Bacteria;p__Bacillota;c__Clostridia;o__Oscillospirales;f__Oscillospiraceae;g__Oscillibacter;s__Oscillibacter welbionis	Bacteria	Bacillota	Clostridia	Oscillospirales	Oscillospiraceae	Oscillibacter	Oscillibacter welbionis	96.31	2.35	2645440	90	53019	61.569493	2599	55.0	0.8461538462	0.02650927713	0.014768085	0.02084915	0.21781456	1.723103013	55.0	0.3154571414
A01_bin.6	ANI95_cluster_00140	C02_bin.89	False	d__Bacteria;p__Bacillota;c__Clostridia;o__Oscillospirales;f__Acutalibacteraceae;g__Hominenteromicrobium;s__Hominenteromicrobium mulieris	Bacteria	Bacillota	Clostridia	Oscillospirales	Acutalibacteraceae	Hominenteromicrobium	Hominenteromicrobium mulieris	91.28	0.0	2172963	37	94268	53.416004	2001	42.0	0.6461538462	0.01286413714	0.006759048	0.01082956675	0.11529294	0.836168914	42.0	0.2026462332
A01_bin.61	ANI95_cluster_00220	D07_bin.75	False	d__Bacteria;p__Bacillota;c__Clostridia;o__Lachnospirales;f__Lachnospiraceae;g__Blautia_A;s__Blautia_A fusiformis	Bacteria	Bacillota	Clostridia	Lachnospirales	Lachnospiraceae	Blautia_A	Blautia_A fusiformis	85.23	5.91	2369920	289	11288	45.714623	2270	59.0	0.9076923077	0.04821006778	0.019792149	0.023899516	0.48962948	3.133654406	59.0	0.3801539208
A01_bin.63	ANI95_cluster_00283	F02_bin.66	False	d__Bacteria;p__Bacteroidota;c__Bacteroidia;o__Bacteroidales;f__Rikenellaceae;g__Tidjanibacter;s__Tidjanibacter inops	Bacteria	Bacteroidota	Bacteroidia	Bacteroidales	Rikenellaceae	Tidjanibacter	Tidjanibacter inops	99.52	0.96	2422965	40	164708	56.033414	2100	31.0	0.4769230769	0.03494755229	0.0	0.033229	0.54875404	2.271590899	31.0	0.2165664868
A01_bin.65	ANI95_cluster_00380	H01_bin.87	False	d__Bacteria;p__Bacillota;c__Clostridia;o__Lachnospirales;f__Lachnospiraceae;g__Acetatifactor;s__Acetatifactor intestinalis	Bacteria	Bacillota	Clostridia	Lachnospirales	Lachnospiraceae	Acetatifactor	Acetatifactor intestinalis	83.09	3.56	2370211	67	57925	47.346122	2122	36.0	0.5538461538	0.03218364556	0.006822212	0.0183435205	0.5890557	2.091936961	36.0	0.1926081471
A01_bin.66	ANI95_cluster_00007	A01_bin.66	True	d__Bacteria;p__Bacillota;c__Clostridia;o__Christensenellales;f__Aristaeellaceae;g__Ventricola;s__Ventricola sp900542395	Bacteria	Bacillota	Clostridia	Christensenellales	Aristaeellaceae	Ventricola	Ventricola sp900542395	97.98	0.27	2566478	87	40677	59.814734	2262	27.0	0.4153846154	0.01410647672	0.0	0.014584925	0.35584822	0.9169209869	27.0	0.1322901134
A01_bin.69	ANI95_cluster_00008	A01_bin.69	True	d__Bacteria;p__Actinomycetota;c__Coriobacteriia;o__Coriobacteriales;f__Eggerthellaceae;g__Anaerotardibacter;s__Anaerotardibacter sp000435675	Bacteria	Actinomycetota	Coriobacteriia	Coriobacteriales	Eggerthellaceae	Anaerotardibacter	Anaerotardibacter sp000435675	98.39	0.12	1626563	8	306209	54.384982	1456	22.0	0.3384615385	0.08297088691	0.0	0.0140032835	5.003537	5.393107649	22.0	0.099948684
A01_bin.72	ANI95_cluster_00009	A01_bin.72	True	d__Bacteria;p__Bacillota;c__Clostridia;o__Oscillospirales;f__Ruminococcaceae;g__Faecalibacterium;s__Faecalibacterium hattorii	Bacteria	Bacillota	Clostridia	Oscillospirales	Ruminococcaceae	Faecalibacterium	Faecalibacterium hattorii	94.58	2.89	2156014	84	39945	60.140240	1987	7.0	0.1076923077	0.03609958958	0.0	0.33531857	0.9429921	2.346473323	7.0	0.07793151862
A01_bin.77	ANI95_cluster_00010	A01_bin.77	True	d__Bacteria;p__Bacillota;c__Clostridia;o__Oscillospirales;f__Oscillospiraceae;g__Oscillibacter;s__Oscillibacter sp963557435	Bacteria	Bacillota	Clostridia	Oscillospirales	Oscillospiraceae	Oscillibacter	Oscillibacter sp963557435	92.56	4.7	2242544	218	16118	61.514512	2297	7.0	0.1076923077	0.0073698228	0.0	0.023430225	0.32123095	0.479038482	7.0	0.03428021
A01_bin.82	ANI95_cluster_00286	F03_bin.13	False	d__Bacteria;p__Bacteroidota;c__Bacteroidia;o__Bacteroidales;f__Rikenellaceae;g__Alistipes;s__Alistipes finegoldii	Bacteria	Bacteroidota	Bacteroidia	Bacteroidales	Rikenellaceae	Alistipes	Alistipes finegoldii	99.42	0.1	3010615	31	153055	59.501962	2385	44.0	0.6769230769	0.05444726073	0.010435913	0.023374157	1.2898532	3.539071948	44.0	0.2229645255
A01_bin.83	ANI95_cluster_00217	D07_bin.25	False	d__Bacteria;p__Actinomycetota;c__Coriobacteriia;o__Coriobacteriales;f__Eggerthellaceae;g__Adlercreutzia;s__Adlercreutzia rubneri	Bacteria	Actinomycetota	Coriobacteriia	Coriobacteriales	Eggerthellaceae	Adlercreutzia	Adlercreutzia rubneri	88.31	4.95	2359108	318	11261	63.847904	2172	39.0	0.6	0.0275768879	0.0048956145	0.011445143	1.2393081	1.792497713	39.0	0.1296935388
A01_bin.84	ANI95_cluster_00050	A08_bin.91	False	d__Bacteria;p__Bacillota;c__Clostridia;o__Lachnospirales;f__Lachnospiraceae;g__Anaerostipes;s__Anaerostipes amylophilus	Bacteria	Bacillota	Clostridia	Lachnospirales	Lachnospiraceae	Anaerostipes	Anaerostipes amylophilus	90.6	2.24	2090048	70	51064	37.158620	2046	34.0	0.5230769231	0.01426033646	0.002848826	0.016362691	0.12562521	0.9269218699	34.0	0.1926807625
A01_bin.85	ANI95_cluster_00133	B09_bin.61	False	d__Bacteria;p__Bacillota;c__Clostridia;o__Oscillospirales;f__Ruminococcaceae;g__Hominimerdicola;s__Hominimerdicola aceti	Bacteria	Bacillota	Clostridia	Oscillospirales	Ruminococcaceae	Hominimerdicola	Hominimerdicola aceti	98.63	0.0	2417053	75	58648	43.183662	2212	39.0	0.6	0.01558374317	0.006631485	0.012027754	0.22241452	1.012943306	39.0	0.1487651798
A01_bin.86	ANI95_cluster_00011	A01_bin.86	True	d__Bacteria;p__Bacillota;c__Clostridia;o__Oscillospirales;f__Oscillospiraceae;g__HGM13006;s__HGM13006 sp965147785	Bacteria	Bacillota	Clostridia	Oscillospirales	Oscillospiraceae	HGM13006	HGM13006 sp965147785	90.65	9.12	5732609	757	11683	54.846301	6118	59.0	0.9076923077	0.03233909469	0.023408659	0.025540331	0.273463	2.102041155	59.0	0.1682097918
A01_bin.87	ANI95_cluster_00129	B09_bin.106	False	d__Bacteria;p__Bacteroidota;c__Bacteroidia;o__Bacteroidales;f__Marinifilaceae;g__Butyricimonas;s__Butyricimonas virosa	Bacteria	Bacteroidota	Bacteroidia	Bacteroidales	Marinifilaceae	Butyricimonas	Butyricimonas virosa	88.95	6.41	3904815	625	8875	42.823745	3648	23.0	0.3538461538	0.01416019018	0.0	0.023239361	0.115604624	0.9204123615	23.0	0.1506118558
A01_bin.90	ANI95_cluster_00364	G08_bin.17	False	d__Bacteria;p__Bacillota;c__Clostridia;o__Oscillospirales;f__Oscillospiraceae;g__Hominicoprocola;s__Hominicoprocola sp900317525	Bacteria	Bacillota	Clostridia	Oscillospirales	Oscillospiraceae	Hominicoprocola	Hominicoprocola sp900317525	94.97	2.01	1936776	79	43274	61.289690	1866	43.0	0.6615384615	0.02303505165	0.013970209	0.021497617	0.21161371	1.497278357	43.0	0.2371480728
A01_bin.91	ANI95_cluster_00413	H05_bin.38	False	d__Bacteria;p__Bacteroidota;c__Bacteroidia;o__Bacteroidales;f__Tannerellaceae;g__Parabacteroides;s__Parabacteroides distasonis	Bacteria	Bacteroidota	Bacteroidia	Bacteroidales	Tannerellaceae	Parabacteroides	Parabacteroides distasonis	90.85	0.72	4157057	161	47197	45.500603	3519	47.0	0.7230769231	0.01467538461	0.009363199	0.013872863	0.096757226	0.9538999998	47.0	0.1958788377
A01_bin.93	ANI95_cluster_00201	D04_bin.5	False	d__Bacteria;p__Bacillota;c__Clostridia;o__Oscillospirales;f__Oscillospiraceae;g__Flavonifractor;s__Flavonifractor plautii	Bacteria	Bacillota	Clostridia	Oscillospirales	Oscillospiraceae	Flavonifractor	Flavonifractor plautii	96.08	5.5	3153817	237	20261	62.932726	3140	44.0	0.6769230769	0.0330863455	0.009062614	0.0185539305	0.35771954	2.150612458	44.0	0.2840763948
A02_bin.13	ANI95_cluster_00008	A01_bin.69	False	d__Bacteria;p__Actinomycetota;c__Coriobacteriia;o__Coriobacteriales;f__Eggerthellaceae;g__Anaerotardibacter;s__Anaerotardibacter sp000435675	Bacteria	Actinomycetota	Coriobacteriia	Coriobacteriales	Eggerthellaceae	Anaerotardibacter	Anaerotardibacter sp000435675	96.77	0.2	1546094	51	53664	54.551987	1380	22.0	0.3384615385	0.02754109312	0.0	0.0113850005	1.2597022	1.790171053	22.0	0.09514439794
A02_bin.15	ANI95_cluster_00406	H04_bin.57	False	d__Bacteria;p__Bacillota;c__Clostridia;o__Oscillospirales;f__Ruminococcaceae;g__Gemmiger;s__Gemmiger formicilis	Bacteria	Bacillota	Clostridia	Oscillospirales	Ruminococcaceae	Gemmiger	Gemmiger formicilis	90.48	0.34	2344644	70	50096	60.399873	2086	52.0	0.8	0.02355548985	0.01305818	0.0167755625	0.4320206	1.53110684	52.0	0.1959741646
A02_bin.17	ANI95_cluster_00281	F02_bin.63	False	d__Bacteria;p__Actinomycetota;c__Actinomycetes;o__Actinomycetales;f__Bifidobacteriaceae;g__Bifidobacterium;s__Bifidobacterium bifidum	Bacteria	Actinomycetota	Actinomycetes	Actinomycetales	Bifidobacteriaceae	Bifidobacterium	Bifidobacterium bifidum	97.7	4.49	2125254	47	70484	62.927678	1742	19.0	0.2923076923	0.02671686305	0.0	0.025796933	0.9591881	1.736596098	19.0	0.1283213938
A02_bin.20	ANI95_cluster_00177	C07_bin.89	False	d__Bacteria;p__Desulfobacterota;c__Desulfovibrionia;o__Desulfovibrionales;f__Desulfovibrionaceae;g__Bilophila;s__Bilophila wadsworthia	Bacteria	Desulfobacterota	Desulfovibrionia	Desulfovibrionales	Desulfovibrionaceae	Bilophila	Bilophila wadsworthia	92.01	0.0	3757058	315	17920	60.773403	3324	37.0	0.5692307692	0.008499121169	0.0040944754	0.010092499	0.079482116	0.552442876	36.0	0.156507844
A02_bin.25	ANI95_cluster_00173	C07_bin.25	False	d__Bacteria;p__Bacillota;c__Clostridia;o__Lachnospirales;f__Lachnospiraceae;g__Anaerobutyricum;s__Anaerobutyricum hallii	Bacteria	Bacillota	Clostridia	Lachnospirales	Lachnospiraceae	Anaerobutyricum	Anaerobutyricum hallii	97.99	3.86	4315686	456	15167	37.705894	4222	59.0	0.9076923077	0.033586359	0.023119902	0.025932478	0.18017173	2.183113335	59.0	0.3288739738
A02_bin.27	ANI95_cluster_00193	D01_bin.64	False	d__Bacteria;p__Bacteroidota;c__Bacteroidia;o__Bacteroidales;f__Bacteroidaceae;g__Bacteroides;s__Bacteroides uniformis	Bacteria	Bacteroidota	Bacteroidia	Bacteroidales	Bacteroidaceae	Bacteroides	Bacteroides uniformis	87.9	1.3	4007969	45	127775	46.722467	3254	63.0	0.9692307692	0.1497272591	0.09432678	0.10104406	1.5137749	9.73227184	63.0	0.5173757955
A02_bin.32	ANI95_cluster_00085	B04_bin.33	False	d__Bacteria;p__Bacillota;c__Clostridia;o__UBA1381;f__UBA1381;g__Hominilimicola;s__Hominilimicola fabiformis	Bacteria	Bacillota	Clostridia	UBA1381	UBA1381	Hominilimicola	Hominilimicola fabiformis	90.25	1.9	2214494	304	10771	38.504868	2201	47.0	0.7230769231	0.01680857657	0.011156123	0.017502852	0.14529501	1.092557477	47.0	0.2585334384
A02_bin.41	ANI95_cluster_00298	F06_bin.46	False	d__Bacteria;p__Bacillota;c__Bacilli;o__Lactobacillales;f__Streptococcaceae;g__Streptococcus;s__Streptococcus thermophilus	Bacteria	Bacillota	Bacilli	Lactobacillales	Streptococcaceae	Streptococcus	Streptococcus thermophilus	85.25	1.06	1272510	308	4701	39.691869	1537	21.0	0.3230769231	0.008024967005	0.0	0.015130067	0.08764372	0.5216228553	20.0	0.1347040938
A02_bin.42	ANI95_cluster_00143	C03_bin.49	False	d__Bacteria;p__Actinomycetota;c__Actinomycetes;o__Actinomycetales;f__Bifidobacteriaceae;g__Bifidobacterium;s__Bifidobacterium longum	Bacteria	Actinomycetota	Actinomycetes	Actinomycetales	Bifidobacteriaceae	Bifidobacterium	Bifidobacterium longum	84.52	2.34	1928709	87	36020	60.297484	1649	53.0	0.8153846154	0.02321188091	0.012773382	0.016964894	0.22293638	1.508772259	53.0	0.2988675037
A02_bin.44	ANI95_cluster_00413	H05_bin.38	False	d__Bacteria;p__Bacteroidota;c__Bacteroidia;o__Bacteroidales;f__Tannerellaceae;g__Parabacteroides;s__Parabacteroides distasonis	Bacteria	Bacteroidota	Bacteroidia	Bacteroidales	Tannerellaceae	Parabacteroides	Parabacteroides distasonis	80.19	0.38	3786313	43	143631	44.932920	3180	49.0	0.7538461538	0.01549777173	0.007673826	0.010934101	0.14619327	1.007355162	49.0	0.2070975764
A02_bin.50	ANI95_cluster_00360	G07_bin.76	False	d__Bacteria;p__Bacteroidota;c__Bacteroidia;o__Bacteroidales;f__Bacteroidaceae;g__Phocaeicola;s__Phocaeicola coprocola	Bacteria	Bacteroidota	Bacteroidia	Bacteroidales	Bacteroidaceae	Phocaeicola	Phocaeicola coprocola	94.05	0.93	3220964	109	52367	40.447084	2606	8.0	0.1230769231	0.1499433826	0.0	0.104673187	6.8928356	9.746319868	8.0	0.08682842
A02_bin.52	ANI95_cluster_00012	A02_bin.52	True	d__Bacteria;p__Bacillota;c__Negativicutes;o__Acidaminococcales;f__Acidaminococcaceae;g__Acidaminococcus;s__Acidaminococcus massiliensis	Bacteria	Bacillota	Negativicutes	Acidaminococcales	Acidaminococcaceae	Acidaminococcus	Acidaminococcus massiliensis	95.21	0.6	2265970	75	53138	54.705402	2029	1.0	0.01538461538	0.006715972308	0.0	0.4365382	0.4365382	0.4365382	1.0	0.01538303385
A02_bin.54	ANI95_cluster_00302	F06_bin.75	False	d__Bacteria;p__Bacillota;c__Clostridia;o__Oscillospirales;f__Oscillospiraceae;g__Hominicoprocola;s__Hominicoprocola fusiformis	Bacteria	Bacillota	Clostridia	Oscillospirales	Oscillospiraceae	Hominicoprocola	Hominicoprocola fusiformis	83.46	2.57	1618207	392	4644	59.974713	1796	47.0	0.7230769231	0.01558049226	0.010880825	0.014658835	0.095486246	1.012731997	47.0	0.1774525566
A02_bin.55	ANI95_cluster_00034	A06_bin.107	False	d__Bacteria;p__Bacteroidota;c__Bacteroidia;o__Bacteroidales;f__Marinifilaceae;g__Odoribacter;s__Odoribacter splanchnicus	Bacteria	Bacteroidota	Bacteroidia	Bacteroidales	Marinifilaceae	Odoribacter	Odoribacter splanchnicus	95.7	0.81	3526875	168	30353	43.751395	3036	50.0	0.7692307692	0.0108442258	0.009492542	0.012090894	0.03438076	0.7048746767	50.0	0.2185919131
A02_bin.58	ANI95_cluster_00231	D08_bin.97	False	d__Bacteria;p__Bacteroidota;c__Bacteroidia;o__Bacteroidales;f__Tannerellaceae;g__Parabacteroides;s__Parabacteroides merdae	Bacteria	Bacteroidota	Bacteroidia	Bacteroidales	Tannerellaceae	Parabacteroides	Parabacteroides merdae	83.78	0.38	3277893	65	78727	45.857293	2639	41.0	0.6307692308	0.02350404502	0.015362773	0.028519137	0.17599763	1.527762926	41.0	0.2843089478
A02_bin.69	ANI95_cluster_00415	H05_bin.43	False	d__Bacteria;p__Bacillota;c__Clostridia;o__Lachnospirales;f__Lachnospiraceae;g__Roseburia;s__Roseburia rectalis	Bacteria	Bacillota	Clostridia	Lachnospirales	Lachnospiraceae	Roseburia	Roseburia rectalis	99.52	0.48	2670908	45	112365	41.667927	2445	49.0	0.7538461538	0.02651094279	0.014021518	0.01767501	0.4586053	1.723211281	49.0	0.2102304298
A02_bin.80	ANI95_cluster_00194	D01_bin.67	False	d__Bacteria;p__Actinomycetota;c__Coriobacteriia;o__Coriobacteriales;f__Coriobacteriaceae;g__Collinsella;s__Collinsella sp905215825	Bacteria	Actinomycetota	Coriobacteriia	Coriobacteriales	Coriobacteriaceae	Collinsella	Collinsella sp905215825	94.35	0.81	2006762	48	65843	60.171111	1729	34.0	0.5230769231	0.02893807921	0.005754794	0.0176489595	0.9605212	1.880975148	34.0	0.1318605953
A02_bin.81	ANI95_cluster_00358	G07_bin.107	False	d__Bacteria;p__Bacillota;c__Clostridia;o__Lachnospirales;f__Lachnospiraceae;g__Roseburia;s__Roseburia faecis	Bacteria	Bacillota	Clostridia	Lachnospirales	Lachnospiraceae	Roseburia	Roseburia faecis	82.76	6.9	3060205	78	90579	43.724816	2897	43.0	0.6615384615	0.04286880235	0.023521185	0.038303792	0.60059375	2.786472152	43.0	0.2401655026
A03_bin.12	ANI95_cluster_00419	H06_bin.61	False	d__Bacteria;p__Bacillota;c__Clostridia;o__Lachnospirales;f__Lachnospiraceae;g__Fusicatenibacter;s__Fusicatenibacter saccharivorans	Bacteria	Bacillota	Clostridia	Lachnospirales	Lachnospiraceae	Fusicatenibacter	Fusicatenibacter saccharivorans	95.15	2.11	2729931	96	55862	48.629691	2422	60.0	0.9230769231	0.02587612373	0.01367068	0.015222849	0.15150382	1.681948043	60.0	0.3074417579
A03_bin.14	ANI95_cluster_00346	G05_bin.13	False	d__Bacteria;p__Bacillota;c__Clostridia;o__Oscillospirales;f__Acutalibacteraceae;g__Ruminococcoides;s__Ruminococcoides intestinale	Bacteria	Bacillota	Clostridia	Oscillospirales	Acutalibacteraceae	Ruminococcoides	Ruminococcoides intestinale	98.66	1.01	2132451	18	349395	40.559431	2001	41.0	0.6307692308	0.04537851494	0.011121371	0.044184946	0.5152227	2.949603471	41.0	0.2181599691
A03_bin.15	ANI95_cluster_00013	A03_bin.15	True	d__Bacteria;p__Pseudomonadota;c__Gammaproteobacteria;o__Burkholderiales;f__Burkholderiaceae_F;g__Mesosutterella;s__Mesosutterella massiliensis	Bacteria	Pseudomonadota	Gammaproteobacteria	Burkholderiales	Burkholderiaceae_F	Mesosutterella	Mesosutterella massiliensis	96.88	0.0	2408386	22	212817	57.240202	2126	9.0	0.1384615385	0.1452467844	0.0	0.03671674	7.3489985	9.441040988	9.0	0.09612238954
A03_bin.17	ANI95_cluster_00014	A03_bin.17	True	d__Bacteria;p__Bacillota;c__Clostridia;o__Lachnospirales;f__Lachnospiraceae;g__Eubacterium_G;s__Eubacterium_G ventriosum	Bacteria	Bacillota	Clostridia	Lachnospirales	Lachnospiraceae	Eubacterium_G	Eubacterium_G ventriosum	92.1	4.08	3697454	829	5826	34.667909	4196	45.0	0.6923076923	0.03575507244	0.010835041	0.02397886	0.6520328	2.324079709	44.0	0.2378085691
A03_bin.18	ANI95_cluster_00083	B04_bin.18	False	d__Bacteria;p__Bacteroidota;c__Bacteroidia;o__Bacteroidales;f__Rikenellaceae;g__Alistipes;s__Alistipes onderdonkii	Bacteria	Bacteroidota	Bacteroidia	Bacteroidales	Rikenellaceae	Alistipes	Alistipes onderdonkii	95.77	0.58	2965784	39	118237	58.854016	2433	56.0	0.8615384615	0.1310824091	0.04317201	0.052359887	0.96047306	8.520356593	56.0	0.5254071775
A03_bin.19	ANI95_cluster_00424	H07_bin.23	False	d__Bacteria;p__Bacillota;c__Clostridia;o__Oscillospirales;f__Ruminococcaceae;g__Faecalibacterium;s__Faecalibacterium longum	Bacteria	Bacillota	Clostridia	Oscillospirales	Ruminococcaceae	Faecalibacterium	Faecalibacterium longum	90.45	7.82	2124457	137	22209	59.624742	1992	55.0	0.8461538462	0.0495105199	0.024549954	0.0274686	1.3175757	3.218183793	55.0	0.2947386254
A03_bin.2	ANI95_cluster_00053	A09_bin.36	False	d__Bacteria;p__Bacillota;c__Clostridia;o__Oscillospirales;f__Oscillospiraceae;g__Oscillibacter;s__Oscillibacter segnis	Bacteria	Bacillota	Clostridia	Oscillospirales	Oscillospiraceae	Oscillibacter	Oscillibacter segnis	91.95	0.4	2191459	121	29136	58.222308	2190	50.0	0.7692307692	0.02670954701	0.020513546	0.029278385	0.24642561	1.736120555	50.0	0.2318774843
A03_bin.20	ANI95_cluster_00193	D01_bin.64	False	d__Bacteria;p__Bacteroidota;c__Bacteroidia;o__Bacteroidales;f__Bacteroidaceae;g__Bacteroides;s__Bacteroides uniformis	Bacteria	Bacteroidota	Bacteroidia	Bacteroidales	Bacteroidaceae	Bacteroides	Bacteroides uniformis	93.57	0.46	3851964	49	117946	46.624839	3141	63.0	0.9692307692	0.1534916992	0.09298251	0.09436316	1.7288363	9.976960446	63.0	0.5705296805
A03_bin.21	ANI95_cluster_00015	A03_bin.21	True	d__Bacteria;p__Bacillota;c__Clostridia;o__Lachnospirales;f__Lachnospiraceae;g__Hominisplanchenecus;s__Hominisplanchenecus faecis	Bacteria	Bacillota	Clostridia	Lachnospirales	Lachnospiraceae	Hominisplanchenecus	Hominisplanchenecus faecis	86.91	0.27	2168407	101	32888	45.069952	1836	34.0	0.5230769231	0.02252721571	0.004432896	0.0191727095	0.54024845	1.464269021	34.0	0.1763256398
A03_bin.22	ANI95_cluster_00263	E06_bin.63	False	d__Bacteria;p__Bacillota;c__Clostridia;o__Lachnospirales;f__Lachnospiraceae;g__Eubacterium_F;s__Eubacterium_F sp003491505	Bacteria	Bacillota	Clostridia	Lachnospirales	Lachnospiraceae	Eubacterium_F	Eubacterium_F sp003491505	93.29	0.0	2466621	43	88226	40.774606	2248	38.0	0.5846153846	0.01478739149	0.0058637005	0.0112688585	0.3199185	0.9611804468	38.0	0.1616369808
A03_bin.28	ANI95_cluster_00155	C05_bin.117	False	d__Bacteria;p__Bacillota;c__Clostridia;o__Lachnospirales;f__Lachnospiraceae;g__Gallintestinimicrobium;s__Gallintestinimicrobium propionicum	Bacteria	Bacillota	Clostridia	Lachnospirales	Lachnospiraceae	Gallintestinimicrobium	Gallintestinimicrobium propionicum	96.22	1.34	3043533	87	73893	48.016664	2736	45.0	0.6923076923	0.02069497751	0.0099885985	0.016842248	0.19081853	1.345173538	45.0	0.194425341
A03_bin.30	ANI95_cluster_00217	D07_bin.25	False	d__Bacteria;p__Actinomycetota;c__Coriobacteriia;o__Coriobacteriales;f__Eggerthellaceae;g__Adlercreutzia;s__Adlercreutzia rubneri	Bacteria	Actinomycetota	Coriobacteriia	Coriobacteriales	Eggerthellaceae	Adlercreutzia	Adlercreutzia rubneri	95.56	5.91	2848152	382	12769	63.520486	2637	41.0	0.6307692308	0.01407018366	0.0052538165	0.008687712	0.17118074	0.914561938	41.0	0.1620236118
A03_bin.31	ANI95_cluster_00139	C02_bin.32	False	d__Bacteria;p__Bacillota;c__Clostridia;o__Lachnospirales;f__Lachnospiraceae;g__Coprococcus_C;s__Coprococcus_C hominis	Bacteria	Bacillota	Clostridia	Lachnospirales	Lachnospiraceae	Coprococcus_C	Coprococcus_C hominis	88.59	0.0	2489830	18	229638	44.323227	2277	20.0	0.3076923077	0.01564204689	0.0	0.0249555035	0.26339585	1.016733048	20.0	0.1382051494
A03_bin.33	ANI95_cluster_00358	G07_bin.107	False	d__Bacteria;p__Bacillota;c__Clostridia;o__Lachnospirales;f__Lachnospiraceae;g__Roseburia;s__Roseburia faecis	Bacteria	Bacillota	Clostridia	Lachnospirales	Lachnospiraceae	Roseburia	Roseburia faecis	98.01	2.73	3138917	93	98574	43.312232	3046	40.0	0.6153846154	0.02880478058	0.013166526	0.0285766465	0.300563	1.872310738	40.0	0.2290728982
A03_bin.36	ANI95_cluster_00016	A03_bin.36	True	d__Bacteria;p__Bacillota;c__Clostridia;o__Lachnospirales;f__Lachnospiraceae;g__Jutongia;s__Jutongia sp003524945	Bacteria	Bacillota	Clostridia	Lachnospirales	Lachnospiraceae	Jutongia	Jutongia sp003524945	97.99	0.67	3018020	51	87870	46.004168	2666	3.0	0.04615384615	0.01629199448	0.0	0.22360252	0.8226716	1.058979641	3.0	0.03346081215
A03_bin.40	ANI95_cluster_00277	F01_bin.44	False	d__Bacteria;p__Bacillota;c__Clostridia;o__Lachnospirales;f__Lachnospiraceae;g__Roseburia;s__Roseburia intestinalis	Bacteria	Bacillota	Clostridia	Lachnospirales	Lachnospiraceae	Roseburia	Roseburia intestinalis	91.3	2.05	3135401	60	96499	43.074458	2788	38.0	0.5846153846	0.05693542203	0.006870709	0.03487432	0.7751141	3.700802432	38.0	0.271441232
A03_bin.43	ANI95_cluster_00413	H05_bin.38	False	d__Bacteria;p__Bacteroidota;c__Bacteroidia;o__Bacteroidales;f__Tannerellaceae;g__Parabacteroides;s__Parabacteroides distasonis	Bacteria	Bacteroidota	Bacteroidia	Bacteroidales	Tannerellaceae	Parabacteroides	Parabacteroides distasonis	88.44	0.38	3936649	39	137579	45.307418	3229	44.0	0.6769230769	0.02006049768	0.009181952	0.013309719	0.21929073	1.303932349	44.0	0.2219852007
A03_bin.45	ANI95_cluster_00309	F07_bin.42	False	d__Bacteria;p__Bacillota;c__Clostridia;o__Lachnospirales;f__Lachnospiraceae;g__Lachnospira;s__Lachnospira eligens_A	Bacteria	Bacillota	Clostridia	Lachnospirales	Lachnospiraceae	Lachnospira	Lachnospira eligens_A	92.62	0.0	2661122	43	113745	37.522556	2479	29.0	0.4461538462	0.01865354868	0.0	0.0116590075	0.7002325	1.212480665	29.0	0.1188686055
A03_bin.47	ANI95_cluster_00231	D08_bin.97	False	d__Bacteria;p__Bacteroidota;c__Bacteroidia;o__Bacteroidales;f__Tannerellaceae;g__Parabacteroides;s__Parabacteroides merdae	Bacteria	Bacteroidota	Bacteroidia	Bacteroidales	Tannerellaceae	Parabacteroides	Parabacteroides merdae	93.04	6.9	3645666	64	85557	45.487189	2925	41.0	0.6307692308	0.02270526395	0.021882433	0.027691426	0.18136841	1.475842157	41.0	0.2496705794
A03_bin.5	ANI95_cluster_00017	A03_bin.5	True	d__Bacteria;p__Cyanobacteriota;c__Vampirovibrionia;o__Gastranaerophilales;f__Gastranaerophilaceae;g__Stercorousia;s__Stercorousia sp958449715	Bacteria	Cyanobacteriota	Vampirovibrionia	Gastranaerophilales	Gastranaerophilaceae	Stercorousia	Stercorousia sp958449715	88.03	0.85	1924745	14	282708	30.474219	1978	1.0	0.01538461538	0.01105866462	0.0	0.7188132	0.7188132	0.7188132	1.0	0.01538377631
A03_bin.59	ANI95_cluster_00021	A04_bin.93	False	d__Bacteria;p__Bacillota;c__Clostridia;o__Oscillospirales;f__Ruminococcaceae;g__Gemmiger;s__Gemmiger qucibialis	Bacteria	Bacillota	Clostridia	Oscillospirales	Ruminococcaceae	Gemmiger	Gemmiger qucibialis	91.36	1.13	2377751	276	11713	56.427187	2176	48.0	0.7384615385	0.01914973343	0.017256498	0.0209527605	0.13162827	1.244732673	48.0	0.1947976715
A03_bin.63	ANI95_cluster_00350	G05_bin.67	False	d__Bacteria;p__Bacteroidota;c__Bacteroidia;o__Bacteroidales;f__Marinifilaceae;g__Butyricimonas;s__Butyricimonas paravirosa	Bacteria	Bacteroidota	Bacteroidia	Bacteroidales	Marinifilaceae	Butyricimonas	Butyricimonas paravirosa	88.48	0.54	4392460	694	8520	43.023112	3989	17.0	0.2615384615	0.007836276666	0.0	0.018322933	0.074071035	0.5093579833	17.0	0.117182624
A03_bin.66	ANI95_cluster_00184	C08_bin.68	False	d__Bacteria;p__Bacteroidota;c__Bacteroidia;o__Bacteroidales;f__Bacteroidaceae;g__Paraprevotella;s__Paraprevotella clara	Bacteria	Bacteroidota	Bacteroidia	Bacteroidales	Bacteroidaceae	Paraprevotella	Paraprevotella clara	96.65	0.0	3703795	38	175531	48.373412	2913	12.0	0.1846153846	0.01983384163	0.0	0.053241982	0.56770456	1.289199706	12.0	0.09994877815
A03_bin.68	ANI95_cluster_00018	A03_bin.68	True	d__Bacteria;p__Bacillota;c__Clostridia;o__Lachnospirales;f__Lachnospiraceae;g__Roseburia;s__Roseburia hominis	Bacteria	Bacillota	Clostridia	Lachnospirales	Lachnospiraceae	Roseburia	Roseburia hominis	99.28	0.24	2999146	57	74671	49.657102	2678	37.0	0.5692307692	0.0314518993	0.005819654	0.012764198	1.0803558	2.044373455	37.0	0.1754379155
A03_bin.7	ANI95_cluster_00085	B04_bin.33	False	d__Bacteria;p__Bacillota;c__Clostridia;o__UBA1381;f__UBA1381;g__Hominilimicola;s__Hominilimicola fabiformis	Bacteria	Bacillota	Clostridia	UBA1381	UBA1381	Hominilimicola	Hominilimicola fabiformis	80.26	0.81	1722083	513	3810	38.504764	1966	47.0	0.7230769231	0.0133684867	0.0084726	0.01413413	0.09435664	0.8689516354	47.0	0.2154737748
A03_bin.75	ANI95_cluster_00169	C06_bin.11	False	d__Bacteria;p__Bacillota;c__Clostridia;o__Lachnospirales;f__Lachnospiraceae;g__Anthropogastromicrobium;s__Anthropogastromicrobium aceti	Bacteria	Bacillota	Clostridia	Lachnospirales	Lachnospiraceae	Anthropogastromicrobium	Anthropogastromicrobium aceti	93.51	2.87	3291706	224	28721	41.035591	2909	48.0	0.7384615385	0.01418159196	0.0098176915	0.01296030175	0.16334759	0.9218034771	48.0	0.2005701177
A03_bin.77	ANI95_cluster_00191	D01_bin.36	False	d__Bacteria;p__Bacillota;c__Clostridia;o__Oscillospirales;f__Butyricicoccaceae;g__Agathobaculum;s__Agathobaculum butyriciproducens	Bacteria	Bacillota	Clostridia	Oscillospirales	Butyricicoccaceae	Agathobaculum	Agathobaculum butyriciproducens	85.02	2.01	1908787	356	6842	56.098716	1956	53.0	0.8153846154	0.01871493826	0.01072166	0.012612615	0.25210837	1.216470987	53.0	0.2338618425
A04_bin.11	ANI95_cluster_00373	G08_bin.9	False	d__Bacteria;p__Bacillota;c__Clostridia;o__Oscillospirales;f__Ruminococcaceae;g__Faecalibacterium;s__Faecalibacterium taiwanense	Bacteria	Bacillota	Clostridia	Oscillospirales	Ruminococcaceae	Faecalibacterium	Faecalibacterium taiwanense	87.11	4.6	2110978	340	8324	57.947548	2148	63.0	0.9692307692	0.0683197133	0.04308861	0.043315355	0.33788502	4.440781364	62.0	0.4736909183
A04_bin.15	ANI95_cluster_00406	H04_bin.57	False	d__Bacteria;p__Bacillota;c__Clostridia;o__Oscillospirales;f__Ruminococcaceae;g__Gemmiger;s__Gemmiger formicilis	Bacteria	Bacillota	Clostridia	Oscillospirales	Ruminococcaceae	Gemmiger	Gemmiger formicilis	93.54	1.36	2394854	135	37301	60.575008	2085	50.0	0.7692307692	0.02026299686	0.0115725165	0.0144297975	0.16500169	1.317094796	50.0	0.2083756895
A04_bin.2	ANI95_cluster_00371	G08_bin.86	False	d__Bacteria;p__Bacillota;c__Clostridia;o__Oscillospirales;f__Oscillospiraceae;g__JAZOXB01;s__JAZOXB01 sp040096185	Bacteria	Bacillota	Clostridia	Oscillospirales	Oscillospiraceae	JAZOXB01	JAZOXB01 sp040096185	85.52	2.91	1846475	317	7122	62.253537	1764	50.0	0.7692307692	0.02604152724	0.01550111	0.024466819	0.2153194	1.692699271	50.0	0.3021054226
A04_bin.21	ANI95_cluster_00061	B01_bin.9	False	d__Bacteria;p__Verrucomicrobiota;c__Verrucomicrobiia;o__Verrucomicrobiales;f__Akkermansiaceae;g__Akkermansia;s__Akkermansia muciniphila	Bacteria	Verrucomicrobiota	Verrucomicrobiia	Verrucomicrobiales	Akkermansiaceae	Akkermansia	Akkermansia muciniphila	97.96	1.36	2727007	22	230429	55.330624	2300	27.0	0.4153846154	0.03563725231	0.0	0.022101665	0.6263286	2.3164214	27.0	0.1571437171
A04_bin.22	ANI95_cluster_00364	G08_bin.17	False	d__Bacteria;p__Bacillota;c__Clostridia;o__Oscillospirales;f__Oscillospiraceae;g__Hominicoprocola;s__Hominicoprocola sp900317525	Bacteria	Bacillota	Clostridia	Oscillospirales	Oscillospiraceae	Hominicoprocola	Hominicoprocola sp900317525	84.2	2.51	1690232	135	18740	62.078046	1691	42.0	0.6461538462	0.0255239866	0.006382146	0.012832787	0.8681919	1.659059129	42.0	0.1657587645
A04_bin.29	ANI95_cluster_00086	B04_bin.53	False	d__Bacteria;p__Bacillota;c__Clostridia;o__Oscillospirales;f__Oscillospiraceae;g__Lawsonibacter;s__Lawsonibacter asaccharolyticus	Bacteria	Bacillota	Clostridia	Oscillospirales	Oscillospiraceae	Lawsonibacter	Lawsonibacter asaccharolyticus	80.86	3.47	1660713	74	30386	63.158595	1614	54.0	0.8307692308	0.01767480462	0.010332093	0.0127399305	0.11821634	1.1488623	54.0	0.3018920016
A04_bin.3	ANI95_cluster_00194	D01_bin.67	False	d__Bacteria;p__Actinomycetota;c__Coriobacteriia;o__Coriobacteriales;f__Coriobacteriaceae;g__Collinsella;s__Collinsella sp905215825	Bacteria	Actinomycetota	Coriobacteriia	Coriobacteriales	Coriobacteriaceae	Collinsella	Collinsella sp905215825	92.74	0.81	1979659	41	64139	59.933251	1684	36.0	0.5538461538	0.06256126444	0.00921135	0.0183812955	1.9883322	4.066482189	36.0	0.1259016989
A04_bin.35	ANI95_cluster_00222	D08_bin.21	False	d__Bacteria;p__Bacteroidota;c__Bacteroidia;o__Bacteroidales;f__Rikenellaceae;g__Alistipes;s__Alistipes putredinis	Bacteria	Bacteroidota	Bacteroidia	Bacteroidales	Rikenellaceae	Alistipes	Alistipes putredinis	99.2	5.77	2420085	36	90581	54.751713	2137	52.0	0.8	0.1563090695	0.0957492	0.146879675	1.3909585	10.16008952	52.0	0.4569164563
A04_bin.36	ANI95_cluster_00066	B02_bin.41	False	d__Bacteria;p__Bacillota;c__Clostridia;o__Lachnospirales;f__Lachnospiraceae;g__Dorea_A;s__Dorea_A longicatena	Bacteria	Bacillota	Clostridia	Lachnospirales	Lachnospiraceae	Dorea_A	Dorea_A longicatena	86.55	0.81	2287790	67	56320	41.811836	2172	56.0	0.8615384615	0.02903958548	0.01649409	0.018308951	0.32584316	1.887573056	56.0	0.3283480842
A04_bin.38	ANI95_cluster_00177	C07_bin.89	False	d__Bacteria;p__Desulfobacterota;c__Desulfovibrionia;o__Desulfovibrionales;f__Desulfovibrionaceae;g__Bilophila;s__Bilophila wadsworthia	Bacteria	Desulfobacterota	Desulfovibrionia	Desulfovibrionales	Desulfovibrionaceae	Bilophila	Bilophila wadsworthia	96.75	0.61	3881496	485	11119	60.320145	3534	34.0	0.5230769231	0.009006022703	0.004262986	0.010069099	0.12607276	0.5853914757	34.0	0.1444546792
A04_bin.39	ANI95_cluster_00044	A07_bin.65	False	d__Bacteria;p__Bacteroidota;c__Bacteroidia;o__Bacteroidales;f__Barnesiellaceae;g__Barnesiella;s__Barnesiella intestinihominis	Bacteria	Bacteroidota	Bacteroidia	Bacteroidales	Barnesiellaceae	Barnesiella	Barnesiella intestinihominis	98.11	0.19	3230212	30	178188	43.283815	2629	43.0	0.6615384615	0.04965059049	0.046860367	0.0614001	0.34785107	3.227288382	43.0	0.2866201472
A04_bin.45	ANI95_cluster_00231	D08_bin.97	False	d__Bacteria;p__Bacteroidota;c__Bacteroidia;o__Bacteroidales;f__Tannerellaceae;g__Parabacteroides;s__Parabacteroides merdae	Bacteria	Bacteroidota	Bacteroidia	Bacteroidales	Tannerellaceae	Parabacteroides	Parabacteroides merdae	96.15	3.08	4079199	64	90615	45.602874	3392	42.0	0.6461538462	0.02881350718	0.019108456	0.032934764	0.32740492	1.872877967	42.0	0.2643022546
A04_bin.47	ANI95_cluster_00298	F06_bin.46	False	d__Bacteria;p__Bacillota;c__Bacilli;o__Lactobacillales;f__Streptococcaceae;g__Streptococcus;s__Streptococcus thermophilus	Bacteria	Bacillota	Bacilli	Lactobacillales	Streptococcaceae	Streptococcus	Streptococcus thermophilus	92.88	1.59	1498310	222	9211	39.463128	1711	22.0	0.3384615385	0.007733093634	0.0	0.0103934915	0.0829978	0.5026510862	21.0	0.1375963682
A04_bin.50	ANI95_cluster_00290	F03_bin.40	False	d__Bacteria;p__Bacillota;c__Clostridia;o__Lachnospirales;f__Lachnospiraceae;g__Blautia_A;s__Blautia_A wexlerae	Bacteria	Bacillota	Clostridia	Lachnospirales	Lachnospiraceae	Blautia_A	Blautia_A wexlerae	96.15	5.33	3504819	370	15168	41.805611	3312	63.0	0.9692307692	0.04583555976	0.024909254	0.025649747	0.29828474	2.979311384	63.0	0.4198721463
A04_bin.56	ANI95_cluster_00383	H02_bin.17	False	d__Bacteria;p__Bacteroidota;c__Bacteroidia;o__Bacteroidales;f__Bacteroidaceae;g__Phocaeicola;s__Phocaeicola sp000432735	Bacteria	Bacteroidota	Bacteroidia	Bacteroidales	Bacteroidaceae	Phocaeicola	Phocaeicola sp000432735	87.39	1.3	2851898	57	73394	43.270061	2303	4.0	0.06153846154	0.1078186598	0.0	1.457563485	3.8105695	7.00821289	4.0	0.05664635585
A04_bin.62	ANI95_cluster_00415	H05_bin.43	False	d__Bacteria;p__Bacillota;c__Clostridia;o__Lachnospirales;f__Lachnospiraceae;g__Roseburia;s__Roseburia rectalis	Bacteria	Bacillota	Clostridia	Lachnospirales	Lachnospiraceae	Roseburia	Roseburia rectalis	92.51	0.36	2036194	160	20046	42.571091	1931	45.0	0.6923076923	0.04963852564	0.010417563	0.019970674	1.4454185	3.226504167	45.0	0.1945969259
A04_bin.63	ANI95_cluster_00083	B04_bin.18	False	d__Bacteria;p__Bacteroidota;c__Bacteroidia;o__Bacteroidales;f__Rikenellaceae;g__Alistipes;s__Alistipes onderdonkii	Bacteria	Bacteroidota	Bacteroidia	Bacteroidales	Rikenellaceae	Alistipes	Alistipes onderdonkii	87.82	3.85	2705916	25	156811	58.218991	2268	56.0	0.8615384615	0.1293422532	0.044040464	0.054594571	0.9057585	8.407246456	56.0	0.4987988211
A04_bin.71	ANI95_cluster_00019	A04_bin.71	True	d__Bacteria;p__Bacteroidota;c__Bacteroidia;o__Bacteroidales;f__Rikenellaceae;g__Alistipes_A;s__Alistipes_A ihumii	Bacteria	Bacteroidota	Bacteroidia	Bacteroidales	Rikenellaceae	Alistipes_A	Alistipes_A ihumii	100.0	0.0	2573674	26	185410	58.162145	2087	25.0	0.3846153846	0.01973977271	0.0	0.016609093	0.53600603	1.283085226	25.0	0.1484433306
A04_bin.72	ANI95_cluster_00020	A04_bin.72	True	d__Bacteria;p__Bacillota;c__Clostridia;o__Lachnospirales;f__Lachnospiraceae;g__Eubacterium_G;s__Eubacterium_G segne	Bacteria	Bacillota	Clostridia	Lachnospirales	Lachnospiraceae	Eubacterium_G	Eubacterium_G segne	80.77	0.89	1937642	418	5705	35.408657	2019	22.0	0.3384615385	0.01011524299	0.0	0.0103481925	0.22911614	0.6574907944	22.0	0.1025831411
A04_bin.76	ANI95_cluster_00184	C08_bin.68	False	d__Bacteria;p__Bacteroidota;c__Bacteroidia;o__Bacteroidales;f__Bacteroidaceae;g__Paraprevotella;s__Paraprevotella clara	Bacteria	Bacteroidota	Bacteroidia	Bacteroidales	Bacteroidaceae	Paraprevotella	Paraprevotella clara	99.26	0.0	3616003	33	229201	48.522167	2875	12.0	0.1846153846	0.01692406349	0.0	0.061823953	0.29881716	1.100064127	12.0	0.1101899694
A04_bin.8	ANI95_cluster_00050	A08_bin.91	False	d__Bacteria;p__Bacillota;c__Clostridia;o__Lachnospirales;f__Lachnospiraceae;g__Anaerostipes;s__Anaerostipes amylophilus	Bacteria	Bacillota	Clostridia	Lachnospirales	Lachnospiraceae	Anaerostipes	Anaerostipes amylophilus	89.49	3.36	2050026	187	16662	37.155821	2078	34.0	0.5230769231	0.01423272668	0.0035899803	0.0190390375	0.098878436	0.9251272345	34.0	0.2000542228
A04_bin.81	ANI95_cluster_00204	D05_bin.15	False	d__Bacteria;p__Bacteroidota;c__Bacteroidia;o__Bacteroidales;f__Coprobacteraceae;g__Coprobacter;s__Coprobacter fastidiosus	Bacteria	Bacteroidota	Bacteroidia	Bacteroidales	Coprobacteraceae	Coprobacter	Coprobacter fastidiosus	94.96	1.13	3274141	185	26368	38.406959	2692	23.0	0.3538461538	0.008645236569	0.0	0.015277569	0.16380858	0.561940377	23.0	0.122567391
A04_bin.91	ANI95_cluster_00034	A06_bin.107	False	d__Bacteria;p__Bacteroidota;c__Bacteroidia;o__Bacteroidales;f__Marinifilaceae;g__Odoribacter;s__Odoribacter splanchnicus	Bacteria	Bacteroidota	Bacteroidia	Bacteroidales	Marinifilaceae	Odoribacter	Odoribacter splanchnicus	99.19	0.0	4104683	58	129346	43.414534	3306	51.0	0.7846153846	0.01085688482	0.007551594	0.01003125	0.06748724	0.7056975132	51.0	0.2231922797
A04_bin.93	ANI95_cluster_00021	A04_bin.93	True	d__Bacteria;p__Bacillota;c__Clostridia;o__Oscillospirales;f__Ruminococcaceae;g__Gemmiger;s__Gemmiger qucibialis	Bacteria	Bacillota	Clostridia	Oscillospirales	Ruminococcaceae	Gemmiger	Gemmiger qucibialis	99.32	0.68	2569107	225	15877	56.438327	2199	48.0	0.7384615385	0.0184886075	0.012127013	0.0167711955	0.2507777	1.201759487	47.0	0.2319896849
A05_bin.1	ANI95_cluster_00280	F02_bin.31	False	d__Bacteria;p__Verrucomicrobiota;c__Verrucomicrobiia;o__Verrucomicrobiales;f__Akkermansiaceae;g__Akkermansia;s__Akkermansia massiliensis	Bacteria	Verrucomicrobiota	Verrucomicrobiia	Verrucomicrobiales	Akkermansiaceae	Akkermansia	Akkermansia massiliensis	80.9	0.68	2411291	21	136452	57.854983	2020	12.0	0.1846153846	0.02730089562	0.0	0.14294372	0.34774816	1.774558215	12.0	0.155709874
A05_bin.101	ANI95_cluster_00361	G07_bin.85	False	d__Bacteria;p__Bacillota;c__Clostridia;o__Christensenellales;f__Aristaeellaceae;g__UBA11524;s__UBA11524 sp000437595	Bacteria	Bacillota	Clostridia	Christensenellales	Aristaeellaceae	UBA11524	UBA11524 sp000437595	98.6	1.17	3074796	97	49342	57.972074	2625	31.0	0.4769230769	0.019898347	0.0	0.022182051	0.3951875	1.293392555	31.0	0.1179483871
A05_bin.102	ANI95_cluster_00022	A05_bin.102	True	d__Bacteria;p__Bacillota;c__Clostridia;o__Oscillospirales;f__Ruminococcaceae;g__Porcipelethomonas;s__Porcipelethomonas ammoniilytica	Bacteria	Bacillota	Clostridia	Oscillospirales	Ruminococcaceae	Porcipelethomonas	Porcipelethomonas ammoniilytica	97.99	0.67	2522564	91	90012	36.833000	2465	12.0	0.1846153846	0.01134017693	0.0	0.0366955815	0.30744416	0.7371115005	12.0	0.09601021323
A05_bin.109	ANI95_cluster_00023	A05_bin.109	True	d__Bacteria;p__Bacteroidota;c__Bacteroidia;o__Bacteroidales;f__Bacteroidaceae;g__Bacteroides;s__Bacteroides sp900755095	Bacteria	Bacteroidota	Bacteroidia	Bacteroidales	Bacteroidaceae	Bacteroides	Bacteroides sp900755095	93.43	1.02	5855880	97	103481	41.695851	4586	62.0	0.9538461538	0.1710815349	0.07325411	0.07790877	1.052548	11.12029977	62.0	0.5220836534
A05_bin.111	ANI95_cluster_00413	H05_bin.38	False	d__Bacteria;p__Bacteroidota;c__Bacteroidia;o__Bacteroidales;f__Tannerellaceae;g__Parabacteroides;s__Parabacteroides distasonis	Bacteria	Bacteroidota	Bacteroidia	Bacteroidales	Tannerellaceae	Parabacteroides	Parabacteroides distasonis	93.81	0.0	4454890	55	127151	45.199769	3683	48.0	0.7384615385	0.01419970026	0.008504728	0.01310508	0.077370726	0.9229805172	48.0	0.2307853882
A05_bin.113	ANI95_cluster_00173	C07_bin.25	False	d__Bacteria;p__Bacillota;c__Clostridia;o__Lachnospirales;f__Lachnospiraceae;g__Anaerobutyricum;s__Anaerobutyricum hallii	Bacteria	Bacillota	Clostridia	Lachnospirales	Lachnospiraceae	Anaerobutyricum	Anaerobutyricum hallii	97.32	2.37	3448839	209	30565	38.355661	3097	59.0	0.9076923077	0.0274500039	0.016654864	0.017729009	0.1936562	1.784250253	59.0	0.3194439739
A05_bin.115	ANI95_cluster_00024	A05_bin.115	True	d__Bacteria;p__Bacillota;c__Negativicutes;o__Veillonellales;f__Dialisteraceae;g__UBA5809;s__UBA5809 sp002417965	Bacteria	Bacillota	Negativicutes	Veillonellales	Dialisteraceae	UBA5809	UBA5809 sp002417965	100.0	0.0	2034471	35	160410	47.871511	1982	1.0	0.01538461538	0.01164331615	0.0	0.75681555	0.75681555	0.75681555	1.0	0.01538424462
A05_bin.117	ANI95_cluster_00281	F02_bin.63	False	d__Bacteria;p__Actinomycetota;c__Actinomycetes;o__Actinomycetales;f__Bifidobacteriaceae;g__Bifidobacterium;s__Bifidobacterium bifidum	Bacteria	Actinomycetota	Actinomycetes	Actinomycetales	Bifidobacteriaceae	Bifidobacterium	Bifidobacterium bifidum	99.54	3.57	2275035	57	62007	62.779430	1920	18.0	0.2769230769	0.01602143824	0.0	0.0253099015	0.27937436	1.041393485	18.0	0.1269387865
A05_bin.119	ANI95_cluster_00021	A04_bin.93	False	d__Bacteria;p__Bacillota;c__Clostridia;o__Oscillospirales;f__Ruminococcaceae;g__Gemmiger;s__Gemmiger qucibialis	Bacteria	Bacillota	Clostridia	Oscillospirales	Ruminococcaceae	Gemmiger	Gemmiger qucibialis	89.53	0.91	2552155	284	12933	56.329220	2318	49.0	0.7538461538	0.01645786222	0.014558611	0.015844427	0.07803063	1.069761044	49.0	0.2254174757
A05_bin.12	ANI95_cluster_00286	F03_bin.13	False	d__Bacteria;p__Bacteroidota;c__Bacteroidia;o__Bacteroidales;f__Rikenellaceae;g__Alistipes;s__Alistipes finegoldii	Bacteria	Bacteroidota	Bacteroidia	Bacteroidales	Rikenellaceae	Alistipes	Alistipes finegoldii	94.96	0.0	2919185	41	98113	58.609201	2458	50.0	0.7692307692	0.09465106898	0.034522846	0.049681872	1.0200783	6.152319484	50.0	0.3971175285
A05_bin.123	ANI95_cluster_00274	E07_bin.94	False	d__Bacteria;p__Bacillota;c__Clostridia;o__Lachnospirales;f__Anaerotignaceae;g__Anaerotignum_A;s__Anaerotignum_A faecicola	Bacteria	Bacillota	Clostridia	Lachnospirales	Anaerotignaceae	Anaerotignum_A	Anaerotignum_A faecicola	93.96	0.0	1933665	48	55849	47.991922	1885	30.0	0.4615384615	0.01027526977	0.0	0.017365489	0.1339277	0.6678925351	30.0	0.1481477197
A05_bin.15	ANI95_cluster_00025	A05_bin.15	True	d__Bacteria;p__Bacillota;c__Clostridia;o__Lachnospirales;f__Lachnospiraceae;g__Coprococcus_A;s__Coprococcus_A intestinihominis	Bacteria	Bacillota	Clostridia	Lachnospirales	Lachnospiraceae	Coprococcus_A	Coprococcus_A intestinihominis	97.32	0.67	2637005	45	86863	43.843413	2426	58.0	0.8923076923	0.05276119388	0.03543386	0.042135913	0.4849758	3.429477602	58.0	0.5696220977
A05_bin.19	ANI95_cluster_00231	D08_bin.97	False	d__Bacteria;p__Bacteroidota;c__Bacteroidia;o__Bacteroidales;f__Tannerellaceae;g__Parabacteroides;s__Parabacteroides merdae	Bacteria	Bacteroidota	Bacteroidia	Bacteroidales	Tannerellaceae	Parabacteroides	Parabacteroides merdae	98.28	9.66	4271580	58	107718	45.447188	3582	41.0	0.6307692308	0.02469715047	0.015374153	0.030168345	0.21441069	1.605314781	41.0	0.2585295248
A05_bin.33	ANI95_cluster_00026	A05_bin.33	True	d__Bacteria;p__Bacillota;c__Clostridia;o__Peptostreptococcales;f__Anaerovoracaceae;g__Fimisoma;s__Fimisoma sp900754795	Bacteria	Bacillota	Clostridia	Peptostreptococcales	Anaerovoracaceae	Fimisoma	Fimisoma sp900754795	96.28	0.0	1736452	99	28331	48.057879	1711	1.0	0.01538461538	0.003685922769	0.0	0.23958498	0.23958498	0.23958498	1.0	0.01538075231
A05_bin.34	ANI95_cluster_00288	F03_bin.29	False	d__Bacteria;p__Bacteroidota;c__Bacteroidia;o__Bacteroidales;f__Bacteroidaceae;g__Bacteroides;s__Bacteroides cellulosilyticus	Bacteria	Bacteroidota	Bacteroidia	Bacteroidales	Bacteroidaceae	Bacteroides	Bacteroides cellulosilyticus	81.04	0.56	5556858	83	121489	42.895859	4174	38.0	0.5846153846	0.0760923304	0.009691787	0.0538129075	0.8278656	4.946001476	38.0	0.2873379878
A05_bin.35	ANI95_cluster_00263	E06_bin.63	False	d__Bacteria;p__Bacillota;c__Clostridia;o__Lachnospirales;f__Lachnospiraceae;g__Eubacterium_F;s__Eubacterium_F sp003491505	Bacteria	Bacillota	Clostridia	Lachnospirales	Lachnospiraceae	Eubacterium_F	Eubacterium_F sp003491505	97.15	0.0	2743617	55	114059	40.721682	2526	39.0	0.6	0.01655855919	0.006963645	0.014256861	0.24453114	1.076306347	39.0	0.1864449297
A05_bin.36	ANI95_cluster_00143	C03_bin.49	False	d__Bacteria;p__Actinomycetota;c__Actinomycetes;o__Actinomycetales;f__Bifidobacteriaceae;g__Bifidobacterium;s__Bifidobacterium longum	Bacteria	Actinomycetota	Actinomycetes	Actinomycetales	Bifidobacteriaceae	Bifidobacterium	Bifidobacterium longum	97.5	1.76	2191171	62	58853	60.107449	1878	53.0	0.8153846154	0.0247464481	0.012860964	0.015020773	0.28468966	1.608519127	53.0	0.3054948878
A05_bin.39	ANI95_cluster_00355	G06_bin.24	False	d__Bacteria;p__Bacillota;c__Clostridia;o__Oscillospirales;f__Oscillospiraceae;g__CAG-170;s__CAG-170 sp000432135	Bacteria	Bacillota	Clostridia	Oscillospirales	Oscillospiraceae	CAG-170	CAG-170 sp000432135	94.63	1.9	2667881	198	23016	58.166950	2607	38.0	0.5846153846	0.0352914466	0.010519629	0.0263669825	0.88547945	2.293944029	38.0	0.2073396443
A05_bin.42	ANI95_cluster_00343	G04_bin.89	False	d__Bacteria;p__Bacillota_I;c__Bacilli_A;o__RF39;f__UBA660;g__CAG-302;s__CAG-302 sp934162325	Bacteria	Bacillota_I	Bacilli_A	RF39	UBA660	CAG-302	CAG-302 sp934162325	92.13	3.37	1341915	57	43526	26.122072	1414	17.0	0.2615384615	0.01818924371	0.0	0.013163647	0.4406004	1.182300841	17.0	0.1064293721
A05_bin.45	ANI95_cluster_00415	H05_bin.43	False	d__Bacteria;p__Bacillota;c__Clostridia;o__Lachnospirales;f__Lachnospiraceae;g__Roseburia;s__Roseburia rectalis	Bacteria	Bacillota	Clostridia	Lachnospirales	Lachnospiraceae	Roseburia	Roseburia rectalis	98.79	0.0	2648305	47	94189	41.654228	2434	47.0	0.7230769231	0.02025013109	0.011150303	0.015819134	0.13757016	1.316258521	47.0	0.2156270823
A05_bin.47	ANI95_cluster_00027	A05_bin.47	True	d__Bacteria;p__Actinomycetota;c__Coriobacteriia;o__Coriobacteriales;f__Eggerthellaceae;g__UMGS1519;s__UMGS1519 sp900552585	Bacteria	Actinomycetota	Coriobacteriia	Coriobacteriales	Eggerthellaceae	UMGS1519	UMGS1519 sp900552585	99.19	0.0	2049626	22	162915	61.277862	1782	2.0	0.03076923077	0.01465627323	0.0	0.47632888	0.58301586	0.95265776	2.0	0.03075584
A05_bin.49	ANI95_cluster_00028	A05_bin.49	True	d__Bacteria;p__Bacillota;c__Bacilli;o__Lactobacillales;f__Streptococcaceae;g__Streptococcus;s__Streptococcus salivarius_D	Bacteria	Bacillota	Bacilli	Lactobacillales	Streptococcaceae	Streptococcus	Streptococcus salivarius_D	96.27	2.06	1971623	108	28244	39.967225	1880	32.0	0.4923076923	0.01964117992	0.0	0.0103876895	0.37563294	1.276676695	32.0	0.1728965429
A05_bin.5	ANI95_cluster_00029	A05_bin.5	True	d__Archaea;p__Methanobacteriota;c__Methanobacteria;o__Methanobacteriales;f__Methanobacteriaceae;g__Methanocatella;s__Methanocatella smithii	Archaea	Methanobacteriota	Methanobacteria	Methanobacteriales	Methanobacteriaceae	Methanocatella	Methanocatella smithii	100.0	0.0	1800533	24	135760	31.116675	1775	16.0	0.2461538462	0.01227844395	0.0	0.030036339	0.32099235	0.7980988566	16.0	0.1171098694
A05_bin.50	ANI95_cluster_00215	D06_bin.80	False	d__Bacteria;p__Bacillota;c__Clostridia;o__Christensenellales;f__CAG-138;g__SFEL01;s__SFEL01 sp004557245	Bacteria	Bacillota	Clostridia	Christensenellales	CAG-138	SFEL01	SFEL01 sp004557245	97.58	1.88	1894005	87	35158	53.560893	1835	21.0	0.3230769231	0.01000811586	0.0	0.01479627	0.18203716	0.6505275306	21.0	0.1123317569
A05_bin.57	ANI95_cluster_00419	H06_bin.61	False	d__Bacteria;p__Bacillota;c__Clostridia;o__Lachnospirales;f__Lachnospiraceae;g__Fusicatenibacter;s__Fusicatenibacter saccharivorans	Bacteria	Bacillota	Clostridia	Lachnospirales	Lachnospiraceae	Fusicatenibacter	Fusicatenibacter saccharivorans	91.35	2.78	2766986	267	16594	48.712896	2608	60.0	0.9230769231	0.02209287304	0.013232166	0.0150311195	0.08693904	1.436036748	60.0	0.3084835985
A05_bin.58	ANI95_cluster_00403	H04_bin.32	False	d__Bacteria;p__Bacillota;c__Clostridia;o__Oscillospirales;f__Oscillospiraceae;g__Evtepia;s__Evtepia excrementipullorum	Bacteria	Bacillota	Clostridia	Oscillospirales	Oscillospiraceae	Evtepia	Evtepia excrementipullorum	80.86	6.01	1912240	493	4663	63.150651	2152	15.0	0.2307692308	0.01335184699	0.0	0.050610125	0.14406067	0.8678700542	15.0	0.1352134594
A05_bin.65	ANI95_cluster_00406	H04_bin.57	False	d__Bacteria;p__Bacillota;c__Clostridia;o__Oscillospirales;f__Ruminococcaceae;g__Gemmiger;s__Gemmiger formicilis	Bacteria	Bacillota	Clostridia	Oscillospirales	Ruminococcaceae	Gemmiger	Gemmiger formicilis	91.71	5.3	2305442	395	7301	60.832023	2245	53.0	0.8153846154	0.02018522836	0.014926709	0.017133396	0.15371528	1.312039844	52.0	0.196398003
A05_bin.79	ANI95_cluster_00030	A05_bin.79	True	d__Bacteria;p__Bacillota;c__Clostridia;o__Oscillospirales;f__Acutalibacteraceae;g__Fimenecus;s__Fimenecus sp000432435	Bacteria	Bacillota	Clostridia	Oscillospirales	Acutalibacteraceae	Fimenecus	Fimenecus sp000432435	97.99	0.34	1910177	20	150194	44.487186	1794	19.0	0.2923076923	0.109099805	0.0	0.11265369	3.4672015	7.091487325	19.0	0.2015653551
A05_bin.88	ANI95_cluster_00424	H07_bin.23	False	d__Bacteria;p__Bacillota;c__Clostridia;o__Oscillospirales;f__Ruminococcaceae;g__Faecalibacterium;s__Faecalibacterium longum	Bacteria	Bacillota	Clostridia	Oscillospirales	Ruminococcaceae	Faecalibacterium	Faecalibacterium longum	98.51	5.1	2273979	77	50469	59.709786	2063	58.0	0.8923076923	0.03309061271	0.022561602	0.024924409	0.51232415	2.150889826	58.0	0.2696184628
A05_bin.89	ANI95_cluster_00053	A09_bin.36	False	d__Bacteria;p__Bacillota;c__Clostridia;o__Oscillospirales;f__Oscillospiraceae;g__Oscillibacter;s__Oscillibacter segnis	Bacteria	Bacillota	Clostridia	Oscillospirales	Oscillospiraceae	Oscillibacter	Oscillibacter segnis	93.59	4.81	2455545	349	10576	57.732927	2556	48.0	0.7384615385	0.02835801607	0.021550043	0.0337279925	0.11089009	1.843271045	48.0	0.2718992392
A05_bin.9	ANI95_cluster_00031	A05_bin.9	True	d__Bacteria;p__Bacillota;c__Bacilli;o__Lactobacillales;f__Lactobacillaceae;g__Limosilactobacillus;s__Limosilactobacillus reuteri	Bacteria	Bacillota	Bacilli	Lactobacillales	Lactobacillaceae	Limosilactobacillus	Limosilactobacillus reuteri	88.59	2.98	1821249	65	48401	38.733474	1851	1.0	0.01538461538	0.01867569231	0.0	1.21392	1.21392	1.21392	1.0	0.01538333154
A05_bin.91	ANI95_cluster_00032	A05_bin.91	True	d__Bacteria;p__Bacillota;c__Clostridia;o__Peptostreptococcales;f__Anaerovoracaceae;g__CAG-238;s__CAG-238 sp900542245	Bacteria	Bacillota	Clostridia	Peptostreptococcales	Anaerovoracaceae	CAG-238	CAG-238 sp900542245	92.86	2.48	2404929	305	10344	51.760447	2443	40.0	0.6153846154	0.0205062809	0.014533404	0.0246224485	0.26317507	1.332908259	40.0	0.2519513368
A05_bin.92	ANI95_cluster_00033	A05_bin.92	True	d__Bacteria;p__Bacillota;c__Bacilli;o__Lactobacillales;f__Lactobacillaceae;g__Lacticaseibacillus;s__Lacticaseibacillus paracasei	Bacteria	Bacillota	Bacilli	Lactobacillales	Lactobacillaceae	Lacticaseibacillus	Lacticaseibacillus paracasei	85.19	1.49	2494530	464	7053	46.511207	2725	2.0	0.03076923077	0.003130459338	0.0	0.1017399285	0.17796767	0.203479857	2.0	0.02303442462
A05_bin.96	ANI95_cluster_00083	B04_bin.18	False	d__Bacteria;p__Bacteroidota;c__Bacteroidia;o__Bacteroidales;f__Rikenellaceae;g__Alistipes;s__Alistipes onderdonkii	Bacteria	Bacteroidota	Bacteroidia	Bacteroidales	Rikenellaceae	Alistipes	Alistipes onderdonkii	97.68	0.48	3282716	28	259885	58.549597	2663	40.0	0.6153846154	0.07743665072	0.011084575	0.032215003	1.9128953	5.033382297	40.0	0.1764268311
A06_bin.102	ANI95_cluster_00415	H05_bin.43	False	d__Bacteria;p__Bacillota;c__Clostridia;o__Lachnospirales;f__Lachnospiraceae;g__Roseburia;s__Roseburia rectalis	Bacteria	Bacillota	Clostridia	Lachnospirales	Lachnospiraceae	Roseburia	Roseburia rectalis	94.04	3.15	2152373	222	15193	42.680939	2080	49.0	0.7538461538	0.02142916111	0.010682534	0.01556813	0.23788488	1.392895472	49.0	0.2072046775
A06_bin.103	ANI95_cluster_00275	E08_bin.65	False	d__Bacteria;p__Bacillota_I;c__Bacilli_A;o__RFN20;f__CAG-288;g__CAG-345;s__CAG-345 sp000433315	Bacteria	Bacillota_I	Bacilli_A	RFN20	CAG-288	CAG-345	CAG-345 sp000433315	97.75	0.0	1573670	19	143756	29.287398	1408	12.0	0.1846153846	0.02883603268	0.0	0.041607043	0.7838606	1.874342124	12.0	0.100538583
A06_bin.104	ANI95_cluster_00290	F03_bin.40	False	d__Bacteria;p__Bacillota;c__Clostridia;o__Lachnospirales;f__Lachnospiraceae;g__Blautia_A;s__Blautia_A wexlerae	Bacteria	Bacillota	Clostridia	Lachnospirales	Lachnospiraceae	Blautia_A	Blautia_A wexlerae	86.92	4.43	3770921	407	16250	41.215581	3686	63.0	0.9692307692	0.04209558326	0.026425388	0.02646241	0.19307734	2.736212912	63.0	0.3679213838
A06_bin.106	ANI95_cluster_00139	C02_bin.32	False	d__Bacteria;p__Bacillota;c__Clostridia;o__Lachnospirales;f__Lachnospiraceae;g__Coprococcus_C;s__Coprococcus_C hominis	Bacteria	Bacillota	Clostridia	Lachnospirales	Lachnospiraceae	Coprococcus_C	Coprococcus_C hominis	97.99	0.0	2553417	64	57464	44.654007	2347	20.0	0.3076923077	0.01441920298	0.0	0.0266915835	0.21343137	0.937248194	20.0	0.1438423955
A06_bin.107	ANI95_cluster_00034	A06_bin.107	True	d__Bacteria;p__Bacteroidota;c__Bacteroidia;o__Bacteroidales;f__Marinifilaceae;g__Odoribacter;s__Odoribacter splanchnicus	Bacteria	Bacteroidota	Bacteroidia	Bacteroidales	Marinifilaceae	Odoribacter	Odoribacter splanchnicus	99.46	0.0	4192519	47	162827	43.392123	3409	50.0	0.7692307692	0.01091768374	0.0072074314	0.009478478	0.07250641	0.7096494431	50.0	0.2215118312
A06_bin.108	ANI95_cluster_00035	A06_bin.108	True	d__Bacteria;p__Bacillota;c__Clostridia;o__Oscillospirales;f__Ruminococcaceae;g__Angelakisella;s__Angelakisella sp900547385	Bacteria	Bacillota	Clostridia	Oscillospirales	Ruminococcaceae	Angelakisella	Angelakisella sp900547385	82.49	0.0	1783453	186	13246	57.442781	1721	16.0	0.2461538462	0.0316517632	0.0	0.076824465	0.5289589	2.057364608	16.0	0.1567993265
A06_bin.17	ANI95_cluster_00302	F06_bin.75	False	d__Bacteria;p__Bacillota;c__Clostridia;o__Oscillospirales;f__Oscillospiraceae;g__Hominicoprocola;s__Hominicoprocola fusiformis	Bacteria	Bacillota	Clostridia	Oscillospirales	Oscillospiraceae	Hominicoprocola	Hominicoprocola fusiformis	96.64	2.01	2118580	66	45870	58.970726	2050	48.0	0.7384615385	0.03400362417	0.01671407	0.02178787	0.3159196	2.210235571	48.0	0.2380251302
A06_bin.20	ANI95_cluster_00036	A06_bin.20	True	d__Bacteria;p__Bacillota_I;c__Bacilli_A;o__RF39;f__UBA660;g__CAG-582;s__CAG-582 sp000435515	Bacteria	Bacillota_I	Bacilli_A	RF39	UBA660	CAG-582	CAG-582 sp000435515	92.7	3.93	1384592	31	78592	26.996256	1442	3.0	0.04615384615	0.01482865325	0.0	0.02050038	0.93003005	0.963862461	3.0	0.02506175677
A06_bin.22	ANI95_cluster_00277	F01_bin.44	False	d__Bacteria;p__Bacillota;c__Clostridia;o__Lachnospirales;f__Lachnospiraceae;g__Roseburia;s__Roseburia intestinalis	Bacteria	Bacillota	Clostridia	Lachnospirales	Lachnospiraceae	Roseburia	Roseburia intestinalis	88.31	0.6	2959853	93	53693	43.090349	2656	37.0	0.5692307692	0.05801303643	0.008140536	0.039403457	0.7531463	3.770847368	37.0	0.2751276864
A06_bin.27	ANI95_cluster_00193	D01_bin.64	False	d__Bacteria;p__Bacteroidota;c__Bacteroidia;o__Bacteroidales;f__Bacteroidaceae;g__Bacteroides;s__Bacteroides uniformis	Bacteria	Bacteroidota	Bacteroidia	Bacteroidales	Bacteroidaceae	Bacteroides	Bacteroides uniformis	87.98	1.12	4139246	53	187322	46.399175	3419	63.0	0.9692307692	0.1617816993	0.09811437	0.099465966	1.4864943	10.51581046	63.0	0.6261951768
A06_bin.30	ANI95_cluster_00037	A06_bin.30	True	d__Bacteria;p__Bacillota;c__Clostridia;o__Lachnospirales;f__Lachnospiraceae;g__Eubacterium_U;s__Eubacterium_U album	Bacteria	Bacillota	Clostridia	Lachnospirales	Lachnospiraceae	Eubacterium_U	Eubacterium_U album	98.66	1.34	3048016	135	64691	32.517087	2836	25.0	0.3846153846	0.01449462485	0.0	0.018212032	0.45525667	0.9421506155	25.0	0.1126209605
A06_bin.31	ANI95_cluster_00038	A06_bin.31	True	d__Bacteria;p__Bacillota;c__Clostridia;o__Lachnospirales;f__Lachnospiraceae;g__Oliverpabstia;s__Oliverpabstia intestinalis	Bacteria	Bacillota	Clostridia	Lachnospirales	Lachnospiraceae	Oliverpabstia	Oliverpabstia intestinalis	88.32	1.6	2496925	294	13398	45.018493	2341	50.0	0.7692307692	0.07537496499	0.035208873	0.050890985	0.5920831	4.899372724	50.0	0.4890772283
A06_bin.35	ANI95_cluster_00119	B06_bin.9	False	d__Bacteria;p__Pseudomonadota;c__Gammaproteobacteria;o__Burkholderiales;f__Burkholderiaceae_F;g__Duodenibacillus;s__Duodenibacillus intestinigallinarum	Bacteria	Pseudomonadota	Gammaproteobacteria	Burkholderiales	Burkholderiaceae_F	Duodenibacillus	Duodenibacillus intestinigallinarum	80.0	0.62	1506472	19	131391	56.009670	1349	5.0	0.07692307692	0.02137834526	0.0	0.060567748	1.0981574	1.389592442	5.0	0.03572369062
A06_bin.37	ANI95_cluster_00019	A04_bin.71	False	d__Bacteria;p__Bacteroidota;c__Bacteroidia;o__Bacteroidales;f__Rikenellaceae;g__Alistipes_A;s__Alistipes_A ihumii	Bacteria	Bacteroidota	Bacteroidia	Bacteroidales	Rikenellaceae	Alistipes_A	Alistipes_A ihumii	83.97	2.52	1992386	488	4682	59.336143	1967	25.0	0.3846153846	0.01292402047	0.0	0.018808454	0.15152475	0.8400613306	25.0	0.1550661914
A06_bin.41	ANI95_cluster_00039	A06_bin.41	True	d__Bacteria;p__Bacillota;c__Clostridia;o__Christensenellales;f__CAG-917;g__CAG-475;s__CAG-475 sp000434435	Bacteria	Bacillota	Clostridia	Christensenellales	CAG-917	CAG-475	CAG-475 sp000434435	85.46	0.0	1696435	30	73945	46.727815	1412	3.0	0.04615384615	0.03071693231	0.0	0.4222517	1.4559448	1.9966006	3.0	0.04251541062
A06_bin.42	ANI95_cluster_00061	B01_bin.9	False	d__Bacteria;p__Verrucomicrobiota;c__Verrucomicrobiia;o__Verrucomicrobiales;f__Akkermansiaceae;g__Akkermansia;s__Akkermansia muciniphila	Bacteria	Verrucomicrobiota	Verrucomicrobiia	Verrucomicrobiales	Akkermansiaceae	Akkermansia	Akkermansia muciniphila	96.6	0.85	2661631	130	30310	55.724591	2331	26.0	0.4	0.03082746249	0.0	0.03461447	0.62269926	2.003785062	26.0	0.1510975277
A06_bin.43	ANI95_cluster_00083	B04_bin.18	False	d__Bacteria;p__Bacteroidota;c__Bacteroidia;o__Bacteroidales;f__Rikenellaceae;g__Alistipes;s__Alistipes onderdonkii	Bacteria	Bacteroidota	Bacteroidia	Bacteroidales	Rikenellaceae	Alistipes	Alistipes onderdonkii	81.19	1.44	2233027	106	31610	59.649122	1870	56.0	0.8615384615	0.1357690066	0.048922144	0.06697274	0.98737097	8.82498543	56.0	0.4570122494
A06_bin.44	ANI95_cluster_00186	C08_bin.86	False	d__Bacteria;p__Bacillota;c__Negativicutes;o__Acidaminococcales;f__Acidaminococcaceae;g__Phascolarctobacterium;s__Phascolarctobacterium faecium	Bacteria	Bacillota	Negativicutes	Acidaminococcales	Acidaminococcaceae	Phascolarctobacterium	Phascolarctobacterium faecium	99.38	2.1	2243813	25	201021	43.891180	2099	15.0	0.2307692308	0.04151287597	0.0	0.07244115	1.1960019	2.698336938	15.0	0.1489126968
A06_bin.46	ANI95_cluster_00133	B09_bin.61	False	d__Bacteria;p__Bacillota;c__Clostridia;o__Oscillospirales;f__Ruminococcaceae;g__Hominimerdicola;s__Hominimerdicola aceti	Bacteria	Bacillota	Clostridia	Oscillospirales	Ruminococcaceae	Hominimerdicola	Hominimerdicola aceti	98.63	0.0	2614270	59	69867	43.038324	2375	36.0	0.5538461538	0.02074158566	0.006359806	0.0136907725	0.5565682	1.348203068	36.0	0.1323926514
A06_bin.47	ANI95_cluster_00155	C05_bin.117	False	d__Bacteria;p__Bacillota;c__Clostridia;o__Lachnospirales;f__Lachnospiraceae;g__Gallintestinimicrobium;s__Gallintestinimicrobium propionicum	Bacteria	Bacillota	Clostridia	Lachnospirales	Lachnospiraceae	Gallintestinimicrobium	Gallintestinimicrobium propionicum	97.0	3.07	2662855	241	18110	49.169256	2484	43.0	0.6615384615	0.01719475042	0.0074635847	0.014089865	0.14340492	1.117658777	43.0	0.1911164064
A06_bin.50	ANI95_cluster_00021	A04_bin.93	False	d__Bacteria;p__Bacillota;c__Clostridia;o__Oscillospirales;f__Ruminococcaceae;g__Gemmiger;s__Gemmiger qucibialis	Bacteria	Bacillota	Clostridia	Oscillospirales	Ruminococcaceae	Gemmiger	Gemmiger qucibialis	96.37	1.36	2375895	231	15190	56.541598	2043	48.0	0.7384615385	0.01681309062	0.0082834605	0.0130397495	0.3196728	1.09285089	48.0	0.2127141154
A06_bin.57	ANI95_cluster_00361	G07_bin.85	False	d__Bacteria;p__Bacillota;c__Clostridia;o__Christensenellales;f__Aristaeellaceae;g__UBA11524;s__UBA11524 sp000437595	Bacteria	Bacillota	Clostridia	Christensenellales	Aristaeellaceae	UBA11524	UBA11524 sp000437595	98.6	1.28	2790939	92	45344	58.446064	2370	27.0	0.4153846154	0.02461077482	0.0	0.03005209	0.29121616	1.599700363	27.0	0.1698922291
A06_bin.60	ANI95_cluster_00189	D01_bin.23	False	d__Bacteria;p__Bacillota;c__Clostridia;o__Lachnospirales;f__Lachnospiraceae;g__Anaerostipes;s__Anaerostipes hadrus	Bacteria	Bacillota	Clostridia	Lachnospirales	Lachnospiraceae	Anaerostipes	Anaerostipes hadrus	93.29	4.7	2540857	90	40579	37.114840	2494	59.0	0.9076923077	0.04324042022	0.015965536	0.017138239	0.47221938	2.810627315	59.0	0.3473393145
A06_bin.61	ANI95_cluster_00250	E04_bin.14	False	d__Bacteria;p__Bacillota;c__Clostridia;o__Oscillospirales;f__Acutalibacteraceae;g__CAG-177;s__CAG-177 sp003538135	Bacteria	Bacillota	Clostridia	Oscillospirales	Acutalibacteraceae	CAG-177	CAG-177 sp003538135	93.36	0.0	2115991	86	42879	52.240251	1949	3.0	0.04615384615	0.005405625985	0.0	0.062040713	0.25161368	0.351365689	3.0	0.02726437385
A06_bin.64	ANI95_cluster_00053	A09_bin.36	False	d__Bacteria;p__Bacillota;c__Clostridia;o__Oscillospirales;f__Oscillospiraceae;g__Oscillibacter;s__Oscillibacter segnis	Bacteria	Bacillota	Clostridia	Oscillospirales	Oscillospiraceae	Oscillibacter	Oscillibacter segnis	92.32	6.4	2146720	296	10050	58.306393	2233	46.0	0.7076923077	0.02675252279	0.020527808	0.030096072	0.17577015	1.738913982	46.0	0.2630334577
A06_bin.67	ANI95_cluster_00180	C08_bin.28	False	d__Bacteria;p__Bacillota;c__Clostridia;o__Oscillospirales;f__Ruminococcaceae;g__Faecalibacterium;s__Faecalibacterium butyricigenerans	Bacteria	Bacillota	Clostridia	Oscillospirales	Ruminococcaceae	Faecalibacterium	Faecalibacterium butyricigenerans	91.77	2.72	2135855	165	20837	60.736473	2032	48.0	0.7384615385	0.04204362754	0.015903719	0.026667556	0.3997941	2.73283579	48.0	0.2642819645
A06_bin.69	ANI95_cluster_00113	B06_bin.6	False	d__Bacteria;p__Cyanobacteriota;c__Vampirovibrionia;o__Gastranaerophilales;f__Gastranaerophilaceae;g__CAG-196;s__CAG-196 sp002102975	Bacteria	Cyanobacteriota	Vampirovibrionia	Gastranaerophilales	Gastranaerophilaceae	CAG-196	CAG-196 sp002102975	80.34	0.0	1992280	29	125415	35.125033	1962	13.0	0.2	0.02573796404	0.0	0.024319353	1.1229713	1.672967663	13.0	0.08869101
A06_bin.76	ANI95_cluster_00231	D08_bin.97	False	d__Bacteria;p__Bacteroidota;c__Bacteroidia;o__Bacteroidales;f__Tannerellaceae;g__Parabacteroides;s__Parabacteroides merdae	Bacteria	Bacteroidota	Bacteroidia	Bacteroidales	Tannerellaceae	Parabacteroides	Parabacteroides merdae	97.56	0.38	3999189	56	123373	45.468044	3240	41.0	0.6307692308	0.02728257016	0.020318532	0.031587273	0.18819502	1.773367061	41.0	0.2769479695
A06_bin.8	ANI95_cluster_00395	H03_bin.22	False	d__Bacteria;p__Bacillota;c__Clostridia;o__Oscillospirales;f__Oscillospiraceae;g__Faecousia;s__Faecousia sp000434635	Bacteria	Bacillota	Clostridia	Oscillospirales	Oscillospiraceae	Faecousia	Faecousia sp000434635	98.28	9.64	2265011	203	17117	56.943874	2226	33.0	0.5076923077	0.02293184641	0.0071618767	0.026541986	0.44329792	1.490570017	33.0	0.1724057382
A06_bin.83	ANI95_cluster_00040	A06_bin.83	True	d__Bacteria;p__Bacillota;c__Clostridia;o__Lachnospirales;f__Lachnospiraceae;g__CAG-194;s__CAG-194 sp000432915	Bacteria	Bacillota	Clostridia	Lachnospirales	Lachnospiraceae	CAG-194	CAG-194 sp000432915	91.51	0.97	2329179	98	37841	44.760879	2109	5.0	0.07692307692	0.008345345523	0.0	0.021618892	0.25162545	0.542447459	5.0	0.04101693508
A06_bin.91	ANI95_cluster_00267	E06_bin.85	False	d__Bacteria;p__Bacteroidota;c__Bacteroidia;o__Bacteroidales;f__Rikenellaceae;g__Alistipes;s__Alistipes shahii	Bacteria	Bacteroidota	Bacteroidia	Bacteroidales	Rikenellaceae	Alistipes	Alistipes shahii	83.41	0.64	2320934	66	57392	60.155308	1926	45.0	0.6923076923	0.0601568662	0.03757643	0.05990479	0.35548759	3.910196303	45.0	0.4057038178
A06_bin.92	ANI95_cluster_00222	D08_bin.21	False	d__Bacteria;p__Bacteroidota;c__Bacteroidia;o__Bacteroidales;f__Rikenellaceae;g__Alistipes;s__Alistipes putredinis	Bacteria	Bacteroidota	Bacteroidia	Bacteroidales	Rikenellaceae	Alistipes	Alistipes putredinis	81.04	0.24	1885666	27	122551	54.525033	1711	51.0	0.7846153846	0.1346149703	0.08420618	0.12906256	1.8315873	8.749973071	51.0	0.4386459425
A06_bin.97	ANI95_cluster_00328	G01_bin.76	False	d__Bacteria;p__Pseudomonadota;c__Alphaproteobacteria;o__RF32;f__CAG-239;g__Scatacola_A;s__Scatacola_A faecigallinarum	Bacteria	Pseudomonadota	Alphaproteobacteria	RF32	CAG-239	Scatacola_A	Scatacola_A faecigallinarum	87.1	0.0	1627131	46	54466	49.552003	1633	9.0	0.1384615385	0.06165166573	0.0	0.036796197	2.8237226	4.007358272	9.0	0.05306935031
A07_bin.17	ANI95_cluster_00021	A04_bin.93	False	d__Bacteria;p__Bacillota;c__Clostridia;o__Oscillospirales;f__Ruminococcaceae;g__Gemmiger;s__Gemmiger qucibialis	Bacteria	Bacillota	Clostridia	Oscillospirales	Ruminococcaceae	Gemmiger	Gemmiger qucibialis	82.53	0.85	2301304	502	5841	56.463509	2194	52.0	0.8	0.01328706343	0.009644258	0.01133182775	0.11815416	0.8636591227	51.0	0.2007928622
A07_bin.18	ANI95_cluster_00280	F02_bin.31	False	d__Bacteria;p__Verrucomicrobiota;c__Verrucomicrobiia;o__Verrucomicrobiales;f__Akkermansiaceae;g__Akkermansia;s__Akkermansia massiliensis	Bacteria	Verrucomicrobiota	Verrucomicrobiia	Verrucomicrobiales	Akkermansiaceae	Akkermansia	Akkermansia massiliensis	92.18	0.0	2860792	80	56281	58.529421	2405	12.0	0.1846153846	0.02714908785	0.0	0.123231882	0.36645007	1.76469071	12.0	0.1568014502
A07_bin.2	ANI95_cluster_00008	A01_bin.69	False	d__Bacteria;p__Actinomycetota;c__Coriobacteriia;o__Coriobacteriales;f__Eggerthellaceae;g__Anaerotardibacter;s__Anaerotardibacter sp000435675	Bacteria	Actinomycetota	Coriobacteriia	Coriobacteriales	Eggerthellaceae	Anaerotardibacter	Anaerotardibacter sp000435675	92.74	0.81	1515428	31	62368	54.173276	1309	18.0	0.2769230769	0.01776910429	0.0	0.010979228	0.48445782	1.154991779	18.0	0.07691662123
A07_bin.20	ANI95_cluster_00217	D07_bin.25	False	d__Bacteria;p__Actinomycetota;c__Coriobacteriia;o__Coriobacteriales;f__Eggerthellaceae;g__Adlercreutzia;s__Adlercreutzia rubneri	Bacteria	Actinomycetota	Coriobacteriia	Coriobacteriales	Eggerthellaceae	Adlercreutzia	Adlercreutzia rubneri	95.36	0.0	2490123	68	67810	63.580313	2136	42.0	0.6461538462	0.01424250165	0.0047482736	0.006942327	0.17669985	0.9257626074	42.0	0.176929797
A07_bin.23	ANI95_cluster_00416	H06_bin.1	False	d__Bacteria;p__Bacillota;c__Clostridia;o__Oscillospirales;f__Oscillospiraceae;g__Vescimonas;s__Vescimonas sp000435975	Bacteria	Bacillota	Clostridia	Oscillospirales	Oscillospiraceae	Vescimonas	Vescimonas sp000435975	83.9	1.79	1700031	294	7510	62.022751	1769	12.0	0.1846153846	0.01406250797	0.0	0.0297344905	0.3012757	0.914063018	12.0	0.09426037254
A07_bin.24	ANI95_cluster_00267	E06_bin.85	False	d__Bacteria;p__Bacteroidota;c__Bacteroidia;o__Bacteroidales;f__Rikenellaceae;g__Alistipes;s__Alistipes shahii	Bacteria	Bacteroidota	Bacteroidia	Bacteroidales	Rikenellaceae	Alistipes	Alistipes shahii	86.15	0.64	2466971	62	79385	60.319963	1995	45.0	0.6923076923	0.05449555276	0.034134082	0.049338754	0.53846854	3.54221093	45.0	0.3626842497
A07_bin.25	ANI95_cluster_00041	A07_bin.25	True	d__Bacteria;p__Bacteroidota;c__Bacteroidia;o__Bacteroidales;f__Bacteroidaceae;g__Paraprevotella;s__Paraprevotella xylaniphila	Bacteria	Bacteroidota	Bacteroidia	Bacteroidales	Bacteroidaceae	Paraprevotella	Paraprevotella xylaniphila	96.16	0.74	3510087	31	198022	48.604408	2721	2.0	0.03076923077	0.01796185854	0.0	0.5837604025	1.1488267	1.167520805	2.0	0.02106390031
A07_bin.27	ANI95_cluster_00042	A07_bin.27	True	d__Bacteria;p__Bacillota;c__Negativicutes;o__Acidaminococcales;f__Acidaminococcaceae;g__Fusicatenibacter_A;s__Fusicatenibacter_A intestinipullorum	Bacteria	Bacillota	Negativicutes	Acidaminococcales	Acidaminococcaceae	Fusicatenibacter_A	Fusicatenibacter_A intestinipullorum	99.4	0.6	1815208	15	170527	45.979689	1731	6.0	0.09230769231	0.02172619952	0.0	0.039860484	1.2008599	1.412202968	6.0	0.04708732646
A07_bin.28	ANI95_cluster_00231	D08_bin.97	False	d__Bacteria;p__Bacteroidota;c__Bacteroidia;o__Bacteroidales;f__Tannerellaceae;g__Parabacteroides;s__Parabacteroides merdae	Bacteria	Bacteroidota	Bacteroidia	Bacteroidales	Tannerellaceae	Parabacteroides	Parabacteroides merdae	98.27	0.38	3797121	136	41891	45.551854	3179	41.0	0.6307692308	0.02148819282	0.019907529	0.027544029	0.16031559	1.396732533	41.0	0.2598932403
A07_bin.29	ANI95_cluster_00028	A05_bin.49	False	d__Bacteria;p__Bacillota;c__Bacilli;o__Lactobacillales;f__Streptococcaceae;g__Streptococcus;s__Streptococcus salivarius_D	Bacteria	Bacillota	Bacilli	Lactobacillales	Streptococcaceae	Streptococcus	Streptococcus salivarius_D	81.61	7.01	1477107	423	3721	40.420836	1734	28.0	0.4307692308	0.0131005295	0.0	0.0155439705	0.20207752	0.8515344178	28.0	0.1437640047
A07_bin.3	ANI95_cluster_00083	B04_bin.18	False	d__Bacteria;p__Bacteroidota;c__Bacteroidia;o__Bacteroidales;f__Rikenellaceae;g__Alistipes;s__Alistipes onderdonkii	Bacteria	Bacteroidota	Bacteroidia	Bacteroidales	Rikenellaceae	Alistipes	Alistipes onderdonkii	97.55	2.43	2901294	42	107820	58.697498	2375	56.0	0.8615384615	0.11616374	0.030902328	0.045692755	0.87300575	7.550643102	56.0	0.4939886716
A07_bin.31	ANI95_cluster_00177	C07_bin.89	False	d__Bacteria;p__Desulfobacterota;c__Desulfovibrionia;o__Desulfovibrionales;f__Desulfovibrionaceae;g__Bilophila;s__Bilophila wadsworthia	Bacteria	Desulfobacterota	Desulfovibrionia	Desulfovibrionales	Desulfovibrionaceae	Bilophila	Bilophila wadsworthia	91.66	0.59	3299290	643	6178	60.741675	3165	36.0	0.5538461538	0.008481934734	0.00506134	0.011715026	0.0754782	0.5513257577	36.0	0.1515627172
A07_bin.37	ANI95_cluster_00360	G07_bin.76	False	d__Bacteria;p__Bacteroidota;c__Bacteroidia;o__Bacteroidales;f__Bacteroidaceae;g__Phocaeicola;s__Phocaeicola coprocola	Bacteria	Bacteroidota	Bacteroidia	Bacteroidales	Bacteroidaceae	Phocaeicola	Phocaeicola coprocola	85.67	0.93	3019285	126	45739	40.710466	2594	9.0	0.1384615385	0.03611211492	0.0	0.07593732	1.097146	2.34728747	9.0	0.065552494
A07_bin.4	ANI95_cluster_00140	C02_bin.89	False	d__Bacteria;p__Bacillota;c__Clostridia;o__Oscillospirales;f__Acutalibacteraceae;g__Hominenteromicrobium;s__Hominenteromicrobium mulieris	Bacteria	Bacillota	Clostridia	Oscillospirales	Acutalibacteraceae	Hominenteromicrobium	Hominenteromicrobium mulieris	87.58	0.17	1809173	109	28946	53.726482	1737	36.0	0.5538461538	0.0133417955	0.0052996054	0.01059762875	0.17358314	0.8672167076	36.0	0.1394211434
A07_bin.40	ANI95_cluster_00043	A07_bin.40	True	d__Bacteria;p__Bacillota;c__Clostridia;o__Oscillospirales;f__Butyricicoccaceae;g__Agathobaculum;s__Agathobaculum hominis	Bacteria	Bacillota	Clostridia	Oscillospirales	Butyricicoccaceae	Agathobaculum	Agathobaculum hominis	92.62	0.22	2171300	100	31541	58.569889	2059	35.0	0.5384615385	0.02213110227	0.005903118	0.019265596	0.36443973	1.438521647	35.0	0.2071901195
A07_bin.44	ANI95_cluster_00080	B03_bin.77	False	d__Bacteria;p__Bacillota;c__Clostridia;o__Oscillospirales;f__Ruminococcaceae;g__Faecalibacterium;s__Faecalibacterium duncaniae	Bacteria	Bacillota	Clostridia	Oscillospirales	Ruminococcaceae	Faecalibacterium	Faecalibacterium duncaniae	88.0	5.1	2074438	297	9384	59.148647	2054	58.0	0.8923076923	0.1190101303	0.049686328	0.062858669	0.7671221	7.735658467	57.0	0.4692586774
A07_bin.5	ANI95_cluster_00146	C04_bin.103	False	d__Bacteria;p__Bacillota;c__Clostridia;o__Oscillospirales;f__Acutalibacteraceae;g__CAG-177;s__CAG-177 sp003514385	Bacteria	Bacillota	Clostridia	Oscillospirales	Acutalibacteraceae	CAG-177	CAG-177 sp003514385	90.11	0.36	1841600	288	8777	52.127009	1906	15.0	0.2307692308	0.01197045935	0.0	0.018753208	0.24226402	0.7780798576	15.0	0.0660837824
A07_bin.50	ANI95_cluster_00034	A06_bin.107	False	d__Bacteria;p__Bacteroidota;c__Bacteroidia;o__Bacteroidales;f__Marinifilaceae;g__Odoribacter;s__Odoribacter splanchnicus	Bacteria	Bacteroidota	Bacteroidia	Bacteroidales	Marinifilaceae	Odoribacter	Odoribacter splanchnicus	97.31	0.0	4118639	70	92339	43.735807	3396	51.0	0.7846153846	0.01211145551	0.0077230167	0.010578258	0.079647675	0.787244608	51.0	0.2200811168
A07_bin.52	ANI95_cluster_00189	D01_bin.23	False	d__Bacteria;p__Bacillota;c__Clostridia;o__Lachnospirales;f__Lachnospiraceae;g__Anaerostipes;s__Anaerostipes hadrus	Bacteria	Bacillota	Clostridia	Lachnospirales	Lachnospiraceae	Anaerostipes	Anaerostipes hadrus	94.97	4.7	2914794	163	34142	36.673535	2891	59.0	0.9076923077	0.0498431456	0.018745419	0.020348946	0.5163618	3.239804464	59.0	0.3471824054
A07_bin.55	ANI95_cluster_00290	F03_bin.40	False	d__Bacteria;p__Bacillota;c__Clostridia;o__Lachnospirales;f__Lachnospiraceae;g__Blautia_A;s__Blautia_A wexlerae	Bacteria	Bacillota	Clostridia	Lachnospirales	Lachnospiraceae	Blautia_A	Blautia_A wexlerae	89.24	1.27	3618657	233	29461	41.311127	3346	63.0	0.9692307692	0.04726394211	0.028194632	0.029429728	0.28816777	3.072156237	63.0	0.4030438648
A07_bin.60	ANI95_cluster_00053	A09_bin.36	False	d__Bacteria;p__Bacillota;c__Clostridia;o__Oscillospirales;f__Oscillospiraceae;g__Oscillibacter;s__Oscillibacter segnis	Bacteria	Bacillota	Clostridia	Oscillospirales	Oscillospiraceae	Oscillibacter	Oscillibacter segnis	94.3	8.85	2176781	370	7597	58.585407	2305	46.0	0.7076923077	0.02245260575	0.014775004	0.0209017895	0.32622257	1.459419374	46.0	0.1934206815
A07_bin.61	ANI95_cluster_00406	H04_bin.57	False	d__Bacteria;p__Bacillota;c__Clostridia;o__Oscillospirales;f__Ruminococcaceae;g__Gemmiger;s__Gemmiger formicilis	Bacteria	Bacillota	Clostridia	Oscillospirales	Ruminococcaceae	Gemmiger	Gemmiger formicilis	89.03	2.27	2090870	112	29486	61.039376	1825	50.0	0.7692307692	0.02563201529	0.008040308	0.0113676675	0.49074036	1.666080994	50.0	0.1931766651
A07_bin.62	ANI95_cluster_00390	H02_bin.64	False	d__Bacteria;p__Desulfobacterota;c__Desulfovibrionia;o__Desulfovibrionales;f__Desulfovibrionaceae;g__Desulfovibrio;s__Desulfovibrio sp900556755	Bacteria	Desulfobacterota	Desulfovibrionia	Desulfovibrionales	Desulfovibrionaceae	Desulfovibrio	Desulfovibrio sp900556755	96.13	1.22	2449003	123	30159	64.020869	2136	3.0	0.04615384615	0.005787166123	0.0	0.006715391	0.36502406	0.376165798	3.0	0.018989254
A07_bin.63	ANI95_cluster_00302	F06_bin.75	False	d__Bacteria;p__Bacillota;c__Clostridia;o__Oscillospirales;f__Oscillospiraceae;g__Hominicoprocola;s__Hominicoprocola fusiformis	Bacteria	Bacillota	Clostridia	Oscillospirales	Oscillospiraceae	Hominicoprocola	Hominicoprocola fusiformis	89.93	3.19	2063679	71	49554	58.940417	2011	49.0	0.7538461538	0.03090934015	0.01529148	0.021599649	0.67074823	2.00910711	49.0	0.2298597719
A07_bin.64	ANI95_cluster_00093	B05_bin.33	False	d__Bacteria;p__Bacillota;c__Clostridia;o__Lachnospirales;f__Lachnospiraceae;g__Lachnospira;s__Lachnospira rogosae	Bacteria	Bacillota	Clostridia	Lachnospirales	Lachnospiraceae	Lachnospira	Lachnospira rogosae	87.13	0.67	2093129	477	5412	36.201209	2180	27.0	0.4153846154	0.009725653977	0.0	0.011449279	0.16482566	0.6321675085	27.0	0.1262440105
A07_bin.65	ANI95_cluster_00044	A07_bin.65	True	d__Bacteria;p__Bacteroidota;c__Bacteroidia;o__Bacteroidales;f__Barnesiellaceae;g__Barnesiella;s__Barnesiella intestinihominis	Bacteria	Bacteroidota	Bacteroidia	Bacteroidales	Barnesiellaceae	Barnesiella	Barnesiella intestinihominis	99.62	0.0	3239238	16	287444	43.466642	2594	45.0	0.6923076923	0.06278678692	0.039440963	0.07025756	0.31219056	4.081141149	45.0	0.326168696
A07_bin.69	ANI95_cluster_00221	D08_bin.102	False	d__Bacteria;p__Pseudomonadota;c__Gammaproteobacteria;o__Burkholderiales;f__Burkholderiaceae_F;g__Sutterella;s__Sutterella wadsworthensis_A	Bacteria	Pseudomonadota	Gammaproteobacteria	Burkholderiales	Burkholderiaceae_F	Sutterella	Sutterella wadsworthensis_A	80.12	0.93	2039630	106	36209	62.955095	1838	15.0	0.2307692308	0.04182793651	0.0	0.04249944	1.087756	2.718815873	15.0	0.1404978638
A07_bin.74	ANI95_cluster_00361	G07_bin.85	False	d__Bacteria;p__Bacillota;c__Clostridia;o__Christensenellales;f__Aristaeellaceae;g__UBA11524;s__UBA11524 sp000437595	Bacteria	Bacillota	Clostridia	Christensenellales	Aristaeellaceae	UBA11524	UBA11524 sp000437595	98.6	1.17	2852857	174	26270	58.400579	2421	26.0	0.4	0.01426990642	0.0	0.0195576095	0.2824853	0.9275439173	26.0	0.09219088663
A07_bin.75	ANI95_cluster_00045	A07_bin.75	True	d__Bacteria;p__Actinomycetota;c__Coriobacteriia;o__Coriobacteriales;f__Eggerthellaceae;g__Slackia;s__Slackia isoflavoniconvertens	Bacteria	Actinomycetota	Coriobacteriia	Coriobacteriales	Eggerthellaceae	Slackia	Slackia isoflavoniconvertens	100.0	0.0	2120542	43	65355	57.676905	1739	18.0	0.2769230769	0.01899915009	0.0	0.014155899	0.71523976	1.234944756	18.0	0.1184946607
A07_bin.77	ANI95_cluster_00046	A07_bin.77	True	d__Bacteria;p__Bacillota;c__Clostridia;o__Oscillospirales;f__CAG-382;g__UMGS882;s__UMGS882 sp900757905	Bacteria	Bacillota	Clostridia	Oscillospirales	CAG-382	UMGS882	UMGS882 sp900757905	85.97	1.01	2175697	464	5493	50.327826	2109	20.0	0.3076923077	0.01609790883	0.0	0.0387830875	0.232757	1.046364074	19.0	0.1775147291
A07_bin.79	ANI95_cluster_00413	H05_bin.38	False	d__Bacteria;p__Bacteroidota;c__Bacteroidia;o__Bacteroidales;f__Tannerellaceae;g__Parabacteroides;s__Parabacteroides distasonis	Bacteria	Bacteroidota	Bacteroidia	Bacteroidales	Tannerellaceae	Parabacteroides	Parabacteroides distasonis	99.18	0.38	4568086	82	93831	45.191378	3856	42.0	0.6461538462	0.01677497335	0.008313327	0.0123328695	0.15363438	1.090373268	42.0	0.2023801058
A07_bin.8	ANI95_cluster_00424	H07_bin.23	False	d__Bacteria;p__Bacillota;c__Clostridia;o__Oscillospirales;f__Ruminococcaceae;g__Faecalibacterium;s__Faecalibacterium longum	Bacteria	Bacillota	Clostridia	Oscillospirales	Ruminococcaceae	Faecalibacterium	Faecalibacterium longum	92.57	5.91	2074548	115	30607	60.033173	1954	59.0	0.9076923077	0.02955966084	0.018281987	0.02047605	0.45703205	1.921377955	59.0	0.2647775512
A07_bin.85	ANI95_cluster_00047	A07_bin.85	True	d__Bacteria;p__Bacteroidota;c__Bacteroidia;o__Bacteroidales;f__Bacteroidaceae;g__Phocaeicola;s__Phocaeicola plebeius	Bacteria	Bacteroidota	Bacteroidia	Bacteroidales	Bacteroidaceae	Phocaeicola	Phocaeicola plebeius	98.79	2.27	3405736	64	79938	44.396747	2975	7.0	0.1076923077	0.1208943953	0.0	0.108513765	4.9971757	7.858135694	7.0	0.05473756031
A07_bin.87	ANI95_cluster_00147	C04_bin.18	False	d__Bacteria;p__Bacillota_I;c__Bacilli_A;o__Erysipelotrichales;f__Erysipelotrichaceae;g__Holdemanella;s__Holdemanella sp900556915	Bacteria	Bacillota_I	Bacilli_A	Erysipelotrichales	Erysipelotrichaceae	Holdemanella	Holdemanella sp900556915	89.42	0.71	1712358	200	12432	34.450448	1825	8.0	0.1230769231	0.006237188272	0.0	0.0148713005	0.28555867	0.4054172377	8.0	0.03838416369
A07_bin.89	ANI95_cluster_00194	D01_bin.67	False	d__Bacteria;p__Actinomycetota;c__Coriobacteriia;o__Coriobacteriales;f__Coriobacteriaceae;g__Collinsella;s__Collinsella sp905215825	Bacteria	Actinomycetota	Coriobacteriia	Coriobacteriales	Coriobacteriaceae	Collinsella	Collinsella sp905215825	91.13	0.81	2044174	104	38512	60.125165	1771	36.0	0.5538461538	0.03551397606	0.007352238	0.015184731	1.1767577	2.308408444	36.0	0.1328533981
A07_bin.90	ANI95_cluster_00155	C05_bin.117	False	d__Bacteria;p__Bacillota;c__Clostridia;o__Lachnospirales;f__Lachnospiraceae;g__Gallintestinimicrobium;s__Gallintestinimicrobium propionicum	Bacteria	Bacillota	Clostridia	Lachnospirales	Lachnospiraceae	Gallintestinimicrobium	Gallintestinimicrobium propionicum	89.88	2.85	2957866	144	36290	48.650412	2775	48.0	0.7384615385	0.01943287864	0.008870378	0.0120454145	0.22164579	1.263137111	48.0	0.1905982007
A08_bin.1	ANI95_cluster_00384	H02_bin.18	False	d__Bacteria;p__Actinomycetota;c__Actinomycetes;o__Actinomycetales;f__Bifidobacteriaceae;g__Bifidobacterium;s__Bifidobacterium adolescentis	Bacteria	Actinomycetota	Actinomycetes	Actinomycetales	Bifidobacteriaceae	Bifidobacterium	Bifidobacterium adolescentis	94.39	2.39	1714367	106	28423	60.072960	1423	51.0	0.7846153846	0.1257772374	0.036636837	0.08214261	1.0622847	8.175520429	51.0	0.4977262631
A08_bin.10	ANI95_cluster_00083	B04_bin.18	False	d__Bacteria;p__Bacteroidota;c__Bacteroidia;o__Bacteroidales;f__Rikenellaceae;g__Alistipes;s__Alistipes onderdonkii	Bacteria	Bacteroidota	Bacteroidia	Bacteroidales	Rikenellaceae	Alistipes	Alistipes onderdonkii	95.03	4.62	3146499	183	32530	58.758862	2707	56.0	0.8615384615	0.1328976504	0.03478101	0.055396728	1.5384907	8.638347277	56.0	0.4013454318
A08_bin.101	ANI95_cluster_00290	F03_bin.40	False	d__Bacteria;p__Bacillota;c__Clostridia;o__Lachnospirales;f__Lachnospiraceae;g__Blautia_A;s__Blautia_A wexlerae	Bacteria	Bacillota	Clostridia	Lachnospirales	Lachnospiraceae	Blautia_A	Blautia_A wexlerae	89.49	6.74	3340800	589	7944	42.245660	3357	64.0	0.9846153846	0.04187701609	0.026723195	0.0284309965	0.2115661	2.722006046	64.0	0.4178615292
A08_bin.103	ANI95_cluster_00021	A04_bin.93	False	d__Bacteria;p__Bacillota;c__Clostridia;o__Oscillospirales;f__Ruminococcaceae;g__Gemmiger;s__Gemmiger qucibialis	Bacteria	Bacillota	Clostridia	Oscillospirales	Ruminococcaceae	Gemmiger	Gemmiger qucibialis	96.26	1.7	2411345	298	11148	56.306916	2137	45.0	0.6923076923	0.01219299702	0.008171644	0.012254087	0.08777792	0.7925448063	45.0	0.187422157
A08_bin.108	ANI95_cluster_00048	A08_bin.108	True	d__Bacteria;p__Bacillota;c__Clostridia;o__Christensenellales;f__QALW01;g__Neochristensenella;s__Neochristensenella sp003150515	Bacteria	Bacillota	Clostridia	Christensenellales	QALW01	Neochristensenella	Neochristensenella sp003150515	96.91	0.81	1870168	149	23304	48.331380	1628	4.0	0.06153846154	0.007420757262	0.0	0.1260451715	0.2257468	0.482349222	4.0	0.03911567938
A08_bin.14	ANI95_cluster_00184	C08_bin.68	False	d__Bacteria;p__Bacteroidota;c__Bacteroidia;o__Bacteroidales;f__Bacteroidaceae;g__Paraprevotella;s__Paraprevotella clara	Bacteria	Bacteroidota	Bacteroidia	Bacteroidales	Bacteroidaceae	Paraprevotella	Paraprevotella clara	95.17	0.0	3545864	55	104993	48.456032	2799	11.0	0.1692307692	0.01561598654	0.0	0.066188514	0.29441446	1.015039125	11.0	0.08735489846
A08_bin.15	ANI95_cluster_00359	G07_bin.36	False	d__Bacteria;p__Cyanobacteriota;c__Vampirovibrionia;o__Gastranaerophilales;f__Gastranaerophilaceae;g__Zag111;s__Zag111 sp002102825	Bacteria	Cyanobacteriota	Vampirovibrionia	Gastranaerophilales	Gastranaerophilaceae	Zag111	Zag111 sp002102825	88.89	1.99	1864561	71	43167	32.261428	1893	4.0	0.06153846154	0.005872136477	0.0	0.100380262	0.17378846	0.381688871	4.0	0.04119145
A08_bin.19	ANI95_cluster_00113	B06_bin.6	False	d__Bacteria;p__Cyanobacteriota;c__Vampirovibrionia;o__Gastranaerophilales;f__Gastranaerophilaceae;g__CAG-196;s__CAG-196 sp002102975	Bacteria	Cyanobacteriota	Vampirovibrionia	Gastranaerophilales	Gastranaerophilaceae	CAG-196	CAG-196 sp002102975	86.7	1.14	2079517	198	14674	35.343448	2215	13.0	0.2	0.01325063866	0.0	0.03556622	0.25126606	0.8612915126	13.0	0.08961509908
A08_bin.2	ANI95_cluster_00049	A08_bin.2	True	d__Bacteria;p__Actinomycetota;c__Coriobacteriia;o__Coriobacteriales;f__Eggerthellaceae;g__Anaerotardibacter;s__Anaerotardibacter sp000436075	Bacteria	Actinomycetota	Coriobacteriia	Coriobacteriales	Eggerthellaceae	Anaerotardibacter	Anaerotardibacter sp000436075	85.48	0.81	1499132	265	7513	53.226267	1489	27.0	0.4153846154	0.02159991475	0.0	0.030110115	0.22563241	1.403994459	27.0	0.2023305706
A08_bin.27	ANI95_cluster_00335	G03_bin.17	False	d__Bacteria;p__Bacillota;c__Clostridia;o__Oscillospirales;f__Oscillospiraceae;g__Vescimonas;s__Vescimonas sp900545585	Bacteria	Bacillota	Clostridia	Oscillospirales	Oscillospiraceae	Vescimonas	Vescimonas sp900545585	80.82	8.72	2123228	103	37953	61.238360	1978	20.0	0.3076923077	0.03277324555	0.0	0.0288284015	0.43623856	2.130260961	20.0	0.111671778
A08_bin.30	ANI95_cluster_00420	H06_bin.64	False	d__Bacteria;p__Bacillota;c__Clostridia;o__Oscillospirales;f__Ruminococcaceae;g__Ruminiclostridium_E;s__Ruminiclostridium_E siraeum	Bacteria	Bacillota	Clostridia	Oscillospirales	Ruminococcaceae	Ruminiclostridium_E	Ruminiclostridium_E siraeum	98.66	0.94	2486237	99	35401	45.220991	2184	16.0	0.2461538462	0.01001473216	0.0	0.014116925	0.160796	0.6509575902	16.0	0.07645417492
A08_bin.31	ANI95_cluster_00364	G08_bin.17	False	d__Bacteria;p__Bacillota;c__Clostridia;o__Oscillospirales;f__Oscillospiraceae;g__Hominicoprocola;s__Hominicoprocola sp900317525	Bacteria	Bacillota	Clostridia	Oscillospirales	Oscillospiraceae	Hominicoprocola	Hominicoprocola sp900317525	92.79	2.92	1818035	155	21551	61.758877	1859	42.0	0.6461538462	0.01993944638	0.010910915	0.0175264615	0.2734553	1.296064015	42.0	0.2036755815
A08_bin.32	ANI95_cluster_00177	C07_bin.89	False	d__Bacteria;p__Desulfobacterota;c__Desulfovibrionia;o__Desulfovibrionales;f__Desulfovibrionaceae;g__Bilophila;s__Bilophila wadsworthia	Bacteria	Desulfobacterota	Desulfovibrionia	Desulfovibrionales	Desulfovibrionaceae	Bilophila	Bilophila wadsworthia	97.34	0.0	3755609	247	25110	60.423702	3233	38.0	0.5846153846	0.009765287223	0.0051534874	0.0109787385	0.07754554	0.6347436695	36.0	0.1561258868
A08_bin.36	ANI95_cluster_00312	F07_bin.74	False	d__Bacteria;p__Bacillota;c__Clostridia;o__Lachnospirales;f__Lachnospiraceae;g__Coprococcus;s__Coprococcus aceti	Bacteria	Bacillota	Clostridia	Lachnospirales	Lachnospiraceae	Coprococcus	Coprococcus aceti	92.62	2.91	2554365	206	22044	44.484363	2348	19.0	0.2923076923	0.01173678916	0.0	0.019347861	0.18002	0.7628912951	19.0	0.1189786463
A08_bin.37	ANI95_cluster_00061	B01_bin.9	False	d__Bacteria;p__Verrucomicrobiota;c__Verrucomicrobiia;o__Verrucomicrobiales;f__Akkermansiaceae;g__Akkermansia;s__Akkermansia muciniphila	Bacteria	Verrucomicrobiota	Verrucomicrobiia	Verrucomicrobiales	Akkermansiaceae	Akkermansia	Akkermansia muciniphila	97.96	0.0	2626070	18	187548	55.734767	2184	25.0	0.3846153846	0.01937075709	0.0	0.028905012	0.22850579	1.259099211	25.0	0.1441692076
A08_bin.45	ANI95_cluster_00236	E01_bin.48	False	d__Bacteria;p__Bacillota;c__Clostridia;o__Monoglobales;f__Monoglobaceae;g__Ructibacterium;s__Ructibacterium sp900550775	Bacteria	Bacillota	Clostridia	Monoglobales	Monoglobaceae	Ructibacterium	Ructibacterium sp900550775	94.41	3.47	1866971	366	6514	51.171550	1892	6.0	0.09230769231	0.004394219146	0.0	0.0373633065	0.09813215	0.2856242445	6.0	0.0517572864
A08_bin.59	ANI95_cluster_00310	F07_bin.6	False	d__Bacteria;p__Bacillota;c__Clostridia;o__Oscillospirales;f__Acutalibacteraceae;g__CAG-217;s__CAG-217 sp000436335	Bacteria	Bacillota	Clostridia	Oscillospirales	Acutalibacteraceae	CAG-217	CAG-217 sp000436335	86.52	0.0	1645872	305	7127	54.451014	1734	16.0	0.2461538462	0.009189820415	0.0	0.026831058	0.08812877	0.597338327	16.0	0.09391004185
A08_bin.6	ANI95_cluster_00346	G05_bin.13	False	d__Bacteria;p__Bacillota;c__Clostridia;o__Oscillospirales;f__Acutalibacteraceae;g__Ruminococcoides;s__Ruminococcoides intestinale	Bacteria	Bacillota	Clostridia	Oscillospirales	Acutalibacteraceae	Ruminococcoides	Ruminococcoides intestinale	99.33	1.9	1920172	123	23477	41.195893	1856	40.0	0.6153846154	0.03682451323	0.010590042	0.0399332735	0.25627246	2.39359336	40.0	0.2422955628
A08_bin.63	ANI95_cluster_00413	H05_bin.38	False	d__Bacteria;p__Bacteroidota;c__Bacteroidia;o__Bacteroidales;f__Tannerellaceae;g__Parabacteroides;s__Parabacteroides distasonis	Bacteria	Bacteroidota	Bacteroidia	Bacteroidales	Tannerellaceae	Parabacteroides	Parabacteroides distasonis	98.65	0.13	4792321	59	120155	45.107830	3982	50.0	0.7692307692	0.01783623062	0.011026931	0.0147604585	0.15094423	1.15935499	50.0	0.2171853353
A08_bin.69	ANI95_cluster_00302	F06_bin.75	False	d__Bacteria;p__Bacillota;c__Clostridia;o__Oscillospirales;f__Oscillospiraceae;g__Hominicoprocola;s__Hominicoprocola fusiformis	Bacteria	Bacillota	Clostridia	Oscillospirales	Oscillospiraceae	Hominicoprocola	Hominicoprocola fusiformis	95.25	7.07	1939818	214	12329	59.489344	1964	47.0	0.7230769231	0.02146395889	0.010360153	0.016499966	0.14517249	1.395157328	47.0	0.2436758831
A08_bin.7	ANI95_cluster_00285	F03_bin.1	False	d__Bacteria;p__Bacillota;c__Clostridia;o__Lachnospirales;f__Lachnospiraceae;g__Acetatifactor;s__Acetatifactor acetigignens	Bacteria	Bacillota	Clostridia	Lachnospirales	Lachnospiraceae	Acetatifactor	Acetatifactor acetigignens	95.07	1.77	3011859	166	28341	47.260645	2766	43.0	0.6615384615	0.02379061796	0.00877686	0.01433802	0.19339941	1.546390168	43.0	0.2162468122
A08_bin.78	ANI95_cluster_00415	H05_bin.43	False	d__Bacteria;p__Bacillota;c__Clostridia;o__Lachnospirales;f__Lachnospiraceae;g__Roseburia;s__Roseburia rectalis	Bacteria	Bacillota	Clostridia	Lachnospirales	Lachnospiraceae	Roseburia	Roseburia rectalis	92.16	0.97	2247571	89	33609	42.346293	2050	48.0	0.7384615385	0.01822416172	0.012001144	0.016681664	0.10865165	1.184570512	48.0	0.2129001615
A08_bin.8	ANI95_cluster_00034	A06_bin.107	False	d__Bacteria;p__Bacteroidota;c__Bacteroidia;o__Bacteroidales;f__Marinifilaceae;g__Odoribacter;s__Odoribacter splanchnicus	Bacteria	Bacteroidota	Bacteroidia	Bacteroidales	Marinifilaceae	Odoribacter	Odoribacter splanchnicus	91.4	0.54	3770845	122	48452	43.562782	3169	49.0	0.7538461538	0.01075971997	0.008035372	0.009315097	0.061443128	0.6993817982	49.0	0.2070416687
A08_bin.80	ANI95_cluster_00222	D08_bin.21	False	d__Bacteria;p__Bacteroidota;c__Bacteroidia;o__Bacteroidales;f__Rikenellaceae;g__Alistipes;s__Alistipes putredinis	Bacteria	Bacteroidota	Bacteroidia	Bacteroidales	Rikenellaceae	Alistipes	Alistipes putredinis	82.85	2.16	1999937	106	27200	55.135187	1893	51.0	0.7846153846	0.1521235291	0.10680764	0.12857604	0.7284573	9.888029395	51.0	0.4507629631
A08_bin.84	ANI95_cluster_00272	E07_bin.69	False	d__Bacteria;p__Bacillota;c__Clostridia;o__Oscillospirales;f__Oscillospiraceae;g__Oscillibacter;s__Oscillibacter welbionis	Bacteria	Bacillota	Clostridia	Oscillospirales	Oscillospiraceae	Oscillibacter	Oscillibacter welbionis	94.76	6.77	2697393	314	13619	61.641481	2826	52.0	0.8	0.02071080221	0.011776666	0.0146181165	0.120137945	1.346202144	52.0	0.2893192508
A08_bin.86	ANI95_cluster_00342	G04_bin.79	False	d__Bacteria;p__Pseudomonadota;c__Gammaproteobacteria;o__Burkholderiales;f__Burkholderiaceae_F;g__Parasutterella;s__Parasutterella excrementihominis	Bacteria	Pseudomonadota	Gammaproteobacteria	Burkholderiales	Burkholderiaceae_F	Parasutterella	Parasutterella excrementihominis	96.85	1.04	2474621	298	11855	48.903691	2457	26.0	0.4	0.01005704942	0.0	0.018092978	0.07809884	0.6537082122	26.0	0.1589872803
A08_bin.88	ANI95_cluster_00315	F08_bin.12	False	d__Bacteria;p__Bacteroidota;c__Bacteroidia;o__Bacteroidales;f__Rikenellaceae;g__Alistipes_A;s__Alistipes_A hominis	Bacteria	Bacteroidota	Bacteroidia	Bacteroidales	Rikenellaceae	Alistipes_A	Alistipes_A hominis	87.28	4.85	2451710	443	7020	56.083142	2305	26.0	0.4	0.01150622255	0.0	0.0158927295	0.2421492	0.7479044655	26.0	0.1627807779
A08_bin.90	ANI95_cluster_00361	G07_bin.85	False	d__Bacteria;p__Bacillota;c__Clostridia;o__Christensenellales;f__Aristaeellaceae;g__UBA11524;s__UBA11524 sp000437595	Bacteria	Bacillota	Clostridia	Christensenellales	Aristaeellaceae	UBA11524	UBA11524 sp000437595	97.9	0.93	2996208	159	33837	58.356296	2556	26.0	0.4	0.01437650328	0.0	0.025092226	0.13988812	0.934472713	26.0	0.1124732903
A08_bin.91	ANI95_cluster_00050	A08_bin.91	True	d__Bacteria;p__Bacillota;c__Clostridia;o__Lachnospirales;f__Lachnospiraceae;g__Anaerostipes;s__Anaerostipes amylophilus	Bacteria	Bacillota	Clostridia	Lachnospirales	Lachnospiraceae	Anaerostipes	Anaerostipes amylophilus	96.98	2.35	2088428	59	66321	36.968093	2003	33.0	0.5076923077	0.01753709863	0.0035611575	0.016637316	0.19241412	1.139911411	33.0	0.213638687
A08_bin.93	ANI95_cluster_00360	G07_bin.76	False	d__Bacteria;p__Bacteroidota;c__Bacteroidia;o__Bacteroidales;f__Bacteroidaceae;g__Phocaeicola;s__Phocaeicola coprocola	Bacteria	Bacteroidota	Bacteroidia	Bacteroidales	Bacteroidaceae	Phocaeicola	Phocaeicola coprocola	86.12	0.56	2954615	42	97711	40.707537	2318	8.0	0.1230769231	0.04612381665	0.0	0.22898944	1.4906838	2.998048082	8.0	0.077621702
A09_bin.11	ANI95_cluster_00140	C02_bin.89	False	d__Bacteria;p__Bacillota;c__Clostridia;o__Oscillospirales;f__Acutalibacteraceae;g__Hominenteromicrobium;s__Hominenteromicrobium mulieris	Bacteria	Bacillota	Clostridia	Oscillospirales	Acutalibacteraceae	Hominenteromicrobium	Hominenteromicrobium mulieris	97.87	0.69	2177115	85	41216	53.596526	2052	43.0	0.6615384615	0.01293252801	0.0062433714	0.011497846	0.15776518	0.8406143204	43.0	0.1820089064
A09_bin.16	ANI95_cluster_00051	A09_bin.16	True	d__Bacteria;p__Bacillota;c__Clostridia;o__Oscillospirales;f__Oscillospiraceae;g__CAG-103;s__CAG-103 sp900317855	Bacteria	Bacillota	Clostridia	Oscillospirales	Oscillospiraceae	CAG-103	CAG-103 sp900317855	91.28	0.22	1870011	50	50806	62.036908	1748	24.0	0.3692307692	0.02935864124	0.0	0.026146639	0.5805488	1.90831168	24.0	0.1676546698
A09_bin.17	ANI95_cluster_00004	A01_bin.31	False	d__Bacteria;p__Bacillota;c__Clostridia;o__Lachnospirales;f__Lachnospiraceae;g__Mediterraneibacter;s__Mediterraneibacter torques	Bacteria	Bacillota	Clostridia	Lachnospirales	Lachnospiraceae	Mediterraneibacter	Mediterraneibacter torques	87.1	1.75	2051467	203	13185	42.603951	1901	31.0	0.4769230769	0.01717150748	0.0	0.013753987	0.19372074	1.116147986	31.0	0.193912491
A09_bin.21	ANI95_cluster_00052	A09_bin.21	True	d__Bacteria;p__Bacillota;c__Clostridia;o__Oscillospirales;f__Oscillospiraceae;g__CAG-170;s__CAG-170 sp900545925	Bacteria	Bacillota	Clostridia	Oscillospirales	Oscillospiraceae	CAG-170	CAG-170 sp900545925	93.96	1.34	3176636	121	54469	55.571428	3027	38.0	0.5846153846	0.03427168446	0.015767884	0.028655815	0.52399474	2.22765949	38.0	0.2388821188
A09_bin.24	ANI95_cluster_00412	H05_bin.34	False	d__Bacteria;p__Pseudomonadota;c__Gammaproteobacteria;o__Enterobacterales;f__Enterobacteriaceae;g__Escherichia;s__Escherichia coli	Bacteria	Pseudomonadota	Gammaproteobacteria	Enterobacterales	Enterobacteriaceae	Escherichia	Escherichia coli	97.6	1.19	4751862	321	22907	50.740531	4618	16.0	0.2461538462	0.01709032212	0.0	0.013777041	0.49083573	1.110870938	16.0	0.06458867317
A09_bin.3	ANI95_cluster_00410	H05_bin.21	False	d__Bacteria;p__Bacillota;c__Clostridia;o__Lachnospirales;f__Lachnospiraceae;g__Hungatella;s__Hungatella effluvii	Bacteria	Bacillota	Clostridia	Lachnospirales	Lachnospiraceae	Hungatella	Hungatella effluvii	94.09	3.01	6128634	155	62549	49.490898	5410	6.0	0.09230769231	0.01046688754	0.0	0.034454413	0.47214326	0.6803476904	6.0	0.04050011037
A09_bin.31	ANI95_cluster_00083	B04_bin.18	False	d__Bacteria;p__Bacteroidota;c__Bacteroidia;o__Bacteroidales;f__Rikenellaceae;g__Alistipes;s__Alistipes onderdonkii	Bacteria	Bacteroidota	Bacteroidia	Bacteroidales	Rikenellaceae	Alistipes	Alistipes onderdonkii	88.33	1.92	2656536	123	38053	59.473766	2218	55.0	0.8461538462	0.11145507	0.021533404	0.056888197	0.96932274	7.244579551	55.0	0.3917886607
A09_bin.32	ANI95_cluster_00296	F05_bin.48	False	d__Bacteria;p__Pseudomonadota;c__Gammaproteobacteria;o__Burkholderiales;f__Burkholderiaceae_F;g__Sutterella;s__Sutterella wadsworthensis	Bacteria	Pseudomonadota	Gammaproteobacteria	Burkholderiales	Burkholderiaceae_F	Sutterella	Sutterella wadsworthensis	99.38	1.24	2819103	51	95436	55.192662	2282	28.0	0.4307692308	0.04753497163	0.0	0.0242218235	0.7399148	3.089773156	28.0	0.1864292779
A09_bin.34	ANI95_cluster_00384	H02_bin.18	False	d__Bacteria;p__Actinomycetota;c__Actinomycetes;o__Actinomycetales;f__Bifidobacteriaceae;g__Bifidobacterium;s__Bifidobacterium adolescentis	Bacteria	Actinomycetota	Actinomycetes	Actinomycetales	Bifidobacteriaceae	Bifidobacterium	Bifidobacterium adolescentis	95.18	1.97	1730587	119	22901	59.716616	1488	51.0	0.7846153846	0.1280939871	0.03427135	0.048617616	0.9757415	8.326109159	51.0	0.4502029566
A09_bin.36	ANI95_cluster_00053	A09_bin.36	True	d__Bacteria;p__Bacillota;c__Clostridia;o__Oscillospirales;f__Oscillospiraceae;g__Oscillibacter;s__Oscillibacter segnis	Bacteria	Bacillota	Clostridia	Oscillospirales	Oscillospiraceae	Oscillibacter	Oscillibacter segnis	98.66	0.13	2998615	194	38752	56.600997	3085	55.0	0.8461538462	0.05894848252	0.049012013	0.0528247	0.39395565	3.831651364	55.0	0.3249214261
A09_bin.38	ANI95_cluster_00021	A04_bin.93	False	d__Bacteria;p__Bacillota;c__Clostridia;o__Oscillospirales;f__Ruminococcaceae;g__Gemmiger;s__Gemmiger qucibialis	Bacteria	Bacillota	Clostridia	Oscillospirales	Ruminococcaceae	Gemmiger	Gemmiger qucibialis	96.26	1.7	2617374	229	16265	56.156361	2237	53.0	0.8153846154	0.02364666275	0.01626374	0.01898566	0.24787273	1.537033078	53.0	0.2471012774
A09_bin.39	ANI95_cluster_00194	D01_bin.67	False	d__Bacteria;p__Actinomycetota;c__Coriobacteriia;o__Coriobacteriales;f__Coriobacteriaceae;g__Collinsella;s__Collinsella sp905215825	Bacteria	Actinomycetota	Coriobacteriia	Coriobacteriales	Coriobacteriaceae	Collinsella	Collinsella sp905215825	90.51	8.67	1856437	472	4638	60.548298	1917	36.0	0.5538461538	0.01698278485	0.0059507187	0.016933972	0.21627308	1.103881015	35.0	0.1171740017
A09_bin.42	ANI95_cluster_00361	G07_bin.85	False	d__Bacteria;p__Bacillota;c__Clostridia;o__Christensenellales;f__Aristaeellaceae;g__UBA11524;s__UBA11524 sp000437595	Bacteria	Bacillota	Clostridia	Christensenellales	Aristaeellaceae	UBA11524	UBA11524 sp000437595	98.6	1.17	2941929	163	31528	58.348451	2473	30.0	0.4615384615	0.02798271785	0.0	0.0220284585	0.55454075	1.81887666	30.0	0.1287090892
A09_bin.47	ANI95_cluster_00128	B08_bin.66	False	d__Bacteria;p__Bacteroidota;c__Bacteroidia;o__Bacteroidales;f__Rikenellaceae;g__Alistipes;s__Alistipes communis	Bacteria	Bacteroidota	Bacteroidia	Bacteroidales	Rikenellaceae	Alistipes	Alistipes communis	85.02	0.0	2506683	28	135502	59.636380	2082	41.0	0.6307692308	0.04780931435	0.016883314	0.028841766	1.0260226	3.107605433	41.0	0.2765126545
A09_bin.48	ANI95_cluster_00283	F02_bin.66	False	d__Bacteria;p__Bacteroidota;c__Bacteroidia;o__Bacteroidales;f__Rikenellaceae;g__Tidjanibacter;s__Tidjanibacter inops	Bacteria	Bacteroidota	Bacteroidia	Bacteroidales	Rikenellaceae	Tidjanibacter	Tidjanibacter inops	93.75	0.48	2090511	27	128218	56.790852	1773	31.0	0.4769230769	0.02770357406	0.0	0.0303354	0.2510826	1.800732314	31.0	0.2561926035
A09_bin.53	ANI95_cluster_00415	H05_bin.43	False	d__Bacteria;p__Bacillota;c__Clostridia;o__Lachnospirales;f__Lachnospiraceae;g__Roseburia;s__Roseburia rectalis	Bacteria	Bacillota	Clostridia	Lachnospirales	Lachnospiraceae	Roseburia	Roseburia rectalis	96.14	0.16	2545916	53	81233	41.582401	2349	50.0	0.7692307692	0.04549090548	0.013869269	0.0191787735	0.85246867	2.956908856	50.0	0.2356902482
A09_bin.54	ANI95_cluster_00242	E02_bin.20	False	d__Bacteria;p__Bacillota;c__Clostridia;o__Oscillospirales;f__Acutalibacteraceae;g__Ruminococcoides;s__Ruminococcoides intestinale_A	Bacteria	Bacillota	Clostridia	Oscillospirales	Acutalibacteraceae	Ruminococcoides	Ruminococcoides intestinale_A	87.02	0.34	2045789	47	76009	38.685172	1950	4.0	0.06153846154	0.01995501131	0.0	0.22239556	0.79345644	1.297075735	4.0	0.04133127985
A09_bin.58	ANI95_cluster_00054	A09_bin.58	True	d__Bacteria;p__Bacillota;c__Clostridia;o__Peptostreptococcales;f__Anaerovoracaceae;g__Fimisoma;s__Fimisoma sp000435715	Bacteria	Bacillota	Clostridia	Peptostreptococcales	Anaerovoracaceae	Fimisoma	Fimisoma sp000435715	97.16	0.71	2039035	21	261783	45.508243	1964	15.0	0.2307692308	0.028676105	0.0	0.028763529	1.314927	1.863946825	15.0	0.07886090185
A09_bin.62	ANI95_cluster_00055	A09_bin.62	True	d__Bacteria;p__Bacillota;c__Clostridia;o__Oscillospirales;f__Ruminococcaceae;g__Ruthenibacterium;s__Ruthenibacterium lactatiformans	Bacteria	Bacillota	Clostridia	Oscillospirales	Ruminococcaceae	Ruthenibacterium	Ruthenibacterium lactatiformans	95.92	0.0	3071443	130	37493	58.647580	2818	58.0	0.8923076923	0.02855833962	0.016212892	0.018763544	0.33848965	1.856292075	58.0	0.3117545835
A09_bin.9	ANI95_cluster_00190	D01_bin.28	False	d__Bacteria;p__Bacteroidota;c__Bacteroidia;o__Bacteroidales;f__Bacteroidaceae;g__Bacteroides;s__Bacteroides faecis	Bacteria	Bacteroidota	Bacteroidia	Bacteroidales	Bacteroidaceae	Bacteroides	Bacteroides faecis	80.52	0.86	5545625	126	74688	42.478981	4532	10.0	0.1538461538	0.02808329945	0.0	0.148078547	0.5871025	1.825414464	10.0	0.08990146346
B01_bin.1	ANI95_cluster_00332	G02_bin.41	False	d__Bacteria;p__Bacteroidota;c__Bacteroidia;o__Bacteroidales;f__Rikenellaceae;g__Alistipes_A;s__Alistipes_A indistinctus	Bacteria	Bacteroidota	Bacteroidia	Bacteroidales	Rikenellaceae	Alistipes_A	Alistipes_A indistinctus	96.39	0.24	2700837	110	42998	55.424411	2228	38.0	0.5846153846	0.01618055724	0.008497662	0.0125685465	0.13366301	1.051736221	38.0	0.1911992288
B01_bin.11	ANI95_cluster_00267	E06_bin.85	False	d__Bacteria;p__Bacteroidota;c__Bacteroidia;o__Bacteroidales;f__Rikenellaceae;g__Alistipes;s__Alistipes shahii	Bacteria	Bacteroidota	Bacteroidia	Bacteroidales	Rikenellaceae	Alistipes	Alistipes shahii	98.94	0.11	2710379	91	44397	60.100709	2229	46.0	0.7076923077	0.0665050747	0.04419726	0.068005705	0.4191511	4.322829855	46.0	0.4253283609
B01_bin.12	ANI95_cluster_00415	H05_bin.43	False	d__Bacteria;p__Bacillota;c__Clostridia;o__Lachnospirales;f__Lachnospiraceae;g__Roseburia;s__Roseburia rectalis	Bacteria	Bacillota	Clostridia	Lachnospirales	Lachnospiraceae	Roseburia	Roseburia rectalis	93.66	0.56	2121033	108	27569	42.687690	1986	46.0	0.7076923077	0.02607738113	0.008827521	0.01443064375	0.35611296	1.695029773	46.0	0.1960906642
B01_bin.15	ANI95_cluster_00194	D01_bin.67	False	d__Bacteria;p__Actinomycetota;c__Coriobacteriia;o__Coriobacteriales;f__Coriobacteriaceae;g__Collinsella;s__Collinsella sp905215825	Bacteria	Actinomycetota	Coriobacteriia	Coriobacteriales	Coriobacteriaceae	Collinsella	Collinsella sp905215825	98.39	0.81	2055014	92	34769	60.266743	1759	30.0	0.4615384615	0.02396748802	0.0	0.015549038	0.78994083	1.557886721	30.0	0.1160074374
B01_bin.20	ANI95_cluster_00056	B01_bin.20	True	d__Bacteria;p__Bacteroidota;c__Bacteroidia;o__Bacteroidales;f__Rikenellaceae;g__Alistipes;s__Alistipes dispar	Bacteria	Bacteroidota	Bacteroidia	Bacteroidales	Rikenellaceae	Alistipes	Alistipes dispar	94.81	0.72	2343862	232	14729	63.154059	2054	8.0	0.1230769231	0.05376946302	0.0	0.199368635	1.7175932	3.495015096	8.0	0.08798783323
B01_bin.23	ANI95_cluster_00424	H07_bin.23	False	d__Bacteria;p__Bacillota;c__Clostridia;o__Oscillospirales;f__Ruminococcaceae;g__Faecalibacterium;s__Faecalibacterium longum	Bacteria	Bacillota	Clostridia	Oscillospirales	Ruminococcaceae	Faecalibacterium	Faecalibacterium longum	85.11	6.03	2195563	501	5086	60.229199	2387	58.0	0.8923076923	0.02974585428	0.024869252	0.025788947	0.14570378	1.933480528	58.0	0.2685642751
B01_bin.26	ANI95_cluster_00363	G08_bin.11	False	d__Bacteria;p__Bacillota;c__Clostridia;o__UBA1212;f__UBA1255;g__Egerieisoma;s__Egerieisoma faecipullorum	Bacteria	Bacillota	Clostridia	UBA1212	UBA1255	Egerieisoma	Egerieisoma faecipullorum	82.27	1.05	2165245	544	4655	50.501075	2377	9.0	0.1384615385	0.008792882685	0.0	0.030544588	0.30374235	0.5715373745	9.0	0.06808768508
B01_bin.27	ANI95_cluster_00083	B04_bin.18	False	d__Bacteria;p__Bacteroidota;c__Bacteroidia;o__Bacteroidales;f__Rikenellaceae;g__Alistipes;s__Alistipes onderdonkii	Bacteria	Bacteroidota	Bacteroidia	Bacteroidales	Rikenellaceae	Alistipes	Alistipes onderdonkii	94.71	4.38	3158742	76	70387	58.525103	2626	56.0	0.8615384615	0.1675722281	0.049346577	0.057826943	2.9533312	10.89219482	56.0	0.4306691382
B01_bin.28	ANI95_cluster_00419	H06_bin.61	False	d__Bacteria;p__Bacillota;c__Clostridia;o__Lachnospirales;f__Lachnospiraceae;g__Fusicatenibacter;s__Fusicatenibacter saccharivorans	Bacteria	Bacillota	Clostridia	Lachnospirales	Lachnospiraceae	Fusicatenibacter	Fusicatenibacter saccharivorans	93.62	1.42	2406116	86	40235	49.125354	2133	60.0	0.9230769231	0.02214898146	0.012079853	0.01390036875	0.11115755	1.439683795	60.0	0.2893041223
B01_bin.3	ANI95_cluster_00345	G05_bin.10	False	d__Bacteria;p__Bacillota;c__Clostridia;o__Christensenellales;f__CAG-138;g__Phil1;s__Phil1 sp001940855	Bacteria	Bacillota	Clostridia	Christensenellales	CAG-138	Phil1	Phil1 sp001940855	98.39	0.0	2126384	53	70385	52.984832	1987	14.0	0.2153846154	0.01411264915	0.0	0.0239177515	0.5314338	0.9173221945	14.0	0.08125227446
B01_bin.31	ANI95_cluster_00052	A09_bin.21	False	d__Bacteria;p__Bacillota;c__Clostridia;o__Oscillospirales;f__Oscillospiraceae;g__CAG-170;s__CAG-170 sp900545925	Bacteria	Bacillota	Clostridia	Oscillospirales	Oscillospiraceae	CAG-170	CAG-170 sp900545925	80.01	9.06	3484512	983	3987	55.923527	3978	44.0	0.6769230769	0.02644569605	0.017236961	0.0260814835	0.13844183	1.718970244	43.0	0.2124598878
B01_bin.41	ANI95_cluster_00302	F06_bin.75	False	d__Bacteria;p__Bacillota;c__Clostridia;o__Oscillospirales;f__Oscillospiraceae;g__Hominicoprocola;s__Hominicoprocola fusiformis	Bacteria	Bacillota	Clostridia	Oscillospirales	Oscillospiraceae	Hominicoprocola	Hominicoprocola fusiformis	91.28	1.16	2035919	95	28263	58.853324	1945	51.0	0.7846153846	0.02085331013	0.01248967	0.015126807	0.3100927	1.355465159	51.0	0.1953497759
B01_bin.43	ANI95_cluster_00177	C07_bin.89	False	d__Bacteria;p__Desulfobacterota;c__Desulfovibrionia;o__Desulfovibrionales;f__Desulfovibrionaceae;g__Bilophila;s__Bilophila wadsworthia	Bacteria	Desulfobacterota	Desulfovibrionia	Desulfovibrionales	Desulfovibrionaceae	Bilophila	Bilophila wadsworthia	96.27	0.24	3749262	738	6300	60.332727	3597	36.0	0.5538461538	0.008207657825	0.004790041	0.0104387705	0.07819384	0.5334977586	36.0	0.1454888994
B01_bin.44	ANI95_cluster_00215	D06_bin.80	False	d__Bacteria;p__Bacillota;c__Clostridia;o__Christensenellales;f__CAG-138;g__SFEL01;s__SFEL01 sp004557245	Bacteria	Bacillota	Clostridia	Christensenellales	CAG-138	SFEL01	SFEL01 sp004557245	99.19	1.88	1850657	102	27810	53.673317	1809	21.0	0.3230769231	0.01082023746	0.0	0.019114792	0.19724536	0.7033154346	21.0	0.1089065138
B01_bin.48	ANI95_cluster_00418	H06_bin.57	False	d__Bacteria;p__Bacillota;c__Clostridia;o__Oscillospirales;f__UBA644;g__UBA644;s__UBA644 sp900547165	Bacteria	Bacillota	Clostridia	Oscillospirales	UBA644	UBA644	UBA644 sp900547165	89.17	1.81	1814889	264	9227	47.501032	1820	15.0	0.2307692308	0.008961163822	0.0	0.016312761	0.18237162	0.5824756484	15.0	0.08891001708
B01_bin.49	ANI95_cluster_00057	B01_bin.49	True	d__Bacteria;p__Bacillota;c__Clostridia;o__Oscillospirales;f__Oscillospiraceae;g__Lawsonibacter_A;s__Lawsonibacter_A hominis	Bacteria	Bacillota	Clostridia	Oscillospirales	Oscillospiraceae	Lawsonibacter_A	Lawsonibacter_A hominis	92.62	4.52	3035378	149	33371	61.938645	2868	21.0	0.3230769231	0.01997355222	0.0	0.013209222	0.4421936	1.298280894	21.0	0.1194902614
B01_bin.53	ANI95_cluster_00140	C02_bin.89	False	d__Bacteria;p__Bacillota;c__Clostridia;o__Oscillospirales;f__Acutalibacteraceae;g__Hominenteromicrobium;s__Hominenteromicrobium mulieris	Bacteria	Bacillota	Clostridia	Oscillospirales	Acutalibacteraceae	Hominenteromicrobium	Hominenteromicrobium mulieris	93.29	0.34	1982109	48	68239	53.648412	1841	37.0	0.5692307692	0.01126723084	0.005569319	0.012217537	0.059913907	0.7323700046	37.0	0.195312111
B01_bin.55	ANI95_cluster_00176	C07_bin.75	False	d__Bacteria;p__Bacillota;c__Clostridia;o__Christensenellales;f__CAG-314;g__CAG-314;s__CAG-314 sp000437915	Bacteria	Bacillota	Clostridia	Christensenellales	CAG-314	CAG-314	CAG-314 sp000437915	93.95	0.81	1610605	23	128877	49.021455	1402	17.0	0.2615384615	0.01537346877	0.0	0.035761323	0.29279214	0.99927547	17.0	0.1225434595
B01_bin.56	ANI95_cluster_00134	B09_bin.93	False	d__Bacteria;p__Bacillota;c__Clostridia;o__Oscillospirales;f__Oscillospiraceae;g__CAG-103;s__CAG-103 sp000432375	Bacteria	Bacillota	Clostridia	Oscillospirales	Oscillospiraceae	CAG-103	CAG-103 sp000432375	86.78	8.78	1703602	290	8068	62.961889	1754	33.0	0.5076923077	0.01317343958	0.004363496	0.015264683	0.11458553	0.8562735727	32.0	0.1562226475
B01_bin.6	ANI95_cluster_00048	A08_bin.108	False	d__Bacteria;p__Bacillota;c__Clostridia;o__Christensenellales;f__QALW01;g__Neochristensenella;s__Neochristensenella sp003150515	Bacteria	Bacillota	Clostridia	Christensenellales	QALW01	Neochristensenella	Neochristensenella sp003150515	95.3	1.88	1814252	344	7091	48.575611	1707	6.0	0.09230769231	0.00556710438	0.0	0.0351501255	0.22128835	0.3618617847	6.0	0.04218272477
B01_bin.60	ANI95_cluster_00044	A07_bin.65	False	d__Bacteria;p__Bacteroidota;c__Bacteroidia;o__Bacteroidales;f__Barnesiellaceae;g__Barnesiella;s__Barnesiella intestinihominis	Bacteria	Bacteroidota	Bacteroidia	Bacteroidales	Barnesiellaceae	Barnesiella	Barnesiella intestinihominis	91.7	0.0	2975792	18	221890	43.401656	2371	44.0	0.6769230769	0.06157476461	0.041446757	0.06898567	0.50168794	4.0023597	44.0	0.3025059948
B01_bin.61	ANI95_cluster_00021	A04_bin.93	False	d__Bacteria;p__Bacillota;c__Clostridia;o__Oscillospirales;f__Ruminococcaceae;g__Gemmiger;s__Gemmiger qucibialis	Bacteria	Bacillota	Clostridia	Oscillospirales	Ruminococcaceae	Gemmiger	Gemmiger qucibialis	97.28	2.04	2572845	237	16136	56.238328	2264	51.0	0.7846153846	0.02109401714	0.013280378	0.017199643	0.17099361	1.371111114	51.0	0.2335075283
B01_bin.63	ANI95_cluster_00058	B01_bin.63	True	d__Bacteria;p__Bacillota;c__Clostridia;o__Christensenellales;f__CAG-917;g__CAG-349;s__CAG-349 sp003539515	Bacteria	Bacillota	Clostridia	Christensenellales	CAG-917	CAG-349	CAG-349 sp003539515	97.55	0.81	1493821	23	97579	47.610925	1337	7.0	0.1076923077	0.1072690153	0.0	0.026334638	6.145995	6.972485992	7.0	0.06785661062
B01_bin.64	ANI95_cluster_00304	F07_bin.105	False	d__Bacteria;p__Bacillota;c__Clostridia;o__Oscillospirales;f__Oscillospiraceae;g__F23-B02;s__F23-B02 sp001916715	Bacteria	Bacillota	Clostridia	Oscillospirales	Oscillospiraceae	F23-B02	F23-B02 sp001916715	87.92	2.01	1935687	48	58049	53.525699	1832	10.0	0.1538461538	0.02621757978	0.0	0.0194278115	1.347962	1.704142686	10.0	0.05370094185
B01_bin.65	ANI95_cluster_00364	G08_bin.17	False	d__Bacteria;p__Bacillota;c__Clostridia;o__Oscillospirales;f__Oscillospiraceae;g__Hominicoprocola;s__Hominicoprocola sp900317525	Bacteria	Bacillota	Clostridia	Oscillospirales	Oscillospiraceae	Hominicoprocola	Hominicoprocola sp900317525	93.29	2.77	1854930	67	46716	61.232392	1778	43.0	0.6615384615	0.03349982638	0.01498924	0.02937772	0.4612398	2.177488714	43.0	0.2719718968
B01_bin.66	ANI95_cluster_00059	B01_bin.66	True	d__Bacteria;p__Bacillota;c__Clostridia;o__Christensenellales;f__CAG-138;g__Aphodomorpha;s__Aphodomorpha intestinavium	Bacteria	Bacillota	Clostridia	Christensenellales	CAG-138	Aphodomorpha	Aphodomorpha intestinavium	89.28	1.61	1953435	226	13118	67.114800	1838	3.0	0.04615384615	0.007356812231	0.0	0.032953274	0.43314168	0.478192795	3.0	0.02776755169
B01_bin.67	ANI95_cluster_00283	F02_bin.66	False	d__Bacteria;p__Bacteroidota;c__Bacteroidia;o__Bacteroidales;f__Rikenellaceae;g__Tidjanibacter;s__Tidjanibacter inops	Bacteria	Bacteroidota	Bacteroidia	Bacteroidales	Rikenellaceae	Tidjanibacter	Tidjanibacter inops	99.04	0.11	2225307	25	164727	56.632186	1912	29.0	0.4461538462	0.03420394105	0.0	0.038263347	0.9408078	2.223256168	29.0	0.2037830412
B01_bin.68	ANI95_cluster_00060	B01_bin.68	True	d__Bacteria;p__Actinomycetota;c__Coriobacteriia;o__Coriobacteriales;f__QAMH01;g__QAMH01;s__QAMH01 sp900544245	Bacteria	Actinomycetota	Coriobacteriia	Coriobacteriales	QAMH01	QAMH01	QAMH01 sp900544245	98.92	0.27	1887964	144	18515	60.529438	1799	20.0	0.3076923077	0.009519193135	0.0	0.020713738	0.16735218	0.6187475538	20.0	0.1275087625
B01_bin.71	ANI95_cluster_00314	F07_bin.93	False	d__Bacteria;p__Bacillota;c__Clostridia;o__Oscillospirales;f__Acutalibacteraceae;g__Pseudoruminococcus;s__Pseudoruminococcus massiliensis	Bacteria	Bacillota	Clostridia	Oscillospirales	Acutalibacteraceae	Pseudoruminococcus	Pseudoruminococcus massiliensis	94.63	1.01	2113511	103	38510	37.159967	2041	11.0	0.1692307692	0.01810173098	0.0	0.041698888	0.47103086	1.176612514	11.0	0.08643109846
B01_bin.75	ANI95_cluster_00413	H05_bin.38	False	d__Bacteria;p__Bacteroidota;c__Bacteroidia;o__Bacteroidales;f__Tannerellaceae;g__Parabacteroides;s__Parabacteroides distasonis	Bacteria	Bacteroidota	Bacteroidia	Bacteroidales	Tannerellaceae	Parabacteroides	Parabacteroides distasonis	99.42	0.51	4513357	86	116833	45.460153	3767	42.0	0.6461538462	0.01884488748	0.010598699	0.01444258	0.15923788	1.224917686	42.0	0.2073069002
B01_bin.9	ANI95_cluster_00061	B01_bin.9	True	d__Bacteria;p__Verrucomicrobiota;c__Verrucomicrobiia;o__Verrucomicrobiales;f__Akkermansiaceae;g__Akkermansia;s__Akkermansia muciniphila	Bacteria	Verrucomicrobiota	Verrucomicrobiia	Verrucomicrobiales	Akkermansiaceae	Akkermansia	Akkermansia muciniphila	97.96	0.0	2745535	24	453114	55.523896	2299	26.0	0.4	0.03347265166	0.0	0.0300068085	0.49116576	2.175722358	26.0	0.1463030708
B02_bin.101	ANI95_cluster_00061	B01_bin.9	False	d__Bacteria;p__Verrucomicrobiota;c__Verrucomicrobiia;o__Verrucomicrobiales;f__Akkermansiaceae;g__Akkermansia;s__Akkermansia muciniphila	Bacteria	Verrucomicrobiota	Verrucomicrobiia	Verrucomicrobiales	Akkermansiaceae	Akkermansia	Akkermansia muciniphila	92.52	0.0	2681841	31	177558	55.472342	2295	26.0	0.4	0.05462604572	0.0	0.0292302885	2.1642487	3.550692972	26.0	0.1519880392
B02_bin.103	ANI95_cluster_00364	G08_bin.17	False	d__Bacteria;p__Bacillota;c__Clostridia;o__Oscillospirales;f__Oscillospiraceae;g__Hominicoprocola;s__Hominicoprocola sp900317525	Bacteria	Bacillota	Clostridia	Oscillospirales	Oscillospiraceae	Hominicoprocola	Hominicoprocola sp900317525	91.72	6.29	1797557	348	7132	62.127209	1976	45.0	0.6923076923	0.02611483536	0.015429012	0.020797053	0.63568693	1.697464298	44.0	0.1821977705
B02_bin.11	ANI95_cluster_00126	B08_bin.39	False	d__Bacteria;p__Bacillota;c__Clostridia;o__Oscillospirales;f__Oscillospiraceae;g__Vescimonas;s__Vescimonas sanitatis	Bacteria	Bacillota	Clostridia	Oscillospirales	Oscillospiraceae	Vescimonas	Vescimonas sanitatis	87.35	6.77	1939622	86	44602	60.403264	1882	28.0	0.4307692308	0.07365963633	0.0	0.069375795	2.0835989	4.787876362	28.0	0.1768889863
B02_bin.18	ANI95_cluster_00062	B02_bin.18	True	d__Bacteria;p__Bacteroidota;c__Bacteroidia;o__Bacteroidales;f__Rikenellaceae;g__Alistipes;s__Alistipes sp944322375	Bacteria	Bacteroidota	Bacteroidia	Bacteroidales	Rikenellaceae	Alistipes	Alistipes sp944322375	97.12	1.57	2383256	61	69512	56.959471	1944	1.0	0.01538461538	0.00885296	0.0	0.5754424	0.5754424	0.5754424	1.0	0.01537131077
B02_bin.24	ANI95_cluster_00063	B02_bin.24	True	d__Bacteria;p__Bacillota;c__Clostridia;o__Christensenellales;f__Aristaeellaceae;g__SFMI01;s__SFMI01 sp004556155	Bacteria	Bacillota	Clostridia	Christensenellales	Aristaeellaceae	SFMI01	SFMI01 sp004556155	96.37	1.48	2694726	41	141458	58.095294	2583	10.0	0.1538461538	0.01487453603	0.0	0.0234854925	0.55083185	0.966844842	10.0	0.06689433154
B02_bin.26	ANI95_cluster_00064	B02_bin.26	True	d__Bacteria;p__Bacteroidota;c__Bacteroidia;o__Bacteroidales;f__Rikenellaceae;g__Alistipes;s__Alistipes merdipullorum	Bacteria	Bacteroidota	Bacteroidia	Bacteroidales	Rikenellaceae	Alistipes	Alistipes merdipullorum	97.22	2.4	2349596	70	49561	57.800618	1958	1.0	0.01538461538	0.006843003077	0.0	0.4447952	0.4447952	0.4447952	1.0	0.01535683323
B02_bin.31	ANI95_cluster_00361	G07_bin.85	False	d__Bacteria;p__Bacillota;c__Clostridia;o__Christensenellales;f__Aristaeellaceae;g__UBA11524;s__UBA11524 sp000437595	Bacteria	Bacillota	Clostridia	Christensenellales	Aristaeellaceae	UBA11524	UBA11524 sp000437595	97.9	1.86	3005044	197	25244	58.321309	2656	32.0	0.4923076923	0.01859750445	0.0	0.023088668	0.23166871	1.208837789	31.0	0.1165876743
B02_bin.40	ANI95_cluster_00065	B02_bin.40	True	d__Bacteria;p__Bacteroidota;c__Bacteroidia;o__Bacteroidales;f__Rikenellaceae;g__Alistipes;s__Alistipes megaguti	Bacteria	Bacteroidota	Bacteroidia	Bacteroidales	Rikenellaceae	Alistipes	Alistipes megaguti	93.59	3.87	2598353	56	90773	60.486624	2128	1.0	0.01538461538	0.01674285846	0.0	1.0882858	1.0882858	1.0882858	1.0	0.01537256615
B02_bin.41	ANI95_cluster_00066	B02_bin.41	True	d__Bacteria;p__Bacillota;c__Clostridia;o__Lachnospirales;f__Lachnospiraceae;g__Dorea_A;s__Dorea_A longicatena	Bacteria	Bacillota	Clostridia	Lachnospirales	Lachnospiraceae	Dorea_A	Dorea_A longicatena	94.15	0.29	2828600	151	35970	41.527752	2778	60.0	0.9230769231	0.04096933282	0.02736059	0.03281377	0.30599332	2.663006633	60.0	0.3616910365
B02_bin.43	ANI95_cluster_00193	D01_bin.64	False	d__Bacteria;p__Bacteroidota;c__Bacteroidia;o__Bacteroidales;f__Bacteroidaceae;g__Bacteroides;s__Bacteroides uniformis	Bacteria	Bacteroidota	Bacteroidia	Bacteroidales	Bacteroidaceae	Bacteroides	Bacteroides uniformis	98.88	1.49	4316487	58	105965	46.546578	3600	63.0	0.9692307692	0.1548065378	0.12131998	0.12813805	0.5954907	10.06242495	63.0	0.5792122449
B02_bin.44	ANI95_cluster_00419	H06_bin.61	False	d__Bacteria;p__Bacillota;c__Clostridia;o__Lachnospirales;f__Lachnospiraceae;g__Fusicatenibacter;s__Fusicatenibacter saccharivorans	Bacteria	Bacillota	Clostridia	Lachnospirales	Lachnospiraceae	Fusicatenibacter	Fusicatenibacter saccharivorans	94.51	1.77	2539809	102	37266	48.972423	2273	60.0	0.9230769231	0.03114661244	0.020743739	0.0223950165	0.11753703	2.024529808	60.0	0.3283635655
B02_bin.49	ANI95_cluster_00194	D01_bin.67	False	d__Bacteria;p__Actinomycetota;c__Coriobacteriia;o__Coriobacteriales;f__Coriobacteriaceae;g__Collinsella;s__Collinsella sp905215825	Bacteria	Actinomycetota	Coriobacteriia	Coriobacteriales	Coriobacteriaceae	Collinsella	Collinsella sp905215825	96.1	7.66	2168827	366	7763	60.425659	2047	36.0	0.5538461538	0.01720780969	0.0068532405	0.0173693625	0.20984635	1.11850763	36.0	0.1257830018
B02_bin.54	ANI95_cluster_00021	A04_bin.93	False	d__Bacteria;p__Bacillota;c__Clostridia;o__Oscillospirales;f__Ruminococcaceae;g__Gemmiger;s__Gemmiger qucibialis	Bacteria	Bacillota	Clostridia	Oscillospirales	Ruminococcaceae	Gemmiger	Gemmiger qucibialis	85.69	1.95	2133094	433	6283	56.867770	1968	49.0	0.7538461538	0.01475927602	0.009895364	0.012923842	0.06929051	0.9593529412	48.0	0.2190905721
B02_bin.55	ANI95_cluster_00140	C02_bin.89	False	d__Bacteria;p__Bacillota;c__Clostridia;o__Oscillospirales;f__Acutalibacteraceae;g__Hominenteromicrobium;s__Hominenteromicrobium mulieris	Bacteria	Bacillota	Clostridia	Oscillospirales	Acutalibacteraceae	Hominenteromicrobium	Hominenteromicrobium mulieris	93.96	0.71	2097970	175	18594	53.959733	2071	40.0	0.6153846154	0.01408408955	0.0070827752	0.010439341	0.15061168	0.9154658205	40.0	0.1518417912
B02_bin.56	ANI95_cluster_00067	B02_bin.56	True	d__Bacteria;p__Bacteroidota;c__Bacteroidia;o__Bacteroidales;f__Bacteroidaceae;g__Prevotella;s__Prevotella sp945863825	Bacteria	Bacteroidota	Bacteroidia	Bacteroidales	Bacteroidaceae	Prevotella	Prevotella sp945863825	93.07	1.1	3367587	144	36387	43.289305	2885	4.0	0.06153846154	0.03268984462	0.0	0.50182151	0.8724568	2.1248399	4.0	0.02080805129
B02_bin.57	ANI95_cluster_00191	D01_bin.36	False	d__Bacteria;p__Bacillota;c__Clostridia;o__Oscillospirales;f__Butyricicoccaceae;g__Agathobaculum;s__Agathobaculum butyriciproducens	Bacteria	Bacillota	Clostridia	Oscillospirales	Butyricicoccaceae	Agathobaculum	Agathobaculum butyriciproducens	80.47	3.33	1694802	474	3788	56.607675	1845	52.0	0.8	0.01454095304	0.009914751	0.012287306	0.13177998	0.9451619476	52.0	0.2149832715
B02_bin.6	ANI95_cluster_00195	D02_bin.11	False	d__Bacteria;p__Bacteroidota;c__Bacteroidia;o__Bacteroidales;f__Bacteroidaceae;g__Phocaeicola;s__Phocaeicola vulgatus	Bacteria	Bacteroidota	Bacteroidia	Bacteroidales	Bacteroidaceae	Phocaeicola	Phocaeicola vulgatus	97.56	5.64	5529533	158	78669	41.977885	4823	63.0	0.9692307692	0.2469884418	0.1338582	0.14579178	1.7291085	16.05424872	63.0	0.5166249805
B02_bin.60	ANI95_cluster_00222	D08_bin.21	False	d__Bacteria;p__Bacteroidota;c__Bacteroidia;o__Bacteroidales;f__Rikenellaceae;g__Alistipes;s__Alistipes putredinis	Bacteria	Bacteroidota	Bacteroidia	Bacteroidales	Rikenellaceae	Alistipes	Alistipes putredinis	99.52	4.01	2251534	34	114775	54.888178	1996	51.0	0.7846153846	0.1108019138	0.08112495	0.13096485	0.4877624	7.202124397	51.0	0.4755769266
B02_bin.68	ANI95_cluster_00068	B02_bin.68	True	d__Bacteria;p__Bacillota;c__Negativicutes;o__Acidaminococcales;f__Acidaminococcaceae;g__Succiniclasticum;s__Succiniclasticum sp900314855	Bacteria	Bacillota	Negativicutes	Acidaminococcales	Acidaminococcaceae	Succiniclasticum	Succiniclasticum sp900314855	89.1	0.0	1765986	9	365345	59.017682	1522	1.0	0.01538461538	0.04424773385	0.0	2.8761027	2.8761027	2.8761027	1.0	0.01538461538
B02_bin.70	ANI95_cluster_00069	B02_bin.70	True	d__Bacteria;p__Desulfobacterota;c__Desulfovibrionia;o__Desulfovibrionales;f__Desulfovibrionaceae;g__Desulfovibrio;s__Desulfovibrio faecigallinarum	Bacteria	Desulfobacterota	Desulfovibrionia	Desulfovibrionales	Desulfovibrionaceae	Desulfovibrio	Desulfovibrio faecigallinarum	95.54	0.62	2526139	324	11700	57.073740	2313	1.0	0.01538461538	0.004755950769	0.0	0.3091368	0.3091368	0.3091368	1.0	0.01538062615
B02_bin.73	ANI95_cluster_00070	B02_bin.73	True	d__Bacteria;p__Bacteroidota;c__Bacteroidia;o__Bacteroidales;f__Bacteroidaceae;g__Phocaeicola;s__Phocaeicola fibrisolvens	Bacteria	Bacteroidota	Bacteroidia	Bacteroidales	Bacteroidaceae	Phocaeicola	Phocaeicola fibrisolvens	81.03	0.0	3267526	76	64138	47.146098	2721	2.0	0.03076923077	0.01893429637	0.0	0.615364632	1.1099776	1.230729264	2.0	0.02788673015
B02_bin.74	ANI95_cluster_00007	A01_bin.66	False	d__Bacteria;p__Bacillota;c__Clostridia;o__Christensenellales;f__Aristaeellaceae;g__Ventricola;s__Ventricola sp900542395	Bacteria	Bacillota	Clostridia	Christensenellales	Aristaeellaceae	Ventricola	Ventricola sp900542395	83.91	3.09	2284664	491	5745	60.545533	2343	26.0	0.4	0.01040712611	0.0	0.0129059435	0.15824258	0.6764631973	26.0	0.1208174565
B02_bin.75	ANI95_cluster_00071	B02_bin.75	True	d__Bacteria;p__Bacteroidota;c__Bacteroidia;o__Bacteroidales;f__Rikenellaceae;g__Alistipes_A;s__Alistipes_A sp900545315	Bacteria	Bacteroidota	Bacteroidia	Bacteroidales	Rikenellaceae	Alistipes_A	Alistipes_A sp900545315	92.03	0.48	2098271	298	10145	49.986155	1851	1.0	0.01538461538	0.003974577538	0.0	0.25834754	0.25834754	0.25834754	1.0	0.01537249538
B02_bin.77	ANI95_cluster_00072	B02_bin.77	True	d__Bacteria;p__Bacillota;c__Negativicutes;o__Veillonellales;f__Dialisteraceae;g__UBA1822;s__UBA1822 sp900545365	Bacteria	Bacillota	Negativicutes	Veillonellales	Dialisteraceae	UBA1822	UBA1822 sp900545365	97.47	3.8	1818473	24	143769	56.913355	1697	1.0	0.01538461538	0.04096243538	0.0	2.6625583	2.6625583	2.6625583	1.0	0.01528440462
B02_bin.78	ANI95_cluster_00345	G05_bin.10	False	d__Bacteria;p__Bacillota;c__Clostridia;o__Christensenellales;f__CAG-138;g__Phil1;s__Phil1 sp001940855	Bacteria	Bacillota	Clostridia	Christensenellales	CAG-138	Phil1	Phil1 sp001940855	94.5	0.81	1938849	128	21963	53.255978	1879	14.0	0.2153846154	0.008784881592	0.0	0.0215983545	0.2620846	0.5710173035	14.0	0.07423186117
B02_bin.81	ANI95_cluster_00315	F08_bin.12	False	d__Bacteria;p__Bacteroidota;c__Bacteroidia;o__Bacteroidales;f__Rikenellaceae;g__Alistipes_A;s__Alistipes_A hominis	Bacteria	Bacteroidota	Bacteroidia	Bacteroidales	Rikenellaceae	Alistipes_A	Alistipes_A hominis	92.4	0.96	2483166	27	106214	55.451186	2032	26.0	0.4	0.01289586119	0.0	0.01772041	0.26666385	0.8382309775	26.0	0.1725372985
B02_bin.84	ANI95_cluster_00019	A04_bin.71	False	d__Bacteria;p__Bacteroidota;c__Bacteroidia;o__Bacteroidales;f__Rikenellaceae;g__Alistipes_A;s__Alistipes_A ihumii	Bacteria	Bacteroidota	Bacteroidia	Bacteroidales	Rikenellaceae	Alistipes_A	Alistipes_A ihumii	92.55	3.94	2548040	51	79840	58.245671	2088	26.0	0.4	0.01255777096	0.0	0.0163147925	0.123357	0.8162551125	26.0	0.1592940283
B02_bin.88	ANI95_cluster_00044	A07_bin.65	False	d__Bacteria;p__Bacteroidota;c__Bacteroidia;o__Bacteroidales;f__Barnesiellaceae;g__Barnesiella;s__Barnesiella intestinihominis	Bacteria	Bacteroidota	Bacteroidia	Bacteroidales	Barnesiellaceae	Barnesiella	Barnesiella intestinihominis	99.62	3.02	3278511	24	299755	43.345165	2630	43.0	0.6615384615	0.04886709894	0.04091731	0.055642553	0.45319545	3.176361431	43.0	0.2841385148
B02_bin.91	ANI95_cluster_00267	E06_bin.85	False	d__Bacteria;p__Bacteroidota;c__Bacteroidia;o__Bacteroidales;f__Rikenellaceae;g__Alistipes;s__Alistipes shahii	Bacteria	Bacteroidota	Bacteroidia	Bacteroidales	Rikenellaceae	Alistipes	Alistipes shahii	93.89	8.27	2668667	126	33747	60.482368	2215	46.0	0.7076923077	0.06568445163	0.038252946	0.059478741	0.53798765	4.269489356	46.0	0.4038672552
B02_bin.95	ANI95_cluster_00406	H04_bin.57	False	d__Bacteria;p__Bacillota;c__Clostridia;o__Oscillospirales;f__Ruminococcaceae;g__Gemmiger;s__Gemmiger formicilis	Bacteria	Bacillota	Clostridia	Oscillospirales	Ruminococcaceae	Gemmiger	Gemmiger formicilis	92.02	4.31	2353389	282	12045	60.554630	2125	50.0	0.7692307692	0.01634406493	0.008818442	0.012632133	0.17993693	1.06236422	49.0	0.1761841777
B02_bin.96	ANI95_cluster_00134	B09_bin.93	False	d__Bacteria;p__Bacillota;c__Clostridia;o__Oscillospirales;f__Oscillospiraceae;g__CAG-103;s__CAG-103 sp000432375	Bacteria	Bacillota	Clostridia	Oscillospirales	Oscillospiraceae	CAG-103	CAG-103 sp000432375	92.62	0.0	1919949	46	54872	62.318895	1795	30.0	0.4615384615	0.01301409054	0.0	0.011631611	0.36394706	0.8459158852	30.0	0.1185793674
B02_bin.97	ANI95_cluster_00073	B02_bin.97	True	d__Bacteria;p__Bacteroidota;c__Bacteroidia;o__Flavobacteriales;f__UBA1820;g__Merdimorpha;s__Merdimorpha sp003150615	Bacteria	Bacteroidota	Bacteroidia	Flavobacteriales	UBA1820	Merdimorpha	Merdimorpha sp003150615	84.82	0.74	1739002	327	6995	49.837896	1791	5.0	0.07692307692	0.007370949877	0.0	0.0678501	0.24498658	0.479111742	5.0	0.05215889108
B02_bin.98	ANI95_cluster_00157	C05_bin.16	False	d__Bacteria;p__Bacillota_I;c__Bacilli_A;o__RF39;f__UBA660;g__CAG-533;s__CAG-533 sp000434495	Bacteria	Bacillota_I	Bacilli_A	RF39	UBA660	CAG-533	CAG-533 sp000434495	91.57	1.12	1077902	15	133338	29.601763	1087	6.0	0.09230769231	0.03859607115	0.0	0.23256135	1.197678	2.508744625	6.0	0.04858041108
B02_bin.99	ANI95_cluster_00074	B02_bin.99	True	d__Bacteria;p__Bacillota;c__Clostridia;o__Oscillospirales;f__CAG-272;g__CAG-841;s__CAG-841 sp000437375	Bacteria	Bacillota	Clostridia	Oscillospirales	CAG-272	CAG-841	CAG-841 sp000437375	90.83	0.67	1632116	15	146258	45.390034	1489	1.0	0.01538461538	0.01394034	0.0	0.9061221	0.9061221	0.9061221	1.0	0.01538452092
B03_bin.10	ANI95_cluster_00364	G08_bin.17	False	d__Bacteria;p__Bacillota;c__Clostridia;o__Oscillospirales;f__Oscillospiraceae;g__Hominicoprocola;s__Hominicoprocola sp900317525	Bacteria	Bacillota	Clostridia	Oscillospirales	Oscillospiraceae	Hominicoprocola	Hominicoprocola sp900317525	92.62	0.0	1663761	23	138967	61.550788	1622	44.0	0.6769230769	0.04155603449	0.01865235	0.028614383	0.50318193	2.701142242	44.0	0.2619315825
B03_bin.11	ANI95_cluster_00204	D05_bin.15	False	d__Bacteria;p__Bacteroidota;c__Bacteroidia;o__Bacteroidales;f__Coprobacteraceae;g__Coprobacter;s__Coprobacter fastidiosus	Bacteria	Bacteroidota	Bacteroidia	Bacteroidales	Coprobacteraceae	Coprobacter	Coprobacter fastidiosus	90.75	3.02	3297732	146	34861	38.600256	2657	20.0	0.3076923077	0.008238169815	0.0	0.01903636	0.1678655	0.535481038	20.0	0.1084320235
B03_bin.12	ANI95_cluster_00075	B03_bin.12	True	d__Bacteria;p__Bacteroidota;c__Bacteroidia;o__Bacteroidales;f__Barnesiellaceae;g__Barnesiella_B;s__Barnesiella_B propionica	Bacteria	Bacteroidota	Bacteroidia	Bacteroidales	Barnesiellaceae	Barnesiella_B	Barnesiella_B propionica	98.87	0.0	3052110	16	405433	39.966843	2550	1.0	0.01538461538	0.03074981077	0.0	1.9987377	1.9987377	1.9987377	1.0	0.01538461538
B03_bin.13	ANI95_cluster_00337	G03_bin.37	False	d__Bacteria;p__Desulfobacterota;c__Desulfovibrionia;o__Desulfovibrionales;f__Desulfovibrionaceae;g__Desulfovibrio;s__Desulfovibrio fairfieldensis	Bacteria	Desulfobacterota	Desulfovibrionia	Desulfovibrionales	Desulfovibrionaceae	Desulfovibrio	Desulfovibrio fairfieldensis	95.64	3.25	3098904	502	7366	62.106474	2891	5.0	0.07692307692	0.004589993215	0.0	0.024021707	0.22695945	0.298349559	5.0	0.03279562415
B03_bin.16	ANI95_cluster_00350	G05_bin.67	False	d__Bacteria;p__Bacteroidota;c__Bacteroidia;o__Bacteroidales;f__Marinifilaceae;g__Butyricimonas;s__Butyricimonas paravirosa	Bacteria	Bacteroidota	Bacteroidia	Bacteroidales	Marinifilaceae	Butyricimonas	Butyricimonas paravirosa	84.49	0.72	4014579	873	5557	43.546584	3786	17.0	0.2615384615	0.007565087708	0.0	0.016652504	0.07338121	0.491730701	17.0	0.1157375195
B03_bin.17	ANI95_cluster_00263	E06_bin.63	False	d__Bacteria;p__Bacillota;c__Clostridia;o__Lachnospirales;f__Lachnospiraceae;g__Eubacterium_F;s__Eubacterium_F sp003491505	Bacteria	Bacillota	Clostridia	Lachnospirales	Lachnospiraceae	Eubacterium_F	Eubacterium_F sp003491505	82.47	3.38	1965748	424	5557	41.754080	2109	40.0	0.6153846154	0.01557931602	0.0084673	0.019221108	0.08348154	1.012655542	40.0	0.1878214672
B03_bin.22	ANI95_cluster_00155	C05_bin.117	False	d__Bacteria;p__Bacillota;c__Clostridia;o__Lachnospirales;f__Lachnospiraceae;g__Gallintestinimicrobium;s__Gallintestinimicrobium propionicum	Bacteria	Bacillota	Clostridia	Lachnospirales	Lachnospiraceae	Gallintestinimicrobium	Gallintestinimicrobium propionicum	94.06	0.19	2688025	82	55925	48.765469	2408	41.0	0.6307692308	0.01670045084	0.00673792	0.012995126	0.15732427	1.085529304	41.0	0.1848303318
B03_bin.24	ANI95_cluster_00332	G02_bin.41	False	d__Bacteria;p__Bacteroidota;c__Bacteroidia;o__Bacteroidales;f__Rikenellaceae;g__Alistipes_A;s__Alistipes_A indistinctus	Bacteria	Bacteroidota	Bacteroidia	Bacteroidales	Rikenellaceae	Alistipes_A	Alistipes_A indistinctus	91.68	3.12	2490810	409	7580	55.644710	2286	37.0	0.5692307692	0.01038047029	0.004376592	0.009084553	0.0823896	0.6747305689	37.0	0.178476963
B03_bin.27	ANI95_cluster_00215	D06_bin.80	False	d__Bacteria;p__Bacillota;c__Clostridia;o__Christensenellales;f__CAG-138;g__SFEL01;s__SFEL01 sp004557245	Bacteria	Bacillota	Clostridia	Christensenellales	CAG-138	SFEL01	SFEL01 sp004557245	99.19	1.08	1845107	88	31928	53.509038	1818	21.0	0.3230769231	0.009327113409	0.0	0.014345875	0.23063496	0.6062623716	21.0	0.1103790069
B03_bin.29	ANI95_cluster_00126	B08_bin.39	False	d__Bacteria;p__Bacillota;c__Clostridia;o__Oscillospirales;f__Oscillospiraceae;g__Vescimonas;s__Vescimonas sanitatis	Bacteria	Bacillota	Clostridia	Oscillospirales	Oscillospiraceae	Vescimonas	Vescimonas sanitatis	85.23	1.38	1889692	49	62993	60.210394	1793	27.0	0.4153846154	0.04784176379	0.0	0.04703269	0.8776419	3.109714646	27.0	0.1704352223
B03_bin.30	ANI95_cluster_00023	A05_bin.109	False	d__Bacteria;p__Bacteroidota;c__Bacteroidia;o__Bacteroidales;f__Bacteroidaceae;g__Bacteroides;s__Bacteroides sp900755095	Bacteria	Bacteroidota	Bacteroidia	Bacteroidales	Bacteroidaceae	Bacteroides	Bacteroides sp900755095	83.05	6.51	5840644	332	37896	41.672922	4962	62.0	0.9538461538	0.1678320483	0.079636246	0.0841423795	0.9880458	10.90908314	62.0	0.4601825623
B03_bin.34	ANI95_cluster_00063	B02_bin.24	False	d__Bacteria;p__Bacillota;c__Clostridia;o__Christensenellales;f__Aristaeellaceae;g__SFMI01;s__SFMI01 sp004556155	Bacteria	Bacillota	Clostridia	Christensenellales	Aristaeellaceae	SFMI01	SFMI01 sp004556155	91.53	2.28	2569974	40	131534	58.165258	2354	10.0	0.1538461538	0.02675821391	0.0	0.021767307	1.4777644	1.739283904	10.0	0.06490300862
B03_bin.36	ANI95_cluster_00076	B03_bin.36	True	d__Bacteria;p__Bacillota;c__Clostridia;o__Oscillospirales;f__Acutalibacteraceae;g__Ruminococcoides;s__Ruminococcoides bromii	Bacteria	Bacillota	Clostridia	Oscillospirales	Acutalibacteraceae	Ruminococcoides	Ruminococcoides bromii	98.29	2.01	1812433	193	13952	41.588737	1773	30.0	0.4615384615	0.01799630258	0.0	0.028701916	0.21722265	1.169759668	30.0	0.09645417066
B03_bin.37	ANI95_cluster_00315	F08_bin.12	False	d__Bacteria;p__Bacteroidota;c__Bacteroidia;o__Bacteroidales;f__Rikenellaceae;g__Alistipes_A;s__Alistipes_A hominis	Bacteria	Bacteroidota	Bacteroidia	Bacteroidales	Rikenellaceae	Alistipes_A	Alistipes_A hominis	97.12	0.0	2808456	15	276635	54.664770	2334	27.0	0.4153846154	0.01560353825	0.0	0.011572994	0.42255473	1.014229987	27.0	0.1470046109
B03_bin.39	ANI95_cluster_00118	B06_bin.86	False	d__Bacteria;p__Bacillota;c__Clostridia;o__Oscillospirales;f__Ruminococcaceae;g__Huintestinicola;s__Huintestinicola butyrica	Bacteria	Bacillota	Clostridia	Oscillospirales	Ruminococcaceae	Huintestinicola	Huintestinicola butyrica	95.99	0.0	2532315	161	28174	47.412743	2428	9.0	0.1384615385	0.0370426368	0.0	0.08999873	1.3857831	2.407771392	9.0	0.08982800908
B03_bin.4	ANI95_cluster_00267	E06_bin.85	False	d__Bacteria;p__Bacteroidota;c__Bacteroidia;o__Bacteroidales;f__Rikenellaceae;g__Alistipes;s__Alistipes shahii	Bacteria	Bacteroidota	Bacteroidia	Bacteroidales	Rikenellaceae	Alistipes	Alistipes shahii	82.76	4.31	2552868	35	149668	59.342943	2106	45.0	0.6923076923	0.09016263182	0.048071876	0.08245767	1.060397	5.860571068	45.0	0.4439808097
B03_bin.40	ANI95_cluster_00034	A06_bin.107	False	d__Bacteria;p__Bacteroidota;c__Bacteroidia;o__Bacteroidales;f__Marinifilaceae;g__Odoribacter;s__Odoribacter splanchnicus	Bacteria	Bacteroidota	Bacteroidia	Bacteroidales	Marinifilaceae	Odoribacter	Odoribacter splanchnicus	92.11	0.0	3887434	127	48808	43.674799	3185	50.0	0.7692307692	0.01037135389	0.006729532	0.00998977725	0.069940716	0.6741380026	50.0	0.2189905204
B03_bin.44	ANI95_cluster_00413	H05_bin.38	False	d__Bacteria;p__Bacteroidota;c__Bacteroidia;o__Bacteroidales;f__Tannerellaceae;g__Parabacteroides;s__Parabacteroides distasonis	Bacteria	Bacteroidota	Bacteroidia	Bacteroidales	Tannerellaceae	Parabacteroides	Parabacteroides distasonis	96.86	0.38	4756295	53	139981	45.064341	3994	49.0	0.7538461538	0.02466927058	0.015624232	0.021204842	0.3223157	1.603502588	49.0	0.2127529504
B03_bin.45	ANI95_cluster_00128	B08_bin.66	False	d__Bacteria;p__Bacteroidota;c__Bacteroidia;o__Bacteroidales;f__Rikenellaceae;g__Alistipes;s__Alistipes communis	Bacteria	Bacteroidota	Bacteroidia	Bacteroidales	Rikenellaceae	Alistipes	Alistipes communis	94.23	0.48	2592497	38	111373	59.627610	2133	41.0	0.6307692308	0.04295587506	0.017930029	0.02972151	0.48841417	2.792131879	41.0	0.2812434782
B03_bin.46	ANI95_cluster_00021	A04_bin.93	False	d__Bacteria;p__Bacillota;c__Clostridia;o__Oscillospirales;f__Ruminococcaceae;g__Gemmiger;s__Gemmiger qucibialis	Bacteria	Bacillota	Clostridia	Oscillospirales	Ruminococcaceae	Gemmiger	Gemmiger qucibialis	99.32	0.68	2458594	226	14789	56.469023	2108	51.0	0.7846153846	0.02321754104	0.010034461	0.013775425	0.31346476	1.509140168	51.0	0.2369013288
B03_bin.47	ANI95_cluster_00412	H05_bin.34	False	d__Bacteria;p__Pseudomonadota;c__Gammaproteobacteria;o__Enterobacterales;f__Enterobacteriaceae;g__Escherichia;s__Escherichia coli	Bacteria	Pseudomonadota	Gammaproteobacteria	Enterobacterales	Enterobacteriaceae	Escherichia	Escherichia coli	96.61	1.9	4612219	445	16484	50.753639	4676	22.0	0.3384615385	0.01930161952	0.0	0.010609837	0.30638504	1.254605269	22.0	0.1108410385
B03_bin.49	ANI95_cluster_00077	B03_bin.49	True	d__Bacteria;p__Bacillota;c__Clostridia;o__Oscillospirales;f__Acutalibacteraceae;g__Eubacterium_R;s__Eubacterium_R sp000433975	Bacteria	Bacillota	Clostridia	Oscillospirales	Acutalibacteraceae	Eubacterium_R	Eubacterium_R sp000433975	83.22	1.34	1671653	19	125847	43.806819	1537	7.0	0.1076923077	0.1083760049	0.0	0.09021054	3.6459172	7.044440317	7.0	0.08059236031
B03_bin.54	ANI95_cluster_00078	B03_bin.54	True	d__Bacteria;p__Bacillota;c__Clostridia;o__UBA1212;f__UBA1255;g__Egerieisoma;s__Egerieisoma sp900552695	Bacteria	Bacillota	Clostridia	UBA1212	UBA1255	Egerieisoma	Egerieisoma sp900552695	91.67	2.27	2376719	387	8733	43.467949	2450	4.0	0.06153846154	0.004813473077	0.0	0.081989168	0.14062378	0.31287575	4.0	0.042277022
B03_bin.55	ANI95_cluster_00430	H07_bin.63	False	d__Bacteria;p__Bacteroidota;c__Bacteroidia;o__Bacteroidales;f__Bacteroidaceae;g__Bacteroides;s__Bacteroides thetaiotaomicron	Bacteria	Bacteroidota	Bacteroidia	Bacteroidales	Bacteroidaceae	Bacteroides	Bacteroides thetaiotaomicron	85.52	2.59	6186777	79	135436	42.769733	4926	57.0	0.8769230769	0.1173846823	0.05410278	0.06890343	1.3529582	7.630004349	57.0	0.4576123182
B03_bin.58	ANI95_cluster_00329	G01_bin.80	False	d__Bacteria;p__Bacillota;c__Clostridia;o__Lachnospirales;f__Lachnospiraceae;g__Suilimivivens;s__Suilimivivens sp000438155	Bacteria	Bacillota	Clostridia	Lachnospirales	Lachnospiraceae	Suilimivivens	Suilimivivens sp000438155	93.24	2.03	3029140	67	72947	44.094495	2671	19.0	0.2923076923	0.01486454754	0.0	0.033179123	0.20359114	0.96619559	19.0	0.1359032402
B03_bin.63	ANI95_cluster_00079	B03_bin.63	True	d__Bacteria;p__Bacillota;c__Clostridia;o__Oscillospirales;f__Oscillospiraceae;g__Intestinimonas;s__Intestinimonas massiliensis	Bacteria	Bacillota	Clostridia	Oscillospirales	Oscillospiraceae	Intestinimonas	Intestinimonas massiliensis	97.36	6.85	2844493	197	23713	61.889096	2815	30.0	0.4615384615	0.0206732519	0.0	0.01497897975	0.33141837	1.343761374	30.0	0.1730861235
B03_bin.66	ANI95_cluster_00361	G07_bin.85	False	d__Bacteria;p__Bacillota;c__Clostridia;o__Christensenellales;f__Aristaeellaceae;g__UBA11524;s__UBA11524 sp000437595	Bacteria	Bacillota	Clostridia	Christensenellales	Aristaeellaceae	UBA11524	UBA11524 sp000437595	99.3	2.56	3155707	93	51666	58.163385	2697	31.0	0.4769230769	0.02622948251	0.0	0.025998821	0.7642808	1.704916363	31.0	0.124840117
B03_bin.70	ANI95_cluster_00018	A03_bin.68	False	d__Bacteria;p__Bacillota;c__Clostridia;o__Lachnospirales;f__Lachnospiraceae;g__Roseburia;s__Roseburia hominis	Bacteria	Bacillota	Clostridia	Lachnospirales	Lachnospiraceae	Roseburia	Roseburia hominis	99.4	0.48	2972930	94	44936	49.698883	2687	36.0	0.5538461538	0.01951388545	0.0049049724	0.0108179635	0.19389811	1.268402554	36.0	0.1810578426
B03_bin.74	ANI95_cluster_00176	C07_bin.75	False	d__Bacteria;p__Bacillota;c__Clostridia;o__Christensenellales;f__CAG-314;g__CAG-314;s__CAG-314 sp000437915	Bacteria	Bacillota	Clostridia	Christensenellales	CAG-314	CAG-314	CAG-314 sp000437915	85.48	0.81	1388528	15	225512	48.887023	1214	13.0	0.2	0.01817305192	0.0	0.042613316	0.31951118	1.181248375	13.0	0.09189449154
B03_bin.75	ANI95_cluster_00290	F03_bin.40	False	d__Bacteria;p__Bacillota;c__Clostridia;o__Lachnospirales;f__Lachnospiraceae;g__Blautia_A;s__Blautia_A wexlerae	Bacteria	Bacillota	Clostridia	Lachnospirales	Lachnospiraceae	Blautia_A	Blautia_A wexlerae	97.15	1.9	3443570	139	46794	41.689613	3021	63.0	0.9692307692	0.04922342733	0.027315166	0.030896628	0.26202172	3.199522777	63.0	0.4131713159
B03_bin.76	ANI95_cluster_00283	F02_bin.66	False	d__Bacteria;p__Bacteroidota;c__Bacteroidia;o__Bacteroidales;f__Rikenellaceae;g__Tidjanibacter;s__Tidjanibacter inops	Bacteria	Bacteroidota	Bacteroidia	Bacteroidales	Rikenellaceae	Tidjanibacter	Tidjanibacter inops	81.73	0.16	1769872	31	105671	57.478337	1483	31.0	0.4769230769	0.02435906185	0.0	0.03325807	0.19528964	1.583339021	31.0	0.2607568226
B03_bin.77	ANI95_cluster_00080	B03_bin.77	True	d__Bacteria;p__Bacillota;c__Clostridia;o__Oscillospirales;f__Ruminococcaceae;g__Faecalibacterium;s__Faecalibacterium duncaniae	Bacteria	Bacillota	Clostridia	Oscillospirales	Ruminococcaceae	Faecalibacterium	Faecalibacterium duncaniae	90.41	1.53	2062905	187	15902	59.069177	1962	58.0	0.8923076923	0.140865429	0.052182823	0.071038468	1.3206233	9.156252885	58.0	0.4882521494
B03_bin.9	ANI95_cluster_00081	B03_bin.9	True	d__Bacteria;p__Verrucomicrobiota;c__Verrucomicrobiia;o__Verrucomicrobiales;f__Akkermansiaceae;g__Akkermansia;s__Akkermansia biwaensis	Bacteria	Verrucomicrobiota	Verrucomicrobiia	Verrucomicrobiales	Akkermansiaceae	Akkermansia	Akkermansia biwaensis	96.6	1.04	2994017	34	115557	56.936985	2467	5.0	0.07692307692	0.0256927422	0.0	0.054006834	1.4778467	1.670028243	5.0	0.05365656929
B04_bin.11	ANI95_cluster_00406	H04_bin.57	False	d__Bacteria;p__Bacillota;c__Clostridia;o__Oscillospirales;f__Ruminococcaceae;g__Gemmiger;s__Gemmiger formicilis	Bacteria	Bacillota	Clostridia	Oscillospirales	Ruminococcaceae	Gemmiger	Gemmiger formicilis	95.92	4.08	2591708	78	54320	59.722739	2294	52.0	0.8	0.02464876792	0.011334048	0.013791137	0.5800951	1.602169915	52.0	0.1912141231
B04_bin.13	ANI95_cluster_00082	B04_bin.13	True	d__Bacteria;p__Bacillota;c__Clostridia;o__Oscillospirales;f__Oscillospiraceae;g__Oscillibacter;s__Oscillibacter sp900548505	Bacteria	Bacillota	Clostridia	Oscillospirales	Oscillospiraceae	Oscillibacter	Oscillibacter sp900548505	93.31	4.65	2132011	132	21676	61.208408	2120	5.0	0.07692307692	0.006026380108	0.0	0.012058343	0.3476342	0.391714707	5.0	0.02667741354
B04_bin.15	ANI95_cluster_00180	C08_bin.28	False	d__Bacteria;p__Bacillota;c__Clostridia;o__Oscillospirales;f__Ruminococcaceae;g__Faecalibacterium;s__Faecalibacterium butyricigenerans	Bacteria	Bacillota	Clostridia	Oscillospirales	Ruminococcaceae	Faecalibacterium	Faecalibacterium butyricigenerans	88.84	5.06	1777601	136	20637	61.369509	1664	43.0	0.6615384615	0.03706841246	0.0076063033	0.018415168	0.46415174	2.40944681	43.0	0.246695343
B04_bin.17	ANI95_cluster_00193	D01_bin.64	False	d__Bacteria;p__Bacteroidota;c__Bacteroidia;o__Bacteroidales;f__Bacteroidaceae;g__Bacteroides;s__Bacteroides uniformis	Bacteria	Bacteroidota	Bacteroidia	Bacteroidales	Bacteroidaceae	Bacteroides	Bacteroides uniformis	95.17	1.57	4368180	42	163180	46.616577	3580	63.0	0.9692307692	0.1733855323	0.095330745	0.105875544	1.826843	11.2700596	63.0	0.5784022703
B04_bin.18	ANI95_cluster_00083	B04_bin.18	True	d__Bacteria;p__Bacteroidota;c__Bacteroidia;o__Bacteroidales;f__Rikenellaceae;g__Alistipes;s__Alistipes onderdonkii	Bacteria	Bacteroidota	Bacteroidia	Bacteroidales	Rikenellaceae	Alistipes	Alistipes onderdonkii	99.28	0.48	3395547	18	267185	58.251940	2806	57.0	0.8769230769	0.1538406096	0.05472921	0.065481074	1.8981957	9.999639623	57.0	0.4042946846
B04_bin.29	ANI95_cluster_00405	H04_bin.47	False	d__Bacteria;p__Bacillota;c__Clostridia;o__Lachnospirales;f__Anaerotignaceae;g__Anaerotignum;s__Anaerotignum lactatifermentans	Bacteria	Bacillota	Clostridia	Lachnospirales	Anaerotignaceae	Anaerotignum	Anaerotignum lactatifermentans	91.95	1.23	2233954	139	25049	45.795348	2198	3.0	0.04615384615	0.007342239615	0.0	0.1243022	0.31321004	0.477245575	3.0	0.03140401385
B04_bin.3	ANI95_cluster_00015	A03_bin.21	False	d__Bacteria;p__Bacillota;c__Clostridia;o__Lachnospirales;f__Lachnospiraceae;g__Hominisplanchenecus;s__Hominisplanchenecus faecis	Bacteria	Bacillota	Clostridia	Lachnospirales	Lachnospiraceae	Hominisplanchenecus	Hominisplanchenecus faecis	94.94	3.16	2504046	76	50200	44.760639	2085	42.0	0.6461538462	0.03413881803	0.006954803	0.0193072385	0.8945909	2.219023172	42.0	0.2277988795
B04_bin.30	ANI95_cluster_00084	B04_bin.30	True	d__Bacteria;p__Bacillota;c__Clostridia;o__Oscillospirales;f__Ruminococcaceae;g__Negativibacillus;s__Negativibacillus massiliensis	Bacteria	Bacillota	Clostridia	Oscillospirales	Ruminococcaceae	Negativibacillus	Negativibacillus massiliensis	95.97	3.91	2739099	200	23984	45.433407	2805	13.0	0.2	0.009495612749	0.0	0.014949522	0.31867424	0.6172148287	13.0	0.06536937954
B04_bin.32	ANI95_cluster_00021	A04_bin.93	False	d__Bacteria;p__Bacillota;c__Clostridia;o__Oscillospirales;f__Ruminococcaceae;g__Gemmiger;s__Gemmiger qucibialis	Bacteria	Bacillota	Clostridia	Oscillospirales	Ruminococcaceae	Gemmiger	Gemmiger qucibialis	91.88	0.68	2413772	214	15673	56.443732	2046	49.0	0.7538461538	0.01704335679	0.011599663	0.016068572	0.17234528	1.107818192	49.0	0.221766283
B04_bin.33	ANI95_cluster_00085	B04_bin.33	True	d__Bacteria;p__Bacillota;c__Clostridia;o__UBA1381;f__UBA1381;g__Hominilimicola;s__Hominilimicola fabiformis	Bacteria	Bacillota	Clostridia	UBA1381	UBA1381	Hominilimicola	Hominilimicola fabiformis	96.64	0.67	2621762	58	64284	38.335249	2319	47.0	0.7230769231	0.01809246898	0.009569966	0.017826868	0.27513653	1.176010484	47.0	0.2295484137
B04_bin.34	ANI95_cluster_00310	F07_bin.6	False	d__Bacteria;p__Bacillota;c__Clostridia;o__Oscillospirales;f__Acutalibacteraceae;g__CAG-217;s__CAG-217 sp000436335	Bacteria	Bacillota	Clostridia	Oscillospirales	Acutalibacteraceae	CAG-217	CAG-217 sp000436335	88.59	0.0	1584629	9	263008	53.860052	1431	16.0	0.2461538462	0.02260235257	0.0	0.02136258	0.42126784	1.469152917	16.0	0.1040752129
B04_bin.43	ANI95_cluster_00288	F03_bin.29	False	d__Bacteria;p__Bacteroidota;c__Bacteroidia;o__Bacteroidales;f__Bacteroidaceae;g__Bacteroides;s__Bacteroides cellulosilyticus	Bacteria	Bacteroidota	Bacteroidia	Bacteroidales	Bacteroidaceae	Bacteroides	Bacteroides cellulosilyticus	96.65	2.06	6436269	67	174276	42.804115	4826	36.0	0.5538461538	0.09409509801	0.013804321	0.06541143	1.7067935	6.116181371	36.0	0.2901420295
B04_bin.49	ANI95_cluster_00283	F02_bin.66	False	d__Bacteria;p__Bacteroidota;c__Bacteroidia;o__Bacteroidales;f__Rikenellaceae;g__Tidjanibacter;s__Tidjanibacter inops	Bacteria	Bacteroidota	Bacteroidia	Bacteroidales	Rikenellaceae	Tidjanibacter	Tidjanibacter inops	88.89	1.2	1778486	385	5506	57.471299	1759	31.0	0.4769230769	0.02332967456	0.0	0.0321382	0.17112108	1.516428846	31.0	0.2386999382
B04_bin.52	ANI95_cluster_00413	H05_bin.38	False	d__Bacteria;p__Bacteroidota;c__Bacteroidia;o__Bacteroidales;f__Tannerellaceae;g__Parabacteroides;s__Parabacteroides distasonis	Bacteria	Bacteroidota	Bacteroidia	Bacteroidales	Tannerellaceae	Parabacteroides	Parabacteroides distasonis	95.19	0.0	4275053	32	158131	45.037126	3545	47.0	0.7230769231	0.01800780911	0.009333151	0.015588456	0.1634886	1.170507592	47.0	0.2106747093
B04_bin.53	ANI95_cluster_00086	B04_bin.53	True	d__Bacteria;p__Bacillota;c__Clostridia;o__Oscillospirales;f__Oscillospiraceae;g__Lawsonibacter;s__Lawsonibacter asaccharolyticus	Bacteria	Bacillota	Clostridia	Oscillospirales	Oscillospiraceae	Lawsonibacter	Lawsonibacter asaccharolyticus	95.85	1.7	2642615	224	17180	61.520237	2621	54.0	0.8307692308	0.01958973141	0.0108956015	0.0141333615	0.14157179	1.273332542	54.0	0.2846376078
B04_bin.7	ANI95_cluster_00302	F06_bin.75	False	d__Bacteria;p__Bacillota;c__Clostridia;o__Oscillospirales;f__Oscillospiraceae;g__Hominicoprocola;s__Hominicoprocola fusiformis	Bacteria	Bacillota	Clostridia	Oscillospirales	Oscillospiraceae	Hominicoprocola	Hominicoprocola fusiformis	91.64	0.67	2111336	26	108241	58.452373	2004	50.0	0.7692307692	0.05494761495	0.01803816	0.024994684	1.7413517	3.571594971	50.0	0.2443414612
B04_bin.73	ANI95_cluster_00087	B04_bin.73	True	d__Bacteria;p__Actinomycetota;c__Coriobacteriia;o__Coriobacteriales;f__Eggerthellaceae;g__Anaerotardibacter;s__Anaerotardibacter sp000434775	Bacteria	Actinomycetota	Coriobacteriia	Coriobacteriales	Eggerthellaceae	Anaerotardibacter	Anaerotardibacter sp000434775	92.74	0.12	1452784	8	299642	44.748566	1239	6.0	0.09230769231	0.01292639709	0.0	0.0131702935	0.74273086	0.8402158106	6.0	0.04189727646
B04_bin.77	ANI95_cluster_00415	H05_bin.43	False	d__Bacteria;p__Bacillota;c__Clostridia;o__Lachnospirales;f__Lachnospiraceae;g__Roseburia;s__Roseburia rectalis	Bacteria	Bacillota	Clostridia	Lachnospirales	Lachnospiraceae	Roseburia	Roseburia rectalis	98.07	0.48	2516377	80	45326	42.041475	2328	47.0	0.7230769231	0.01944689014	0.0127258375	0.017438505	0.11739124	1.264047859	47.0	0.2135032135
B04_bin.79	ANI95_cluster_00201	D04_bin.5	False	d__Bacteria;p__Bacillota;c__Clostridia;o__Oscillospirales;f__Oscillospiraceae;g__Flavonifractor;s__Flavonifractor plautii	Bacteria	Bacillota	Clostridia	Oscillospirales	Oscillospiraceae	Flavonifractor	Flavonifractor plautii	92.12	1.14	2869341	200	23643	63.200052	2798	42.0	0.6461538462	0.02629448949	0.007113709	0.013979037	0.34402204	1.709141817	42.0	0.2416887671
B04_bin.80	ANI95_cluster_00195	D02_bin.11	False	d__Bacteria;p__Bacteroidota;c__Bacteroidia;o__Bacteroidales;f__Bacteroidaceae;g__Phocaeicola;s__Phocaeicola vulgatus	Bacteria	Bacteroidota	Bacteroidia	Bacteroidales	Bacteroidaceae	Phocaeicola	Phocaeicola vulgatus	88.35	3.97	4509103	40	221399	41.483572	3609	62.0	0.9538461538	0.22941176	0.0887712	0.093147945	3.7585847	14.9117644	62.0	0.487128055
B05_bin.10	ANI95_cluster_00296	F05_bin.48	False	d__Bacteria;p__Pseudomonadota;c__Gammaproteobacteria;o__Burkholderiales;f__Burkholderiaceae_F;g__Sutterella;s__Sutterella wadsworthensis	Bacteria	Pseudomonadota	Gammaproteobacteria	Burkholderiales	Burkholderiaceae_F	Sutterella	Sutterella wadsworthensis	98.14	0.0	2834166	79	63353	55.112227	2355	24.0	0.3692307692	0.03219780249	0.0	0.0186379905	0.8714315	2.092857162	24.0	0.1472946633
B05_bin.100	ANI95_cluster_00235	E01_bin.44	False	d__Bacteria;p__Bacillota;c__Clostridia;o__Lachnospirales;f__Lachnospiraceae;g__Roseburia_C;s__Roseburia_C amylophila	Bacteria	Bacillota	Clostridia	Lachnospirales	Lachnospiraceae	Roseburia_C	Roseburia_C amylophila	87.31	1.95	2109451	99	33768	41.472307	1975	17.0	0.2615384615	0.01172500037	0.0	0.009659799	0.27979317	0.7621250243	17.0	0.09054118154
B05_bin.103	ANI95_cluster_00140	C02_bin.89	False	d__Bacteria;p__Bacillota;c__Clostridia;o__Oscillospirales;f__Acutalibacteraceae;g__Hominenteromicrobium;s__Hominenteromicrobium mulieris	Bacteria	Bacillota	Clostridia	Oscillospirales	Acutalibacteraceae	Hominenteromicrobium	Hominenteromicrobium mulieris	92.28	0.22	2099249	84	45180	53.676815	1995	40.0	0.6153846154	0.0136690989	0.0052142055	0.0090772185	0.13395958	0.8884914284	40.0	0.1520448877
B05_bin.104	ANI95_cluster_00128	B08_bin.66	False	d__Bacteria;p__Bacteroidota;c__Bacteroidia;o__Bacteroidales;f__Rikenellaceae;g__Alistipes;s__Alistipes communis	Bacteria	Bacteroidota	Bacteroidia	Bacteroidales	Rikenellaceae	Alistipes	Alistipes communis	92.55	0.48	2594882	41	135301	60.177804	2094	40.0	0.6153846154	0.03731720525	0.019501433	0.0369397335	0.343324	2.425618341	40.0	0.2954149565
B05_bin.105	ANI95_cluster_00088	B05_bin.105	True	d__Bacteria;p__Bacillota_I;c__Bacilli_A;o__Erysipelotrichales;f__Erysipelotrichaceae;g__Absicoccus;s__Absicoccus sp000434355	Bacteria	Bacillota_I	Bacilli_A	Erysipelotrichales	Erysipelotrichaceae	Absicoccus	Absicoccus sp000434355	90.6	2.02	1525864	45	59428	37.357065	1516	3.0	0.04615384615	0.02502336431	0.0	0.5126626	0.64023656	1.62651868	3.0	0.04321798769
B05_bin.112	ANI95_cluster_00089	B05_bin.112	True	d__Bacteria;p__Bacillota;c__Negativicutes;o__Acidaminococcales;f__Acidaminococcaceae;g__Phascolarctobacterium_A;s__Phascolarctobacterium_A succinatutens_B	Bacteria	Bacillota	Negativicutes	Acidaminococcales	Acidaminococcaceae	Phascolarctobacterium_A	Phascolarctobacterium_A succinatutens_B	100.0	1.01	2290237	63	58099	47.175205	2126	4.0	0.06153846154	0.007342823908	0.0	0.113909255	0.23354694	0.477283554	4.0	0.048516162
B05_bin.113	ANI95_cluster_00090	B05_bin.113	True	d__Bacteria;p__Actinomycetota;c__Coriobacteriia;o__Coriobacteriales;f__Eggerthellaceae;g__Ellagibacter;s__Ellagibacter isourolithinifaciens	Bacteria	Actinomycetota	Coriobacteriia	Coriobacteriales	Eggerthellaceae	Ellagibacter	Ellagibacter isourolithinifaciens	97.98	1.21	2135233	142	22746	60.924405	1882	11.0	0.1692307692	0.008363432392	0.0	0.020644534	0.14184564	0.5436231055	11.0	0.07657293723
B05_bin.16	ANI95_cluster_00346	G05_bin.13	False	d__Bacteria;p__Bacillota;c__Clostridia;o__Oscillospirales;f__Acutalibacteraceae;g__Ruminococcoides;s__Ruminococcoides intestinale	Bacteria	Bacillota	Clostridia	Oscillospirales	Acutalibacteraceae	Ruminococcoides	Ruminococcoides intestinale	96.09	1.01	1879538	130	27761	41.153996	1840	40.0	0.6153846154	0.03869866413	0.011766873	0.037752152	0.25795528	2.515413169	40.0	0.2243465389
B05_bin.17	ANI95_cluster_00091	B05_bin.17	True	d__Bacteria;p__Bacillota;c__Clostridia;o__Oscillospirales;f__Acutalibacteraceae;g__CAG-488;s__CAG-488 sp900554995	Bacteria	Bacillota	Clostridia	Oscillospirales	Acutalibacteraceae	CAG-488	CAG-488 sp900554995	93.06	0.0	2023228	17	154968	45.474212	1792	1.0	0.01538461538	0.005558300923	0.0	0.36128956	0.36128956	0.36128956	1.0	0.01538203769
B05_bin.18	ANI95_cluster_00358	G07_bin.107	False	d__Bacteria;p__Bacillota;c__Clostridia;o__Lachnospirales;f__Lachnospiraceae;g__Roseburia;s__Roseburia faecis	Bacteria	Bacillota	Clostridia	Lachnospirales	Lachnospiraceae	Roseburia	Roseburia faecis	96.46	2.73	2990995	68	113227	43.338120	2804	40.0	0.6153846154	0.03712801207	0.018490804	0.035883508	0.48804083	2.413320785	40.0	0.2352243632
B05_bin.2	ANI95_cluster_00092	B05_bin.2	True	d__Bacteria;p__Pseudomonadota;c__Gammaproteobacteria;o__Enterobacterales;f__Pasteurellaceae;g__Haemophilus_D;s__Haemophilus_D sp048377755	Bacteria	Pseudomonadota	Gammaproteobacteria	Enterobacterales	Pasteurellaceae	Haemophilus_D	Haemophilus_D sp048377755	98.29	5.55	1946706	236	12594	39.501137	2003	20.0	0.3076923077	0.01096605336	0.0	0.0165148665	0.3138293	0.7127934682	20.0	0.1078016752
B05_bin.20	ANI95_cluster_00413	H05_bin.38	False	d__Bacteria;p__Bacteroidota;c__Bacteroidia;o__Bacteroidales;f__Tannerellaceae;g__Parabacteroides;s__Parabacteroides distasonis	Bacteria	Bacteroidota	Bacteroidia	Bacteroidales	Tannerellaceae	Parabacteroides	Parabacteroides distasonis	95.52	2.12	4244969	196	36149	45.299765	3594	43.0	0.6615384615	0.01644899143	0.007476809	0.010904793	0.122094564	1.069184443	43.0	0.2153189163
B05_bin.23	ANI95_cluster_00083	B04_bin.18	False	d__Bacteria;p__Bacteroidota;c__Bacteroidia;o__Bacteroidales;f__Rikenellaceae;g__Alistipes;s__Alistipes onderdonkii	Bacteria	Bacteroidota	Bacteroidia	Bacteroidales	Rikenellaceae	Alistipes	Alistipes onderdonkii	85.67	0.99	2638778	47	104785	59.044679	2195	56.0	0.8615384615	0.113468055	0.041611563	0.0525898805	0.88185	7.375423577	56.0	0.4398661322
B05_bin.25	ANI95_cluster_00138	C02_bin.12	False	d__Bacteria;p__Bacteroidota;c__Bacteroidia;o__Bacteroidales;f__Bacteroidaceae;g__Prevotella;s__Prevotella copri_B	Bacteria	Bacteroidota	Bacteroidia	Bacteroidales	Bacteroidaceae	Prevotella	Prevotella copri_B	92.21	1.97	2946715	85	52432	45.326983	2548	14.0	0.2153846154	0.4763060994	0.0	0.694316075	17.299837	30.95989646	14.0	0.1145308648
B05_bin.26	ANI95_cluster_00204	D05_bin.15	False	d__Bacteria;p__Bacteroidota;c__Bacteroidia;o__Bacteroidales;f__Coprobacteraceae;g__Coprobacter;s__Coprobacter fastidiosus	Bacteria	Bacteroidota	Bacteroidia	Bacteroidales	Coprobacteraceae	Coprobacter	Coprobacter fastidiosus	97.74	0.57	3341597	114	53522	38.444702	2662	20.0	0.3076923077	0.008975987186	0.0	0.022500056	0.13701063	0.5834391671	20.0	0.1327421512
B05_bin.27	ANI95_cluster_00193	D01_bin.64	False	d__Bacteria;p__Bacteroidota;c__Bacteroidia;o__Bacteroidales;f__Bacteroidaceae;g__Bacteroides;s__Bacteroides uniformis	Bacteria	Bacteroidota	Bacteroidia	Bacteroidales	Bacteroidaceae	Bacteroides	Bacteroides uniformis	80.69	8.62	3693687	302	18966	47.034575	3208	63.0	0.9692307692	0.1652208699	0.1241499	0.1281214	0.54386	10.73935654	63.0	0.6402060338
B05_bin.3	ANI95_cluster_00146	C04_bin.103	False	d__Bacteria;p__Bacillota;c__Clostridia;o__Oscillospirales;f__Acutalibacteraceae;g__CAG-177;s__CAG-177 sp003514385	Bacteria	Bacillota	Clostridia	Oscillospirales	Acutalibacteraceae	CAG-177	CAG-177 sp003514385	87.92	0.0	1907083	24	111329	51.828421	1746	16.0	0.2461538462	0.01553863056	0.0	0.018435798	0.29530433	1.010010986	16.0	0.07401956092
B05_bin.33	ANI95_cluster_00093	B05_bin.33	True	d__Bacteria;p__Bacillota;c__Clostridia;o__Lachnospirales;f__Lachnospiraceae;g__Lachnospira;s__Lachnospira rogosae	Bacteria	Bacillota	Clostridia	Lachnospirales	Lachnospiraceae	Lachnospira	Lachnospira rogosae	95.3	0.0	2394795	73	48181	35.881067	2185	33.0	0.5076923077	0.01532831026	0.0028373618	0.015210335	0.1924881	0.996340167	33.0	0.1946589046
B05_bin.36	ANI95_cluster_00124	B07_bin.55	False	d__Bacteria;p__Bacillota;c__Clostridia;o__Lachnospirales;f__Lachnospiraceae;g__Coprococcus;s__Coprococcus ammoniilyticus	Bacteria	Bacillota	Clostridia	Lachnospirales	Lachnospiraceae	Coprococcus	Coprococcus ammoniilyticus	91.28	0.0	1995949	15	375612	41.320144	1727	10.0	0.1538461538	0.01295219547	0.0	0.043757025	0.39326844	0.8418927053	10.0	0.07533025092
B05_bin.38	ANI95_cluster_00364	G08_bin.17	False	d__Bacteria;p__Bacillota;c__Clostridia;o__Oscillospirales;f__Oscillospiraceae;g__Hominicoprocola;s__Hominicoprocola sp900317525	Bacteria	Bacillota	Clostridia	Oscillospirales	Oscillospiraceae	Hominicoprocola	Hominicoprocola sp900317525	95.08	9.31	1791734	166	16358	61.936537	1813	43.0	0.6615384615	0.02454766995	0.01934656	0.025403338	0.13393617	1.595598546	43.0	0.2499482365
B05_bin.39	ANI95_cluster_00052	A09_bin.21	False	d__Bacteria;p__Bacillota;c__Clostridia;o__Oscillospirales;f__Oscillospiraceae;g__CAG-170;s__CAG-170 sp900545925	Bacteria	Bacillota	Clostridia	Oscillospirales	Oscillospiraceae	CAG-170	CAG-170 sp900545925	87.95	3.46	2933388	369	12576	56.326064	3033	37.0	0.5692307692	0.02627870382	0.013165119	0.024183288	0.16039486	1.708115748	37.0	0.2181190218
B05_bin.40	ANI95_cluster_00231	D08_bin.97	False	d__Bacteria;p__Bacteroidota;c__Bacteroidia;o__Bacteroidales;f__Tannerellaceae;g__Parabacteroides;s__Parabacteroides merdae	Bacteria	Bacteroidota	Bacteroidia	Bacteroidales	Tannerellaceae	Parabacteroides	Parabacteroides merdae	91.35	1.09	3812359	184	32316	45.833852	3248	42.0	0.6461538462	0.02857652449	0.027684242	0.034551565	0.14757372	1.857474092	42.0	0.2832954652
B05_bin.44	ANI95_cluster_00094	B05_bin.44	True	d__Bacteria;p__Actinomycetota;c__Coriobacteriia;o__Coriobacteriales;f__Atopobiaceae;g__Tractidigestivibacter;s__Tractidigestivibacter sp000752675	Bacteria	Actinomycetota	Coriobacteriia	Coriobacteriales	Atopobiaceae	Tractidigestivibacter	Tractidigestivibacter sp000752675	98.73	7.4	2416112	110	36724	62.537084	2162	3.0	0.04615384615	0.005779739677	0.0	0.054602787	0.2753916	0.375683079	3.0	0.03699668046
B05_bin.45	ANI95_cluster_00095	B05_bin.45	True	d__Bacteria;p__Bacillota;c__Clostridia;o__Christensenellales;f__Aristaeellaceae;g__Limiplasma;s__Limiplasma sp900548145	Bacteria	Bacillota	Clostridia	Christensenellales	Aristaeellaceae	Limiplasma	Limiplasma sp900548145	87.22	9.62	2509963	492	6453	58.957682	2616	27.0	0.4153846154	0.0258355014	0.0	0.038056817	0.35626924	1.679307591	27.0	0.2184955837
B05_bin.46	ANI95_cluster_00415	H05_bin.43	False	d__Bacteria;p__Bacillota;c__Clostridia;o__Lachnospirales;f__Lachnospiraceae;g__Roseburia;s__Roseburia rectalis	Bacteria	Bacillota	Clostridia	Lachnospirales	Lachnospiraceae	Roseburia	Roseburia rectalis	99.28	1.21	2820356	72	91540	41.523978	2617	52.0	0.8	0.04257982298	0.024271013	0.0300775815	0.92286104	2.767688493	52.0	0.2235780207
B05_bin.47	ANI95_cluster_00096	B05_bin.47	True	d__Bacteria;p__Bacillota;c__Clostridia;o__Oscillospirales;f__Oscillospiraceae;g__CAG-170;s__CAG-170 sp002404795	Bacteria	Bacillota	Clostridia	Oscillospirales	Oscillospiraceae	CAG-170	CAG-170 sp002404795	92.58	5.54	2475655	128	28825	61.136669	2368	39.0	0.6	0.03665285014	0.0069639976	0.015754953	0.8653141	2.382435259	39.0	0.2140037663
B05_bin.48	ANI95_cluster_00097	B05_bin.48	True	d__Bacteria;p__Bacillota;c__Clostridia;o__Oscillospirales;f__Acutalibacteraceae;g__UBA737;s__UBA737 sp900549055	Bacteria	Bacillota	Clostridia	Oscillospirales	Acutalibacteraceae	UBA737	UBA737 sp900549055	93.29	4.7	2548622	62	60044	46.277518	2285	18.0	0.2769230769	0.01610063605	0.0	0.029502433	0.58998364	1.046541343	18.0	0.1164174681
B05_bin.49	ANI95_cluster_00222	D08_bin.21	False	d__Bacteria;p__Bacteroidota;c__Bacteroidia;o__Bacteroidales;f__Rikenellaceae;g__Alistipes;s__Alistipes putredinis	Bacteria	Bacteroidota	Bacteroidia	Bacteroidales	Rikenellaceae	Alistipes	Alistipes putredinis	91.38	8.13	2107003	135	23873	54.827307	1900	51.0	0.7846153846	0.1205034341	0.08205035	0.12306145	0.50265557	7.832723216	51.0	0.4569120382
B05_bin.52	ANI95_cluster_00098	B05_bin.52	True	d__Bacteria;p__Bacillota;c__Negativicutes;o__Veillonellales;f__Megasphaeraceae;g__Megasphaera;s__Megasphaera elsdenii	Bacteria	Bacillota	Negativicutes	Veillonellales	Megasphaeraceae	Megasphaera	Megasphaera elsdenii	81.76	2.34	1622284	320	6230	54.873808	1665	1.0	0.01538461538	0.002758087077	0.0	0.17927566	0.17927566	0.17927566	1.0	0.01537818538
B05_bin.57	ANI95_cluster_00099	B05_bin.57	True	d__Bacteria;p__Actinomycetota;c__Coriobacteriia;o__Coriobacteriales;f__Atopobiaceae;g__Parolsenella;s__Parolsenella catena	Bacteria	Actinomycetota	Coriobacteriia	Coriobacteriales	Atopobiaceae	Parolsenella	Parolsenella catena	80.1	2.16	1460426	304	5711	66.484711	1474	5.0	0.07692307692	0.005372311754	0.0	0.03632066	0.1801697	0.349200264	5.0	0.05529306585
B05_bin.59	ANI95_cluster_00100	B05_bin.59	True	d__Bacteria;p__Bacillota_I;c__Bacilli_A;o__ML615J-28;f__CAG-313;g__CAG-313;s__CAG-313 sp003539625	Bacteria	Bacillota_I	Bacilli_A	ML615J-28	CAG-313	CAG-313	CAG-313 sp003539625	100.0	1.44	1582686	39	70424	29.382897	1454	9.0	0.1384615385	0.03464475181	0.0	0.032195058	1.7016321	2.251908868	9.0	0.07545499732
B05_bin.6	ANI95_cluster_00302	F06_bin.75	False	d__Bacteria;p__Bacillota;c__Clostridia;o__Oscillospirales;f__Oscillospiraceae;g__Hominicoprocola;s__Hominicoprocola fusiformis	Bacteria	Bacillota	Clostridia	Oscillospirales	Oscillospiraceae	Hominicoprocola	Hominicoprocola fusiformis	85.12	5.65	2138895	262	11904	59.025759	2286	46.0	0.7076923077	0.02222997429	0.0149278175	0.021132446	0.124980494	1.444948329	46.0	0.2016812633
B05_bin.64	ANI95_cluster_00034	A06_bin.107	False	d__Bacteria;p__Bacteroidota;c__Bacteroidia;o__Bacteroidales;f__Marinifilaceae;g__Odoribacter;s__Odoribacter splanchnicus	Bacteria	Bacteroidota	Bacteroidia	Bacteroidales	Marinifilaceae	Odoribacter	Odoribacter splanchnicus	96.24	0.0	4112628	55	127067	43.401300	3428	50.0	0.7692307692	0.01777505528	0.010597948	0.0127318995	0.23521276	1.155378593	50.0	0.2038793497
B05_bin.71	ANI95_cluster_00424	H07_bin.23	False	d__Bacteria;p__Bacillota;c__Clostridia;o__Oscillospirales;f__Ruminococcaceae;g__Faecalibacterium;s__Faecalibacterium longum	Bacteria	Bacillota	Clostridia	Oscillospirales	Ruminococcaceae	Faecalibacterium	Faecalibacterium longum	93.69	4.29	2063031	187	15938	59.829930	1965	55.0	0.8461538462	0.03415905988	0.019648835	0.023561958	0.39542863	2.220338892	55.0	0.2817999565
B05_bin.76	ANI95_cluster_00101	B05_bin.76	True	d__Bacteria;p__Bacillota_I;c__Bacilli_A;o__RF39;f__UBA660;g__CAG-433;s__CAG-433 sp000433675	Bacteria	Bacillota_I	Bacilli_A	RF39	UBA660	CAG-433	CAG-433 sp000433675	92.7	0.56	1402651	52	53639	25.019125	1392	9.0	0.1384615385	0.009318028769	0.0	0.036496587	0.31274608	0.60567187	9.0	0.06031012831
B05_bin.78	ANI95_cluster_00191	D01_bin.36	False	d__Bacteria;p__Bacillota;c__Clostridia;o__Oscillospirales;f__Butyricicoccaceae;g__Agathobaculum;s__Agathobaculum butyriciproducens	Bacteria	Bacillota	Clostridia	Oscillospirales	Butyricicoccaceae	Agathobaculum	Agathobaculum butyriciproducens	84.44	2.24	1785949	389	5661	56.133518	1849	52.0	0.8	0.0137672993	0.009589775	0.0121990825	0.119176574	0.8948744543	52.0	0.2071538622
B05_bin.80	ANI95_cluster_00384	H02_bin.18	False	d__Bacteria;p__Actinomycetota;c__Actinomycetes;o__Actinomycetales;f__Bifidobacteriaceae;g__Bifidobacterium;s__Bifidobacterium adolescentis	Bacteria	Actinomycetota	Actinomycetes	Actinomycetales	Bifidobacteriaceae	Bifidobacterium	Bifidobacterium adolescentis	89.75	4.0	2107662	161	19929	59.614872	1845	51.0	0.7846153846	0.130308804	0.043411605	0.07916375	1.1787956	8.470072258	51.0	0.4575347092
B05_bin.82	ANI95_cluster_00102	B05_bin.82	True	d__Bacteria;p__Bacillota;c__Clostridia;o__Oscillospirales;f__CAG-272;g__QALR01;s__QALR01 sp900553085	Bacteria	Bacillota	Clostridia	Oscillospirales	CAG-272	QALR01	QALR01 sp900553085	95.75	5.37	2217405	21	182553	51.186725	2127	2.0	0.03076923077	0.008773664554	0.0	0.285144098	0.55537087	0.570288196	2.0	0.02116079846
B05_bin.85	ANI95_cluster_00133	B09_bin.61	False	d__Bacteria;p__Bacillota;c__Clostridia;o__Oscillospirales;f__Ruminococcaceae;g__Hominimerdicola;s__Hominimerdicola aceti	Bacteria	Bacillota	Clostridia	Oscillospirales	Ruminococcaceae	Hominimerdicola	Hominimerdicola aceti	89.5	0.51	2222735	280	10278	43.279113	2177	34.0	0.5230769231	0.01247319085	0.0059042233	0.01233541625	0.13245274	0.8107574055	33.0	0.1250529975
B05_bin.87	ANI95_cluster_00419	H06_bin.61	False	d__Bacteria;p__Bacillota;c__Clostridia;o__Lachnospirales;f__Lachnospiraceae;g__Fusicatenibacter;s__Fusicatenibacter saccharivorans	Bacteria	Bacillota	Clostridia	Lachnospirales	Lachnospiraceae	Fusicatenibacter	Fusicatenibacter saccharivorans	94.51	3.48	2532796	231	17759	49.018318	2379	60.0	0.9230769231	0.02265222457	0.013630635	0.015495677	0.09383961	1.472394597	60.0	0.3148994485
B05_bin.9	ANI95_cluster_00103	B05_bin.9	True	d__Bacteria;p__Bacillota;c__Clostridia;o__Oscillospirales;f__CAG-272;g__UMGS902;s__UMGS902 sp900761025	Bacteria	Bacillota	Clostridia	Oscillospirales	CAG-272	UMGS902	UMGS902 sp900761025	90.38	0.12	2151856	68	51819	58.536817	1870	7.0	0.1076923077	0.01408350903	0.0	0.012213393	0.44092247	0.9154280872	7.0	0.02907092542
B05_bin.91	ANI95_cluster_00134	B09_bin.93	False	d__Bacteria;p__Bacillota;c__Clostridia;o__Oscillospirales;f__Oscillospiraceae;g__CAG-103;s__CAG-103 sp000432375	Bacteria	Bacillota	Clostridia	Oscillospirales	Oscillospiraceae	CAG-103	CAG-103 sp000432375	86.03	0.0	1769280	44	66672	62.820922	1651	31.0	0.4769230769	0.01258634204	0.0	0.015309999	0.14438	0.8181122324	31.0	0.1547428869
B06_bin.1	ANI95_cluster_00245	E03_bin.16	False	d__Bacteria;p__Pseudomonadota;c__Alphaproteobacteria;o__RF32;f__CAG-239;g__Scatocola;s__Scatocola faecipullorum	Bacteria	Pseudomonadota	Alphaproteobacteria	RF32	CAG-239	Scatocola	Scatocola faecipullorum	90.86	0.0	1669882	51	56505	47.331608	1673	12.0	0.1846153846	0.07316658095	0.0	0.0464455585	1.900391	4.755827762	12.0	0.1118086754
B06_bin.101	ANI95_cluster_00019	A04_bin.71	False	d__Bacteria;p__Bacteroidota;c__Bacteroidia;o__Bacteroidales;f__Rikenellaceae;g__Alistipes_A;s__Alistipes_A ihumii	Bacteria	Bacteroidota	Bacteroidia	Bacteroidales	Rikenellaceae	Alistipes_A	Alistipes_A ihumii	98.56	0.0	2498774	88	41981	58.468953	2061	26.0	0.4	0.01304529434	0.0	0.017400833	0.11194233	0.8479441319	26.0	0.1624118131
B06_bin.102	ANI95_cluster_00212	D06_bin.25	False	d__Bacteria;p__Bacillota;c__Clostridia;o__Oscillospirales;f__Ruminococcaceae;g__CAG-115;s__CAG-115 sp003531585	Bacteria	Bacillota	Clostridia	Oscillospirales	Ruminococcaceae	CAG-115	CAG-115 sp003531585	94.63	0.0	2684091	74	55258	52.978755	2440	28.0	0.4307692308	0.01906857738	0.0	0.0150878635	0.22374168	1.23945753	28.0	0.1416757882
B06_bin.103	ANI95_cluster_00053	A09_bin.36	False	d__Bacteria;p__Bacillota;c__Clostridia;o__Oscillospirales;f__Oscillospiraceae;g__Oscillibacter;s__Oscillibacter segnis	Bacteria	Bacillota	Clostridia	Oscillospirales	Oscillospiraceae	Oscillibacter	Oscillibacter segnis	83.11	3.58	1756727	120	22658	58.442945	1763	44.0	0.6769230769	0.02624382472	0.018594518	0.0257612195	0.26987392	1.705848607	44.0	0.2216713071
B06_bin.105	ANI95_cluster_00104	B06_bin.105	True	d__Bacteria;p__Bacillota;c__Clostridia;o__Christensenellales;f__Borkfalkiaceae;g__Borkfalkia;s__Borkfalkia sp949297575	Bacteria	Bacillota	Clostridia	Christensenellales	Borkfalkiaceae	Borkfalkia	Borkfalkia sp949297575	95.36	0.86	1628218	142	16568	59.816560	1490	1.0	0.01538461538	0.004077991231	0.0	0.26506943	0.26506943	0.26506943	1.0	0.01538073231
B06_bin.108	ANI95_cluster_00105	B06_bin.108	True	d__Bacteria;p__Bacillota;c__Clostridia;o__Lachnospirales;f__Lachnospiraceae;g__Coprococcus;s__Coprococcus eutactus	Bacteria	Bacillota	Clostridia	Lachnospirales	Lachnospiraceae	Coprococcus	Coprococcus eutactus	93.13	0.67	2637682	178	26421	43.343701	2357	7.0	0.1076923077	0.007483696	0.0	0.058958903	0.16284387	0.48644024	7.0	0.06989502908
B06_bin.110	ANI95_cluster_00061	B01_bin.9	False	d__Bacteria;p__Verrucomicrobiota;c__Verrucomicrobiia;o__Verrucomicrobiales;f__Akkermansiaceae;g__Akkermansia;s__Akkermansia muciniphila	Bacteria	Verrucomicrobiota	Verrucomicrobiia	Verrucomicrobiales	Akkermansiaceae	Akkermansia	Akkermansia muciniphila	91.95	1.06	2465531	222	16560	56.018156	2235	25.0	0.3846153846	0.01699206289	0.0	0.036628343	0.21092732	1.104484088	25.0	0.1350967452
B06_bin.111	ANI95_cluster_00106	B06_bin.111	True	d__Bacteria;p__Pseudomonadota;c__Gammaproteobacteria;o__Burkholderiales;f__Burkholderiaceae_F;g__Aphodousia;s__Aphodousia faecalis	Bacteria	Pseudomonadota	Gammaproteobacteria	Burkholderiales	Burkholderiaceae_F	Aphodousia	Aphodousia faecalis	96.77	1.25	1903651	30	108280	46.960341	1778	1.0	0.01538461538	0.007174424	0.0	0.46633756	0.46633756	0.46633756	1.0	0.01538002462
B06_bin.112	ANI95_cluster_00107	B06_bin.112	True	d__Bacteria;p__Bacteroidota;c__Bacteroidia;o__Bacteroidales;f__Tannerellaceae;g__Parabacteroides;s__Parabacteroides sp944325345	Bacteria	Bacteroidota	Bacteroidia	Bacteroidales	Tannerellaceae	Parabacteroides	Parabacteroides sp944325345	96.92	0.38	3217948	25	328797	49.827934	2774	1.0	0.01538461538	0.01246865431	0.0	0.81046253	0.81046253	0.81046253	1.0	0.01538424769
B06_bin.15	ANI95_cluster_00108	B06_bin.15	True	d__Bacteria;p__Verrucomicrobiota;c__Lentisphaeria;o__Victivallales;f__Victivallaceae;g__Victivallis;s__Victivallis vadensis	Bacteria	Verrucomicrobiota	Lentisphaeria	Victivallales	Victivallaceae	Victivallis	Victivallis vadensis	90.54	3.76	4915896	521	12926	60.324873	4114	8.0	0.1230769231	0.007160692917	0.0	0.0313066215	0.23215702	0.4654450396	8.0	0.06365103354
B06_bin.17	ANI95_cluster_00399	H03_bin.66	False	d__Bacteria;p__Bacillota;c__Clostridia;o__Christensenellales;f__Borkfalkiaceae;g__UMGS621;s__UMGS621 sp900543915	Bacteria	Bacillota	Clostridia	Christensenellales	Borkfalkiaceae	UMGS621	UMGS621 sp900543915	91.18	1.83	1809308	237	11244	55.491215	1700	15.0	0.2307692308	0.006157823103	0.0	0.014372281	0.13569795	0.4002585017	15.0	0.08817173015
B06_bin.18	ANI95_cluster_00109	B06_bin.18	True	d__Bacteria;p__Bacteroidota;c__Bacteroidia;o__Bacteroidales;f__Bacteroidaceae;g__Bacteroides;s__Bacteroides clarus	Bacteria	Bacteroidota	Bacteroidia	Bacteroidales	Bacteroidaceae	Bacteroides	Bacteroides clarus	94.56	1.98	3637906	65	106083	45.663247	2981	7.0	0.1076923077	0.03899390003	0.0	0.1596704	1.1464335	2.534603502	7.0	0.07786827923
B06_bin.23	ANI95_cluster_00146	C04_bin.103	False	d__Bacteria;p__Bacillota;c__Clostridia;o__Oscillospirales;f__Acutalibacteraceae;g__CAG-177;s__CAG-177 sp003514385	Bacteria	Bacillota	Clostridia	Oscillospirales	Acutalibacteraceae	CAG-177	CAG-177 sp003514385	89.43	0.89	1986005	203	14569	51.744986	1983	16.0	0.2461538462	0.01267756247	0.0	0.020351978	0.21649256	0.8240415604	16.0	0.07377051662
B06_bin.24	ANI95_cluster_00228	D08_bin.51	False	d__Bacteria;p__Pseudomonadota;c__Alphaproteobacteria;o__RF32;f__CAG-239;g__JAFUYI01;s__JAFUYI01 sp001917175	Bacteria	Pseudomonadota	Alphaproteobacteria	RF32	CAG-239	JAFUYI01	JAFUYI01 sp001917175	96.77	0.0	1781377	51	53198	51.277130	1710	9.0	0.1384615385	0.01769503598	0.0	0.058860287	0.5727909	1.150177339	9.0	0.07264466815
B06_bin.27	ANI95_cluster_00126	B08_bin.39	False	d__Bacteria;p__Bacillota;c__Clostridia;o__Oscillospirales;f__Oscillospiraceae;g__Vescimonas;s__Vescimonas sanitatis	Bacteria	Bacillota	Clostridia	Oscillospirales	Oscillospiraceae	Vescimonas	Vescimonas sanitatis	84.1	7.05	1879612	54	71719	59.870761	1827	31.0	0.4769230769	0.0539975394	0.0	0.051093984	0.7540643	3.509840061	31.0	0.1833416366
B06_bin.28	ANI95_cluster_00034	A06_bin.107	False	d__Bacteria;p__Bacteroidota;c__Bacteroidia;o__Bacteroidales;f__Marinifilaceae;g__Odoribacter;s__Odoribacter splanchnicus	Bacteria	Bacteroidota	Bacteroidia	Bacteroidales	Marinifilaceae	Odoribacter	Odoribacter splanchnicus	99.46	0.0	4151230	71	120578	43.428044	3418	51.0	0.7846153846	0.01108723261	0.008925617	0.009863385	0.04757952	0.7206701198	51.0	0.2155188219
B06_bin.32	ANI95_cluster_00110	B06_bin.32	True	d__Bacteria;p__Bacteroidota;c__Bacteroidia;o__Bacteroidales;f__Muribaculaceae;g__Duncaniella;s__	Bacteria	Bacteroidota	Bacteroidia	Bacteroidales	Muribaculaceae	Duncaniella		97.17	0.75	3186704	82	63059	52.170205	2597	1.0	0.01538461538	0.007399932308	0.0	0.4809956	0.4809956	0.4809956	1.0	0.01538335077
B06_bin.34	ANI95_cluster_00174	C07_bin.38	False	d__Bacteria;p__Bacillota;c__Clostridia;o__Oscillospirales;f__Ruminococcaceae;g__Ruminococcus_C;s__Ruminococcus_C sp000433635	Bacteria	Bacillota	Clostridia	Oscillospirales	Ruminococcaceae	Ruminococcus_C	Ruminococcus_C sp000433635	96.2	0.67	2163767	229	15764	46.412946	2131	21.0	0.3230769231	0.0256923023	0.0	0.028909102	0.39339072	1.669999649	21.0	0.1597917968
B06_bin.36	ANI95_cluster_00310	F07_bin.6	False	d__Bacteria;p__Bacillota;c__Clostridia;o__Oscillospirales;f__Acutalibacteraceae;g__CAG-217;s__CAG-217 sp000436335	Bacteria	Bacillota	Clostridia	Oscillospirales	Acutalibacteraceae	CAG-217	CAG-217 sp000436335	95.97	0.0	1825596	57	48149	53.961884	1703	16.0	0.2461538462	0.01149726578	0.0	0.041771846	0.14716095	0.747322276	16.0	0.1216352848
B06_bin.4	ANI95_cluster_00227	D08_bin.46	False	d__Bacteria;p__Bacillota;c__Clostridia;o__Lachnospirales;f__Lachnospiraceae;g__Eshraghiella;s__Eshraghiella crossota	Bacteria	Bacillota	Clostridia	Lachnospirales	Lachnospiraceae	Eshraghiella	Eshraghiella crossota	94.63	0.67	1992863	41	100477	37.787846	1925	4.0	0.06153846154	0.08193871302	0.0	0.18451923	4.895386	5.326016346	4.0	0.05024384154
B06_bin.47	ANI95_cluster_00111	B06_bin.47	True	d__Bacteria;p__Spirochaetota;c__Brachyspiria;o__Brachyspirales;f__Brachyspiraceae;g__Brachyspira;s__Brachyspira aalborgi	Bacteria	Spirochaetota	Brachyspiria	Brachyspirales	Brachyspiraceae	Brachyspira	Brachyspira aalborgi	97.2	4.0	2583205	148	27139	28.045122	2516	3.0	0.04615384615	0.004990228523	0.0	0.018756514	0.29072475	0.324364854	3.0	0.02614019308
B06_bin.48	ANI95_cluster_00189	D01_bin.23	False	d__Bacteria;p__Bacillota;c__Clostridia;o__Lachnospirales;f__Lachnospiraceae;g__Anaerostipes;s__Anaerostipes hadrus	Bacteria	Bacillota	Clostridia	Lachnospirales	Lachnospiraceae	Anaerostipes	Anaerostipes hadrus	85.41	2.01	1919011	383	6015	37.809580	2076	60.0	0.9230769231	0.03806881327	0.014663191	0.0166682795	0.49030375	2.474472862	60.0	0.3367897478
B06_bin.51	ANI95_cluster_00112	B06_bin.51	True	d__Bacteria;p__Bacteroidota;c__Bacteroidia;o__Bacteroidales;f__Bacteroidaceae;g__Bacteroides;s__Bacteroides salyersiae	Bacteria	Bacteroidota	Bacteroidia	Bacteroidales	Bacteroidaceae	Bacteroides	Bacteroides salyersiae	97.86	1.63	4984610	83	152532	41.905926	3890	8.0	0.1230769231	0.05137741903	0.0	0.165783655	1.3471456	3.339532237	8.0	0.09597902062
B06_bin.56	ANI95_cluster_00283	F02_bin.66	False	d__Bacteria;p__Bacteroidota;c__Bacteroidia;o__Bacteroidales;f__Rikenellaceae;g__Tidjanibacter;s__Tidjanibacter inops	Bacteria	Bacteroidota	Bacteroidia	Bacteroidales	Rikenellaceae	Tidjanibacter	Tidjanibacter inops	89.42	0.8	2133548	182	16010	57.052337	1935	31.0	0.4769230769	0.02597656032	0.0	0.030404424	0.19057396	1.688476421	31.0	0.2468733825
B06_bin.58	ANI95_cluster_00296	F05_bin.48	False	d__Bacteria;p__Pseudomonadota;c__Gammaproteobacteria;o__Burkholderiales;f__Burkholderiaceae_F;g__Sutterella;s__Sutterella wadsworthensis	Bacteria	Pseudomonadota	Gammaproteobacteria	Burkholderiales	Burkholderiaceae_F	Sutterella	Sutterella wadsworthensis	98.2	1.24	2585361	296	11839	55.362327	2334	28.0	0.4307692308	0.04444354829	0.0	0.021833666	0.689913	2.888830639	28.0	0.1851063075
B06_bin.59	ANI95_cluster_00155	C05_bin.117	False	d__Bacteria;p__Bacillota;c__Clostridia;o__Lachnospirales;f__Lachnospiraceae;g__Gallintestinimicrobium;s__Gallintestinimicrobium propionicum	Bacteria	Bacillota	Clostridia	Lachnospirales	Lachnospiraceae	Gallintestinimicrobium	Gallintestinimicrobium propionicum	92.44	0.77	2756842	119	37910	48.884557	2434	48.0	0.7384615385	0.01958147081	0.010489114	0.0163365805	0.15687147	1.272795603	48.0	0.2115556686
B06_bin.6	ANI95_cluster_00113	B06_bin.6	True	d__Bacteria;p__Cyanobacteriota;c__Vampirovibrionia;o__Gastranaerophilales;f__Gastranaerophilaceae;g__CAG-196;s__CAG-196 sp002102975	Bacteria	Cyanobacteriota	Vampirovibrionia	Gastranaerophilales	Gastranaerophilaceae	CAG-196	CAG-196 sp002102975	84.62	0.0	2070005	70	59582	35.473682	2073	14.0	0.2153846154	0.01943558637	0.0	0.0217191575	0.5342164	1.263313114	14.0	0.09075960246
B06_bin.60	ANI95_cluster_00114	B06_bin.60	True	d__Bacteria;p__Pseudomonadota;c__Gammaproteobacteria;o__Burkholderiales;f__Burkholderiaceae_F;g__Duodenibacillus;s__Duodenibacillus massiliensis	Bacteria	Pseudomonadota	Gammaproteobacteria	Burkholderiales	Burkholderiaceae_F	Duodenibacillus	Duodenibacillus massiliensis	88.75	0.0	1905112	76	40662	57.229916	1788	5.0	0.07692307692	0.01132574025	0.0	0.092611834	0.29965985	0.736173116	5.0	0.05575524538
B06_bin.61	ANI95_cluster_00329	G01_bin.80	False	d__Bacteria;p__Bacillota;c__Clostridia;o__Lachnospirales;f__Lachnospiraceae;g__Suilimivivens;s__Suilimivivens sp000438155	Bacteria	Bacillota	Clostridia	Lachnospirales	Lachnospiraceae	Suilimivivens	Suilimivivens sp000438155	92.16	3.0	2627838	207	21986	44.560471	2425	18.0	0.2769230769	0.008683329645	0.0	0.0222008955	0.11877733	0.5644164269	17.0	0.1088372266
B06_bin.62	ANI95_cluster_00115	B06_bin.62	True	d__Bacteria;p__Bacillota;c__Clostridia;o__Christensenellales;f__Borkfalkiaceae;g__Scatosoma;s__Scatosoma sp900552625	Bacteria	Bacillota	Clostridia	Christensenellales	Borkfalkiaceae	Scatosoma	Scatosoma sp900552625	92.25	4.64	2922106	356	12111	51.034049	2572	20.0	0.3076923077	0.01567940256	0.0	0.016314286	0.29306272	1.019161167	20.0	0.1404907123
B06_bin.66	ANI95_cluster_00401	H03_bin.82	False	d__Bacteria;p__Bacteroidota;c__Bacteroidia;o__Bacteroidales;f__Bacteroidaceae;g__Phocaeicola;s__Phocaeicola intestinalis	Bacteria	Bacteroidota	Bacteroidia	Bacteroidales	Bacteroidaceae	Phocaeicola	Phocaeicola intestinalis	87.26	0.12	2974600	208	21612	45.808613	2580	2.0	0.03076923077	0.1074615231	0.0	3.4924995	6.6465855	6.984999	2.0	0.02685042462
B06_bin.67	ANI95_cluster_00358	G07_bin.107	False	d__Bacteria;p__Bacillota;c__Clostridia;o__Lachnospirales;f__Lachnospiraceae;g__Roseburia;s__Roseburia faecis	Bacteria	Bacillota	Clostridia	Lachnospirales	Lachnospiraceae	Roseburia	Roseburia faecis	98.31	4.18	2809638	56	100611	43.793079	2621	40.0	0.6153846154	0.03811018826	0.027435824	0.045022172	0.3009638	2.477162237	40.0	0.2318850391
B06_bin.69	ANI95_cluster_00222	D08_bin.21	False	d__Bacteria;p__Bacteroidota;c__Bacteroidia;o__Bacteroidales;f__Rikenellaceae;g__Alistipes;s__Alistipes putredinis	Bacteria	Bacteroidota	Bacteroidia	Bacteroidales	Rikenellaceae	Alistipes	Alistipes putredinis	92.07	0.48	2041100	34	144078	54.620156	1838	52.0	0.8	0.1151296814	0.09313746	0.14202838	0.4081525	7.483429289	52.0	0.4740070172
B06_bin.7	ANI95_cluster_00116	B06_bin.7	True	d__Bacteria;p__Bacteroidota;c__Bacteroidia;o__Bacteroidales;f__Rikenellaceae;g__Alistipes;s__Alistipes senegalensis	Bacteria	Bacteroidota	Bacteroidia	Bacteroidales	Rikenellaceae	Alistipes	Alistipes senegalensis	91.78	1.46	3352154	153	36912	59.311535	2647	30.0	0.4615384615	0.03521853233	0.0	0.0566362435	0.27922493	2.289204602	30.0	0.2120743754
B06_bin.73	ANI95_cluster_00178	C08_bin.14	False	d__Bacteria;p__Bacillota;c__Clostridia;o__Christensenellales;f__Borkfalkiaceae;g__Scatosoma;s__Scatosoma sp003150575	Bacteria	Bacillota	Clostridia	Christensenellales	Borkfalkiaceae	Scatosoma	Scatosoma sp003150575	92.74	0.81	2171204	24	158667	51.137526	1965	23.0	0.3538461538	0.02338318387	0.0	0.014912577	0.5649041	1.519906952	23.0	0.1615549912
B06_bin.74	ANI95_cluster_00419	H06_bin.61	False	d__Bacteria;p__Bacillota;c__Clostridia;o__Lachnospirales;f__Lachnospiraceae;g__Fusicatenibacter;s__Fusicatenibacter saccharivorans	Bacteria	Bacillota	Clostridia	Lachnospirales	Lachnospiraceae	Fusicatenibacter	Fusicatenibacter saccharivorans	96.18	9.02	2703242	186	22302	48.766407	2469	60.0	0.9230769231	0.02251630549	0.01320476	0.0162655585	0.085941374	1.463559857	60.0	0.305906686
B06_bin.76	ANI95_cluster_00193	D01_bin.64	False	d__Bacteria;p__Bacteroidota;c__Bacteroidia;o__Bacteroidales;f__Bacteroidaceae;g__Bacteroides;s__Bacteroides uniformis	Bacteria	Bacteroidota	Bacteroidia	Bacteroidales	Bacteroidaceae	Bacteroides	Bacteroides uniformis	95.24	5.58	4210911	302	24790	46.688638	3722	63.0	0.9692307692	0.1546179943	0.12123254	0.13133457	0.5669811	10.05016963	63.0	0.5593564885
B06_bin.8	ANI95_cluster_00021	A04_bin.93	False	d__Bacteria;p__Bacillota;c__Clostridia;o__Oscillospirales;f__Ruminococcaceae;g__Gemmiger;s__Gemmiger qucibialis	Bacteria	Bacillota	Clostridia	Oscillospirales	Ruminococcaceae	Gemmiger	Gemmiger qucibialis	98.64	3.4	2620806	232	15452	56.160738	2230	51.0	0.7846153846	0.01598912884	0.010417857	0.01602959	0.13069974	1.039293374	50.0	0.2170804289
B06_bin.83	ANI95_cluster_00117	B06_bin.83	True	d__Bacteria;p__Bacillota;c__Clostridia;o__Oscillospirales;f__Oscillospiraceae;g__Vescimonas;s__Vescimonas sp900551355	Bacteria	Bacillota	Clostridia	Oscillospirales	Oscillospiraceae	Vescimonas	Vescimonas sp900551355	90.1	3.02	2032679	53	73115	61.763663	1944	4.0	0.06153846154	0.04412360334	0.0	0.0278030745	2.790352	2.868034217	4.0	0.02495535708
B06_bin.86	ANI95_cluster_00118	B06_bin.86	True	d__Bacteria;p__Bacillota;c__Clostridia;o__Oscillospirales;f__Ruminococcaceae;g__Huintestinicola;s__Huintestinicola butyrica	Bacteria	Bacillota	Clostridia	Oscillospirales	Ruminococcaceae	Huintestinicola	Huintestinicola butyrica	97.99	0.0	2756336	76	48481	46.855826	2531	9.0	0.1384615385	0.04670453136	0.0	0.0653111	1.8974653	3.035794539	9.0	0.08808477923
B06_bin.9	ANI95_cluster_00119	B06_bin.9	True	d__Bacteria;p__Pseudomonadota;c__Gammaproteobacteria;o__Burkholderiales;f__Burkholderiaceae_F;g__Duodenibacillus;s__Duodenibacillus intestinigallinarum	Bacteria	Pseudomonadota	Gammaproteobacteria	Burkholderiales	Burkholderiaceae_F	Duodenibacillus	Duodenibacillus intestinigallinarum	97.5	0.62	1943915	43	86517	55.981203	1749	5.0	0.07692307692	0.01963858245	0.0	0.06512097	0.69081205	1.276507859	5.0	0.03746254354
B06_bin.94	ANI95_cluster_00042	A07_bin.27	False	d__Bacteria;p__Bacillota;c__Negativicutes;o__Acidaminococcales;f__Acidaminococcaceae;g__Fusicatenibacter_A;s__Fusicatenibacter_A intestinipullorum	Bacteria	Bacillota	Negativicutes	Acidaminococcales	Acidaminococcaceae	Fusicatenibacter_A	Fusicatenibacter_A intestinipullorum	98.8	0.6	1788969	11	175068	45.978214	1652	5.0	0.07692307692	0.02463010822	0.0	0.015631782	1.5170128	1.600957034	5.0	0.02746465477
B06_bin.95	ANI95_cluster_00237	E01_bin.5	False	d__Bacteria;p__Bacillota;c__Clostridia;o__Oscillospirales;f__Ruminococcaceae;g__Faecalibacterium;s__Faecalibacterium prausnitzii_E	Bacteria	Bacillota	Clostridia	Oscillospirales	Ruminococcaceae	Faecalibacterium	Faecalibacterium prausnitzii_E	92.16	2.61	2110544	93	36766	60.407269	1959	16.0	0.2461538462	0.05707856482	0.0	0.0976696075	1.2425882	3.710106713	16.0	0.1500381431
B07_bin.10	ANI95_cluster_00274	E07_bin.94	False	d__Bacteria;p__Bacillota;c__Clostridia;o__Lachnospirales;f__Anaerotignaceae;g__Anaerotignum_A;s__Anaerotignum_A faecicola	Bacteria	Bacillota	Clostridia	Lachnospirales	Anaerotignaceae	Anaerotignum_A	Anaerotignum_A faecicola	94.63	0.0	2008909	31	154621	47.716995	1963	30.0	0.4615384615	0.01463460446	0.0	0.024320552	0.2528364	0.9512492897	30.0	0.1599960817
B07_bin.16	ANI95_cluster_00177	C07_bin.89	False	d__Bacteria;p__Desulfobacterota;c__Desulfovibrionia;o__Desulfovibrionales;f__Desulfovibrionaceae;g__Bilophila;s__Bilophila wadsworthia	Bacteria	Desulfobacterota	Desulfovibrionia	Desulfovibrionales	Desulfovibrionaceae	Bilophila	Bilophila wadsworthia	90.59	2.66	3532409	679	6319	60.202910	3405	22.0	0.3384615385	0.007217067794	0.0	0.0088900155	0.12898122	0.4691094066	22.0	0.0992125716
B07_bin.20	ANI95_cluster_00052	A09_bin.21	False	d__Bacteria;p__Bacillota;c__Clostridia;o__Oscillospirales;f__Oscillospiraceae;g__CAG-170;s__CAG-170 sp900545925	Bacteria	Bacillota	Clostridia	Oscillospirales	Oscillospiraceae	CAG-170	CAG-170 sp900545925	87.18	9.94	3377502	655	7068	56.061225	3674	41.0	0.6307692308	0.02746931211	0.015800698	0.027126681	0.28674525	1.785505287	41.0	0.2316611643
B07_bin.24	ANI95_cluster_00286	F03_bin.13	False	d__Bacteria;p__Bacteroidota;c__Bacteroidia;o__Bacteroidales;f__Rikenellaceae;g__Alistipes;s__Alistipes finegoldii	Bacteria	Bacteroidota	Bacteroidia	Bacteroidales	Rikenellaceae	Alistipes	Alistipes finegoldii	96.01	3.37	2735735	60	67506	58.944817	2309	50.0	0.7692307692	0.06866198347	0.030995237	0.041204521	0.62292486	4.463028925	50.0	0.3850983634
B07_bin.25	ANI95_cluster_00120	B07_bin.25	True	d__Bacteria;p__Bacillota;c__Clostridia;o__Christensenellales;f__Borkfalkiaceae;g__UBA4636;s__UBA4636 sp900770945	Bacteria	Bacillota	Clostridia	Christensenellales	Borkfalkiaceae	UBA4636	UBA4636 sp900770945	91.94	3.63	1941846	46	67497	45.656092	1617	5.0	0.07692307692	0.007027783423	0.0	0.008699218	0.4243467	0.4568059225	5.0	0.02798587677
B07_bin.30	ANI95_cluster_00302	F06_bin.75	False	d__Bacteria;p__Bacillota;c__Clostridia;o__Oscillospirales;f__Oscillospiraceae;g__Hominicoprocola;s__Hominicoprocola fusiformis	Bacteria	Bacillota	Clostridia	Oscillospirales	Oscillospiraceae	Hominicoprocola	Hominicoprocola fusiformis	94.8	1.36	2176083	49	65762	58.654518	2118	48.0	0.7384615385	0.03384581057	0.021782896	0.026650576	0.5096692	2.199977687	48.0	0.2374148697
B07_bin.31	ANI95_cluster_00053	A09_bin.36	False	d__Bacteria;p__Bacillota;c__Clostridia;o__Oscillospirales;f__Oscillospiraceae;g__Oscillibacter;s__Oscillibacter segnis	Bacteria	Bacillota	Clostridia	Oscillospirales	Oscillospiraceae	Oscillibacter	Oscillibacter segnis	93.29	0.67	2271186	74	54800	57.726976	2163	49.0	0.7538461538	0.03780810692	0.019642247	0.027991282	0.5506271	2.45752695	49.0	0.2804542037
B07_bin.36	ANI95_cluster_00121	B07_bin.36	True	d__Bacteria;p__Bacillota;c__Negativicutes;o__Veillonellales;f__Dialisteraceae;g__Dialister;s__Dialister sp002320515	Bacteria	Bacillota	Negativicutes	Veillonellales	Dialisteraceae	Dialister	Dialister sp002320515	99.28	0.65	2336061	191	17258	51.927154	2003	1.0	0.01538461538	0.008509726769	0.0	0.55313224	0.55313224	0.55313224	1.0	0.01537581692
B07_bin.47	ANI95_cluster_00122	B07_bin.47	True	d__Bacteria;p__Bacillota;c__Clostridia;o__Oscillospirales;f__Acutalibacteraceae;g__CAG-488;s__CAG-488 sp000434915	Bacteria	Bacillota	Clostridia	Oscillospirales	Acutalibacteraceae	CAG-488	CAG-488 sp000434915	91.87	1.78	1982937	299	8928	44.590221	2002	1.0	0.01538461538	0.00325075	0.0	0.21129875	0.21129875	0.21129875	1.0	0.01536144846
B07_bin.5	ANI95_cluster_00140	C02_bin.89	False	d__Bacteria;p__Bacillota;c__Clostridia;o__Oscillospirales;f__Acutalibacteraceae;g__Hominenteromicrobium;s__Hominenteromicrobium mulieris	Bacteria	Bacillota	Clostridia	Oscillospirales	Acutalibacteraceae	Hominenteromicrobium	Hominenteromicrobium mulieris	93.73	6.33	1987048	286	10101	54.018574	2031	40.0	0.6153846154	0.01197389351	0.0064703855	0.012526826	0.058731075	0.7783030779	39.0	0.1939284414
B07_bin.51	ANI95_cluster_00123	B07_bin.51	True	d__Bacteria;p__Bacteroidota;c__Bacteroidia;o__Bacteroidales;f__Bacteroidaceae;g__Prevotella;s__Prevotella sp000436035	Bacteria	Bacteroidota	Bacteroidia	Bacteroidales	Bacteroidaceae	Prevotella	Prevotella sp000436035	81.38	5.17	3543825	80	73902	45.818290	2884	4.0	0.06153846154	0.1331415435	0.0	1.121806619	6.3972225	8.654200329	4.0	0.03506213708
B07_bin.52	ANI95_cluster_00034	A06_bin.107	False	d__Bacteria;p__Bacteroidota;c__Bacteroidia;o__Bacteroidales;f__Marinifilaceae;g__Odoribacter;s__Odoribacter splanchnicus	Bacteria	Bacteroidota	Bacteroidia	Bacteroidales	Marinifilaceae	Odoribacter	Odoribacter splanchnicus	95.16	0.0	3804851	88	71485	43.490980	3176	51.0	0.7846153846	0.01059662877	0.009305159	0.010749475	0.051447038	0.6887808701	50.0	0.2233770079
B07_bin.55	ANI95_cluster_00124	B07_bin.55	True	d__Bacteria;p__Bacillota;c__Clostridia;o__Lachnospirales;f__Lachnospiraceae;g__Coprococcus;s__Coprococcus ammoniilyticus	Bacteria	Bacillota	Clostridia	Lachnospirales	Lachnospiraceae	Coprococcus	Coprococcus ammoniilyticus	99.33	0.0	2626457	26	240236	41.337589	2269	10.0	0.1538461538	0.01568692392	0.0	0.044619744	0.37698552	1.019650055	10.0	0.08547831708
B07_bin.56	ANI95_cluster_00419	H06_bin.61	False	d__Bacteria;p__Bacillota;c__Clostridia;o__Lachnospirales;f__Lachnospiraceae;g__Fusicatenibacter;s__Fusicatenibacter saccharivorans	Bacteria	Bacillota	Clostridia	Lachnospirales	Lachnospiraceae	Fusicatenibacter	Fusicatenibacter saccharivorans	92.01	8.65	2584290	449	7895	49.138293	2594	60.0	0.9230769231	0.02510134219	0.014770796	0.0161325515	0.15831216	1.631587242	60.0	0.3142173843
B07_bin.6	ANI95_cluster_00285	F03_bin.1	False	d__Bacteria;p__Bacillota;c__Clostridia;o__Lachnospirales;f__Lachnospiraceae;g__Acetatifactor;s__Acetatifactor acetigignens	Bacteria	Bacillota	Clostridia	Lachnospirales	Lachnospiraceae	Acetatifactor	Acetatifactor acetigignens	91.87	1.69	2926858	106	46996	47.313911	2619	45.0	0.6923076923	0.02475097872	0.0062735276	0.011334338	0.3199493	1.608813617	45.0	0.2216360475
B07_bin.67	ANI95_cluster_00329	G01_bin.80	False	d__Bacteria;p__Bacillota;c__Clostridia;o__Lachnospirales;f__Lachnospiraceae;g__Suilimivivens;s__Suilimivivens sp000438155	Bacteria	Bacillota	Clostridia	Lachnospirales	Lachnospiraceae	Suilimivivens	Suilimivivens sp000438155	94.88	6.86	3441055	95	58320	44.106502	3122	24.0	0.3692307692	0.01784124543	0.0	0.03096027	0.3418178	1.159680953	24.0	0.1343827624
B07_bin.89	ANI95_cluster_00171	C06_bin.29	False	d__Bacteria;p__Bacillota;c__Clostridia;o__Oscillospirales;f__Oscillospiraceae;g__Vescimonas;s__Vescimonas coprocola	Bacteria	Bacillota	Clostridia	Oscillospirales	Oscillospiraceae	Vescimonas	Vescimonas coprocola	86.18	1.2	1759118	121	25931	61.226535	1681	34.0	0.5230769231	0.02485683841	0.003570684	0.0132809185	0.82446057	1.615694496	34.0	0.1757117965
B07_bin.9	ANI95_cluster_00125	B07_bin.9	True	d__Bacteria;p__Bacillota;c__Clostridia;o__Christensenellales;f__Borkfalkiaceae;g__UBA10281;s__UBA10281 sp902495325	Bacteria	Bacillota	Clostridia	Christensenellales	Borkfalkiaceae	UBA10281	UBA10281 sp902495325	91.53	1.61	2037877	66	56452	50.354855	1651	3.0	0.04615384615	0.008629723738	0.0	0.058418967	0.4776023	0.560932043	3.0	0.03316938338
B07_bin.91	ANI95_cluster_00332	G02_bin.41	False	d__Bacteria;p__Bacteroidota;c__Bacteroidia;o__Bacteroidales;f__Rikenellaceae;g__Alistipes_A;s__Alistipes_A indistinctus	Bacteria	Bacteroidota	Bacteroidia	Bacteroidales	Rikenellaceae	Alistipes_A	Alistipes_A indistinctus	82.69	7.21	2545630	28	168521	53.961338	2110	39.0	0.6	0.01493152122	0.009062931	0.017370442	0.18059637	0.9705488793	39.0	0.1861261066
B07_bin.96	ANI95_cluster_00051	A09_bin.16	False	d__Bacteria;p__Bacillota;c__Clostridia;o__Oscillospirales;f__Oscillospiraceae;g__CAG-103;s__CAG-103 sp900317855	Bacteria	Bacillota	Clostridia	Oscillospirales	Oscillospiraceae	CAG-103	CAG-103 sp900317855	90.6	0.89	1958312	42	72249	61.762324	1817	20.0	0.3076923077	0.0177586628	0.0	0.016355741	0.54572034	1.154313082	20.0	0.098410459
B08_bin.10	ANI95_cluster_00286	F03_bin.13	False	d__Bacteria;p__Bacteroidota;c__Bacteroidia;o__Bacteroidales;f__Rikenellaceae;g__Alistipes;s__Alistipes finegoldii	Bacteria	Bacteroidota	Bacteroidia	Bacteroidales	Rikenellaceae	Alistipes	Alistipes finegoldii	87.98	0.48	2852591	61	78891	58.582916	2393	50.0	0.7692307692	0.07460142067	0.02690889	0.030572531	0.67031074	4.849092344	50.0	0.342446411
B08_bin.11	ANI95_cluster_00177	C07_bin.89	False	d__Bacteria;p__Desulfobacterota;c__Desulfovibrionia;o__Desulfovibrionales;f__Desulfovibrionaceae;g__Bilophila;s__Bilophila wadsworthia	Bacteria	Desulfobacterota	Desulfovibrionia	Desulfovibrionales	Desulfovibrionaceae	Bilophila	Bilophila wadsworthia	97.01	0.0	3853290	528	9946	60.373499	3561	37.0	0.5692307692	0.008240274808	0.0047126687	0.010442725	0.06804065	0.5356178625	36.0	0.1480474817
B08_bin.12	ANI95_cluster_00419	H06_bin.61	False	d__Bacteria;p__Bacillota;c__Clostridia;o__Lachnospirales;f__Lachnospiraceae;g__Fusicatenibacter;s__Fusicatenibacter saccharivorans	Bacteria	Bacillota	Clostridia	Lachnospirales	Lachnospiraceae	Fusicatenibacter	Fusicatenibacter saccharivorans	97.05	1.48	2699882	279	14703	49.036958	2539	60.0	0.9230769231	0.02354310774	0.0138703035	0.016243655	0.09259925	1.530302003	60.0	0.3186361358
B08_bin.13	ANI95_cluster_00222	D08_bin.21	False	d__Bacteria;p__Bacteroidota;c__Bacteroidia;o__Bacteroidales;f__Rikenellaceae;g__Alistipes;s__Alistipes putredinis	Bacteria	Bacteroidota	Bacteroidia	Bacteroidales	Rikenellaceae	Alistipes	Alistipes putredinis	98.08	4.81	2498287	35	154740	54.423771	2236	57.0	0.8769230769	0.2713737404	0.22638305	0.24160661	1.5805193	17.63929313	57.0	0.4913237789
B08_bin.14	ANI95_cluster_00296	F05_bin.48	False	d__Bacteria;p__Pseudomonadota;c__Gammaproteobacteria;o__Burkholderiales;f__Burkholderiaceae_F;g__Sutterella;s__Sutterella wadsworthensis	Bacteria	Pseudomonadota	Gammaproteobacteria	Burkholderiales	Burkholderiaceae_F	Sutterella	Sutterella wadsworthensis	85.71	0.0	2605503	37	118867	55.235016	2070	23.0	0.3538461538	0.03114576019	0.0	0.018744709	0.8626173	2.024474413	23.0	0.1423150091
B08_bin.17	ANI95_cluster_00235	E01_bin.44	False	d__Bacteria;p__Bacillota;c__Clostridia;o__Lachnospirales;f__Lachnospiraceae;g__Roseburia_C;s__Roseburia_C amylophila	Bacteria	Bacillota	Clostridia	Lachnospirales	Lachnospiraceae	Roseburia_C	Roseburia_C amylophila	89.37	0.74	2335854	35	118516	41.120507	2184	17.0	0.2615384615	0.01407746	0.0	0.012114347	0.34780583	0.9150348999	17.0	0.0890378756
B08_bin.25	ANI95_cluster_00413	H05_bin.38	False	d__Bacteria;p__Bacteroidota;c__Bacteroidia;o__Bacteroidales;f__Tannerellaceae;g__Parabacteroides;s__Parabacteroides distasonis	Bacteria	Bacteroidota	Bacteroidia	Bacteroidales	Tannerellaceae	Parabacteroides	Parabacteroides distasonis	97.88	0.51	4393451	56	118847	45.148540	3669	50.0	0.7692307692	0.01640347619	0.0097341165	0.0136936285	0.18623166	1.066225952	50.0	0.21841421
B08_bin.29	ANI95_cluster_00176	C07_bin.75	False	d__Bacteria;p__Bacillota;c__Clostridia;o__Christensenellales;f__CAG-314;g__CAG-314;s__CAG-314 sp000437915	Bacteria	Bacillota	Clostridia	Christensenellales	CAG-314	CAG-314	CAG-314 sp000437915	91.34	0.81	1320747	122	14417	49.608441	1250	16.0	0.2461538462	0.01137271515	0.0	0.032541832	0.120257854	0.739226485	16.0	0.1219850805
B08_bin.3	ANI95_cluster_00096	B05_bin.47	False	d__Bacteria;p__Bacillota;c__Clostridia;o__Oscillospirales;f__Oscillospiraceae;g__CAG-170;s__CAG-170 sp002404795	Bacteria	Bacillota	Clostridia	Oscillospirales	Oscillospiraceae	CAG-170	CAG-170 sp002404795	87.01	6.04	2490847	139	26960	60.884430	2310	40.0	0.6153846154	0.03277213262	0.008620411	0.016107184	0.51891094	2.13018862	40.0	0.2384726222
B08_bin.32	ANI95_cluster_00393	H03_bin.18	False	d__Bacteria;p__Bacillota_I;c__Bacilli_A;o__ML615J-28;f__CAG-313;g__CAG-313;s__CAG-313 sp000433035	Bacteria	Bacillota_I	Bacilli_A	ML615J-28	CAG-313	CAG-313	CAG-313 sp000433035	92.67	0.78	1638570	343	5998	28.663469	1770	15.0	0.2307692308	0.009373272118	0.0	0.023291867	0.13553812	0.6092626877	15.0	0.1110342089
B08_bin.33	ANI95_cluster_00034	A06_bin.107	False	d__Bacteria;p__Bacteroidota;c__Bacteroidia;o__Bacteroidales;f__Marinifilaceae;g__Odoribacter;s__Odoribacter splanchnicus	Bacteria	Bacteroidota	Bacteroidia	Bacteroidales	Marinifilaceae	Odoribacter	Odoribacter splanchnicus	99.46	0.0	4017121	68	91257	43.337405	3364	51.0	0.7846153846	0.01296617006	0.011031029	0.014104762	0.08065126	0.8428010537	51.0	0.2257177629
B08_bin.35	ANI95_cluster_00348	G05_bin.22	False	d__Bacteria;p__Bacillota;c__Clostridia;o__Christensenellales;f__CAG-138;g__PeH17;s__PeH17 sp000435055	Bacteria	Bacillota	Clostridia	Christensenellales	CAG-138	PeH17	PeH17 sp000435055	94.08	1.47	1820668	110	24070	49.636946	1653	26.0	0.4	0.01814036401	0.0	0.01413501675	0.519472	1.179123661	26.0	0.1468015137
B08_bin.38	ANI95_cluster_00199	D03_bin.84	False	d__Bacteria;p__Actinomycetota;c__Actinomycetes;o__Actinomycetales;f__Bifidobacteriaceae;g__Bifidobacterium;s__Bifidobacterium catenulatum	Bacteria	Actinomycetota	Actinomycetes	Actinomycetales	Bifidobacteriaceae	Bifidobacterium	Bifidobacterium catenulatum	86.09	10.0	1924703	301	9634	55.971129	1881	20.0	0.3076923077	0.05022075122	0.0	0.060506165	0.8314015	3.264348829	20.0	0.1446612478
B08_bin.39	ANI95_cluster_00126	B08_bin.39	True	d__Bacteria;p__Bacillota;c__Clostridia;o__Oscillospirales;f__Oscillospiraceae;g__Vescimonas;s__Vescimonas sanitatis	Bacteria	Bacillota	Clostridia	Oscillospirales	Oscillospiraceae	Vescimonas	Vescimonas sanitatis	88.59	1.41	1937353	45	65650	60.352450	1868	27.0	0.4153846154	0.04484047285	0.0	0.052669823	0.7809084	2.914630735	27.0	0.1830406438
B08_bin.42	ANI95_cluster_00309	F07_bin.42	False	d__Bacteria;p__Bacillota;c__Clostridia;o__Lachnospirales;f__Lachnospiraceae;g__Lachnospira;s__Lachnospira eligens_A	Bacteria	Bacillota	Clostridia	Lachnospirales	Lachnospiraceae	Lachnospira	Lachnospira eligens_A	90.77	2.91	2397014	296	12068	37.727898	2418	36.0	0.5538461538	0.01499237406	0.0047065695	0.0120234475	0.15678468	0.9745043136	36.0	0.1716606976
B08_bin.44	ANI95_cluster_00021	A04_bin.93	False	d__Bacteria;p__Bacillota;c__Clostridia;o__Oscillospirales;f__Ruminococcaceae;g__Gemmiger;s__Gemmiger qucibialis	Bacteria	Bacillota	Clostridia	Oscillospirales	Ruminococcaceae	Gemmiger	Gemmiger qucibialis	97.96	1.13	2594988	235	15783	56.437371	2215	51.0	0.7846153846	0.01737901875	0.012090473	0.016857455	0.20681518	1.129636219	51.0	0.2182040699
B08_bin.45	ANI95_cluster_00285	F03_bin.1	False	d__Bacteria;p__Bacillota;c__Clostridia;o__Lachnospirales;f__Lachnospiraceae;g__Acetatifactor;s__Acetatifactor acetigignens	Bacteria	Bacillota	Clostridia	Lachnospirales	Lachnospiraceae	Acetatifactor	Acetatifactor acetigignens	94.1	7.2	3271642	212	23652	47.173591	3063	49.0	0.7538461538	0.03528073414	0.012105041	0.018001014	0.61523783	2.293247719	49.0	0.2432498803
B08_bin.46	ANI95_cluster_00080	B03_bin.77	False	d__Bacteria;p__Bacillota;c__Clostridia;o__Oscillospirales;f__Ruminococcaceae;g__Faecalibacterium;s__Faecalibacterium duncaniae	Bacteria	Bacillota	Clostridia	Oscillospirales	Ruminococcaceae	Faecalibacterium	Faecalibacterium duncaniae	93.31	8.13	2305333	110	40897	58.734508	2142	58.0	0.8923076923	0.1422896702	0.05422644	0.060644917	1.036773	9.248828562	58.0	0.4883438206
B08_bin.47	ANI95_cluster_00127	B08_bin.47	True	d__Bacteria;p__Bacteroidota;c__Bacteroidia;o__Bacteroidales;f__Bacteroidaceae;g__Bacteroides;s__Bacteroides finegoldii	Bacteria	Bacteroidota	Bacteroidia	Bacteroidales	Bacteroidaceae	Bacteroides	Bacteroides finegoldii	88.82	1.3	3755010	112	65360	42.786437	3008	26.0	0.4	0.06477350125	0.0	0.085246975	1.0777564	4.210277581	27.0	0.1847265562
B08_bin.49	ANI95_cluster_00373	G08_bin.9	False	d__Bacteria;p__Bacillota;c__Clostridia;o__Oscillospirales;f__Ruminococcaceae;g__Faecalibacterium;s__Faecalibacterium taiwanense	Bacteria	Bacillota	Clostridia	Oscillospirales	Ruminococcaceae	Faecalibacterium	Faecalibacterium taiwanense	89.26	5.48	2142439	266	12013	57.911567	2103	64.0	0.9846153846	0.08419557022	0.05002765	0.050220568	0.87773025	5.472712064	64.0	0.4899629412
B08_bin.5	ANI95_cluster_00018	A03_bin.68	False	d__Bacteria;p__Bacillota;c__Clostridia;o__Lachnospirales;f__Lachnospiraceae;g__Roseburia;s__Roseburia hominis	Bacteria	Bacillota	Clostridia	Lachnospirales	Lachnospiraceae	Roseburia	Roseburia hominis	87.28	2.82	2528851	418	7939	50.633509	2512	39.0	0.6	0.01838859395	0.0051451325	0.009273741	0.20277187	1.195258607	39.0	0.176880579
B08_bin.50	ANI95_cluster_00312	F07_bin.74	False	d__Bacteria;p__Bacillota;c__Clostridia;o__Lachnospirales;f__Lachnospiraceae;g__Coprococcus;s__Coprococcus aceti	Bacteria	Bacillota	Clostridia	Lachnospirales	Lachnospiraceae	Coprococcus	Coprococcus aceti	97.72	0.0	2655937	67	71502	44.579597	2294	19.0	0.2923076923	0.0115034238	0.0	0.025446342	0.11639955	0.7477225473	19.0	0.1301360757
B08_bin.51	ANI95_cluster_00364	G08_bin.17	False	d__Bacteria;p__Bacillota;c__Clostridia;o__Oscillospirales;f__Oscillospiraceae;g__Hominicoprocola;s__Hominicoprocola sp900317525	Bacteria	Bacillota	Clostridia	Oscillospirales	Oscillospiraceae	Hominicoprocola	Hominicoprocola sp900317525	90.6	1.34	1861223	29	83357	60.862562	1824	44.0	0.6769230769	0.03623121058	0.015916696	0.0227976655	0.9140847	2.355028687	44.0	0.2327210732
B08_bin.6	ANI95_cluster_00288	F03_bin.29	False	d__Bacteria;p__Bacteroidota;c__Bacteroidia;o__Bacteroidales;f__Bacteroidaceae;g__Bacteroides;s__Bacteroides cellulosilyticus	Bacteria	Bacteroidota	Bacteroidia	Bacteroidales	Bacteroidaceae	Bacteroides	Bacteroides cellulosilyticus	95.42	0.74	6325345	84	157751	42.986193	4697	38.0	0.5846153846	0.07839211486	0.010491142	0.055221967	0.8378031	5.095487466	38.0	0.3003016775
B08_bin.60	ANI95_cluster_00030	A05_bin.79	False	d__Bacteria;p__Bacillota;c__Clostridia;o__Oscillospirales;f__Acutalibacteraceae;g__Fimenecus;s__Fimenecus sp000432435	Bacteria	Bacillota	Clostridia	Oscillospirales	Acutalibacteraceae	Fimenecus	Fimenecus sp000432435	84.23	0.0	1794189	16	168667	44.907588	1655	20.0	0.3076923077	0.2007429373	0.0	0.120031275	4.6423664	13.04829092	20.0	0.1779685789
B08_bin.62	ANI95_cluster_00245	E03_bin.16	False	d__Bacteria;p__Pseudomonadota;c__Alphaproteobacteria;o__RF32;f__CAG-239;g__Scatocola;s__Scatocola faecipullorum	Bacteria	Pseudomonadota	Alphaproteobacteria	RF32	CAG-239	Scatocola	Scatocola faecipullorum	86.02	0.0	1662777	51	50397	47.238385	1638	12.0	0.1846153846	0.07410761885	0.0	0.044679497	1.782794	4.816995225	12.0	0.1112140628
B08_bin.66	ANI95_cluster_00128	B08_bin.66	True	d__Bacteria;p__Bacteroidota;c__Bacteroidia;o__Bacteroidales;f__Rikenellaceae;g__Alistipes;s__Alistipes communis	Bacteria	Bacteroidota	Bacteroidia	Bacteroidales	Rikenellaceae	Alistipes	Alistipes communis	99.04	0.48	2768247	30	126395	59.552273	2262	40.0	0.6153846154	0.04060800418	0.016204158	0.033667746	0.34727976	2.639520272	40.0	0.2841998902
B08_bin.67	ANI95_cluster_00415	H05_bin.43	False	d__Bacteria;p__Bacillota;c__Clostridia;o__Lachnospirales;f__Lachnospiraceae;g__Roseburia;s__Roseburia rectalis	Bacteria	Bacillota	Clostridia	Lachnospirales	Lachnospiraceae	Roseburia	Roseburia rectalis	92.93	0.97	2210406	131	24940	42.149225	2067	46.0	0.7076923077	0.03529226616	0.009541426	0.016822791	0.4676979	2.293997301	46.0	0.2125353308
B08_bin.69	ANI95_cluster_00355	G06_bin.24	False	d__Bacteria;p__Bacillota;c__Clostridia;o__Oscillospirales;f__Oscillospiraceae;g__CAG-170;s__CAG-170 sp000432135	Bacteria	Bacillota	Clostridia	Oscillospirales	Oscillospiraceae	CAG-170	CAG-170 sp000432135	84.19	8.86	2531506	404	8896	58.711573	2538	39.0	0.6	0.02448613828	0.011659187	0.02452833	0.2223386	1.591598988	39.0	0.215552985
B08_bin.7	ANI95_cluster_00350	G05_bin.67	False	d__Bacteria;p__Bacteroidota;c__Bacteroidia;o__Bacteroidales;f__Marinifilaceae;g__Butyricimonas;s__Butyricimonas paravirosa	Bacteria	Bacteroidota	Bacteroidia	Bacteroidales	Marinifilaceae	Butyricimonas	Butyricimonas paravirosa	98.41	1.08	4797467	363	24354	43.183497	4007	16.0	0.2461538462	0.007500634908	0.0	0.020667604	0.18044333	0.487541269	16.0	0.08358757692
B08_bin.70	ANI95_cluster_00281	F02_bin.63	False	d__Bacteria;p__Actinomycetota;c__Actinomycetes;o__Actinomycetales;f__Bifidobacteriaceae;g__Bifidobacterium;s__Bifidobacterium bifidum	Bacteria	Actinomycetota	Actinomycetes	Actinomycetales	Bifidobacteriaceae	Bifidobacterium	Bifidobacterium bifidum	89.2	5.41	1970219	280	10389	63.258805	1766	19.0	0.2923076923	0.01457853384	0.0	0.023629544	0.2852221	0.9476046993	19.0	0.1252754678
B08_bin.76	ANI95_cluster_00193	D01_bin.64	False	d__Bacteria;p__Bacteroidota;c__Bacteroidia;o__Bacteroidales;f__Bacteroidaceae;g__Bacteroides;s__Bacteroides uniformis	Bacteria	Bacteroidota	Bacteroidia	Bacteroidales	Bacteroidaceae	Bacteroides	Bacteroides uniformis	96.77	8.55	4882490	70	138988	46.280894	4137	63.0	0.9692307692	0.2130912334	0.13467006	0.13487771	1.8826729	13.85093017	63.0	0.5454798897
B08_bin.79	ANI95_cluster_00267	E06_bin.85	False	d__Bacteria;p__Bacteroidota;c__Bacteroidia;o__Bacteroidales;f__Rikenellaceae;g__Alistipes;s__Alistipes shahii	Bacteria	Bacteroidota	Bacteroidia	Bacteroidales	Rikenellaceae	Alistipes	Alistipes shahii	95.67	3.04	2920621	39	123472	59.086578	2383	47.0	0.7230769231	0.06660328057	0.049514443	0.06096625	0.5302734	4.329213237	47.0	0.4132543742
B08_bin.80	ANI95_cluster_00140	C02_bin.89	False	d__Bacteria;p__Bacillota;c__Clostridia;o__Oscillospirales;f__Acutalibacteraceae;g__Hominenteromicrobium;s__Hominenteromicrobium mulieris	Bacteria	Bacillota	Clostridia	Oscillospirales	Acutalibacteraceae	Hominenteromicrobium	Hominenteromicrobium mulieris	97.32	0.89	2335556	63	62596	53.324305	2224	42.0	0.6461538462	0.01679741182	0.010753556	0.0137905545	0.20146178	1.091831769	42.0	0.1509687625
B08_bin.83	ANI95_cluster_00194	D01_bin.67	False	d__Bacteria;p__Actinomycetota;c__Coriobacteriia;o__Coriobacteriales;f__Coriobacteriaceae;g__Collinsella;s__Collinsella sp905215825	Bacteria	Actinomycetota	Coriobacteriia	Coriobacteriales	Coriobacteriaceae	Collinsella	Collinsella sp905215825	97.58	3.15	2022027	164	20321	60.296326	1817	34.0	0.5230769231	0.01745715414	0.0063637504	0.020256011	0.19045761	1.134715019	34.0	0.1123572613
B08_bin.85	ANI95_cluster_00133	B09_bin.61	False	d__Bacteria;p__Bacillota;c__Clostridia;o__Oscillospirales;f__Ruminococcaceae;g__Hominimerdicola;s__Hominimerdicola aceti	Bacteria	Bacillota	Clostridia	Oscillospirales	Ruminococcaceae	Hominimerdicola	Hominimerdicola aceti	97.09	0.23	2674910	115	50472	43.222538	2492	37.0	0.5692307692	0.01709911469	0.0067465045	0.015511662	0.19582039	1.111442455	37.0	0.1385364402
B08_bin.9	ANI95_cluster_00212	D06_bin.25	False	d__Bacteria;p__Bacillota;c__Clostridia;o__Oscillospirales;f__Ruminococcaceae;g__CAG-115;s__CAG-115 sp003531585	Bacteria	Bacillota	Clostridia	Oscillospirales	Ruminococcaceae	CAG-115	CAG-115 sp003531585	83.89	0.0	2148363	44	75773	53.644938	1907	28.0	0.4307692308	0.02474975008	0.0	0.019329996	0.5005683	1.608733755	28.0	0.1519694105
B08_bin.90	ANI95_cluster_00195	D02_bin.11	False	d__Bacteria;p__Bacteroidota;c__Bacteroidia;o__Bacteroidales;f__Bacteroidaceae;g__Phocaeicola;s__Phocaeicola vulgatus	Bacteria	Bacteroidota	Bacteroidia	Bacteroidales	Bacteroidaceae	Phocaeicola	Phocaeicola vulgatus	89.61	3.76	4759720	69	135404	41.268268	3942	62.0	0.9538461538	0.2316629291	0.1080525	0.1113443625	2.2301655	15.05809039	62.0	0.485305206
B08_bin.91	ANI95_cluster_00231	D08_bin.97	False	d__Bacteria;p__Bacteroidota;c__Bacteroidia;o__Bacteroidales;f__Tannerellaceae;g__Parabacteroides;s__Parabacteroides merdae	Bacteria	Bacteroidota	Bacteroidia	Bacteroidales	Tannerellaceae	Parabacteroides	Parabacteroides merdae	96.15	0.38	4076552	64	125277	45.581953	3397	42.0	0.6461538462	0.04186613355	0.029975977	0.0468904035	0.62922436	2.721298681	42.0	0.2652012658
B08_bin.92	ANI95_cluster_00406	H04_bin.57	False	d__Bacteria;p__Bacillota;c__Clostridia;o__Oscillospirales;f__Ruminococcaceae;g__Gemmiger;s__Gemmiger formicilis	Bacteria	Bacillota	Clostridia	Oscillospirales	Ruminococcaceae	Gemmiger	Gemmiger formicilis	91.84	0.68	2423084	90	41688	60.424319	2100	52.0	0.8	0.02234317788	0.012633892	0.015040852	0.28302038	1.452306562	52.0	0.1994168069
B09_bin.10	ANI95_cluster_00174	C07_bin.38	False	d__Bacteria;p__Bacillota;c__Clostridia;o__Oscillospirales;f__Ruminococcaceae;g__Ruminococcus_C;s__Ruminococcus_C sp000433635	Bacteria	Bacillota	Clostridia	Oscillospirales	Ruminococcaceae	Ruminococcus_C	Ruminococcus_C sp000433635	82.21	0.0	1827801	178	19390	46.323697	1791	22.0	0.3384615385	0.02448369593	0.0	0.023123279	0.7643443	1.591440235	22.0	0.1478664598
B09_bin.102	ANI95_cluster_00083	B04_bin.18	False	d__Bacteria;p__Bacteroidota;c__Bacteroidia;o__Bacteroidales;f__Rikenellaceae;g__Alistipes;s__Alistipes onderdonkii	Bacteria	Bacteroidota	Bacteroidia	Bacteroidales	Rikenellaceae	Alistipes	Alistipes onderdonkii	90.74	3.63	2654380	252	16427	59.549612	2302	56.0	0.8615384615	0.1206539925	0.028314628	0.041260467	1.3149527	7.84250951	56.0	0.4299875235
B09_bin.104	ANI95_cluster_00231	D08_bin.97	False	d__Bacteria;p__Bacteroidota;c__Bacteroidia;o__Bacteroidales;f__Tannerellaceae;g__Parabacteroides;s__Parabacteroides merdae	Bacteria	Bacteroidota	Bacteroidia	Bacteroidales	Tannerellaceae	Parabacteroides	Parabacteroides merdae	93.46	2.69	3931643	63	93182	45.447107	3256	42.0	0.6461538462	0.02585010271	0.015780328	0.0310539825	0.32542264	1.680256676	42.0	0.2798268022
B09_bin.106	ANI95_cluster_00129	B09_bin.106	True	d__Bacteria;p__Bacteroidota;c__Bacteroidia;o__Bacteroidales;f__Marinifilaceae;g__Butyricimonas;s__Butyricimonas virosa	Bacteria	Bacteroidota	Bacteroidia	Bacteroidales	Marinifilaceae	Butyricimonas	Butyricimonas virosa	97.31	0.18	4061208	183	36222	42.688235	3391	25.0	0.3846153846	0.01283027612	0.0	0.014174782	0.17238718	0.8339679479	25.0	0.1328502029
B09_bin.12	ANI95_cluster_00302	F06_bin.75	False	d__Bacteria;p__Bacillota;c__Clostridia;o__Oscillospirales;f__Oscillospiraceae;g__Hominicoprocola;s__Hominicoprocola fusiformis	Bacteria	Bacillota	Clostridia	Oscillospirales	Oscillospiraceae	Hominicoprocola	Hominicoprocola fusiformis	95.3	1.34	2146471	51	53154	58.701562	2114	47.0	0.7230769231	0.03042627316	0.021332916	0.028888663	0.33501703	1.977707755	47.0	0.2281345529
B09_bin.18	ANI95_cluster_00406	H04_bin.57	False	d__Bacteria;p__Bacillota;c__Clostridia;o__Oscillospirales;f__Ruminococcaceae;g__Gemmiger;s__Gemmiger formicilis	Bacteria	Bacillota	Clostridia	Oscillospirales	Ruminococcaceae	Gemmiger	Gemmiger formicilis	92.86	0.0	2312885	135	26655	60.750102	2010	51.0	0.7846153846	0.01627881911	0.008413528	0.013418789	0.13086975	1.058123242	51.0	0.2026000635
B09_bin.2	ANI95_cluster_00358	G07_bin.107	False	d__Bacteria;p__Bacillota;c__Clostridia;o__Lachnospirales;f__Lachnospiraceae;g__Roseburia;s__Roseburia faecis	Bacteria	Bacillota	Clostridia	Lachnospirales	Lachnospiraceae	Roseburia	Roseburia faecis	98.33	3.4	3154875	86	77664	43.339689	3001	42.0	0.6461538462	0.03355386371	0.013924892	0.0226526475	0.50172764	2.181001141	42.0	0.2405814918
B09_bin.25	ANI95_cluster_00130	B09_bin.25	True	d__Bacteria;p__Actinomycetota;c__Coriobacteriia;o__Coriobacteriales;f__Coriobacteriaceae;g__Collinsella;s__	Bacteria	Actinomycetota	Coriobacteriia	Coriobacteriales	Coriobacteriaceae	Collinsella		94.52	6.95	2131385	341	8226	60.241345	2014	32.0	0.4923076923	0.01687989659	0.0	0.0174693905	0.3208036	1.097193278	30.0	0.1005176952
B09_bin.33	ANI95_cluster_00324	G01_bin.30	False	d__Bacteria;p__Bacillota;c__Clostridia;o__Oscillospirales;f__Ruminococcaceae;g__Faecalibacterium;s__Faecalibacterium sp900539945	Bacteria	Bacillota	Clostridia	Oscillospirales	Ruminococcaceae	Faecalibacterium	Faecalibacterium sp900539945	89.03	4.54	2133881	216	14304	60.660552	2097	53.0	0.8153846154	0.08806166511	0.057091247	0.06866746	0.5688956	5.724008232	53.0	0.5127152894
B09_bin.35	ANI95_cluster_00415	H05_bin.43	False	d__Bacteria;p__Bacillota;c__Clostridia;o__Lachnospirales;f__Lachnospiraceae;g__Roseburia;s__Roseburia rectalis	Bacteria	Bacillota	Clostridia	Lachnospirales	Lachnospiraceae	Roseburia	Roseburia rectalis	98.71	0.29	2687649	58	70768	41.926941	2451	50.0	0.7692307692	0.04032966488	0.014670962	0.0208516195	0.9024644	2.621428217	50.0	0.2126704378
B09_bin.49	ANI95_cluster_00131	B09_bin.49	True	d__Bacteria;p__Bacillota;c__Clostridia;o__Lachnospirales;f__Lachnospiraceae;g__Enterocloster;s__Enterocloster sp000431375	Bacteria	Bacillota	Clostridia	Lachnospirales	Lachnospiraceae	Enterocloster	Enterocloster sp000431375	80.6	1.9	2678437	506	6758	44.426320	2772	54.0	0.8307692308	0.0373217889	0.015165352	0.017499262	0.3531373	2.425916278	54.0	0.389653921
B09_bin.51	ANI95_cluster_00132	B09_bin.51	True	d__Bacteria;p__Pseudomonadota;c__Alphaproteobacteria;o__RF32;f__CAG-239;g__HGM16780;s__HGM16780 sp900538765	Bacteria	Pseudomonadota	Alphaproteobacteria	RF32	CAG-239	HGM16780	HGM16780 sp900538765	94.62	0.0	1690636	66	38646	44.625041	1676	1.0	0.01538461538	0.009768232923	0.0	0.63493514	0.63493514	0.63493514	1.0	0.01538298677
B09_bin.52	ANI95_cluster_00390	H02_bin.64	False	d__Bacteria;p__Desulfobacterota;c__Desulfovibrionia;o__Desulfovibrionales;f__Desulfovibrionaceae;g__Desulfovibrio;s__Desulfovibrio sp900556755	Bacteria	Desulfobacterota	Desulfovibrionia	Desulfovibrionales	Desulfovibrionaceae	Desulfovibrio	Desulfovibrio sp900556755	91.19	0.61	2248514	400	7321	64.256971	2158	6.0	0.09230769231	0.005017106031	0.0	0.0389635655	0.1450175	0.326111892	6.0	0.04976004369
B09_bin.55	ANI95_cluster_00431	H08_bin.15	False	d__Bacteria;p__Bacillota;c__Clostridia;o__Lachnospirales;f__Lachnospiraceae;g__Otoolea;s__Otoolea fessa	Bacteria	Bacillota	Clostridia	Lachnospirales	Lachnospiraceae	Otoolea	Otoolea fessa	85.09	2.85	2446660	227	15254	49.372001	2270	53.0	0.8153846154	0.01746269538	0.010955828	0.012742489	0.18661249	1.135075199	53.0	0.2448336232
B09_bin.57	ANI95_cluster_00177	C07_bin.89	False	d__Bacteria;p__Desulfobacterota;c__Desulfovibrionia;o__Desulfovibrionales;f__Desulfovibrionaceae;g__Bilophila;s__Bilophila wadsworthia	Bacteria	Desulfobacterota	Desulfovibrionia	Desulfovibrionales	Desulfovibrionaceae	Bilophila	Bilophila wadsworthia	100.0	1.22	4135827	256	25096	59.878206	3630	37.0	0.5692307692	0.00840716574	0.0038848792	0.0097393785	0.06515383	0.5464657731	37.0	0.1626308725
B09_bin.58	ANI95_cluster_00015	A03_bin.21	False	d__Bacteria;p__Bacillota;c__Clostridia;o__Lachnospirales;f__Lachnospiraceae;g__Hominisplanchenecus;s__Hominisplanchenecus faecis	Bacteria	Bacillota	Clostridia	Lachnospirales	Lachnospiraceae	Hominisplanchenecus	Hominisplanchenecus faecis	89.82	1.27	2274093	112	30177	45.147010	1921	39.0	0.6	0.02515732641	0.005797118	0.01789062	0.6298114	1.635226217	39.0	0.2147924102
B09_bin.60	ANI95_cluster_00147	C04_bin.18	False	d__Bacteria;p__Bacillota_I;c__Bacilli_A;o__Erysipelotrichales;f__Erysipelotrichaceae;g__Holdemanella;s__Holdemanella sp900556915	Bacteria	Bacillota_I	Bacilli_A	Erysipelotrichales	Erysipelotrichaceae	Holdemanella	Holdemanella sp900556915	88.95	0.84	1807368	155	17025	34.221088	1805	9.0	0.1384615385	0.007272542938	0.0	0.01316115	0.32404292	0.472715291	9.0	0.0482071
B09_bin.61	ANI95_cluster_00133	B09_bin.61	True	d__Bacteria;p__Bacillota;c__Clostridia;o__Oscillospirales;f__Ruminococcaceae;g__Hominimerdicola;s__Hominimerdicola aceti	Bacteria	Bacillota	Clostridia	Oscillospirales	Ruminococcaceae	Hominimerdicola	Hominimerdicola aceti	98.63	0.0	2653097	29	164383	42.726444	2438	37.0	0.5692307692	0.02597182067	0.006328656	0.011682892	0.40646422	1.688168344	37.0	0.1561068047
B09_bin.66	ANI95_cluster_00050	A08_bin.91	False	d__Bacteria;p__Bacillota;c__Clostridia;o__Lachnospirales;f__Lachnospiraceae;g__Anaerostipes;s__Anaerostipes amylophilus	Bacteria	Bacillota	Clostridia	Lachnospirales	Lachnospiraceae	Anaerostipes	Anaerostipes amylophilus	90.32	3.24	1973139	90	35913	37.073921	1935	34.0	0.5230769231	0.01351834223	0.0026840062	0.016637413	0.09515015	0.8786922448	33.0	0.2024649449
B09_bin.73	ANI95_cluster_00413	H05_bin.38	False	d__Bacteria;p__Bacteroidota;c__Bacteroidia;o__Bacteroidales;f__Tannerellaceae;g__Parabacteroides;s__Parabacteroides distasonis	Bacteria	Bacteroidota	Bacteroidia	Bacteroidales	Tannerellaceae	Parabacteroides	Parabacteroides distasonis	99.04	0.77	4400454	34	144230	45.085734	3646	47.0	0.7230769231	0.02329677243	0.013502321	0.019866016	0.28713846	1.514290208	47.0	0.2122128584
B09_bin.74	ANI95_cluster_00021	A04_bin.93	False	d__Bacteria;p__Bacillota;c__Clostridia;o__Oscillospirales;f__Ruminococcaceae;g__Gemmiger;s__Gemmiger qucibialis	Bacteria	Bacillota	Clostridia	Oscillospirales	Ruminococcaceae	Gemmiger	Gemmiger qucibialis	95.2	2.04	2615862	218	18929	56.299071	2312	52.0	0.8	0.01941563344	0.014046111	0.0186517155	0.15254983	1.262016173	52.0	0.2343002872
B09_bin.75	ANI95_cluster_00204	D05_bin.15	False	d__Bacteria;p__Bacteroidota;c__Bacteroidia;o__Bacteroidales;f__Coprobacteraceae;g__Coprobacter;s__Coprobacter fastidiosus	Bacteria	Bacteroidota	Bacteroidia	Bacteroidales	Coprobacteraceae	Coprobacter	Coprobacter fastidiosus	87.94	2.34	3051570	415	9845	38.758147	2651	20.0	0.3076923077	0.007393079314	0.0	0.017378779	0.08638226	0.4805501554	20.0	0.1236198003
B09_bin.76	ANI95_cluster_00195	D02_bin.11	False	d__Bacteria;p__Bacteroidota;c__Bacteroidia;o__Bacteroidales;f__Bacteroidaceae;g__Phocaeicola;s__Phocaeicola vulgatus	Bacteria	Bacteroidota	Bacteroidia	Bacteroidales	Bacteroidaceae	Phocaeicola	Phocaeicola vulgatus	86.8	1.16	3940051	368	14558	42.327752	3496	63.0	0.9692307692	0.3030742466	0.15656622	0.16413806	2.0470974	19.69982603	63.0	0.6165472171
B09_bin.82	ANI95_cluster_00331	G01_bin.90	False	d__Bacteria;p__Pseudomonadota;c__Alphaproteobacteria;o__RF32;f__CAG-239;g__CAZU01;s__CAZU01 sp000432275	Bacteria	Pseudomonadota	Alphaproteobacteria	RF32	CAG-239	CAZU01	CAZU01 sp000432275	92.47	0.0	1650147	44	63172	45.873974	1655	5.0	0.07692307692	0.03454043251	0.0	0.3562919	1.1900082	2.245128113	5.0	0.05343749554
B09_bin.83	ANI95_cluster_00222	D08_bin.21	False	d__Bacteria;p__Bacteroidota;c__Bacteroidia;o__Bacteroidales;f__Rikenellaceae;g__Alistipes;s__Alistipes putredinis	Bacteria	Bacteroidota	Bacteroidia	Bacteroidales	Rikenellaceae	Alistipes	Alistipes putredinis	99.2	1.44	2121974	31	108502	54.847326	1854	52.0	0.8	0.1187308468	0.100086175	0.14275571	0.72482175	7.717505039	52.0	0.4764928802
B09_bin.86	ANI95_cluster_00274	E07_bin.94	False	d__Bacteria;p__Bacillota;c__Clostridia;o__Lachnospirales;f__Anaerotignaceae;g__Anaerotignum_A;s__Anaerotignum_A faecicola	Bacteria	Bacillota	Clostridia	Lachnospirales	Anaerotignaceae	Anaerotignum_A	Anaerotignum_A faecicola	92.23	0.22	1854085	180	15214	48.263537	1874	30.0	0.4615384615	0.00948955408	0.0	0.0164976345	0.09727997	0.6168210152	30.0	0.1459271912
B09_bin.93	ANI95_cluster_00134	B09_bin.93	True	d__Bacteria;p__Bacillota;c__Clostridia;o__Oscillospirales;f__Oscillospiraceae;g__CAG-103;s__CAG-103 sp000432375	Bacteria	Bacillota	Clostridia	Oscillospirales	Oscillospiraceae	CAG-103	CAG-103 sp000432375	93.29	0.0	1936550	44	84727	61.973458	1795	34.0	0.5230769231	0.01457034334	0.0045158537	0.015858353	0.19305147	0.9470723173	34.0	0.1631518699
B09_bin.97	ANI95_cluster_00248	E03_bin.35	False	d__Bacteria;p__Bacillota;c__Clostridia;o__Lachnospirales;f__Lachnospiraceae;g__Pilosibacter;s__Pilosibacter fragilis	Bacteria	Bacillota	Clostridia	Lachnospirales	Lachnospiraceae	Pilosibacter	Pilosibacter fragilis	95.02	5.03	2624416	207	18107	49.450506	2400	46.0	0.7076923077	0.01831254752	0.008956248	0.014575249	0.17643777	1.190315589	46.0	0.2509147545
B09_bin.99	ANI95_cluster_00034	A06_bin.107	False	d__Bacteria;p__Bacteroidota;c__Bacteroidia;o__Bacteroidales;f__Marinifilaceae;g__Odoribacter;s__Odoribacter splanchnicus	Bacteria	Bacteroidota	Bacteroidia	Bacteroidales	Marinifilaceae	Odoribacter	Odoribacter splanchnicus	99.46	0.0	4085110	52	133530	43.355724	3281	50.0	0.7692307692	0.009942962594	0.0064863763	0.00942363	0.055003956	0.6462925686	50.0	0.2153543725
C01_bin.10	ANI95_cluster_00285	F03_bin.1	False	d__Bacteria;p__Bacillota;c__Clostridia;o__Lachnospirales;f__Lachnospiraceae;g__Acetatifactor;s__Acetatifactor acetigignens	Bacteria	Bacillota	Clostridia	Lachnospirales	Lachnospiraceae	Acetatifactor	Acetatifactor acetigignens	97.85	3.38	3695147	101	65157	46.455906	3483	52.0	0.8	0.03544848297	0.013379443	0.0181672655	0.64723176	2.304151393	52.0	0.2399596673
C01_bin.16	ANI95_cluster_00413	H05_bin.38	False	d__Bacteria;p__Bacteroidota;c__Bacteroidia;o__Bacteroidales;f__Tannerellaceae;g__Parabacteroides;s__Parabacteroides distasonis	Bacteria	Bacteroidota	Bacteroidia	Bacteroidales	Tannerellaceae	Parabacteroides	Parabacteroides distasonis	92.5	2.31	4314436	31	207187	44.735048	3561	42.0	0.6461538462	0.01933486604	0.010005807	0.01468429	0.2695838	1.256766293	42.0	0.2060759443
C01_bin.21	ANI95_cluster_00135	C01_bin.21	True	d__Bacteria;p__Bacillota;c__Clostridia;o__Oscillospirales;f__Acutalibacteraceae;g__Eubacterium_R;s__Eubacterium_R sp000434995	Bacteria	Bacillota	Clostridia	Oscillospirales	Acutalibacteraceae	Eubacterium_R	Eubacterium_R sp000434995	98.66	0.0	1958864	20	148637	36.411053	1835	11.0	0.1692307692	0.03412531193	0.0	0.04896948	1.0465499	2.218145275	11.0	0.1088857242
C01_bin.23	ANI95_cluster_00382	H02_bin.14	False	d__Bacteria;p__Bacillota;c__Clostridia;o__Oscillospirales;f__Oscillospiraceae;g__Vescimonas;s__Vescimonas sp900547745	Bacteria	Bacillota	Clostridia	Oscillospirales	Oscillospiraceae	Vescimonas	Vescimonas sp900547745	88.19	8.05	2076199	96	39389	62.004124	1977	9.0	0.1384615385	0.05544355878	0.0	0.10706625	1.3004694	3.603831321	9.0	0.08603448231
C01_bin.25	ANI95_cluster_00136	C01_bin.25	True	d__Bacteria;p__Actinomycetota;c__Coriobacteriia;o__Coriobacteriales;f__Coriobacteriaceae;g__Collinsella;s__Collinsella sp902461405	Bacteria	Actinomycetota	Coriobacteriia	Coriobacteriales	Coriobacteriaceae	Collinsella	Collinsella sp902461405	81.05	9.34	1969191	515	4374	60.362352	2025	24.0	0.3692307692	0.01136068357	0.0	0.017730707	0.21769454	0.7384444322	24.0	0.07147974769
C01_bin.30	ANI95_cluster_00019	A04_bin.71	False	d__Bacteria;p__Bacteroidota;c__Bacteroidia;o__Bacteroidales;f__Rikenellaceae;g__Alistipes_A;s__Alistipes_A ihumii	Bacteria	Bacteroidota	Bacteroidia	Bacteroidales	Rikenellaceae	Alistipes_A	Alistipes_A ihumii	91.35	2.88	2513062	32	110377	58.312250	2047	27.0	0.4153846154	0.01740502474	0.0	0.017617563	0.46628878	1.131326608	27.0	0.1569664548
C01_bin.32	ANI95_cluster_00358	G07_bin.107	False	d__Bacteria;p__Bacillota;c__Clostridia;o__Lachnospirales;f__Lachnospiraceae;g__Roseburia;s__Roseburia faecis	Bacteria	Bacillota	Clostridia	Lachnospirales	Lachnospiraceae	Roseburia	Roseburia faecis	85.19	2.24	2494190	39	88796	43.737646	2395	38.0	0.5846153846	0.02815867827	0.009955345	0.0290604785	0.30042902	1.830314088	38.0	0.2308447812
C01_bin.33	ANI95_cluster_00312	F07_bin.74	False	d__Bacteria;p__Bacillota;c__Clostridia;o__Lachnospirales;f__Lachnospiraceae;g__Coprococcus;s__Coprococcus aceti	Bacteria	Bacillota	Clostridia	Lachnospirales	Lachnospiraceae	Coprococcus	Coprococcus aceti	91.13	0.45	2497390	218	17277	44.707875	2304	19.0	0.2923076923	0.01094651517	0.0	0.024879117	0.11322877	0.7115234859	19.0	0.1232800843
C01_bin.34	ANI95_cluster_00066	B02_bin.41	False	d__Bacteria;p__Bacillota;c__Clostridia;o__Lachnospirales;f__Lachnospiraceae;g__Dorea_A;s__Dorea_A longicatena	Bacteria	Bacillota	Clostridia	Lachnospirales	Lachnospiraceae	Dorea_A	Dorea_A longicatena	82.46	1.75	2141022	123	27485	42.139969	2041	57.0	0.8769230769	0.02841572383	0.016062932	0.018759139	0.28126782	1.847022049	57.0	0.3430878988
C01_bin.35	ANI95_cluster_00346	G05_bin.13	False	d__Bacteria;p__Bacillota;c__Clostridia;o__Oscillospirales;f__Acutalibacteraceae;g__Ruminococcoides;s__Ruminococcoides intestinale	Bacteria	Bacillota	Clostridia	Oscillospirales	Acutalibacteraceae	Ruminococcoides	Ruminococcoides intestinale	97.99	0.67	2072733	109	51169	41.138873	2026	40.0	0.6153846154	0.04062631789	0.011309394	0.042811383	0.27588966	2.640710663	40.0	0.2113437303
C01_bin.37	ANI95_cluster_00419	H06_bin.61	False	d__Bacteria;p__Bacillota;c__Clostridia;o__Lachnospirales;f__Lachnospiraceae;g__Fusicatenibacter;s__Fusicatenibacter saccharivorans	Bacteria	Bacillota	Clostridia	Lachnospirales	Lachnospiraceae	Fusicatenibacter	Fusicatenibacter saccharivorans	99.29	1.27	2734173	233	18079	48.933078	2541	60.0	0.9230769231	0.02521671277	0.015461806	0.017428519	0.08783994	1.63908633	60.0	0.3134183356
C01_bin.43	ANI95_cluster_00412	H05_bin.34	False	d__Bacteria;p__Pseudomonadota;c__Gammaproteobacteria;o__Enterobacterales;f__Enterobacteriaceae;g__Escherichia;s__Escherichia coli	Bacteria	Pseudomonadota	Gammaproteobacteria	Enterobacterales	Enterobacteriaceae	Escherichia	Escherichia coli	90.87	1.26	3877987	710	7122	51.395324	4142	18.0	0.2769230769	0.01801236607	0.0	0.013011802	0.30712947	1.170803794	18.0	0.10107414
C01_bin.44	ANI95_cluster_00139	C02_bin.32	False	d__Bacteria;p__Bacillota;c__Clostridia;o__Lachnospirales;f__Lachnospiraceae;g__Coprococcus_C;s__Coprococcus_C hominis	Bacteria	Bacillota	Clostridia	Lachnospirales	Lachnospiraceae	Coprococcus_C	Coprococcus_C hominis	83.51	1.33	2316176	316	9842	45.243064	2328	20.0	0.3076923077	0.01324224666	0.0	0.025224097	0.16107416	0.860746033	20.0	0.1367655412
C01_bin.45	ANI95_cluster_00364	G08_bin.17	False	d__Bacteria;p__Bacillota;c__Clostridia;o__Oscillospirales;f__Oscillospiraceae;g__Hominicoprocola;s__Hominicoprocola sp900317525	Bacteria	Bacillota	Clostridia	Oscillospirales	Oscillospiraceae	Hominicoprocola	Hominicoprocola sp900317525	84.97	2.82	1466670	310	6089	62.270654	1639	42.0	0.6461538462	0.02445969657	0.010221201	0.0174856225	0.30861577	1.589880277	42.0	0.2540770686
C01_bin.46	ANI95_cluster_00191	D01_bin.36	False	d__Bacteria;p__Bacillota;c__Clostridia;o__Oscillospirales;f__Butyricicoccaceae;g__Agathobaculum;s__Agathobaculum butyriciproducens	Bacteria	Bacillota	Clostridia	Oscillospirales	Butyricicoccaceae	Agathobaculum	Agathobaculum butyriciproducens	90.26	2.35	2151885	297	10955	55.940722	2125	54.0	0.8307692308	0.01981832242	0.014512814	0.017002212	0.2323066	1.288190957	54.0	0.2249813813
C01_bin.49	ANI95_cluster_00021	A04_bin.93	False	d__Bacteria;p__Bacillota;c__Clostridia;o__Oscillospirales;f__Ruminococcaceae;g__Gemmiger;s__Gemmiger qucibialis	Bacteria	Bacillota	Clostridia	Oscillospirales	Ruminococcaceae	Gemmiger	Gemmiger qucibialis	99.32	1.5	2403915	222	15498	56.455782	2083	50.0	0.7692307692	0.01591763032	0.009861106	0.01318617825	0.13607089	1.034645971	50.0	0.2267075407
C01_bin.5	ANI95_cluster_00361	G07_bin.85	False	d__Bacteria;p__Bacillota;c__Clostridia;o__Christensenellales;f__Aristaeellaceae;g__UBA11524;s__UBA11524 sp000437595	Bacteria	Bacillota	Clostridia	Christensenellales	Aristaeellaceae	UBA11524	UBA11524 sp000437595	95.8	1.17	2745052	91	43226	58.520385	2335	29.0	0.4461538462	0.02854813229	0.0	0.019493252	0.9229649	1.855628599	29.0	0.1071572076
C01_bin.51	ANI95_cluster_00217	D07_bin.25	False	d__Bacteria;p__Actinomycetota;c__Coriobacteriia;o__Coriobacteriales;f__Eggerthellaceae;g__Adlercreutzia;s__Adlercreutzia rubneri	Bacteria	Actinomycetota	Coriobacteriia	Coriobacteriales	Eggerthellaceae	Adlercreutzia	Adlercreutzia rubneri	96.77	2.15	2578353	236	21103	63.801970	2312	44.0	0.6769230769	0.01568584781	0.006670979	0.00972577	0.17798541	1.019580107	43.0	0.175483939
C01_bin.54	ANI95_cluster_00134	B09_bin.93	False	d__Bacteria;p__Bacillota;c__Clostridia;o__Oscillospirales;f__Oscillospiraceae;g__CAG-103;s__CAG-103 sp000432375	Bacteria	Bacillota	Clostridia	Oscillospirales	Oscillospiraceae	CAG-103	CAG-103 sp000432375	87.58	6.04	2074843	110	89720	62.196417	1982	34.0	0.5230769231	0.01768114388	0.004645245	0.010251308	0.67337275	1.149274352	34.0	0.1189220892
C01_bin.55	ANI95_cluster_00034	A06_bin.107	False	d__Bacteria;p__Bacteroidota;c__Bacteroidia;o__Bacteroidales;f__Marinifilaceae;g__Odoribacter;s__Odoribacter splanchnicus	Bacteria	Bacteroidota	Bacteroidia	Bacteroidales	Marinifilaceae	Odoribacter	Odoribacter splanchnicus	92.96	4.35	3923063	350	17044	43.555380	3456	51.0	0.7846153846	0.01018911855	0.007876371	0.010033456	0.041907825	0.6622927055	50.0	0.21107449
C01_bin.56	ANI95_cluster_00424	H07_bin.23	False	d__Bacteria;p__Bacillota;c__Clostridia;o__Oscillospirales;f__Ruminococcaceae;g__Faecalibacterium;s__Faecalibacterium longum	Bacteria	Bacillota	Clostridia	Oscillospirales	Ruminococcaceae	Faecalibacterium	Faecalibacterium longum	83.56	7.55	2099816	439	5855	60.150366	2176	59.0	0.9076923077	0.02657722567	0.018792432	0.022640921	0.184527	1.727519668	59.0	0.262968909
C01_bin.57	ANI95_cluster_00137	C01_bin.57	True	d__Bacteria;p__Pseudomonadota;c__Gammaproteobacteria;o__Burkholderiales;f__Burkholderiaceae_F;g__Parasutterella;s__Parasutterella gallistercoris	Bacteria	Pseudomonadota	Gammaproteobacteria	Burkholderiales	Burkholderiaceae_F	Parasutterella	Parasutterella gallistercoris	90.42	0.21	1659447	343	5740	50.069451	1810	12.0	0.1846153846	0.007121786103	0.0	0.027318145	0.12914458	0.4629160967	12.0	0.07782061323
C01_bin.60	ANI95_cluster_00126	B08_bin.39	False	d__Bacteria;p__Bacillota;c__Clostridia;o__Oscillospirales;f__Oscillospiraceae;g__Vescimonas;s__Vescimonas sanitatis	Bacteria	Bacillota	Clostridia	Oscillospirales	Oscillospiraceae	Vescimonas	Vescimonas sanitatis	84.02	2.01	1938863	59	44028	60.152883	1920	28.0	0.4307692308	0.07633464325	0.0	0.050148442	1.6309345	4.961751811	28.0	0.198902106
C01_bin.65	ANI95_cluster_00283	F02_bin.66	False	d__Bacteria;p__Bacteroidota;c__Bacteroidia;o__Bacteroidales;f__Rikenellaceae;g__Tidjanibacter;s__Tidjanibacter inops	Bacteria	Bacteroidota	Bacteroidia	Bacteroidales	Rikenellaceae	Tidjanibacter	Tidjanibacter inops	99.52	0.0	2148932	35	99796	56.942937	1823	32.0	0.4923076923	0.02543386676	0.0	0.0327395365	0.20507418	1.653201339	32.0	0.2621696364
C01_bin.67	ANI95_cluster_00302	F06_bin.75	False	d__Bacteria;p__Bacillota;c__Clostridia;o__Oscillospirales;f__Oscillospiraceae;g__Hominicoprocola;s__Hominicoprocola fusiformis	Bacteria	Bacillota	Clostridia	Oscillospirales	Oscillospiraceae	Hominicoprocola	Hominicoprocola fusiformis	83.74	2.35	1756071	305	7122	59.573502	1840	49.0	0.7538461538	0.02925364816	0.015030325	0.019457994	0.6059812	1.90148713	48.0	0.2223645322
C01_bin.72	ANI95_cluster_00212	D06_bin.25	False	d__Bacteria;p__Bacillota;c__Clostridia;o__Oscillospirales;f__Ruminococcaceae;g__CAG-115;s__CAG-115 sp003531585	Bacteria	Bacillota	Clostridia	Oscillospirales	Ruminococcaceae	CAG-115	CAG-115 sp003531585	97.25	0.34	2410994	127	36427	53.815231	2188	28.0	0.4307692308	0.01972884242	0.0	0.016504284	0.23765917	1.282374757	28.0	0.1491018052
C01_bin.83	ANI95_cluster_00096	B05_bin.47	False	d__Bacteria;p__Bacillota;c__Clostridia;o__Oscillospirales;f__Oscillospiraceae;g__CAG-170;s__CAG-170 sp002404795	Bacteria	Bacillota	Clostridia	Oscillospirales	Oscillospiraceae	CAG-170	CAG-170 sp002404795	93.08	6.94	2539072	158	24487	61.016230	2400	40.0	0.6153846154	0.03344650138	0.009123619	0.0199716485	0.56007075	2.17402259	40.0	0.226182335
C01_bin.85	ANI95_cluster_00008	A01_bin.69	False	d__Bacteria;p__Actinomycetota;c__Coriobacteriia;o__Coriobacteriales;f__Eggerthellaceae;g__Anaerotardibacter;s__Anaerotardibacter sp000435675	Bacteria	Actinomycetota	Coriobacteriia	Coriobacteriales	Eggerthellaceae	Anaerotardibacter	Anaerotardibacter sp000435675	85.54	0.92	1341374	196	8985	54.998382	1313	17.0	0.2615384615	0.01445056592	0.0	0.010017673	0.43334007	0.9392867849	16.0	0.07163663738
C01_bin.9	ANI95_cluster_00056	B01_bin.20	False	d__Bacteria;p__Bacteroidota;c__Bacteroidia;o__Bacteroidales;f__Rikenellaceae;g__Alistipes;s__Alistipes dispar	Bacteria	Bacteroidota	Bacteroidia	Bacteroidales	Rikenellaceae	Alistipes	Alistipes dispar	85.3	7.21	2509445	32	166516	62.071295	2056	11.0	0.1692307692	0.08945362908	0.0	0.06714461	4.0296216	5.81448589	11.0	0.08660672554
C02_bin.10	ANI95_cluster_00267	E06_bin.85	False	d__Bacteria;p__Bacteroidota;c__Bacteroidia;o__Bacteroidales;f__Rikenellaceae;g__Alistipes;s__Alistipes shahii	Bacteria	Bacteroidota	Bacteroidia	Bacteroidales	Rikenellaceae	Alistipes	Alistipes shahii	93.64	0.64	2552279	38	99227	59.738532	2058	45.0	0.6923076923	0.06224206225	0.04300967	0.07218704	0.2797267	4.045734046	45.0	0.4334578365
C02_bin.12	ANI95_cluster_00138	C02_bin.12	True	d__Bacteria;p__Bacteroidota;c__Bacteroidia;o__Bacteroidales;f__Bacteroidaceae;g__Prevotella;s__Prevotella copri_B	Bacteria	Bacteroidota	Bacteroidia	Bacteroidales	Bacteroidaceae	Prevotella	Prevotella copri_B	92.57	0.84	2629524	89	42171	45.981896	2207	15.0	0.2307692308	0.4169328039	0.0	1.2351943	7.9101267	27.10063225	15.0	0.1528381434
C02_bin.28	ANI95_cluster_00380	H01_bin.87	False	d__Bacteria;p__Bacillota;c__Clostridia;o__Lachnospirales;f__Lachnospiraceae;g__Acetatifactor;s__Acetatifactor intestinalis	Bacteria	Bacillota	Clostridia	Lachnospirales	Lachnospiraceae	Acetatifactor	Acetatifactor intestinalis	86.59	3.16	2459723	122	29387	47.173930	2210	37.0	0.5692307692	0.0303503238	0.005207026	0.014689003	0.58374584	1.972771047	37.0	0.193047086
C02_bin.30	ANI95_cluster_00231	D08_bin.97	False	d__Bacteria;p__Bacteroidota;c__Bacteroidia;o__Bacteroidales;f__Tannerellaceae;g__Parabacteroides;s__Parabacteroides merdae	Bacteria	Bacteroidota	Bacteroidia	Bacteroidales	Tannerellaceae	Parabacteroides	Parabacteroides merdae	84.71	2.37	3494256	55	105956	45.859204	2840	41.0	0.6307692308	0.02422884532	0.01668044	0.03024067	0.121479765	1.574874946	41.0	0.2762647374
C02_bin.31	ANI95_cluster_00193	D01_bin.64	False	d__Bacteria;p__Bacteroidota;c__Bacteroidia;o__Bacteroidales;f__Bacteroidaceae;g__Bacteroides;s__Bacteroides uniformis	Bacteria	Bacteroidota	Bacteroidia	Bacteroidales	Bacteroidaceae	Bacteroides	Bacteroides uniformis	97.8	2.1	4402861	49	174701	46.408120	3637	63.0	0.9692307692	0.1703400138	0.10577547	0.10690231	0.8485465	11.0721009	63.0	0.5584789517
C02_bin.32	ANI95_cluster_00139	C02_bin.32	True	d__Bacteria;p__Bacillota;c__Clostridia;o__Lachnospirales;f__Lachnospiraceae;g__Coprococcus_C;s__Coprococcus_C hominis	Bacteria	Bacillota	Clostridia	Lachnospirales	Lachnospiraceae	Coprococcus_C	Coprococcus_C hominis	98.66	0.0	2617951	17	204609	44.249911	2374	20.0	0.3076923077	0.01630042968	0.0	0.025838617	0.32997528	1.059527929	20.0	0.1390062465
C02_bin.33	ANI95_cluster_00184	C08_bin.68	False	d__Bacteria;p__Bacteroidota;c__Bacteroidia;o__Bacteroidales;f__Bacteroidaceae;g__Paraprevotella;s__Paraprevotella clara	Bacteria	Bacteroidota	Bacteroidia	Bacteroidales	Bacteroidaceae	Paraprevotella	Paraprevotella clara	98.17	0.0	3810954	68	97446	48.367548	3102	11.0	0.1692307692	0.01670657863	0.0	0.06903698	0.21447884	1.085927611	11.0	0.08766003062
C02_bin.39	ANI95_cluster_00195	D02_bin.11	False	d__Bacteria;p__Bacteroidota;c__Bacteroidia;o__Bacteroidales;f__Bacteroidaceae;g__Phocaeicola;s__Phocaeicola vulgatus	Bacteria	Bacteroidota	Bacteroidia	Bacteroidales	Bacteroidaceae	Phocaeicola	Phocaeicola vulgatus	96.47	3.07	4618349	203	39345	41.853788	3855	63.0	0.9692307692	0.2359836474	0.12587018	0.13553655	1.4528427	15.33893708	63.0	0.6216044773
C02_bin.43	ANI95_cluster_00302	F06_bin.75	False	d__Bacteria;p__Bacillota;c__Clostridia;o__Oscillospirales;f__Oscillospiraceae;g__Hominicoprocola;s__Hominicoprocola fusiformis	Bacteria	Bacillota	Clostridia	Oscillospirales	Oscillospiraceae	Hominicoprocola	Hominicoprocola fusiformis	89.93	1.34	2170941	83	45034	58.767696	2161	48.0	0.7384615385	0.04056449806	0.020916644	0.0247543575	1.0744275	2.636692374	48.0	0.2248650125
C02_bin.44	ANI95_cluster_00315	F08_bin.12	False	d__Bacteria;p__Bacteroidota;c__Bacteroidia;o__Bacteroidales;f__Rikenellaceae;g__Alistipes_A;s__Alistipes_A hominis	Bacteria	Bacteroidota	Bacteroidia	Bacteroidales	Rikenellaceae	Alistipes_A	Alistipes_A hominis	95.6	0.24	2405770	209	17647	55.852430	2114	25.0	0.3846153846	0.01179136294	0.0	0.013726406	0.23962276	0.7664385908	24.0	0.1177403812
C02_bin.45	ANI95_cluster_00415	H05_bin.43	False	d__Bacteria;p__Bacillota;c__Clostridia;o__Lachnospirales;f__Lachnospiraceae;g__Roseburia;s__Roseburia rectalis	Bacteria	Bacillota	Clostridia	Lachnospirales	Lachnospiraceae	Roseburia	Roseburia rectalis	96.26	0.97	2484809	99	37247	42.145976	2288	48.0	0.7384615385	0.02199685213	0.0147446925	0.01825932	0.14100832	1.429795388	48.0	0.2112237629
C02_bin.46	ANI95_cluster_00413	H05_bin.38	False	d__Bacteria;p__Bacteroidota;c__Bacteroidia;o__Bacteroidales;f__Tannerellaceae;g__Parabacteroides;s__Parabacteroides distasonis	Bacteria	Bacteroidota	Bacteroidia	Bacteroidales	Tannerellaceae	Parabacteroides	Parabacteroides distasonis	86.3	0.38	4171048	172	37733	45.201398	3538	49.0	0.7538461538	0.01636898766	0.010888331	0.018408237	0.074723594	1.063984198	49.0	0.2303085676
C02_bin.5	ANI95_cluster_00021	A04_bin.93	False	d__Bacteria;p__Bacillota;c__Clostridia;o__Oscillospirales;f__Ruminococcaceae;g__Gemmiger;s__Gemmiger qucibialis	Bacteria	Bacillota	Clostridia	Oscillospirales	Ruminococcaceae	Gemmiger	Gemmiger qucibialis	89.5	1.36	2342504	259	12904	56.650021	2033	45.0	0.6923076923	0.01506652873	0.0106569845	0.014418235	0.08115928	0.9793243675	45.0	0.2275667858
C02_bin.54	ANI95_cluster_00052	A09_bin.21	False	d__Bacteria;p__Bacillota;c__Clostridia;o__Oscillospirales;f__Oscillospiraceae;g__CAG-170;s__CAG-170 sp900545925	Bacteria	Bacillota	Clostridia	Oscillospirales	Oscillospiraceae	CAG-170	CAG-170 sp900545925	82.11	5.03	2709414	538	6239	56.840815	2925	36.0	0.5538461538	0.02295881786	0.01177069	0.024334648	0.16964817	1.492323161	36.0	0.2164478135
C02_bin.56	ANI95_cluster_00364	G08_bin.17	False	d__Bacteria;p__Bacillota;c__Clostridia;o__Oscillospirales;f__Oscillospiraceae;g__Hominicoprocola;s__Hominicoprocola sp900317525	Bacteria	Bacillota	Clostridia	Oscillospirales	Oscillospiraceae	Hominicoprocola	Hominicoprocola sp900317525	86.49	4.7	1639983	330	6264	62.414062	1800	45.0	0.6923076923	0.01728617335	0.009585589	0.015637893	0.14108925	1.123601268	44.0	0.2073515222
C02_bin.67	ANI95_cluster_00274	E07_bin.94	False	d__Bacteria;p__Bacillota;c__Clostridia;o__Lachnospirales;f__Anaerotignaceae;g__Anaerotignum_A;s__Anaerotignum_A faecicola	Bacteria	Bacillota	Clostridia	Lachnospirales	Anaerotignaceae	Anaerotignum_A	Anaerotignum_A faecicola	87.83	2.01	1617973	263	8250	48.443763	1724	28.0	0.4307692308	0.009259496688	0.0	0.015957093	0.13259184	0.6018672847	28.0	0.1307990459
C02_bin.70	ANI95_cluster_00222	D08_bin.21	False	d__Bacteria;p__Bacteroidota;c__Bacteroidia;o__Bacteroidales;f__Rikenellaceae;g__Alistipes;s__Alistipes putredinis	Bacteria	Bacteroidota	Bacteroidia	Bacteroidales	Rikenellaceae	Alistipes	Alistipes putredinis	93.43	0.96	2054918	27	99805	54.700528	1795	52.0	0.8	0.1260086966	0.09427811	0.119965425	0.9161214	8.190565277	52.0	0.4728384888
C02_bin.79	ANI95_cluster_00034	A06_bin.107	False	d__Bacteria;p__Bacteroidota;c__Bacteroidia;o__Bacteroidales;f__Marinifilaceae;g__Odoribacter;s__Odoribacter splanchnicus	Bacteria	Bacteroidota	Bacteroidia	Bacteroidales	Marinifilaceae	Odoribacter	Odoribacter splanchnicus	98.48	0.0	4170418	106	54455	43.454685	3434	51.0	0.7846153846	0.0117533843	0.009800744	0.011235043	0.070532344	0.7639699793	51.0	0.2069588009
C02_bin.82	ANI95_cluster_00235	E01_bin.44	False	d__Bacteria;p__Bacillota;c__Clostridia;o__Lachnospirales;f__Lachnospiraceae;g__Roseburia_C;s__Roseburia_C amylophila	Bacteria	Bacillota	Clostridia	Lachnospirales	Lachnospiraceae	Roseburia_C	Roseburia_C amylophila	91.3	1.75	2318453	49	85228	41.132126	2173	18.0	0.2769230769	0.01293753073	0.0	0.0105833115	0.2687338	0.8409394975	18.0	0.09182423406
C02_bin.83	ANI95_cluster_00170	C06_bin.26	False	d__Bacteria;p__Bacillota;c__Clostridia;o__Oscillospirales;f__Acutalibacteraceae;g__Fimivicinus;s__Fimivicinus sp900544375	Bacteria	Bacillota	Clostridia	Oscillospirales	Acutalibacteraceae	Fimivicinus	Fimivicinus sp900544375	91.95	3.27	2810287	40	125177	51.374041	2576	3.0	0.04615384615	0.009406251508	0.0	0.16400383	0.39647606	0.611406348	3.0	0.04029179492
C02_bin.89	ANI95_cluster_00140	C02_bin.89	True	d__Bacteria;p__Bacillota;c__Clostridia;o__Oscillospirales;f__Acutalibacteraceae;g__Hominenteromicrobium;s__Hominenteromicrobium mulieris	Bacteria	Bacillota	Clostridia	Oscillospirales	Acutalibacteraceae	Hominenteromicrobium	Hominenteromicrobium mulieris	98.66	0.0	2372151	29	147010	53.243154	2243	36.0	0.5538461538	0.01661276673	0.006012776	0.0103101685	0.39830494	1.079829838	36.0	0.1368261635
C02_bin.95	ANI95_cluster_00283	F02_bin.66	False	d__Bacteria;p__Bacteroidota;c__Bacteroidia;o__Bacteroidales;f__Rikenellaceae;g__Tidjanibacter;s__Tidjanibacter inops	Bacteria	Bacteroidota	Bacteroidia	Bacteroidales	Rikenellaceae	Tidjanibacter	Tidjanibacter inops	96.79	0.0	2155538	78	45334	56.997093	1854	31.0	0.4769230769	0.02537611957	0.0	0.030937187	0.19046079	1.649447772	31.0	0.249160456
C02_bin.97	ANI95_cluster_00286	F03_bin.13	False	d__Bacteria;p__Bacteroidota;c__Bacteroidia;o__Bacteroidales;f__Rikenellaceae;g__Alistipes;s__Alistipes finegoldii	Bacteria	Bacteroidota	Bacteroidia	Bacteroidales	Rikenellaceae	Alistipes	Alistipes finegoldii	97.1	0.72	2803965	68	75085	58.940037	2372	50.0	0.7692307692	0.06427769677	0.028139973	0.0332876325	0.5983749	4.17805029	50.0	0.3716101862
C03_bin.1	ANI95_cluster_00220	D07_bin.75	False	d__Bacteria;p__Bacillota;c__Clostridia;o__Lachnospirales;f__Lachnospiraceae;g__Blautia_A;s__Blautia_A fusiformis	Bacteria	Bacillota	Clostridia	Lachnospirales	Lachnospiraceae	Blautia_A	Blautia_A fusiformis	81.8	3.54	2530151	274	13381	45.633561	2363	60.0	0.9230769231	0.05571750678	0.023171976	0.025943796	0.53943807	3.62163794	60.0	0.393052362
C03_bin.10	ANI95_cluster_00189	D01_bin.23	False	d__Bacteria;p__Bacillota;c__Clostridia;o__Lachnospirales;f__Lachnospiraceae;g__Anaerostipes;s__Anaerostipes hadrus	Bacteria	Bacillota	Clostridia	Lachnospirales	Lachnospiraceae	Anaerostipes	Anaerostipes hadrus	81.85	3.5	1944467	391	6733	37.795859	2071	59.0	0.9076923077	0.04027430971	0.01528812	0.016757345	0.53637516	2.617830131	59.0	0.3470582318
C03_bin.11	ANI95_cluster_00373	G08_bin.9	False	d__Bacteria;p__Bacillota;c__Clostridia;o__Oscillospirales;f__Ruminococcaceae;g__Faecalibacterium;s__Faecalibacterium taiwanense	Bacteria	Bacillota	Clostridia	Oscillospirales	Ruminococcaceae	Faecalibacterium	Faecalibacterium taiwanense	93.03	6.38	2427334	85	54321	57.599696	2277	64.0	0.9846153846	0.1299966626	0.06004708	0.060592462	3.3347323	8.449783066	64.0	0.5005413212
C03_bin.13	ANI95_cluster_00180	C08_bin.28	False	d__Bacteria;p__Bacillota;c__Clostridia;o__Oscillospirales;f__Ruminococcaceae;g__Faecalibacterium;s__Faecalibacterium butyricigenerans	Bacteria	Bacillota	Clostridia	Oscillospirales	Ruminococcaceae	Faecalibacterium	Faecalibacterium butyricigenerans	83.57	5.9	1804373	73	32171	60.732620	1658	48.0	0.7384615385	0.06935787795	0.020760821	0.0324381615	2.2306933	4.508262067	48.0	0.2676064555
C03_bin.15	ANI95_cluster_00043	A07_bin.40	False	d__Bacteria;p__Bacillota;c__Clostridia;o__Oscillospirales;f__Butyricicoccaceae;g__Agathobaculum;s__Agathobaculum hominis	Bacteria	Bacillota	Clostridia	Oscillospirales	Butyricicoccaceae	Agathobaculum	Agathobaculum hominis	93.5	3.26	2014252	223	13872	59.356327	1977	34.0	0.5230769231	0.02037459614	0.0071682637	0.018020926	0.24447381	1.324348749	34.0	0.1971641612
C03_bin.17	ANI95_cluster_00358	G07_bin.107	False	d__Bacteria;p__Bacillota;c__Clostridia;o__Lachnospirales;f__Lachnospiraceae;g__Roseburia;s__Roseburia faecis	Bacteria	Bacillota	Clostridia	Lachnospirales	Lachnospiraceae	Roseburia	Roseburia faecis	88.41	1.21	2426977	84	61563	44.184143	2318	39.0	0.6	0.03231311182	0.018380292	0.035767764	0.31594926	2.100352268	39.0	0.2343177607
C03_bin.20	ANI95_cluster_00086	B04_bin.53	False	d__Bacteria;p__Bacillota;c__Clostridia;o__Oscillospirales;f__Oscillospiraceae;g__Lawsonibacter;s__Lawsonibacter asaccharolyticus	Bacteria	Bacillota	Clostridia	Oscillospirales	Oscillospiraceae	Lawsonibacter	Lawsonibacter asaccharolyticus	82.55	3.69	1923186	92	37299	62.621244	1854	53.0	0.8153846154	0.02084519722	0.012470878	0.01587439	0.22386602	1.354937819	53.0	0.3117256531
C03_bin.22	ANI95_cluster_00141	C03_bin.22	True	d__Bacteria;p__Bacillota;c__Clostridia;o__Lachnospirales;f__Lachnospiraceae;g__Enterocloster;s__Enterocloster sp001517625	Bacteria	Bacillota	Clostridia	Lachnospirales	Lachnospiraceae	Enterocloster	Enterocloster sp001517625	85.5	3.92	2122163	407	7055	48.399016	2214	10.0	0.1538461538	0.009952741082	0.0	0.0416114385	0.28157637	0.6469281703	10.0	0.08639402308
C03_bin.24	ANI95_cluster_00193	D01_bin.64	False	d__Bacteria;p__Bacteroidota;c__Bacteroidia;o__Bacteroidales;f__Bacteroidaceae;g__Bacteroides;s__Bacteroides uniformis	Bacteria	Bacteroidota	Bacteroidia	Bacteroidales	Bacteroidaceae	Bacteroides	Bacteroides uniformis	96.52	1.3	4194791	68	92485	46.577219	3409	63.0	0.9692307692	0.1591425838	0.08609597	0.09043126	1.0997667	10.34426795	63.0	0.5805344077
C03_bin.35	ANI95_cluster_00134	B09_bin.93	False	d__Bacteria;p__Bacillota;c__Clostridia;o__Oscillospirales;f__Oscillospiraceae;g__CAG-103;s__CAG-103 sp000432375	Bacteria	Bacillota	Clostridia	Oscillospirales	Oscillospiraceae	CAG-103	CAG-103 sp000432375	91.21	0.06	1781366	71	39195	62.905265	1652	31.0	0.4769230769	0.01261164774	0.0	0.014025271	0.20652035	0.8197571028	31.0	0.1494044708
C03_bin.37	ANI95_cluster_00419	H06_bin.61	False	d__Bacteria;p__Bacillota;c__Clostridia;o__Lachnospirales;f__Lachnospiraceae;g__Fusicatenibacter;s__Fusicatenibacter saccharivorans	Bacteria	Bacillota	Clostridia	Lachnospirales	Lachnospiraceae	Fusicatenibacter	Fusicatenibacter saccharivorans	93.43	1.58	2369663	217	15392	49.518138	2235	60.0	0.9230769231	0.02568100359	0.015134487	0.0158456175	0.16507521	1.669265233	60.0	0.2973035455
C03_bin.41	ANI95_cluster_00142	C03_bin.41	True	d__Bacteria;p__Bacillota;c__Clostridia;o__Lachnospirales;f__Lachnospiraceae;g__Pilosibacter;s__Pilosibacter sp900066055	Bacteria	Bacillota	Clostridia	Lachnospirales	Lachnospiraceae	Pilosibacter	Pilosibacter sp900066055	89.14	7.17	2418959	256	13421	49.826351	2256	43.0	0.6615384615	0.01601698155	0.008900565	0.012847822	0.465789	1.041103801	43.0	0.1613372954
C03_bin.42	ANI95_cluster_00415	H05_bin.43	False	d__Bacteria;p__Bacillota;c__Clostridia;o__Lachnospirales;f__Lachnospiraceae;g__Roseburia;s__Roseburia rectalis	Bacteria	Bacillota	Clostridia	Lachnospirales	Lachnospiraceae	Roseburia	Roseburia rectalis	93.42	0.16	2363958	140	27205	42.412175	2224	48.0	0.7384615385	0.02446569421	0.018739786	0.0243398225	0.11379408	1.590270124	48.0	0.2195629606
C03_bin.45	ANI95_cluster_00286	F03_bin.13	False	d__Bacteria;p__Bacteroidota;c__Bacteroidia;o__Bacteroidales;f__Rikenellaceae;g__Alistipes;s__Alistipes finegoldii	Bacteria	Bacteroidota	Bacteroidia	Bacteroidales	Rikenellaceae	Alistipes	Alistipes finegoldii	100.0	0.0	2955823	23	205594	58.588048	2431	50.0	0.7692307692	0.09652505235	0.03153319	0.048619688	1.137612	6.274128403	50.0	0.4122907942
C03_bin.49	ANI95_cluster_00143	C03_bin.49	True	d__Bacteria;p__Actinomycetota;c__Actinomycetes;o__Actinomycetales;f__Bifidobacteriaceae;g__Bifidobacterium;s__Bifidobacterium longum	Bacteria	Actinomycetota	Actinomycetes	Actinomycetales	Bifidobacteriaceae	Bifidobacterium	Bifidobacterium longum	99.6	0.0	2185978	45	76337	60.122837	1785	54.0	0.8307692308	0.02183346628	0.011873672	0.013939257	0.18332835	1.419175308	54.0	0.3062548798
C03_bin.52	ANI95_cluster_00144	C03_bin.52	True	d__Bacteria;p__Actinomycetota;c__Coriobacteriia;o__Coriobacteriales;f__Eggerthellaceae;g__Eggerthella;s__Eggerthella lenta	Bacteria	Actinomycetota	Coriobacteriia	Coriobacteriales	Eggerthellaceae	Eggerthella	Eggerthella lenta	96.26	0.4	3003733	229	19411	64.720499	2670	29.0	0.4461538462	0.01921574556	0.0	0.025573809	0.3711809	1.249023461	29.0	0.2088595043
C03_bin.54	ANI95_cluster_00406	H04_bin.57	False	d__Bacteria;p__Bacillota;c__Clostridia;o__Oscillospirales;f__Ruminococcaceae;g__Gemmiger;s__Gemmiger formicilis	Bacteria	Bacillota	Clostridia	Oscillospirales	Ruminococcaceae	Gemmiger	Gemmiger formicilis	93.65	2.04	2489332	108	32875	60.518726	2173	52.0	0.8	0.02068622792	0.011192405	0.013234389	0.33916476	1.344604815	52.0	0.1986358729
C03_bin.57	ANI95_cluster_00267	E06_bin.85	False	d__Bacteria;p__Bacteroidota;c__Bacteroidia;o__Bacteroidales;f__Rikenellaceae;g__Alistipes;s__Alistipes shahii	Bacteria	Bacteroidota	Bacteroidia	Bacteroidales	Rikenellaceae	Alistipes	Alistipes shahii	97.23	0.48	2534792	74	47682	60.587890	2087	45.0	0.6923076923	0.0612078657	0.040304683	0.06609366	0.3124172	3.97851127	45.0	0.4378782838
C03_bin.61	ANI95_cluster_00013	A03_bin.15	False	d__Bacteria;p__Pseudomonadota;c__Gammaproteobacteria;o__Burkholderiales;f__Burkholderiaceae_F;g__Mesosutterella;s__Mesosutterella massiliensis	Bacteria	Pseudomonadota	Gammaproteobacteria	Burkholderiales	Burkholderiaceae_F	Mesosutterella	Mesosutterella massiliensis	85.0	0.52	1397190	190	9435	58.515807	1349	9.0	0.1384615385	0.1365329925	0.0	0.0320849	7.2435107	8.874644514	9.0	0.09302389892
C04_bin.10	ANI95_cluster_00145	C04_bin.10	True	d__Bacteria;p__Bacillota;c__Clostridia;o__Oscillospirales;f__Oscillospiraceae;g__Evtepia;s__Evtepia sp004556345	Bacteria	Bacillota	Clostridia	Oscillospirales	Oscillospiraceae	Evtepia	Evtepia sp004556345	87.93	4.08	1920937	42	73763	59.851000	1775	10.0	0.1538461538	0.01907366232	0.0	0.08181608	0.3874611	1.239788051	10.0	0.1198737026
C04_bin.100	ANI95_cluster_00140	C02_bin.89	False	d__Bacteria;p__Bacillota;c__Clostridia;o__Oscillospirales;f__Acutalibacteraceae;g__Hominenteromicrobium;s__Hominenteromicrobium mulieris	Bacteria	Bacillota	Clostridia	Oscillospirales	Acutalibacteraceae	Hominenteromicrobium	Hominenteromicrobium mulieris	95.0	0.0	2211190	37	124708	53.362850	2040	38.0	0.5846153846	0.01978715791	0.0072651287	0.012639162	0.2701916	1.286165264	39.0	0.1559685181
C04_bin.101	ANI95_cluster_00267	E06_bin.85	False	d__Bacteria;p__Bacteroidota;c__Bacteroidia;o__Bacteroidales;f__Rikenellaceae;g__Alistipes;s__Alistipes shahii	Bacteria	Bacteroidota	Bacteroidia	Bacteroidales	Rikenellaceae	Alistipes	Alistipes shahii	81.22	0.0	2471795	65	61183	59.635407	2005	45.0	0.6923076923	0.06132083279	0.040344913	0.061251428	0.38401312	3.985854132	45.0	0.3975951542
C04_bin.103	ANI95_cluster_00146	C04_bin.103	True	d__Bacteria;p__Bacillota;c__Clostridia;o__Oscillospirales;f__Acutalibacteraceae;g__CAG-177;s__CAG-177 sp003514385	Bacteria	Bacillota	Clostridia	Oscillospirales	Acutalibacteraceae	CAG-177	CAG-177 sp003514385	97.27	0.0	2167594	9	321038	51.501434	2002	16.0	0.2461538462	0.01957040186	0.0	0.0230745515	0.5177342	1.272076121	16.0	0.08366007538
C04_bin.11	ANI95_cluster_00007	A01_bin.66	False	d__Bacteria;p__Bacillota;c__Clostridia;o__Christensenellales;f__Aristaeellaceae;g__Ventricola;s__Ventricola sp900542395	Bacteria	Bacillota	Clostridia	Christensenellales	Aristaeellaceae	Ventricola	Ventricola sp900542395	80.54	0.0	1973421	65	39414	59.607099	1722	26.0	0.4	0.01436731874	0.0	0.01391297	0.36594525	0.933875718	26.0	0.125551064
C04_bin.12	ANI95_cluster_00212	D06_bin.25	False	d__Bacteria;p__Bacillota;c__Clostridia;o__Oscillospirales;f__Ruminococcaceae;g__CAG-115;s__CAG-115 sp003531585	Bacteria	Bacillota	Clostridia	Oscillospirales	Ruminococcaceae	CAG-115	CAG-115 sp003531585	85.23	0.0	2060072	58	54484	53.828119	1822	28.0	0.4307692308	0.02345375253	0.0	0.015117963	0.5582273	1.524493915	28.0	0.1451591918
C04_bin.16	ANI95_cluster_00222	D08_bin.21	False	d__Bacteria;p__Bacteroidota;c__Bacteroidia;o__Bacteroidales;f__Rikenellaceae;g__Alistipes;s__Alistipes putredinis	Bacteria	Bacteroidota	Bacteroidia	Bacteroidales	Rikenellaceae	Alistipes	Alistipes putredinis	88.94	4.81	1986980	29	99998	55.118320	1770	52.0	0.8	0.1496435807	0.10060674	0.13756209	0.78044796	9.726832747	52.0	0.4647959686
C04_bin.18	ANI95_cluster_00147	C04_bin.18	True	d__Bacteria;p__Bacillota_I;c__Bacilli_A;o__Erysipelotrichales;f__Erysipelotrichaceae;g__Holdemanella;s__Holdemanella sp900556915	Bacteria	Bacillota_I	Bacilli_A	Erysipelotrichales	Erysipelotrichaceae	Holdemanella	Holdemanella sp900556915	94.47	0.13	1979354	196	14630	34.332818	2116	9.0	0.1384615385	0.005941526785	0.0	0.010930439	0.20885594	0.386199241	9.0	0.04483725538
C04_bin.24	ANI95_cluster_00088	B05_bin.105	False	d__Bacteria;p__Bacillota_I;c__Bacilli_A;o__Erysipelotrichales;f__Erysipelotrichaceae;g__Absicoccus;s__Absicoccus sp000434355	Bacteria	Bacillota_I	Bacilli_A	Erysipelotrichales	Erysipelotrichaceae	Absicoccus	Absicoccus sp000434355	89.89	2.73	1614916	57	46522	37.354760	1631	3.0	0.04615384615	0.02542527738	0.0	0.27676752	1.1590922	1.65264303	3.0	0.03890575308
C04_bin.29	ANI95_cluster_00415	H05_bin.43	False	d__Bacteria;p__Bacillota;c__Clostridia;o__Lachnospirales;f__Lachnospiraceae;g__Roseburia;s__Roseburia rectalis	Bacteria	Bacillota	Clostridia	Lachnospirales	Lachnospiraceae	Roseburia	Roseburia rectalis	99.28	0.97	2795141	54	90385	41.595576	2576	48.0	0.7384615385	0.02225532589	0.012408881	0.0201814255	0.16417107	1.446596183	48.0	0.216090923
C04_bin.31	ANI95_cluster_00286	F03_bin.13	False	d__Bacteria;p__Bacteroidota;c__Bacteroidia;o__Bacteroidales;f__Rikenellaceae;g__Alistipes;s__Alistipes finegoldii	Bacteria	Bacteroidota	Bacteroidia	Bacteroidales	Rikenellaceae	Alistipes	Alistipes finegoldii	83.69	4.9	2684949	49	75139	58.871621	2272	50.0	0.7692307692	0.09437358683	0.034145586	0.0445911	0.9696022	6.134283144	50.0	0.3886247854
C04_bin.34	ANI95_cluster_00358	G07_bin.107	False	d__Bacteria;p__Bacillota;c__Clostridia;o__Lachnospirales;f__Lachnospiraceae;g__Roseburia;s__Roseburia faecis	Bacteria	Bacillota	Clostridia	Lachnospirales	Lachnospiraceae	Roseburia	Roseburia faecis	95.57	1.95	2782387	68	65031	43.723033	2598	39.0	0.6	0.02955295055	0.010491546	0.02824997	0.4346347	1.920941786	39.0	0.2305083915
C04_bin.35	ANI95_cluster_00279	F02_bin.29	False	d__Bacteria;p__Bacillota;c__Clostridia;o__Oscillospirales;f__Oscillospiraceae;g__Vescimonas;s__Vescimonas cirricatena	Bacteria	Bacillota	Clostridia	Oscillospirales	Oscillospiraceae	Vescimonas	Vescimonas cirricatena	89.82	3.52	1794411	131	21889	62.554621	1756	27.0	0.4153846154	0.02315740894	0.0	0.021288944	0.44610777	1.505231581	27.0	0.1627922312
C04_bin.37	ANI95_cluster_00283	F02_bin.66	False	d__Bacteria;p__Bacteroidota;c__Bacteroidia;o__Bacteroidales;f__Rikenellaceae;g__Tidjanibacter;s__Tidjanibacter inops	Bacteria	Bacteroidota	Bacteroidia	Bacteroidales	Rikenellaceae	Tidjanibacter	Tidjanibacter inops	99.04	0.0	2139513	31	117806	56.880281	1815	29.0	0.4461538462	0.02321653092	0.0	0.042542975	0.17212772	1.50907451	29.0	0.2204379486
C04_bin.38	ANI95_cluster_00290	F03_bin.40	False	d__Bacteria;p__Bacillota;c__Clostridia;o__Lachnospirales;f__Lachnospiraceae;g__Blautia_A;s__Blautia_A wexlerae	Bacteria	Bacillota	Clostridia	Lachnospirales	Lachnospiraceae	Blautia_A	Blautia_A wexlerae	92.04	5.7	3443290	381	13159	41.426688	3334	62.0	0.9538461538	0.0476676091	0.028575648	0.028989754	0.5070796	3.098394592	62.0	0.3967707842
C04_bin.39	ANI95_cluster_00148	C04_bin.39	True	d__Bacteria;p__Bacillota;c__Clostridia;o__Oscillospirales;f__Ruminococcaceae;g__Faecalibacterium;s__Faecalibacterium prausnitzii	Bacteria	Bacillota	Clostridia	Oscillospirales	Ruminococcaceae	Faecalibacterium	Faecalibacterium prausnitzii	80.52	7.14	2257450	110	35546	58.556336	2058	53.0	0.8153846154	0.0979046629	0.033637546	0.0423281	2.1281335	6.363803088	53.0	0.3372411695
C04_bin.40	ANI95_cluster_00413	H05_bin.38	False	d__Bacteria;p__Bacteroidota;c__Bacteroidia;o__Bacteroidales;f__Tannerellaceae;g__Parabacteroides;s__Parabacteroides distasonis	Bacteria	Bacteroidota	Bacteroidia	Bacteroidales	Tannerellaceae	Parabacteroides	Parabacteroides distasonis	91.73	0.79	4378957	50	133879	45.058880	3614	49.0	0.7538461538	0.0168478964	0.01046226	0.017064359	0.08057067	1.095113266	49.0	0.2346585918
C04_bin.44	ANI95_cluster_00034	A06_bin.107	False	d__Bacteria;p__Bacteroidota;c__Bacteroidia;o__Bacteroidales;f__Marinifilaceae;g__Odoribacter;s__Odoribacter splanchnicus	Bacteria	Bacteroidota	Bacteroidia	Bacteroidales	Marinifilaceae	Odoribacter	Odoribacter splanchnicus	81.15	1.61	3274036	700	5920	43.702482	3199	50.0	0.7692307692	0.009546453922	0.0075290436	0.009625138	0.043002058	0.6205195049	50.0	0.2058484954
C04_bin.50	ANI95_cluster_00155	C05_bin.117	False	d__Bacteria;p__Bacillota;c__Clostridia;o__Lachnospirales;f__Lachnospiraceae;g__Gallintestinimicrobium;s__Gallintestinimicrobium propionicum	Bacteria	Bacillota	Clostridia	Lachnospirales	Lachnospiraceae	Gallintestinimicrobium	Gallintestinimicrobium propionicum	94.64	3.88	2975509	151	30293	48.462666	2742	48.0	0.7384615385	0.02688108375	0.015230193	0.0228154455	0.21343538	1.747270444	48.0	0.2020609243
C04_bin.51	ANI95_cluster_00061	B01_bin.9	False	d__Bacteria;p__Verrucomicrobiota;c__Verrucomicrobiia;o__Verrucomicrobiales;f__Akkermansiaceae;g__Akkermansia;s__Akkermansia muciniphila	Bacteria	Verrucomicrobiota	Verrucomicrobiia	Verrucomicrobiales	Akkermansiaceae	Akkermansia	Akkermansia muciniphila	93.2	1.5	2476198	258	12527	56.056462	2251	25.0	0.3846153846	0.01545073469	0.0	0.02919795	0.14321598	1.004297755	25.0	0.1380032553
C04_bin.56	ANI95_cluster_00281	F02_bin.63	False	d__Bacteria;p__Actinomycetota;c__Actinomycetes;o__Actinomycetales;f__Bifidobacteriaceae;g__Bifidobacterium;s__Bifidobacterium bifidum	Bacteria	Actinomycetota	Actinomycetes	Actinomycetales	Bifidobacteriaceae	Bifidobacterium	Bifidobacterium bifidum	98.85	6.12	2353443	116	41394	62.757160	2016	19.0	0.2923076923	0.02156350675	0.0	0.029284328	0.34985033	1.401627939	19.0	0.1290366692
C04_bin.63	ANI95_cluster_00149	C04_bin.63	True	d__Bacteria;p__Bacteroidota;c__Bacteroidia;o__Bacteroidales;f__Marinifilaceae;g__Butyricimonas;s__Butyricimonas faecihominis	Bacteria	Bacteroidota	Bacteroidia	Bacteroidales	Marinifilaceae	Butyricimonas	Butyricimonas faecihominis	94.07	3.05	4642929	353	20655	42.694170	4073	7.0	0.1076923077	0.009959447546	0.0	0.019182859	0.3643702	0.6473640905	7.0	0.04270897183
C04_bin.64	ANI95_cluster_00135	C01_bin.21	False	d__Bacteria;p__Bacillota;c__Clostridia;o__Oscillospirales;f__Acutalibacteraceae;g__Eubacterium_R;s__Eubacterium_R sp000434995	Bacteria	Bacillota	Clostridia	Oscillospirales	Acutalibacteraceae	Eubacterium_R	Eubacterium_R sp000434995	95.97	1.74	1793426	107	35290	36.564207	1727	11.0	0.1692307692	0.01448765308	0.0	0.042342056	0.3267266	0.9416974505	11.0	0.08875925415
C04_bin.65	ANI95_cluster_00150	C04_bin.65	True	d__Bacteria;p__Bacillota;c__Clostridia;o__Peptostreptococcales;f__Anaerovoracaceae;g__Alangreenwoodia;s__	Bacteria	Bacillota	Clostridia	Peptostreptococcales	Anaerovoracaceae	Alangreenwoodia		80.79	1.12	2161885	520	4654	52.500017	2221	3.0	0.04615384615	0.003041904154	0.0	0.013705643	0.17199953	0.19772377	3.0	0.024459894
C04_bin.66	ANI95_cluster_00044	A07_bin.65	False	d__Bacteria;p__Bacteroidota;c__Bacteroidia;o__Bacteroidales;f__Barnesiellaceae;g__Barnesiella;s__Barnesiella intestinihominis	Bacteria	Bacteroidota	Bacteroidia	Bacteroidales	Barnesiellaceae	Barnesiella	Barnesiella intestinihominis	99.62	0.0	3116803	27	142439	43.332575	2497	43.0	0.6615384615	0.06928040073	0.03651844	0.056782562	0.6224581	4.503226047	43.0	0.3278862075
C04_bin.67	ANI95_cluster_00021	A04_bin.93	False	d__Bacteria;p__Bacillota;c__Clostridia;o__Oscillospirales;f__Ruminococcaceae;g__Gemmiger;s__Gemmiger qucibialis	Bacteria	Bacillota	Clostridia	Oscillospirales	Ruminococcaceae	Gemmiger	Gemmiger qucibialis	94.78	0.68	2618593	211	18418	56.377795	2235	50.0	0.7692307692	0.0177014158	0.013811752	0.0160677535	0.1695952	1.150592027	50.0	0.2304638005
C04_bin.69	ANI95_cluster_00355	G06_bin.24	False	d__Bacteria;p__Bacillota;c__Clostridia;o__Oscillospirales;f__Oscillospiraceae;g__CAG-170;s__CAG-170 sp000432135	Bacteria	Bacillota	Clostridia	Oscillospirales	Oscillospiraceae	CAG-170	CAG-170 sp000432135	90.6	3.69	2244692	240	12781	58.994463	2208	36.0	0.5538461538	0.02605125654	0.0059165917	0.0213067825	0.42894772	1.693331675	36.0	0.2081439938
C04_bin.70	ANI95_cluster_00089	B05_bin.112	False	d__Bacteria;p__Bacillota;c__Negativicutes;o__Acidaminococcales;f__Acidaminococcaceae;g__Phascolarctobacterium_A;s__Phascolarctobacterium_A succinatutens_B	Bacteria	Bacillota	Negativicutes	Acidaminococcales	Acidaminococcaceae	Phascolarctobacterium_A	Phascolarctobacterium_A succinatutens_B	91.62	0.9	1903998	105	28469	47.991647	1864	2.0	0.03076923077	0.004075670308	0.0	0.132459285	0.25411355	0.26491857	2.0	0.01724015231
C04_bin.78	ANI95_cluster_00151	C04_bin.78	True	d__Archaea;p__Methanobacteriota;c__Methanobacteria;o__Methanobacteriales;f__Methanobacteriaceae;g__Methanocatella;s__Methanocatella intestini	Archaea	Methanobacteriota	Methanobacteria	Methanobacteriales	Methanobacteriaceae	Methanocatella	Methanocatella intestini	96.46	0.0	2112959	334	9852	30.152738	2330	8.0	0.1230769231	0.007402876446	0.0	0.0388939285	0.18849058	0.481186969	8.0	0.03919480446
C04_bin.79	ANI95_cluster_00050	A08_bin.91	False	d__Bacteria;p__Bacillota;c__Clostridia;o__Lachnospirales;f__Lachnospiraceae;g__Anaerostipes;s__Anaerostipes amylophilus	Bacteria	Bacillota	Clostridia	Lachnospirales	Lachnospiraceae	Anaerostipes	Anaerostipes amylophilus	93.29	2.35	1965941	96	35389	37.028527	1926	33.0	0.5076923077	0.01556714086	0.0033133856	0.018424718	0.2529551	1.011864156	33.0	0.2015685254
C04_bin.8	ANI95_cluster_00346	G05_bin.13	False	d__Bacteria;p__Bacillota;c__Clostridia;o__Oscillospirales;f__Acutalibacteraceae;g__Ruminococcoides;s__Ruminococcoides intestinale	Bacteria	Bacillota	Clostridia	Oscillospirales	Acutalibacteraceae	Ruminococcoides	Ruminococcoides intestinale	98.66	1.03	1974458	14	226170	41.157624	1844	40.0	0.6153846154	0.04957875783	0.011443708	0.0336910655	0.6902623	3.222619259	40.0	0.2275888974
C04_bin.83	ANI95_cluster_00152	C04_bin.83	True	d__Bacteria;p__Bacteroidota;c__Bacteroidia;o__Bacteroidales;f__Bacteroidaceae;g__Prevotella;s__Prevotella sp900543975	Bacteria	Bacteroidota	Bacteroidia	Bacteroidales	Bacteroidaceae	Prevotella	Prevotella sp900543975	82.03	0.09	2390675	83	34886	50.291110	1885	1.0	0.01538461538	0.006884640923	0.0	0.44750166	0.44750166	0.44750166	1.0	0.01538217615
C04_bin.86	ANI95_cluster_00312	F07_bin.74	False	d__Bacteria;p__Bacillota;c__Clostridia;o__Lachnospirales;f__Lachnospiraceae;g__Coprococcus;s__Coprococcus aceti	Bacteria	Bacillota	Clostridia	Lachnospirales	Lachnospiraceae	Coprococcus	Coprococcus aceti	98.66	0.67	2773692	16	377720	44.045950	2385	19.0	0.2923076923	0.01293652907	0.0	0.022528347	0.30133575	0.8408743895	19.0	0.118710313
C04_bin.87	ANI95_cluster_00128	B08_bin.66	False	d__Bacteria;p__Bacteroidota;c__Bacteroidia;o__Bacteroidales;f__Rikenellaceae;g__Alistipes;s__Alistipes communis	Bacteria	Bacteroidota	Bacteroidia	Bacteroidales	Rikenellaceae	Alistipes	Alistipes communis	93.17	0.9	2442451	62	63660	60.307372	1982	38.0	0.5846153846	0.02555897861	0.014488511	0.0285765215	0.16112563	1.66133361	38.0	0.2802339438
C04_bin.88	ANI95_cluster_00406	H04_bin.57	False	d__Bacteria;p__Bacillota;c__Clostridia;o__Oscillospirales;f__Ruminococcaceae;g__Gemmiger;s__Gemmiger formicilis	Bacteria	Bacillota	Clostridia	Oscillospirales	Ruminococcaceae	Gemmiger	Gemmiger formicilis	95.24	1.36	2453309	80	49232	60.493766	2112	51.0	0.7846153846	0.02086070424	0.012066489	0.01620803	0.22497028	1.355945775	51.0	0.2092595443
C04_bin.9	ANI95_cluster_00302	F06_bin.75	False	d__Bacteria;p__Bacillota;c__Clostridia;o__Oscillospirales;f__Oscillospiraceae;g__Hominicoprocola;s__Hominicoprocola fusiformis	Bacteria	Bacillota	Clostridia	Oscillospirales	Oscillospiraceae	Hominicoprocola	Hominicoprocola fusiformis	97.32	1.34	2072601	52	66287	58.784445	1982	47.0	0.7230769231	0.02677867681	0.013855157	0.019836977	0.235109	1.740613993	47.0	0.2458337495
C04_bin.92	ANI95_cluster_00364	G08_bin.17	False	d__Bacteria;p__Bacillota;c__Clostridia;o__Oscillospirales;f__Oscillospiraceae;g__Hominicoprocola;s__Hominicoprocola sp900317525	Bacteria	Bacillota	Clostridia	Oscillospirales	Oscillospiraceae	Hominicoprocola	Hominicoprocola sp900317525	90.1	2.35	1641502	68	47692	61.672968	1610	43.0	0.6615384615	0.02103074335	0.011100789	0.0197794	0.20574263	1.366998318	43.0	0.213774684
C04_bin.93	ANI95_cluster_00134	B09_bin.93	False	d__Bacteria;p__Bacillota;c__Clostridia;o__Oscillospirales;f__Oscillospiraceae;g__CAG-103;s__CAG-103 sp000432375	Bacteria	Bacillota	Clostridia	Oscillospirales	Oscillospiraceae	CAG-103	CAG-103 sp000432375	88.59	0.67	1844108	77	35737	62.818880	1779	31.0	0.4769230769	0.01141252617	0.0	0.012234715	0.1731499	0.7418142012	31.0	0.1330481071
C04_bin.99	ANI95_cluster_00324	G01_bin.30	False	d__Bacteria;p__Bacillota;c__Clostridia;o__Oscillospirales;f__Ruminococcaceae;g__Faecalibacterium;s__Faecalibacterium sp900539945	Bacteria	Bacillota	Clostridia	Oscillospirales	Ruminococcaceae	Faecalibacterium	Faecalibacterium sp900539945	83.04	3.59	1892567	227	12025	60.721760	1890	53.0	0.8153846154	0.08791961363	0.055764515	0.067553185	0.5873041	5.714774886	53.0	0.5178077786
C05_bin.1	ANI95_cluster_00361	G07_bin.85	False	d__Bacteria;p__Bacillota;c__Clostridia;o__Christensenellales;f__Aristaeellaceae;g__UBA11524;s__UBA11524 sp000437595	Bacteria	Bacillota	Clostridia	Christensenellales	Aristaeellaceae	UBA11524	UBA11524 sp000437595	99.3	2.21	2897231	67	69778	58.306983	2471	27.0	0.4153846154	0.02605110974	0.0	0.031506673	0.32624742	1.693322133	27.0	0.1765900501
C05_bin.100	ANI95_cluster_00153	C05_bin.100	True	d__Bacteria;p__Bacillota;c__Clostridia;o__Oscillospirales;f__Oscillospiraceae;g__Limivicinus;s__Limivicinus sp934573855	Bacteria	Bacillota	Clostridia	Oscillospirales	Oscillospiraceae	Limivicinus	Limivicinus sp934573855	82.55	0.67	2032613	67	79047	57.772926	1952	1.0	0.01538461538	0.008323581538	0.0	0.5410328	0.5410328	0.5410328	1.0	0.01536486769
C05_bin.102	ANI95_cluster_00154	C05_bin.102	True	d__Bacteria;p__Bacillota;c__Clostridia;o__Christensenellales;f__Pumilibacteraceae;g__CAG-552;s__CAG-552 sp000435495	Bacteria	Bacillota	Clostridia	Christensenellales	Pumilibacteraceae	CAG-552	CAG-552 sp000435495	93.15	0.81	1367594	71	29992	42.755452	1234	2.0	0.03076923077	0.006817442	0.0	0.221566865	0.22562523	0.44313373	2.0	0.02746240169
C05_bin.108	ANI95_cluster_00050	A08_bin.91	False	d__Bacteria;p__Bacillota;c__Clostridia;o__Lachnospirales;f__Lachnospiraceae;g__Anaerostipes;s__Anaerostipes amylophilus	Bacteria	Bacillota	Clostridia	Lachnospirales	Lachnospiraceae	Anaerostipes	Anaerostipes amylophilus	95.61	6.22	2139873	279	12017	37.051638	2253	37.0	0.5692307692	0.01429414527	0.0055805333	0.01783087	0.091459826	0.9291194424	37.0	0.1984389374
C05_bin.109	ANI95_cluster_00222	D08_bin.21	False	d__Bacteria;p__Bacteroidota;c__Bacteroidia;o__Bacteroidales;f__Rikenellaceae;g__Alistipes;s__Alistipes putredinis	Bacteria	Bacteroidota	Bacteroidia	Bacteroidales	Rikenellaceae	Alistipes	Alistipes putredinis	98.56	0.96	2215341	33	106161	54.616738	1997	51.0	0.7846153846	0.1135620173	0.078801624	0.120137975	0.54297876	7.381531127	51.0	0.4682586577
C05_bin.11	ANI95_cluster_00018	A03_bin.68	False	d__Bacteria;p__Bacillota;c__Clostridia;o__Lachnospirales;f__Lachnospiraceae;g__Roseburia;s__Roseburia hominis	Bacteria	Bacillota	Clostridia	Lachnospirales	Lachnospiraceae	Roseburia	Roseburia hominis	96.7	2.33	2857591	264	16914	49.981820	2720	38.0	0.5846153846	0.01870015005	0.0054602623	0.0091463445	0.2510835	1.215509753	38.0	0.1698629831
C05_bin.117	ANI95_cluster_00155	C05_bin.117	True	d__Bacteria;p__Bacillota;c__Clostridia;o__Lachnospirales;f__Lachnospiraceae;g__Gallintestinimicrobium;s__Gallintestinimicrobium propionicum	Bacteria	Bacillota	Clostridia	Lachnospirales	Lachnospiraceae	Gallintestinimicrobium	Gallintestinimicrobium propionicum	98.66	0.19	2910075	76	63039	48.353496	2600	41.0	0.6307692308	0.0320394862	0.006450863	0.013783812	0.84865516	2.082566603	41.0	0.1993581009
C05_bin.119	ANI95_cluster_00263	E06_bin.63	False	d__Bacteria;p__Bacillota;c__Clostridia;o__Lachnospirales;f__Lachnospiraceae;g__Eubacterium_F;s__Eubacterium_F sp003491505	Bacteria	Bacillota	Clostridia	Lachnospirales	Lachnospiraceae	Eubacterium_F	Eubacterium_F sp003491505	85.51	0.15	2188232	369	8199	41.365038	2255	36.0	0.5538461538	0.01461380688	0.004686365	0.013327829	0.25904158	0.9498974473	35.0	0.1515741623
C05_bin.12	ANI95_cluster_00370	G08_bin.80	False	d__Bacteria;p__Bacillota;c__Clostridia;o__TANB77;f__CAG-508;g__DNVW01;s__DNVW01 sp003507395	Bacteria	Bacillota	Clostridia	TANB77	CAG-508	DNVW01	DNVW01 sp003507395	80.86	5.94	1434176	26	112366	27.481983	1435	5.0	0.07692307692	0.02269814354	0.0	0.18662183	0.92538327	1.47537933	5.0	0.05720320308
C05_bin.122	ANI95_cluster_00156	C05_bin.122	True	d__Bacteria;p__Bacillota;c__Clostridia;o__Lachnospirales;f__Lachnospiraceae;g__Coprococcus;s__Coprococcus sp000433075	Bacteria	Bacillota	Clostridia	Lachnospirales	Lachnospiraceae	Coprococcus	Coprococcus sp000433075	99.33	0.0	2376182	25	172339	41.903272	2052	1.0	0.01538461538	0.009254080462	0.0	0.60151523	0.60151523	0.60151523	1.0	0.01537571323
C05_bin.123	ANI95_cluster_00019	A04_bin.71	False	d__Bacteria;p__Bacteroidota;c__Bacteroidia;o__Bacteroidales;f__Rikenellaceae;g__Alistipes_A;s__Alistipes_A ihumii	Bacteria	Bacteroidota	Bacteroidia	Bacteroidales	Rikenellaceae	Alistipes_A	Alistipes_A ihumii	93.3	2.18	2412813	334	9603	58.860426	2204	25.0	0.3846153846	0.01525519955	0.0	0.017138807	0.38756987	0.9915879705	25.0	0.1532584003
C05_bin.14	ANI95_cluster_00116	B06_bin.7	False	d__Bacteria;p__Bacteroidota;c__Bacteroidia;o__Bacteroidales;f__Rikenellaceae;g__Alistipes;s__Alistipes senegalensis	Bacteria	Bacteroidota	Bacteroidia	Bacteroidales	Rikenellaceae	Alistipes	Alistipes senegalensis	85.82	1.68	2778917	110	39544	59.822730	2230	28.0	0.4307692308	0.03800372562	0.0	0.05343624	0.34497476	2.470242166	28.0	0.2114580237
C05_bin.16	ANI95_cluster_00157	C05_bin.16	True	d__Bacteria;p__Bacillota_I;c__Bacilli_A;o__RF39;f__UBA660;g__CAG-533;s__CAG-533 sp000434495	Bacteria	Bacillota_I	Bacilli_A	RF39	UBA660	CAG-533	CAG-533 sp000434495	91.57	1.12	1100326	19	147710	29.606862	1109	6.0	0.09230769231	0.03382645189	0.0	0.240033985	1.1626309	2.198719373	6.0	0.04844003646
C05_bin.19	ANI95_cluster_00212	D06_bin.25	False	d__Bacteria;p__Bacillota;c__Clostridia;o__Oscillospirales;f__Ruminococcaceae;g__CAG-115;s__CAG-115 sp003531585	Bacteria	Bacillota	Clostridia	Oscillospirales	Ruminococcaceae	CAG-115	CAG-115 sp003531585	96.0	0.18	2711989	227	17929	53.003534	2602	28.0	0.4307692308	0.03321243161	0.0	0.0153342885	1.0914692	2.158808055	27.0	0.1414302943
C05_bin.26	ANI95_cluster_00288	F03_bin.29	False	d__Bacteria;p__Bacteroidota;c__Bacteroidia;o__Bacteroidales;f__Bacteroidaceae;g__Bacteroides;s__Bacteroides cellulosilyticus	Bacteria	Bacteroidota	Bacteroidia	Bacteroidales	Bacteroidaceae	Bacteroides	Bacteroides cellulosilyticus	88.85	6.39	6430736	79	148037	42.833837	4878	37.0	0.5692307692	0.104050533	0.019711765	0.06260358	1.2238233	6.763284646	37.0	0.2763495375
C05_bin.29	ANI95_cluster_00140	C02_bin.89	False	d__Bacteria;p__Bacillota;c__Clostridia;o__Oscillospirales;f__Acutalibacteraceae;g__Hominenteromicrobium;s__Hominenteromicrobium mulieris	Bacteria	Bacillota	Clostridia	Oscillospirales	Acutalibacteraceae	Hominenteromicrobium	Hominenteromicrobium mulieris	93.96	0.67	2190852	34	128009	53.274708	2042	43.0	0.6615384615	0.01347719344	0.007644902	0.011980371	0.118403256	0.8760175733	43.0	0.1984015702
C05_bin.32	ANI95_cluster_00158	C05_bin.32	True	d__Bacteria;p__Bacillota;c__Clostridia;o__Oscillospirales;f__Oscillospiraceae;g__F23-B02;s__F23-B02 sp004553495	Bacteria	Bacillota	Clostridia	Oscillospirales	Oscillospiraceae	F23-B02	F23-B02 sp004553495	80.22	4.03	1533439	311	5941	54.025625	1741	1.0	0.01538461538	0.002804362769	0.0	0.18228358	0.18228358	0.18228358	1.0	0.01535283138
C05_bin.33	ANI95_cluster_00159	C05_bin.33	True	d__Bacteria;p__Bacillota;c__Clostridia;o__Christensenellales;f__CAG-917;g__CAG-1138;s__CAG-1138 sp000434675	Bacteria	Bacillota	Clostridia	Christensenellales	CAG-917	CAG-1138	CAG-1138 sp000434675	94.35	0.16	1473174	12	145307	48.974459	1291	1.0	0.01538461538	0.01035351231	0.0	0.6729783	0.6729783	0.6729783	1.0	0.01538457323
C05_bin.34	ANI95_cluster_00160	C05_bin.34	True	d__Bacteria;p__Bacillota_I;c__Bacilli_A;o__RFN20;f__CAG-826;g__CAG-826;s__CAG-826 sp000437235	Bacteria	Bacillota_I	Bacilli_A	RFN20	CAG-826	CAG-826	CAG-826 sp000437235	82.13	1.12	1252166	224	7116	33.939430	1279	1.0	0.01538461538	0.002758167077	0.0	0.17928086	0.17928086	0.17928086	1.0	0.01537773538
C05_bin.36	ANI95_cluster_00328	G01_bin.76	False	d__Bacteria;p__Pseudomonadota;c__Alphaproteobacteria;o__RF32;f__CAG-239;g__Scatacola_A;s__Scatacola_A faecigallinarum	Bacteria	Pseudomonadota	Alphaproteobacteria	RF32	CAG-239	Scatacola_A	Scatacola_A faecigallinarum	87.1	1.08	1747287	51	52532	49.130395	1768	13.0	0.2	0.01902570591	0.0	0.086020656	0.20506485	1.236670884	13.0	0.104210522
C05_bin.38	ANI95_cluster_00346	G05_bin.13	False	d__Bacteria;p__Bacillota;c__Clostridia;o__Oscillospirales;f__Acutalibacteraceae;g__Ruminococcoides;s__Ruminococcoides intestinale	Bacteria	Bacillota	Clostridia	Oscillospirales	Acutalibacteraceae	Ruminococcoides	Ruminococcoides intestinale	91.01	0.34	1773783	23	170536	40.719581	1689	41.0	0.6307692308	0.0545861991	0.010741653	0.037222236	0.9034673	3.548102941	41.0	0.2509440183
C05_bin.47	ANI95_cluster_00161	C05_bin.47	True	d__Bacteria;p__Verrucomicrobiota;c__Verrucomicrobiia;o__Verrucomicrobiales;f__Akkermansiaceae;g__Akkermansia;s__Akkermansia sp004167605	Bacteria	Verrucomicrobiota	Verrucomicrobiia	Verrucomicrobiales	Akkermansiaceae	Akkermansia	Akkermansia sp004167605	93.31	1.36	2820735	234	17918	56.554161	2515	3.0	0.04615384615	0.004928315985	0.0	0.061995164	0.22104214	0.320340539	3.0	0.02880678615
C05_bin.49	ANI95_cluster_00162	C05_bin.49	True	d__Bacteria;p__Bacillota;c__Clostridia;o__CAKSNL01;f__HGM11501;g__HGM11501;s__HGM11501 sp900766735	Bacteria	Bacillota	Clostridia	CAKSNL01	HGM11501	HGM11501	HGM11501 sp900766735	91.4	0.67	2138725	231	12141	48.598768	2126	8.0	0.1230769231	0.007193195185	0.0	0.013388339	0.21563877	0.467557687	8.0	0.06305268585
C05_bin.5	ANI95_cluster_00163	C05_bin.5	True	d__Bacteria;p__Bacteroidota;c__Bacteroidia;o__Bacteroidales;f__Barnesiellaceae;g__UMGS27;s__UMGS27 sp900538555	Bacteria	Bacteroidota	Bacteroidia	Bacteroidales	Barnesiellaceae	UMGS27	UMGS27 sp900538555	98.49	0.0	3111131	61	79105	48.820799	2419	2.0	0.03076923077	0.008426878585	0.0	0.273873554	0.5002814	0.547747108	2.0	0.02507306354
C05_bin.51	ANI95_cluster_00173	C07_bin.25	False	d__Bacteria;p__Bacillota;c__Clostridia;o__Lachnospirales;f__Lachnospiraceae;g__Anaerobutyricum;s__Anaerobutyricum hallii	Bacteria	Bacillota	Clostridia	Lachnospirales	Lachnospiraceae	Anaerobutyricum	Anaerobutyricum hallii	98.25	7.46	3021513	250	21524	38.499884	2715	57.0	0.8769230769	0.0214082629	0.013149098	0.015135015	0.13456021	1.391537088	57.0	0.2825075993
C05_bin.52	ANI95_cluster_00194	D01_bin.67	False	d__Bacteria;p__Actinomycetota;c__Coriobacteriia;o__Coriobacteriales;f__Coriobacteriaceae;g__Collinsella;s__Collinsella sp905215825	Bacteria	Actinomycetota	Coriobacteriia	Coriobacteriales	Coriobacteriaceae	Collinsella	Collinsella sp905215825	89.74	3.23	1788162	322	7034	60.309357	1697	33.0	0.5076923077	0.01139010907	0.0039108633	0.014248798	0.13128966	0.7403570897	31.0	0.1119836329
C05_bin.53	ANI95_cluster_00419	H06_bin.61	False	d__Bacteria;p__Bacillota;c__Clostridia;o__Lachnospirales;f__Lachnospiraceae;g__Fusicatenibacter;s__Fusicatenibacter saccharivorans	Bacteria	Bacillota	Clostridia	Lachnospirales	Lachnospiraceae	Fusicatenibacter	Fusicatenibacter saccharivorans	91.73	3.16	2667576	330	11852	49.045538	2575	60.0	0.9230769231	0.0213414487	0.0130687365	0.0139887115	0.08300715	1.387194166	60.0	0.3047601369
C05_bin.55	ANI95_cluster_00034	A06_bin.107	False	d__Bacteria;p__Bacteroidota;c__Bacteroidia;o__Bacteroidales;f__Marinifilaceae;g__Odoribacter;s__Odoribacter splanchnicus	Bacteria	Bacteroidota	Bacteroidia	Bacteroidales	Marinifilaceae	Odoribacter	Odoribacter splanchnicus	97.31	0.0	3876533	100	67534	43.391453	3325	49.0	0.7538461538	0.01457236129	0.010962085	0.016909137	0.18798618	0.947203484	49.0	0.220464955
C05_bin.6	ANI95_cluster_00315	F08_bin.12	False	d__Bacteria;p__Bacteroidota;c__Bacteroidia;o__Bacteroidales;f__Rikenellaceae;g__Alistipes_A;s__Alistipes_A hominis	Bacteria	Bacteroidota	Bacteroidia	Bacteroidales	Rikenellaceae	Alistipes_A	Alistipes_A hominis	88.86	0.96	2580328	34	144523	54.846051	2156	24.0	0.3692307692	0.01176213153	0.0	0.017676482	0.25105938	0.7645385497	24.0	0.1674458371
C05_bin.60	ANI95_cluster_00164	C05_bin.60	True	d__Bacteria;p__Bacillota;c__Clostridia;o__Lachnospirales;f__Lachnospiraceae;g__Blautia_A;s__Blautia_A intestinihominis	Bacteria	Bacillota	Clostridia	Lachnospirales	Lachnospiraceae	Blautia_A	Blautia_A intestinihominis	98.18	2.85	2980157	84	53375	45.178492	2662	25.0	0.3846153846	0.03335405868	0.0	0.013074066	0.8565849	2.168013814	25.0	0.1310784638
C05_bin.61	ANI95_cluster_00415	H05_bin.43	False	d__Bacteria;p__Bacillota;c__Clostridia;o__Lachnospirales;f__Lachnospiraceae;g__Roseburia;s__Roseburia rectalis	Bacteria	Bacillota	Clostridia	Lachnospirales	Lachnospiraceae	Roseburia	Roseburia rectalis	99.28	0.97	2562545	43	114757	41.997897	2371	49.0	0.7538461538	0.04379661584	0.0127616245	0.021716079	1.0542737	2.84678003	49.0	0.2023469825
C05_bin.62	ANI95_cluster_00341	G04_bin.50	False	d__Bacteria;p__Bacillota;c__Clostridia;o__Lachnospirales;f__Lachnospiraceae;g__Butyribacter;s__Butyribacter sp003529475	Bacteria	Bacillota	Clostridia	Lachnospirales	Lachnospiraceae	Butyribacter	Butyribacter sp003529475	80.87	0.73	2036218	130	25293	42.863141	1774	31.0	0.4769230769	0.01152595247	0.0	0.013584271	0.13018222	0.7491869107	31.0	0.1646395035
C05_bin.65	ANI95_cluster_00109	B06_bin.18	False	d__Bacteria;p__Bacteroidota;c__Bacteroidia;o__Bacteroidales;f__Bacteroidaceae;g__Bacteroides;s__Bacteroides clarus	Bacteria	Bacteroidota	Bacteroidia	Bacteroidales	Bacteroidaceae	Bacteroides	Bacteroides clarus	93.72	2.97	3711102	31	270114	45.139018	3009	8.0	0.1230769231	0.04315863282	0.0	0.112857405	1.6175723	2.805311133	8.0	0.07758837871
C05_bin.68	ANI95_cluster_00128	B08_bin.66	False	d__Bacteria;p__Bacteroidota;c__Bacteroidia;o__Bacteroidales;f__Rikenellaceae;g__Alistipes;s__Alistipes communis	Bacteria	Bacteroidota	Bacteroidia	Bacteroidales	Rikenellaceae	Alistipes	Alistipes communis	93.75	5.29	2803480	42	111623	59.787407	2281	41.0	0.6307692308	0.04502657654	0.01977868	0.037614502	0.5172481	2.926727475	41.0	0.2817311171
C05_bin.76	ANI95_cluster_00283	F02_bin.66	False	d__Bacteria;p__Bacteroidota;c__Bacteroidia;o__Bacteroidales;f__Rikenellaceae;g__Tidjanibacter;s__Tidjanibacter inops	Bacteria	Bacteroidota	Bacteroidia	Bacteroidales	Rikenellaceae	Tidjanibacter	Tidjanibacter inops	95.19	0.0	1992649	35	99306	57.137810	1687	31.0	0.4769230769	0.02560311312	0.0	0.03252704	0.22978175	1.664202353	31.0	0.2537904775
C05_bin.77	ANI95_cluster_00302	F06_bin.75	False	d__Bacteria;p__Bacillota;c__Clostridia;o__Oscillospirales;f__Oscillospiraceae;g__Hominicoprocola;s__Hominicoprocola fusiformis	Bacteria	Bacillota	Clostridia	Oscillospirales	Oscillospiraceae	Hominicoprocola	Hominicoprocola fusiformis	81.18	5.17	1643176	484	3831	59.874231	1910	51.0	0.7846153846	0.01793636917	0.012772828	0.01593521	0.08089295	1.165863996	51.0	0.2262574714
C05_bin.78	ANI95_cluster_00165	C05_bin.78	True	d__Bacteria;p__Bacillota_I;c__Bacilli_A;o__RF39;f__UBA660;g__CAG-628;s__CAG-628 sp003524085	Bacteria	Bacillota_I	Bacilli_A	RF39	UBA660	CAG-628	CAG-628 sp003524085	90.45	0.56	1105822	25	73781	28.082368	1172	4.0	0.06153846154	0.01145313358	0.0	0.128000915	0.42715162	0.744453683	4.0	0.04366646615
C05_bin.79	ANI95_cluster_00364	G08_bin.17	False	d__Bacteria;p__Bacillota;c__Clostridia;o__Oscillospirales;f__Oscillospiraceae;g__Hominicoprocola;s__Hominicoprocola sp900317525	Bacteria	Bacillota	Clostridia	Oscillospirales	Oscillospiraceae	Hominicoprocola	Hominicoprocola sp900317525	93.06	2.87	1618070	262	8410	62.114618	1729	45.0	0.6923076923	0.01928527409	0.009842266	0.013912825	0.18132874	1.253542816	44.0	0.2252397183
C05_bin.81	ANI95_cluster_00015	A03_bin.21	False	d__Bacteria;p__Bacillota;c__Clostridia;o__Lachnospirales;f__Lachnospiraceae;g__Hominisplanchenecus;s__Hominisplanchenecus faecis	Bacteria	Bacillota	Clostridia	Lachnospirales	Lachnospiraceae	Hominisplanchenecus	Hominisplanchenecus faecis	85.96	8.77	2378886	110	30685	44.988915	2077	44.0	0.6769230769	0.03238069274	0.007858493	0.0203487225	0.7340019	2.104745028	44.0	0.2414175768
C05_bin.83	ANI95_cluster_00286	F03_bin.13	False	d__Bacteria;p__Bacteroidota;c__Bacteroidia;o__Bacteroidales;f__Rikenellaceae;g__Alistipes;s__Alistipes finegoldii	Bacteria	Bacteroidota	Bacteroidia	Bacteroidales	Rikenellaceae	Alistipes	Alistipes finegoldii	90.21	0.48	2618170	51	74792	59.124465	2166	50.0	0.7692307692	0.08614426283	0.027054925	0.0404630525	0.96859473	5.599377084	50.0	0.3952640455
C05_bin.86	ANI95_cluster_00166	C05_bin.86	True	d__Bacteria;p__Bacillota_I;c__Bacilli_A;o__RF39;f__UBA660;g__CAG-1000;s__CAG-1000 sp000436975	Bacteria	Bacillota_I	Bacilli_A	RF39	UBA660	CAG-1000	CAG-1000 sp000436975	84.83	3.93	1080212	16	150094	26.054886	1082	1.0	0.01538461538	0.01630173231	0.0	1.0596126	1.0596126	1.0596126	1.0	0.01538424462
C05_bin.87	ANI95_cluster_00382	H02_bin.14	False	d__Bacteria;p__Bacillota;c__Clostridia;o__Oscillospirales;f__Oscillospiraceae;g__Vescimonas;s__Vescimonas sp900547745	Bacteria	Bacillota	Clostridia	Oscillospirales	Oscillospiraceae	Vescimonas	Vescimonas sp900547745	83.89	6.27	2180880	76	48558	61.061269	2080	11.0	0.1692307692	0.08049127988	0.0	0.11869995	1.9899487	5.231933192	11.0	0.09847434837
C05_bin.9	ANI95_cluster_00354	G06_bin.14	False	d__Bacteria;p__Bacillota;c__Clostridia;o__Oscillospirales;f__Acutalibacteraceae;g__Eubacterium_R;s__Eubacterium_R sp000436835	Bacteria	Bacillota	Clostridia	Oscillospirales	Acutalibacteraceae	Eubacterium_R	Eubacterium_R sp000436835	90.11	1.44	1709219	207	12816	38.472893	1707	13.0	0.2	0.01321678823	0.0	0.05553481	0.17973287	0.859091235	13.0	0.1415262052
C05_bin.90	ANI95_cluster_00167	C05_bin.90	True	d__Bacteria;p__Bacillota;c__Clostridia;o__Oscillospirales;f__CAG-272;g__UBA11512;s__UBA11512 sp003522145	Bacteria	Bacillota	Clostridia	Oscillospirales	CAG-272	UBA11512	UBA11512 sp003522145	91.5	1.34	1910054	66	41025	51.121172	1690	10.0	0.1538461538	0.01325215263	0.0	0.06298236	0.31318003	0.861389921	10.0	0.107917248
C05_bin.92	ANI95_cluster_00060	B01_bin.68	False	d__Bacteria;p__Actinomycetota;c__Coriobacteriia;o__Coriobacteriales;f__QAMH01;g__QAMH01;s__QAMH01 sp900544245	Bacteria	Actinomycetota	Coriobacteriia	Coriobacteriales	QAMH01	QAMH01	QAMH01 sp900544245	99.19	0.81	1804516	144	19553	60.742548	1737	20.0	0.3076923077	0.009287620257	0.0	0.0229446995	0.11449302	0.6036953167	20.0	0.1335464775
C06_bin.10	ANI95_cluster_00168	C06_bin.10	True	d__Bacteria;p__Bacillota;c__Clostridia;o__Oscillospirales;f__Oscillospiraceae;g__Intestinimonas;s__Intestinimonas butyriciproducens	Bacteria	Bacillota	Clostridia	Oscillospirales	Oscillospiraceae	Intestinimonas	Intestinimonas butyriciproducens	90.58	6.32	2842631	520	7003	60.187024	3063	46.0	0.7076923077	0.03941039279	0.00856994	0.020124144	0.7972603	2.561675532	46.0	0.2967354781
C06_bin.11	ANI95_cluster_00169	C06_bin.11	True	d__Bacteria;p__Bacillota;c__Clostridia;o__Lachnospirales;f__Lachnospiraceae;g__Anthropogastromicrobium;s__Anthropogastromicrobium aceti	Bacteria	Bacillota	Clostridia	Lachnospirales	Lachnospiraceae	Anthropogastromicrobium	Anthropogastromicrobium aceti	95.38	1.94	3057246	163	29589	41.235543	2665	48.0	0.7384615385	0.01219218303	0.008946129	0.011008539	0.12124487	0.7924918972	48.0	0.2066165883
C06_bin.18	ANI95_cluster_00373	G08_bin.9	False	d__Bacteria;p__Bacillota;c__Clostridia;o__Oscillospirales;f__Ruminococcaceae;g__Faecalibacterium;s__Faecalibacterium taiwanense	Bacteria	Bacillota	Clostridia	Oscillospirales	Ruminococcaceae	Faecalibacterium	Faecalibacterium taiwanense	89.08	0.4	2201881	154	23250	57.473315	2074	64.0	0.9846153846	0.09642621843	0.05042162	0.050548475	1.7850662	6.267704198	64.0	0.4975654903
C06_bin.2	ANI95_cluster_00034	A06_bin.107	False	d__Bacteria;p__Bacteroidota;c__Bacteroidia;o__Bacteroidales;f__Marinifilaceae;g__Odoribacter;s__Odoribacter splanchnicus	Bacteria	Bacteroidota	Bacteroidia	Bacteroidales	Marinifilaceae	Odoribacter	Odoribacter splanchnicus	99.46	0.0	4112843	35	159234	43.406422	3333	50.0	0.7692307692	0.01096606243	0.008299652	0.009644089	0.087799035	0.7127940578	50.0	0.2236186283
C06_bin.20	ANI95_cluster_00015	A03_bin.21	False	d__Bacteria;p__Bacillota;c__Clostridia;o__Lachnospirales;f__Lachnospiraceae;g__Hominisplanchenecus;s__Hominisplanchenecus faecis	Bacteria	Bacillota	Clostridia	Lachnospirales	Lachnospiraceae	Hominisplanchenecus	Hominisplanchenecus faecis	89.69	1.8	2515785	138	28366	44.779621	2142	38.0	0.5846153846	0.0251727439	0.006236267	0.018995418	0.5664717	1.636228353	38.0	0.1925097076
C06_bin.21	ANI95_cluster_00358	G07_bin.107	False	d__Bacteria;p__Bacillota;c__Clostridia;o__Lachnospirales;f__Lachnospiraceae;g__Roseburia;s__Roseburia faecis	Bacteria	Bacillota	Clostridia	Lachnospirales	Lachnospiraceae	Roseburia	Roseburia faecis	95.89	3.04	2765158	50	90818	43.739454	2589	38.0	0.5846153846	0.02812778691	0.011032463	0.030737535	0.31004897	1.828306149	38.0	0.2262519805
C06_bin.22	ANI95_cluster_00300	F06_bin.53	False	d__Bacteria;p__Bacillota;c__Clostridia;o__Oscillospirales;f__Ruminococcaceae;g__Faecalibacterium;s__Faecalibacterium tardum	Bacteria	Bacillota	Clostridia	Oscillospirales	Ruminococcaceae	Faecalibacterium	Faecalibacterium tardum	88.61	3.71	2272620	99	41791	58.313004	2080	52.0	0.8	0.0538933946	0.025484426	0.035965564	1.2917911	3.503070649	52.0	0.2536996267
C06_bin.26	ANI95_cluster_00170	C06_bin.26	True	d__Bacteria;p__Bacillota;c__Clostridia;o__Oscillospirales;f__Acutalibacteraceae;g__Fimivicinus;s__Fimivicinus sp900544375	Bacteria	Bacillota	Clostridia	Oscillospirales	Acutalibacteraceae	Fimivicinus	Fimivicinus sp900544375	97.99	1.54	2881554	70	74630	51.997152	2669	3.0	0.04615384615	0.01018753606	0.0	0.18509777	0.419977	0.662189844	3.0	0.04108931338
C06_bin.29	ANI95_cluster_00171	C06_bin.29	True	d__Bacteria;p__Bacillota;c__Clostridia;o__Oscillospirales;f__Oscillospiraceae;g__Vescimonas;s__Vescimonas coprocola	Bacteria	Bacillota	Clostridia	Oscillospirales	Oscillospiraceae	Vescimonas	Vescimonas coprocola	90.27	0.71	1855896	78	35309	60.583028	1751	38.0	0.5846153846	0.03104779694	0.006661364	0.015723718	1.073773	2.018106801	38.0	0.1721226758
C06_bin.30	ANI95_cluster_00177	C07_bin.89	False	d__Bacteria;p__Desulfobacterota;c__Desulfovibrionia;o__Desulfovibrionales;f__Desulfovibrionaceae;g__Bilophila;s__Bilophila wadsworthia	Bacteria	Desulfobacterota	Desulfovibrionia	Desulfovibrionales	Desulfovibrionaceae	Bilophila	Bilophila wadsworthia	97.63	0.03	3940445	404	13798	60.066921	3527	37.0	0.5692307692	0.008457329012	0.0042880895	0.010618039	0.057934012	0.5497263858	36.0	0.1602714949
C06_bin.35	ANI95_cluster_00429	H07_bin.48	False	d__Bacteria;p__Bacillota;c__Clostridia;o__Lachnospirales;f__Lachnospiraceae;g__Mediterraneibacter;s__Mediterraneibacter faecis	Bacteria	Bacillota	Clostridia	Lachnospirales	Lachnospiraceae	Mediterraneibacter	Mediterraneibacter faecis	94.35	8.97	3038650	220	28935	40.241390	2986	59.0	0.9076923077	0.05514486927	0.033808894	0.039554216	0.2767907	3.584416503	59.0	0.4198465395
C06_bin.37	ANI95_cluster_00298	F06_bin.46	False	d__Bacteria;p__Bacillota;c__Bacilli;o__Lactobacillales;f__Streptococcaceae;g__Streptococcus;s__Streptococcus thermophilus	Bacteria	Bacillota	Bacilli	Lactobacillales	Streptococcaceae	Streptococcus	Streptococcus thermophilus	92.12	0.36	1473571	249	7550	39.558664	1680	21.0	0.3230769231	0.007481754408	0.0	0.013616826	0.0714546	0.4863140365	21.0	0.1316571993
C06_bin.41	ANI95_cluster_00172	C06_bin.41	True	d__Bacteria;p__Bacillota;c__Clostridia;o__Lachnospirales;f__Lachnospiraceae;g__Lachnospira;s__Lachnospira intestinalis	Bacteria	Bacillota	Clostridia	Lachnospirales	Lachnospiraceae	Lachnospira	Lachnospira intestinalis	96.64	0.0	2649259	37	116306	41.960790	2414	38.0	0.5846153846	0.02044867025	0.0058138683	0.014568918	0.50238645	1.329163566	38.0	0.2122558716
C06_bin.42	ANI95_cluster_00248	E03_bin.35	False	d__Bacteria;p__Bacillota;c__Clostridia;o__Lachnospirales;f__Lachnospiraceae;g__Pilosibacter;s__Pilosibacter fragilis	Bacteria	Bacillota	Clostridia	Lachnospirales	Lachnospiraceae	Pilosibacter	Pilosibacter fragilis	94.01	8.5	2633096	187	20683	49.511260	2364	46.0	0.7076923077	0.01825864235	0.00898765	0.01459849875	0.1641798	1.186811753	46.0	0.2506082311
C06_bin.43	ANI95_cluster_00139	C02_bin.32	False	d__Bacteria;p__Bacillota;c__Clostridia;o__Lachnospirales;f__Lachnospiraceae;g__Coprococcus_C;s__Coprococcus_C hominis	Bacteria	Bacillota	Clostridia	Lachnospirales	Lachnospiraceae	Coprococcus_C	Coprococcus_C hominis	98.25	9.41	2899134	31	140052	43.976546	2655	20.0	0.3076923077	0.01669815222	0.0	0.030381214	0.283026	1.085379894	20.0	0.1414295014
C06_bin.44	ANI95_cluster_00085	B04_bin.33	False	d__Bacteria;p__Bacillota;c__Clostridia;o__UBA1381;f__UBA1381;g__Hominilimicola;s__Hominilimicola fabiformis	Bacteria	Bacillota	Clostridia	UBA1381	UBA1381	Hominilimicola	Hominilimicola fabiformis	95.64	1.68	2288165	303	10869	38.571781	2211	53.0	0.8153846154	0.0186826965	0.013705776	0.018142411	0.12223391	1.214375273	53.0	0.2863557264
C06_bin.46	ANI95_cluster_00066	B02_bin.41	False	d__Bacteria;p__Bacillota;c__Clostridia;o__Lachnospirales;f__Lachnospiraceae;g__Dorea_A;s__Dorea_A longicatena	Bacteria	Bacillota	Clostridia	Lachnospirales	Lachnospiraceae	Dorea_A	Dorea_A longicatena	89.24	2.62	2361599	111	43654	41.893014	2230	58.0	0.8923076923	0.02774598031	0.01639607	0.018888458	0.2694766	1.80348872	58.0	0.3310980139
C06_bin.52	ANI95_cluster_00021	A04_bin.93	False	d__Bacteria;p__Bacillota;c__Clostridia;o__Oscillospirales;f__Ruminococcaceae;g__Gemmiger;s__Gemmiger qucibialis	Bacteria	Bacillota	Clostridia	Oscillospirales	Ruminococcaceae	Gemmiger	Gemmiger qucibialis	89.87	2.27	2172780	482	5214	56.829454	2110	45.0	0.6923076923	0.01040547889	0.0068953466	0.010611249	0.08482644	0.6763561279	45.0	0.1721019501
C06_bin.54	ANI95_cluster_00419	H06_bin.61	False	d__Bacteria;p__Bacillota;c__Clostridia;o__Lachnospirales;f__Lachnospiraceae;g__Fusicatenibacter;s__Fusicatenibacter saccharivorans	Bacteria	Bacillota	Clostridia	Lachnospirales	Lachnospiraceae	Fusicatenibacter	Fusicatenibacter saccharivorans	82.1	5.06	2587741	326	11040	49.153219	2517	60.0	0.9230769231	0.02289835591	0.013857774	0.0150231995	0.17328848	1.488393134	60.0	0.2942578663
C06_bin.55	ANI95_cluster_00272	E07_bin.69	False	d__Bacteria;p__Bacillota;c__Clostridia;o__Oscillospirales;f__Oscillospiraceae;g__Oscillibacter;s__Oscillibacter welbionis	Bacteria	Bacillota	Clostridia	Oscillospirales	Oscillospiraceae	Oscillibacter	Oscillibacter welbionis	95.3	3.52	3014318	75	68219	60.317823	2912	57.0	0.8769230769	0.03067909482	0.014705927	0.019271519	0.22585855	1.994141163	57.0	0.3328369165
C06_bin.58	ANI95_cluster_00424	H07_bin.23	False	d__Bacteria;p__Bacillota;c__Clostridia;o__Oscillospirales;f__Ruminococcaceae;g__Faecalibacterium;s__Faecalibacterium longum	Bacteria	Bacillota	Clostridia	Oscillospirales	Ruminococcaceae	Faecalibacterium	Faecalibacterium longum	94.97	4.59	1952335	74	38403	60.349786	1761	57.0	0.8769230769	0.03811155583	0.017403351	0.018295025	0.72169244	2.477251129	57.0	0.3084878446
C06_bin.63	ANI95_cluster_00290	F03_bin.40	False	d__Bacteria;p__Bacillota;c__Clostridia;o__Lachnospirales;f__Lachnospiraceae;g__Blautia_A;s__Blautia_A wexlerae	Bacteria	Bacillota	Clostridia	Lachnospirales	Lachnospiraceae	Blautia_A	Blautia_A wexlerae	96.84	8.86	4010118	342	21055	41.518230	3812	64.0	0.9846153846	0.0490698694	0.031557105	0.0325383075	0.22209942	3.189541511	64.0	0.4156474252
C07_bin.10	ANI95_cluster_00419	H06_bin.61	False	d__Bacteria;p__Bacillota;c__Clostridia;o__Lachnospirales;f__Lachnospiraceae;g__Fusicatenibacter;s__Fusicatenibacter saccharivorans	Bacteria	Bacillota	Clostridia	Lachnospirales	Lachnospiraceae	Fusicatenibacter	Fusicatenibacter saccharivorans	88.19	2.22	2649759	85	42011	48.586834	2319	60.0	0.9230769231	0.02385828538	0.013941466	0.014717715	0.096998505	1.550788549	60.0	0.3271723123
C07_bin.13	ANI95_cluster_00231	D08_bin.97	False	d__Bacteria;p__Bacteroidota;c__Bacteroidia;o__Bacteroidales;f__Tannerellaceae;g__Parabacteroides;s__Parabacteroides merdae	Bacteria	Bacteroidota	Bacteroidia	Bacteroidales	Tannerellaceae	Parabacteroides	Parabacteroides merdae	92.31	0.79	3731151	54	118594	45.678720	3036	41.0	0.6307692308	0.02062190859	0.015626838	0.023911277	0.11597033	1.340424058	41.0	0.2722807075
C07_bin.14	ANI95_cluster_00052	A09_bin.21	False	d__Bacteria;p__Bacillota;c__Clostridia;o__Oscillospirales;f__Oscillospiraceae;g__CAG-170;s__CAG-170 sp900545925	Bacteria	Bacillota	Clostridia	Oscillospirales	Oscillospiraceae	CAG-170	CAG-170 sp900545925	89.06	4.73	3041968	401	12627	56.248981	3152	38.0	0.5846153846	0.03643786499	0.019240277	0.034126985	0.40133667	2.368461224	38.0	0.2372332705
C07_bin.15	ANI95_cluster_00083	B04_bin.18	False	d__Bacteria;p__Bacteroidota;c__Bacteroidia;o__Bacteroidales;f__Rikenellaceae;g__Alistipes;s__Alistipes onderdonkii	Bacteria	Bacteroidota	Bacteroidia	Bacteroidales	Rikenellaceae	Alistipes	Alistipes onderdonkii	93.73	0.48	2529174	32	112550	59.588032	2053	56.0	0.8615384615	0.1151276022	0.028278014	0.042989055	0.88767606	7.483294144	56.0	0.5079269291
C07_bin.16	ANI95_cluster_00128	B08_bin.66	False	d__Bacteria;p__Bacteroidota;c__Bacteroidia;o__Bacteroidales;f__Rikenellaceae;g__Alistipes;s__Alistipes communis	Bacteria	Bacteroidota	Bacteroidia	Bacteroidales	Rikenellaceae	Alistipes	Alistipes communis	94.23	0.96	2606909	54	70125	60.250319	2119	40.0	0.6153846154	0.02892020195	0.011310548	0.030267224	0.19248307	1.879813127	40.0	0.2614018593
C07_bin.18	ANI95_cluster_00129	B09_bin.106	False	d__Bacteria;p__Bacteroidota;c__Bacteroidia;o__Bacteroidales;f__Marinifilaceae;g__Butyricimonas;s__Butyricimonas virosa	Bacteria	Bacteroidota	Bacteroidia	Bacteroidales	Marinifilaceae	Butyricimonas	Butyricimonas virosa	95.16	0.0	4265495	68	92513	42.353232	3550	24.0	0.3692307692	0.01569588555	0.0	0.0172767225	0.4258308	1.020232561	24.0	0.1356920847
C07_bin.25	ANI95_cluster_00173	C07_bin.25	True	d__Bacteria;p__Bacillota;c__Clostridia;o__Lachnospirales;f__Lachnospiraceae;g__Anaerobutyricum;s__Anaerobutyricum hallii	Bacteria	Bacillota	Clostridia	Lachnospirales	Lachnospiraceae	Anaerobutyricum	Anaerobutyricum hallii	93.06	0.8	2850166	282	18518	38.315031	2598	59.0	0.9076923077	0.02677004321	0.01827747	0.020857094	0.15603043	1.740052809	59.0	0.3361975839
C07_bin.29	ANI95_cluster_00412	H05_bin.34	False	d__Bacteria;p__Pseudomonadota;c__Gammaproteobacteria;o__Enterobacterales;f__Enterobacteriaceae;g__Escherichia;s__Escherichia coli	Bacteria	Pseudomonadota	Gammaproteobacteria	Enterobacterales	Enterobacteriaceae	Escherichia	Escherichia coli	85.15	0.08	3795310	15	552859	51.008956	3466	19.0	0.2923076923	0.02496136065	0.0	0.012295945	0.7155161	1.622488442	19.0	0.1046072652
C07_bin.3	ANI95_cluster_00134	B09_bin.93	False	d__Bacteria;p__Bacillota;c__Clostridia;o__Oscillospirales;f__Oscillospiraceae;g__CAG-103;s__CAG-103 sp000432375	Bacteria	Bacillota	Clostridia	Oscillospirales	Oscillospiraceae	CAG-103	CAG-103 sp000432375	88.59	2.01	1838789	81	32896	62.440389	1741	32.0	0.4923076923	0.01218582834	0.0	0.0165592885	0.09164659	0.7920788419	32.0	0.1766288153
C07_bin.30	ANI95_cluster_00420	H06_bin.64	False	d__Bacteria;p__Bacillota;c__Clostridia;o__Oscillospirales;f__Ruminococcaceae;g__Ruminiclostridium_E;s__Ruminiclostridium_E siraeum	Bacteria	Bacillota	Clostridia	Oscillospirales	Ruminococcaceae	Ruminiclostridium_E	Ruminiclostridium_E siraeum	90.72	0.0	2541089	58	67812	44.973198	2246	33.0	0.5076923077	0.02218390251	0.0043567563	0.014038001	0.62662446	1.441953663	33.0	0.1535529911
C07_bin.33	ANI95_cluster_00004	A01_bin.31	False	d__Bacteria;p__Bacillota;c__Clostridia;o__Lachnospirales;f__Lachnospiraceae;g__Mediterraneibacter;s__Mediterraneibacter torques	Bacteria	Bacillota	Clostridia	Lachnospirales	Lachnospiraceae	Mediterraneibacter	Mediterraneibacter torques	90.35	1.46	2102851	273	11388	42.309702	1999	31.0	0.4769230769	0.01551507005	0.0	0.010190207	0.14539869	1.008479553	30.0	0.1838263625
C07_bin.36	ANI95_cluster_00273	E07_bin.8	False	d__Bacteria;p__Bacteroidota;c__Bacteroidia;o__Bacteroidales;f__Bacteroidaceae;g__Bacteroides;s__Bacteroides fragilis	Bacteria	Bacteroidota	Bacteroidia	Bacteroidales	Bacteroidaceae	Bacteroides	Bacteroides fragilis	90.84	3.08	5091441	711	11196	43.828378	4662	35.0	0.5384615385	0.1399106308	0.024378732	0.088178605	3.339497	9.094191003	35.0	0.3066849417
C07_bin.38	ANI95_cluster_00174	C07_bin.38	True	d__Bacteria;p__Bacillota;c__Clostridia;o__Oscillospirales;f__Ruminococcaceae;g__Ruminococcus_C;s__Ruminococcus_C sp000433635	Bacteria	Bacillota	Clostridia	Oscillospirales	Ruminococcaceae	Ruminococcus_C	Ruminococcus_C sp000433635	94.3	0.0	1923897	285	10446	46.700369	1944	23.0	0.3538461538	0.03284643283	0.0	0.025355231	1.1668203	2.135018134	23.0	0.1549531695
C07_bin.41	ANI95_cluster_00302	F06_bin.75	False	d__Bacteria;p__Bacillota;c__Clostridia;o__Oscillospirales;f__Oscillospiraceae;g__Hominicoprocola;s__Hominicoprocola fusiformis	Bacteria	Bacillota	Clostridia	Oscillospirales	Oscillospiraceae	Hominicoprocola	Hominicoprocola fusiformis	93.62	0.89	1942335	56	53021	58.777296	1864	47.0	0.7230769231	0.02209332728	0.012512673	0.01996709	0.23744978	1.436066273	47.0	0.2169307156
C07_bin.43	ANI95_cluster_00034	A06_bin.107	False	d__Bacteria;p__Bacteroidota;c__Bacteroidia;o__Bacteroidales;f__Marinifilaceae;g__Odoribacter;s__Odoribacter splanchnicus	Bacteria	Bacteroidota	Bacteroidia	Bacteroidales	Marinifilaceae	Odoribacter	Odoribacter splanchnicus	99.46	0.54	4233559	89	72249	43.354067	3656	51.0	0.7846153846	0.01693133636	0.013461611	0.016538028	0.07453588	1.100536863	51.0	0.2256605032
C07_bin.45	ANI95_cluster_00272	E07_bin.69	False	d__Bacteria;p__Bacillota;c__Clostridia;o__Oscillospirales;f__Oscillospiraceae;g__Oscillibacter;s__Oscillibacter welbionis	Bacteria	Bacillota	Clostridia	Oscillospirales	Oscillospiraceae	Oscillibacter	Oscillibacter welbionis	96.98	2.01	2647519	75	62274	61.639973	2665	54.0	0.8307692308	0.02460379017	0.010952971	0.0153342155	0.24627686	1.599246361	54.0	0.3017165657
C07_bin.5	ANI95_cluster_00373	G08_bin.9	False	d__Bacteria;p__Bacillota;c__Clostridia;o__Oscillospirales;f__Ruminococcaceae;g__Faecalibacterium;s__Faecalibacterium taiwanense	Bacteria	Bacillota	Clostridia	Oscillospirales	Ruminococcaceae	Faecalibacterium	Faecalibacterium taiwanense	84.61	6.93	2775541	144	29284	57.211261	2600	64.0	0.9846153846	0.0743520308	0.04806102	0.048838874	0.67377913	4.832882002	64.0	0.433376816
C07_bin.52	ANI95_cluster_00055	A09_bin.62	False	d__Bacteria;p__Bacillota;c__Clostridia;o__Oscillospirales;f__Ruminococcaceae;g__Ruthenibacterium;s__Ruthenibacterium lactatiformans	Bacteria	Bacillota	Clostridia	Oscillospirales	Ruminococcaceae	Ruthenibacterium	Ruthenibacterium lactatiformans	94.9	0.68	3109143	154	36907	58.628278	2936	51.0	0.7846153846	0.02534370148	0.009453135	0.014216552	0.59287244	1.647340596	51.0	0.2862686595
C07_bin.53	ANI95_cluster_00317	F08_bin.22	False	d__Bacteria;p__Pseudomonadota;c__Gammaproteobacteria;o__Burkholderiales;f__Burkholderiaceae_D;g__Oxalobacter;s__Oxalobacter formigenes	Bacteria	Pseudomonadota	Gammaproteobacteria	Burkholderiales	Burkholderiaceae_D	Oxalobacter	Oxalobacter formigenes	80.85	1.81	1828995	459	4345	50.118344	2030	8.0	0.1230769231	0.007793180062	0.0	0.0404275605	0.18017833	0.506556704	8.0	0.07536930985
C07_bin.55	ANI95_cluster_00116	B06_bin.7	False	d__Bacteria;p__Bacteroidota;c__Bacteroidia;o__Bacteroidales;f__Rikenellaceae;g__Alistipes;s__Alistipes senegalensis	Bacteria	Bacteroidota	Bacteroidia	Bacteroidales	Rikenellaceae	Alistipes	Alistipes senegalensis	94.09	4.97	3075178	86	66858	59.878322	2437	31.0	0.4769230769	0.04560348115	0.0	0.04466738	0.5974177	2.964226275	31.0	0.2597414829
C07_bin.6	ANI95_cluster_00355	G06_bin.24	False	d__Bacteria;p__Bacillota;c__Clostridia;o__Oscillospirales;f__Oscillospiraceae;g__CAG-170;s__CAG-170 sp000432135	Bacteria	Bacillota	Clostridia	Oscillospirales	Oscillospiraceae	CAG-170	CAG-170 sp000432135	83.18	6.88	2553436	343	11992	58.515859	2576	40.0	0.6153846154	0.02825759445	0.013608677	0.02121005	0.21107252	1.836743639	40.0	0.2272295354
C07_bin.60	ANI95_cluster_00417	H06_bin.54	False	d__Bacteria;p__Bacillota_I;c__Bacilli_A;o__RF39;f__UBA660;g__CAG-914;s__CAG-914 sp000437895	Bacteria	Bacillota_I	Bacilli_A	RF39	UBA660	CAG-914	CAG-914 sp000437895	92.13	4.49	1338602	44	54917	25.697631	1386	7.0	0.1076923077	0.05599089797	0.0	0.0124980705	3.5008163	3.639408368	7.0	0.04014741948
C07_bin.61	ANI95_cluster_00143	C03_bin.49	False	d__Bacteria;p__Actinomycetota;c__Actinomycetes;o__Actinomycetales;f__Bifidobacteriaceae;g__Bifidobacterium;s__Bifidobacterium longum	Bacteria	Actinomycetota	Actinomycetes	Actinomycetales	Bifidobacteriaceae	Bifidobacterium	Bifidobacterium longum	91.08	2.0	2034439	185	17035	60.018610	1795	54.0	0.8307692308	0.02041117734	0.011909381	0.014977166	0.18049	1.326726527	54.0	0.2981025311
C07_bin.62	ANI95_cluster_00361	G07_bin.85	False	d__Bacteria;p__Bacillota;c__Clostridia;o__Christensenellales;f__Aristaeellaceae;g__UBA11524;s__UBA11524 sp000437595	Bacteria	Bacillota	Clostridia	Christensenellales	Aristaeellaceae	UBA11524	UBA11524 sp000437595	96.0	1.52	2779287	192	21392	58.595208	2341	28.0	0.4307692308	0.01423959301	0.0	0.018997229	0.21535657	0.9255735457	28.0	0.108314027
C07_bin.63	ANI95_cluster_00217	D07_bin.25	False	d__Bacteria;p__Actinomycetota;c__Coriobacteriia;o__Coriobacteriales;f__Eggerthellaceae;g__Adlercreutzia;s__Adlercreutzia rubneri	Bacteria	Actinomycetota	Coriobacteriia	Coriobacteriales	Eggerthellaceae	Adlercreutzia	Adlercreutzia rubneri	95.16	0.0	2519957	88	49847	63.717119	2155	43.0	0.6615384615	0.01692984489	0.0073851547	0.010021881	0.1785131	1.100439918	43.0	0.1829916627
C07_bin.64	ANI95_cluster_00215	D06_bin.80	False	d__Bacteria;p__Bacillota;c__Clostridia;o__Christensenellales;f__CAG-138;g__SFEL01;s__SFEL01 sp004557245	Bacteria	Bacillota	Clostridia	Christensenellales	CAG-138	SFEL01	SFEL01 sp004557245	96.37	1.28	1744118	142	19320	53.953689	1727	19.0	0.2923076923	0.009210070343	0.0	0.020982636	0.16333897	0.5986545723	19.0	0.1098323608
C07_bin.66	ANI95_cluster_00249	E03_bin.39	False	d__Bacteria;p__Bacillota;c__Clostridia;o__Oscillospirales;f__Oscillospiraceae;g__CAG-170;s__CAG-170 sp900549635	Bacteria	Bacillota	Clostridia	Oscillospirales	Oscillospiraceae	CAG-170	CAG-170 sp900549635	89.34	8.67	2129260	238	12741	57.338042	2135	40.0	0.6153846154	0.03425915452	0.02013633	0.039537482	0.2590521	2.226845044	40.0	0.3258288715
C07_bin.69	ANI95_cluster_00175	C07_bin.69	True	d__Bacteria;p__Bacillota;c__Clostridia;o__Oscillospirales;f__Ruminococcaceae;g__Allofournierella_A;s__Allofournierella_A excrementavium	Bacteria	Bacillota	Clostridia	Oscillospirales	Ruminococcaceae	Allofournierella_A	Allofournierella_A excrementavium	86.56	1.9	2215164	416	7165	64.116020	2279	10.0	0.1538461538	0.006579658183	0.0	0.01408835475	0.23296387	0.4276777819	10.0	0.06428261108
C07_bin.7	ANI95_cluster_00222	D08_bin.21	False	d__Bacteria;p__Bacteroidota;c__Bacteroidia;o__Bacteroidales;f__Rikenellaceae;g__Alistipes;s__Alistipes putredinis	Bacteria	Bacteroidota	Bacteroidia	Bacteroidales	Rikenellaceae	Alistipes	Alistipes putredinis	98.61	0.98	2295122	28	148524	54.282474	2062	52.0	0.8	0.1476450296	0.09570866	0.1384408	1.2504703	9.596926922	52.0	0.4630182014
C07_bin.71	ANI95_cluster_00171	C06_bin.29	False	d__Bacteria;p__Bacillota;c__Clostridia;o__Oscillospirales;f__Oscillospiraceae;g__Vescimonas;s__Vescimonas coprocola	Bacteria	Bacillota	Clostridia	Oscillospirales	Oscillospiraceae	Vescimonas	Vescimonas coprocola	82.47	2.35	1704489	305	7373	61.212891	1763	37.0	0.5692307692	0.02497619988	0.0053458284	0.017030038	0.7434765	1.623452992	35.0	0.1681821091
C07_bin.75	ANI95_cluster_00176	C07_bin.75	True	d__Bacteria;p__Bacillota;c__Clostridia;o__Christensenellales;f__CAG-314;g__CAG-314;s__CAG-314 sp000437915	Bacteria	Bacillota	Clostridia	Christensenellales	CAG-314	CAG-314	CAG-314 sp000437915	93.95	0.81	1483827	15	190176	48.893436	1324	16.0	0.2461538462	0.01273313807	0.0	0.03032521	0.26165205	0.8276539743	16.0	0.1094247
C07_bin.77	ANI95_cluster_00415	H05_bin.43	False	d__Bacteria;p__Bacillota;c__Clostridia;o__Lachnospirales;f__Lachnospiraceae;g__Roseburia;s__Roseburia rectalis	Bacteria	Bacillota	Clostridia	Lachnospirales	Lachnospiraceae	Roseburia	Roseburia rectalis	96.82	1.33	2312393	150	23474	42.623897	2146	50.0	0.7692307692	0.02087430522	0.0139814215	0.0180870735	0.10499727	1.356829839	50.0	0.2228808254
C07_bin.80	ANI95_cluster_00371	G08_bin.86	False	d__Bacteria;p__Bacillota;c__Clostridia;o__Oscillospirales;f__Oscillospiraceae;g__JAZOXB01;s__JAZOXB01 sp040096185	Bacteria	Bacillota	Clostridia	Oscillospirales	Oscillospiraceae	JAZOXB01	JAZOXB01 sp040096185	82.33	1.01	1943430	121	28270	61.855431	1676	52.0	0.8	0.02770772506	0.015844174	0.0221692845	0.29006073	1.801002129	52.0	0.3175029252
C07_bin.83	ANI95_cluster_00061	B01_bin.9	False	d__Bacteria;p__Verrucomicrobiota;c__Verrucomicrobiia;o__Verrucomicrobiales;f__Akkermansiaceae;g__Akkermansia;s__Akkermansia muciniphila	Bacteria	Verrucomicrobiota	Verrucomicrobiia	Verrucomicrobiales	Akkermansiaceae	Akkermansia	Akkermansia muciniphila	97.96	0.0	2677756	24	178196	55.434961	2263	27.0	0.4153846154	0.03785568192	0.0	0.020246373	0.86691236	2.460619325	27.0	0.1637273534
C07_bin.84	ANI95_cluster_00296	F05_bin.48	False	d__Bacteria;p__Pseudomonadota;c__Gammaproteobacteria;o__Burkholderiales;f__Burkholderiaceae_F;g__Sutterella;s__Sutterella wadsworthensis	Bacteria	Pseudomonadota	Gammaproteobacteria	Burkholderiales	Burkholderiaceae_F	Sutterella	Sutterella wadsworthensis	98.84	0.0	2800461	99	44453	55.272614	2298	26.0	0.4	0.01834681043	0.0	0.0272259935	0.2634512	1.192542678	26.0	0.1387393103
C07_bin.89	ANI95_cluster_00177	C07_bin.89	True	d__Bacteria;p__Desulfobacterota;c__Desulfovibrionia;o__Desulfovibrionales;f__Desulfovibrionaceae;g__Bilophila;s__Bilophila wadsworthia	Bacteria	Desulfobacterota	Desulfovibrionia	Desulfovibrionales	Desulfovibrionaceae	Bilophila	Bilophila wadsworthia	99.62	0.0	3897926	383	14434	60.292089	3463	35.0	0.5384615385	0.009050818857	0.004880435	0.010579198	0.094912656	0.5883032257	35.0	0.1537479402
C07_bin.9	ANI95_cluster_00021	A04_bin.93	False	d__Bacteria;p__Bacillota;c__Clostridia;o__Oscillospirales;f__Ruminococcaceae;g__Gemmiger;s__Gemmiger qucibialis	Bacteria	Bacillota	Clostridia	Oscillospirales	Ruminococcaceae	Gemmiger	Gemmiger qucibialis	95.92	0.68	2651771	218	17111	56.102544	2255	52.0	0.8	0.03138963952	0.017027995	0.0188247745	0.4629581	2.040326569	52.0	0.2442719814
C07_bin.90	ANI95_cluster_00328	G01_bin.76	False	d__Bacteria;p__Pseudomonadota;c__Alphaproteobacteria;o__RF32;f__CAG-239;g__Scatacola_A;s__Scatacola_A faecigallinarum	Bacteria	Pseudomonadota	Alphaproteobacteria	RF32	CAG-239	Scatacola_A	Scatacola_A faecigallinarum	92.47	0.0	1723733	49	56197	49.190333	1736	13.0	0.2	0.02031614671	0.0	0.06699108	0.33917636	1.320549536	13.0	0.1026207027
C07_bin.94	ANI95_cluster_00424	H07_bin.23	False	d__Bacteria;p__Bacillota;c__Clostridia;o__Oscillospirales;f__Ruminococcaceae;g__Faecalibacterium;s__Faecalibacterium longum	Bacteria	Bacillota	Clostridia	Oscillospirales	Ruminococcaceae	Faecalibacterium	Faecalibacterium longum	95.71	1.87	2128704	72	46520	59.699986	1940	59.0	0.9076923077	0.03239455372	0.022922546	0.024682008	0.39982012	2.105645992	59.0	0.2923694969
C08_bin.11	ANI95_cluster_00328	G01_bin.76	False	d__Bacteria;p__Pseudomonadota;c__Alphaproteobacteria;o__RF32;f__CAG-239;g__Scatacola_A;s__Scatacola_A faecigallinarum	Bacteria	Pseudomonadota	Alphaproteobacteria	RF32	CAG-239	Scatacola_A	Scatacola_A faecigallinarum	93.55	0.0	1721910	42	58359	49.216335	1730	9.0	0.1384615385	0.08510311591	0.0	0.018061923	4.7122865	5.531702534	9.0	0.04499404277
C08_bin.14	ANI95_cluster_00178	C08_bin.14	True	d__Bacteria;p__Bacillota;c__Clostridia;o__Christensenellales;f__Borkfalkiaceae;g__Scatosoma;s__Scatosoma sp003150575	Bacteria	Bacillota	Clostridia	Christensenellales	Borkfalkiaceae	Scatosoma	Scatosoma sp003150575	94.35	0.16	2016077	187	15361	52.079360	1899	22.0	0.3384615385	0.02100920598	0.0	0.0170078135	0.38951966	1.365598389	21.0	0.1593110795
C08_bin.16	ANI95_cluster_00155	C05_bin.117	False	d__Bacteria;p__Bacillota;c__Clostridia;o__Lachnospirales;f__Lachnospiraceae;g__Gallintestinimicrobium;s__Gallintestinimicrobium propionicum	Bacteria	Bacillota	Clostridia	Lachnospirales	Lachnospiraceae	Gallintestinimicrobium	Gallintestinimicrobium propionicum	95.79	1.05	3004013	87	63490	48.331149	2705	44.0	0.6769230769	0.02461232364	0.013512877	0.0233911865	0.3084842	1.599801037	44.0	0.1825197722
C08_bin.17	ANI95_cluster_00118	B06_bin.86	False	d__Bacteria;p__Bacillota;c__Clostridia;o__Oscillospirales;f__Ruminococcaceae;g__Huintestinicola;s__Huintestinicola butyrica	Bacteria	Bacillota	Clostridia	Oscillospirales	Ruminococcaceae	Huintestinicola	Huintestinicola butyrica	97.99	0.06	2580687	70	55269	47.364442	2445	9.0	0.1384615385	0.02700660675	0.0	0.079430446	0.80619097	1.755429439	9.0	0.08197866538
C08_bin.18	ANI95_cluster_00275	E08_bin.65	False	d__Bacteria;p__Bacillota_I;c__Bacilli_A;o__RFN20;f__CAG-288;g__CAG-345;s__CAG-345 sp000433315	Bacteria	Bacillota_I	Bacilli_A	RFN20	CAG-288	CAG-345	CAG-345 sp000433315	97.19	0.0	1762800	153	23854	29.440379	1711	12.0	0.1846153846	0.02413858238	0.0	0.031821514	0.7435369	1.569007855	12.0	0.09274231532
C08_bin.19	ANI95_cluster_00139	C02_bin.32	False	d__Bacteria;p__Bacillota;c__Clostridia;o__Lachnospirales;f__Lachnospiraceae;g__Coprococcus_C;s__Coprococcus_C hominis	Bacteria	Bacillota	Clostridia	Lachnospirales	Lachnospiraceae	Coprococcus_C	Coprococcus_C hominis	97.99	0.0	2668604	25	130892	44.312045	2438	20.0	0.3076923077	0.01448607651	0.0	0.0245234275	0.22159354	0.941594973	20.0	0.1364166085
C08_bin.21	ANI95_cluster_00413	H05_bin.38	False	d__Bacteria;p__Bacteroidota;c__Bacteroidia;o__Bacteroidales;f__Tannerellaceae;g__Parabacteroides;s__Parabacteroides distasonis	Bacteria	Bacteroidota	Bacteroidia	Bacteroidales	Tannerellaceae	Parabacteroides	Parabacteroides distasonis	95.53	0.77	4443215	44	175955	44.964603	3683	47.0	0.7230769231	0.01859205509	0.010837684	0.014405233	0.2268658	1.208483581	47.0	0.2125832754
C08_bin.23	ANI95_cluster_00341	G04_bin.50	False	d__Bacteria;p__Bacillota;c__Clostridia;o__Lachnospirales;f__Lachnospiraceae;g__Butyribacter;s__Butyribacter sp003529475	Bacteria	Bacillota	Clostridia	Lachnospirales	Lachnospiraceae	Butyribacter	Butyribacter sp003529475	84.16	1.01	2889616	89	62015	42.105352	2592	33.0	0.5076923077	0.01673459909	0.004401895	0.014480884	0.43529955	1.087748941	33.0	0.1634540684
C08_bin.24	ANI95_cluster_00288	F03_bin.29	False	d__Bacteria;p__Bacteroidota;c__Bacteroidia;o__Bacteroidales;f__Bacteroidaceae;g__Bacteroides;s__Bacteroides cellulosilyticus	Bacteria	Bacteroidota	Bacteroidia	Bacteroidales	Bacteroidaceae	Bacteroides	Bacteroides cellulosilyticus	97.56	9.74	7389994	125	117748	42.518763	5671	37.0	0.5692307692	0.08119442982	0.018052049	0.06559072	1.3747914	5.277637938	37.0	0.2648796839
C08_bin.27	ANI95_cluster_00179	C08_bin.27	True	d__Bacteria;p__Bacillota;c__Clostridia;o__Oscillospirales;f__Oscillospiraceae;g__Vescimonas;s__Vescimonas sp900548615	Bacteria	Bacillota	Clostridia	Oscillospirales	Oscillospiraceae	Vescimonas	Vescimonas sp900548615	92.28	6.26	2745719	110	43769	58.407179	2682	13.0	0.2	0.02879595709	0.0	0.039455276	1.0375571	1.871737211	13.0	0.07664419777
C08_bin.28	ANI95_cluster_00180	C08_bin.28	True	d__Bacteria;p__Bacillota;c__Clostridia;o__Oscillospirales;f__Ruminococcaceae;g__Faecalibacterium;s__Faecalibacterium butyricigenerans	Bacteria	Bacillota	Clostridia	Oscillospirales	Ruminococcaceae	Faecalibacterium	Faecalibacterium butyricigenerans	93.75	2.72	1948442	108	24906	61.097328	1791	45.0	0.6923076923	0.05024173939	0.014353754	0.026959214	1.039905	3.265713061	45.0	0.2604233838
C08_bin.30	ANI95_cluster_00285	F03_bin.1	False	d__Bacteria;p__Bacillota;c__Clostridia;o__Lachnospirales;f__Lachnospiraceae;g__Acetatifactor;s__Acetatifactor acetigignens	Bacteria	Bacillota	Clostridia	Lachnospirales	Lachnospiraceae	Acetatifactor	Acetatifactor acetigignens	99.52	2.9	3375950	78	68634	46.623054	3036	47.0	0.7230769231	0.03078983326	0.007465242	0.012664092	0.6664334	2.001339162	47.0	0.2278540095
C08_bin.32	ANI95_cluster_00228	D08_bin.51	False	d__Bacteria;p__Pseudomonadota;c__Alphaproteobacteria;o__RF32;f__CAG-239;g__JAFUYI01;s__JAFUYI01 sp001917175	Bacteria	Pseudomonadota	Alphaproteobacteria	RF32	CAG-239	JAFUYI01	JAFUYI01 sp001917175	97.75	0.0	1783362	40	60026	51.357324	1653	11.0	0.1692307692	0.02250362743	0.0	0.02444835	0.59780544	1.462735783	11.0	0.07880272363
C08_bin.33	ANI95_cluster_00053	A09_bin.36	False	d__Bacteria;p__Bacillota;c__Clostridia;o__Oscillospirales;f__Oscillospiraceae;g__Oscillibacter;s__Oscillibacter segnis	Bacteria	Bacillota	Clostridia	Oscillospirales	Oscillospiraceae	Oscillibacter	Oscillibacter segnis	96.31	4.96	2871119	254	18458	56.773509	2891	52.0	0.8	0.05380906363	0.04001888	0.046661025	0.3349914	3.497589136	52.0	0.2833445411
C08_bin.34	ANI95_cluster_00181	C08_bin.34	True	d__Bacteria;p__Bacillota;c__Clostridia;o__Christensenellales;f__Borkfalkiaceae;g__Borkfalkia;s__Borkfalkia faecavium	Bacteria	Bacillota	Clostridia	Christensenellales	Borkfalkiaceae	Borkfalkia	Borkfalkia faecavium	80.71	1.17	1502999	368	4705	59.958390	1470	2.0	0.03076923077	0.005863673538	0.0	0.19056939	0.2467679	0.38113878	2.0	0.02848153692
C08_bin.38	ANI95_cluster_00406	H04_bin.57	False	d__Bacteria;p__Bacillota;c__Clostridia;o__Oscillospirales;f__Ruminococcaceae;g__Gemmiger;s__Gemmiger formicilis	Bacteria	Bacillota	Clostridia	Oscillospirales	Ruminococcaceae	Gemmiger	Gemmiger formicilis	90.51	7.02	2504238	305	11848	60.343506	2308	50.0	0.7692307692	0.01894849072	0.012310124	0.0154619045	0.193056	1.231651897	50.0	0.1958865671
C08_bin.40	ANI95_cluster_00128	B08_bin.66	False	d__Bacteria;p__Bacteroidota;c__Bacteroidia;o__Bacteroidales;f__Rikenellaceae;g__Alistipes;s__Alistipes communis	Bacteria	Bacteroidota	Bacteroidia	Bacteroidales	Rikenellaceae	Alistipes	Alistipes communis	100.0	1.12	3012682	76	68542	59.527159	2444	41.0	0.6307692308	0.02925045084	0.013037675	0.02900782	0.23724605	1.901279304	41.0	0.2463945098
C08_bin.42	ANI95_cluster_00044	A07_bin.65	False	d__Bacteria;p__Bacteroidota;c__Bacteroidia;o__Bacteroidales;f__Barnesiellaceae;g__Barnesiella;s__Barnesiella intestinihominis	Bacteria	Bacteroidota	Bacteroidia	Bacteroidales	Barnesiellaceae	Barnesiella	Barnesiella intestinihominis	99.62	0.38	3150370	29	209393	43.495050	2662	44.0	0.6769230769	0.07898820091	0.032638416	0.065947905	0.73226833	5.134233059	44.0	0.3005484774
C08_bin.48	ANI95_cluster_00182	C08_bin.48	True	d__Bacteria;p__Bacillota;c__Clostridia;o__Lachnospirales;f__Lachnospiraceae;g__COE1;s__COE1 sp001916965	Bacteria	Bacillota	Clostridia	Lachnospirales	Lachnospiraceae	COE1	COE1 sp001916965	89.62	1.77	3020355	169	27483	41.988839	2780	14.0	0.2153846154	0.01339708196	0.0	0.0274994355	0.3190518	0.8708103275	14.0	0.1017085082
C08_bin.49	ANI95_cluster_00018	A03_bin.68	False	d__Bacteria;p__Bacillota;c__Clostridia;o__Lachnospirales;f__Lachnospiraceae;g__Roseburia;s__Roseburia hominis	Bacteria	Bacillota	Clostridia	Lachnospirales	Lachnospiraceae	Roseburia	Roseburia hominis	96.78	0.97	2959679	58	77796	49.551826	2665	36.0	0.5538461538	0.01900173363	0.004554188	0.010336703	0.26896343	1.235112686	36.0	0.1615430865
C08_bin.50	ANI95_cluster_00296	F05_bin.48	False	d__Bacteria;p__Pseudomonadota;c__Gammaproteobacteria;o__Burkholderiales;f__Burkholderiaceae_F;g__Sutterella;s__Sutterella wadsworthensis	Bacteria	Pseudomonadota	Gammaproteobacteria	Burkholderiales	Burkholderiaceae_F	Sutterella	Sutterella wadsworthensis	85.71	0.0	2637781	40	94638	55.528946	2213	27.0	0.4153846154	0.02110546716	0.0	0.01844314	0.30871835	1.371855365	27.0	0.1305203363
C08_bin.52	ANI95_cluster_00183	C08_bin.52	True	d__Bacteria;p__Bacillota;c__Clostridia;o__Oscillospirales;f__Ruminococcaceae;g__Faecalibacterium;s__Faecalibacterium intestinale	Bacteria	Bacillota	Clostridia	Oscillospirales	Ruminococcaceae	Faecalibacterium	Faecalibacterium intestinale	82.16	2.04	1884734	86	34166	58.845970	1698	50.0	0.7692307692	0.1180466819	0.034325786	0.053096732	1.522969	7.673034324	50.0	0.415190776
C08_bin.60	ANI95_cluster_00283	F02_bin.66	False	d__Bacteria;p__Bacteroidota;c__Bacteroidia;o__Bacteroidales;f__Rikenellaceae;g__Tidjanibacter;s__Tidjanibacter inops	Bacteria	Bacteroidota	Bacteroidia	Bacteroidales	Rikenellaceae	Tidjanibacter	Tidjanibacter inops	96.63	0.19	2159857	87	33839	56.919231	1884	31.0	0.4769230769	0.02758422557	0.0	0.027972983	0.40265685	1.792974662	31.0	0.2200781459
C08_bin.61	ANI95_cluster_00415	H05_bin.43	False	d__Bacteria;p__Bacillota;c__Clostridia;o__Lachnospirales;f__Lachnospiraceae;g__Roseburia;s__Roseburia rectalis	Bacteria	Bacillota	Clostridia	Lachnospirales	Lachnospiraceae	Roseburia	Roseburia rectalis	87.11	2.05	2204350	358	7686	42.856897	2228	48.0	0.7384615385	0.01798294064	0.011605486	0.0165046065	0.09584656	1.168891142	48.0	0.2091089895
C08_bin.63	ANI95_cluster_00302	F06_bin.75	False	d__Bacteria;p__Bacillota;c__Clostridia;o__Oscillospirales;f__Oscillospiraceae;g__Hominicoprocola;s__Hominicoprocola fusiformis	Bacteria	Bacillota	Clostridia	Oscillospirales	Oscillospiraceae	Hominicoprocola	Hominicoprocola fusiformis	86.24	0.0	1956374	57	50807	58.904023	1876	46.0	0.7076923077	0.03964090621	0.013542263	0.0189224975	1.0694491	2.576658904	46.0	0.2242826002
C08_bin.64	ANI95_cluster_00222	D08_bin.21	False	d__Bacteria;p__Bacteroidota;c__Bacteroidia;o__Bacteroidales;f__Rikenellaceae;g__Alistipes;s__Alistipes putredinis	Bacteria	Bacteroidota	Bacteroidia	Bacteroidales	Rikenellaceae	Alistipes	Alistipes putredinis	96.55	5.17	2192444	40	104907	54.836794	1916	51.0	0.7846153846	0.116612886	0.108989455	0.13720569	0.6006481	7.579837587	51.0	0.4767377409
C08_bin.66	ANI95_cluster_00309	F07_bin.42	False	d__Bacteria;p__Bacillota;c__Clostridia;o__Lachnospirales;f__Lachnospiraceae;g__Lachnospira;s__Lachnospira eligens_A	Bacteria	Bacillota	Clostridia	Lachnospirales	Lachnospiraceae	Lachnospira	Lachnospira eligens_A	97.99	1.34	2769805	32	110178	37.722331	2564	35.0	0.5384615385	0.02451583578	0.0058856905	0.014645016	0.7750144	1.593529326	35.0	0.1694732529
C08_bin.67	ANI95_cluster_00034	A06_bin.107	False	d__Bacteria;p__Bacteroidota;c__Bacteroidia;o__Bacteroidales;f__Marinifilaceae;g__Odoribacter;s__Odoribacter splanchnicus	Bacteria	Bacteroidota	Bacteroidia	Bacteroidales	Marinifilaceae	Odoribacter	Odoribacter splanchnicus	96.24	0.0	3752058	83	66831	43.411083	3118	51.0	0.7846153846	0.01202314858	0.011263446	0.012653969	0.060735215	0.7815046576	51.0	0.2253627582
C08_bin.68	ANI95_cluster_00184	C08_bin.68	True	d__Bacteria;p__Bacteroidota;c__Bacteroidia;o__Bacteroidales;f__Bacteroidaceae;g__Paraprevotella;s__Paraprevotella clara	Bacteria	Bacteroidota	Bacteroidia	Bacteroidales	Bacteroidaceae	Paraprevotella	Paraprevotella clara	99.26	0.0	3786591	35	278296	48.456778	2994	12.0	0.1846153846	0.0215791868	0.0	0.08146445	0.53782165	1.402647142	12.0	0.1054265303
C08_bin.7	ANI95_cluster_00263	E06_bin.63	False	d__Bacteria;p__Bacillota;c__Clostridia;o__Lachnospirales;f__Lachnospiraceae;g__Eubacterium_F;s__Eubacterium_F sp003491505	Bacteria	Bacillota	Clostridia	Lachnospirales	Lachnospiraceae	Eubacterium_F	Eubacterium_F sp003491505	90.39	0.0	2211357	117	26956	41.265748	2058	38.0	0.5846153846	0.01266893658	0.0054964186	0.01006920125	0.19816521	0.8234808774	38.0	0.1534271964
C08_bin.71	ANI95_cluster_00304	F07_bin.105	False	d__Bacteria;p__Bacillota;c__Clostridia;o__Oscillospirales;f__Oscillospiraceae;g__F23-B02;s__F23-B02 sp001916715	Bacteria	Bacillota	Clostridia	Oscillospirales	Oscillospiraceae	F23-B02	F23-B02 sp001916715	85.7	1.7	1831993	227	10665	53.755937	1874	10.0	0.1538461538	0.01128629156	0.0	0.012149873	0.24305372	0.7336089516	10.0	0.05840971215
C08_bin.74	ANI95_cluster_00177	C07_bin.89	False	d__Bacteria;p__Desulfobacterota;c__Desulfovibrionia;o__Desulfovibrionales;f__Desulfovibrionaceae;g__Bilophila;s__Bilophila wadsworthia	Bacteria	Desulfobacterota	Desulfovibrionia	Desulfovibrionales	Desulfovibrionaceae	Bilophila	Bilophila wadsworthia	95.27	0.0	3891070	529	10285	60.147569	3568	36.0	0.5538461538	0.007997721637	0.003740875	0.0097041885	0.058005385	0.5198519064	36.0	0.1579733742
C08_bin.77	ANI95_cluster_00185	C08_bin.77	True	d__Bacteria;p__Bacteroidota;c__Bacteroidia;o__Bacteroidales;f__Bacteroidaceae;g__Phocaeicola;s__Phocaeicola plebeius_A	Bacteria	Bacteroidota	Bacteroidia	Bacteroidales	Bacteroidaceae	Phocaeicola	Phocaeicola plebeius_A	87.63	3.37	3031129	93	82736	45.548177	2542	6.0	0.09230769231	0.03420881628	0.0	0.125325942	1.1731414	2.223573058	6.0	0.04571524369
C08_bin.8	ANI95_cluster_00361	G07_bin.85	False	d__Bacteria;p__Bacillota;c__Clostridia;o__Christensenellales;f__Aristaeellaceae;g__UBA11524;s__UBA11524 sp000437595	Bacteria	Bacillota	Clostridia	Christensenellales	Aristaeellaceae	UBA11524	UBA11524 sp000437595	98.6	0.93	2913700	212	20720	58.330645	2536	30.0	0.4615384615	0.01996421971	0.0	0.0170317555	0.43284962	1.297674281	30.0	0.1154933793
C08_bin.81	ANI95_cluster_00242	E02_bin.20	False	d__Bacteria;p__Bacillota;c__Clostridia;o__Oscillospirales;f__Acutalibacteraceae;g__Ruminococcoides;s__Ruminococcoides intestinale_A	Bacteria	Bacillota	Clostridia	Oscillospirales	Acutalibacteraceae	Ruminococcoides	Ruminococcoides intestinale_A	97.99	1.23	1951960	106	28775	39.116427	1900	4.0	0.06153846154	0.01423427385	0.0	0.236499525	0.33470726	0.9252278	4.0	0.04295751723
C08_bin.82	ANI95_cluster_00105	B06_bin.108	False	d__Bacteria;p__Bacillota;c__Clostridia;o__Lachnospirales;f__Lachnospiraceae;g__Coprococcus;s__Coprococcus eutactus	Bacteria	Bacillota	Clostridia	Lachnospirales	Lachnospiraceae	Coprococcus	Coprococcus eutactus	89.88	1.16	2582022	189	20778	43.570504	2345	9.0	0.1384615385	0.009231080008	0.0	0.058436822	0.2408128	0.6000202005	9.0	0.0781505996
C08_bin.86	ANI95_cluster_00186	C08_bin.86	True	d__Bacteria;p__Bacillota;c__Negativicutes;o__Acidaminococcales;f__Acidaminococcaceae;g__Phascolarctobacterium;s__Phascolarctobacterium faecium	Bacteria	Bacillota	Negativicutes	Acidaminococcales	Acidaminococcaceae	Phascolarctobacterium	Phascolarctobacterium faecium	99.38	1.5	2142108	22	153557	44.184467	1995	15.0	0.2307692308	0.03743535317	0.0	0.06103626	1.3019843	2.433297956	15.0	0.1385898178
C08_bin.87	ANI95_cluster_00187	C08_bin.87	True	d__Bacteria;p__Bacillota;c__Clostridia;o__Oscillospirales;f__Ruminococcaceae;g__Ruminiclostridium_E;s__Ruminiclostridium_E sp003512525	Bacteria	Bacillota	Clostridia	Oscillospirales	Ruminococcaceae	Ruminiclostridium_E	Ruminiclostridium_E sp003512525	98.32	0.0	2546389	58	59629	44.894672	2221	2.0	0.03076923077	0.01529803323	0.0	0.49718608	0.8534496	0.99437216	2.0	0.02868848615
D01_bin.11	ANI95_cluster_00188	D01_bin.11	True	d__Bacteria;p__Bacillota;c__Clostridia;o__Christensenellales;f__Aristaeellaceae;g__Ventricola;s__Ventricola sp900542445	Bacteria	Bacillota	Clostridia	Christensenellales	Aristaeellaceae	Ventricola	Ventricola sp900542445	89.97	1.17	2608532	407	8774	57.749723	2640	43.0	0.6615384615	0.03757198217	0.017402168	0.028958319	0.33242574	2.442178841	43.0	0.3744558528
D01_bin.12	ANI95_cluster_00355	G06_bin.24	False	d__Bacteria;p__Bacillota;c__Clostridia;o__Oscillospirales;f__Oscillospiraceae;g__CAG-170;s__CAG-170 sp000432135	Bacteria	Bacillota	Clostridia	Oscillospirales	Oscillospiraceae	CAG-170	CAG-170 sp000432135	85.76	7.04	2652751	461	7183	58.694879	2707	39.0	0.6	0.02300954861	0.009717603	0.019055637	0.1549826	1.49562066	39.0	0.2122663426
D01_bin.16	ANI95_cluster_00217	D07_bin.25	False	d__Bacteria;p__Actinomycetota;c__Coriobacteriia;o__Coriobacteriales;f__Eggerthellaceae;g__Adlercreutzia;s__Adlercreutzia rubneri	Bacteria	Actinomycetota	Coriobacteriia	Coriobacteriales	Eggerthellaceae	Adlercreutzia	Adlercreutzia rubneri	95.16	0.81	2638544	69	58277	63.373512	2236	39.0	0.6	0.01756696404	0.0059515736	0.012762695	0.2556823	1.141852663	39.0	0.1824216238
D01_bin.20	ANI95_cluster_00250	E04_bin.14	False	d__Bacteria;p__Bacillota;c__Clostridia;o__Oscillospirales;f__Acutalibacteraceae;g__CAG-177;s__CAG-177 sp003538135	Bacteria	Bacillota	Clostridia	Oscillospirales	Acutalibacteraceae	CAG-177	CAG-177 sp003538135	92.56	0.67	1966865	166	17736	52.615457	1907	3.0	0.04615384615	0.006196377538	0.0	0.05663014	0.32113346	0.40276454	3.0	0.02660482138
D01_bin.21	ANI95_cluster_00415	H05_bin.43	False	d__Bacteria;p__Bacillota;c__Clostridia;o__Lachnospirales;f__Lachnospiraceae;g__Roseburia;s__Roseburia rectalis	Bacteria	Bacillota	Clostridia	Lachnospirales	Lachnospiraceae	Roseburia	Roseburia rectalis	95.07	0.0	2436334	78	49457	41.802766	2273	50.0	0.7692307692	0.03666508751	0.013980447	0.01760774	0.69814306	2.383230688	50.0	0.2116638675
D01_bin.23	ANI95_cluster_00189	D01_bin.23	True	d__Bacteria;p__Bacillota;c__Clostridia;o__Lachnospirales;f__Lachnospiraceae;g__Anaerostipes;s__Anaerostipes hadrus	Bacteria	Bacillota	Clostridia	Lachnospirales	Lachnospiraceae	Anaerostipes	Anaerostipes hadrus	97.52	2.01	2432592	113	29099	37.426005	2369	59.0	0.9076923077	0.0425160991	0.015705327	0.016478198	0.5054384	2.763546442	59.0	0.3499224181
D01_bin.24	ANI95_cluster_00061	B01_bin.9	False	d__Bacteria;p__Verrucomicrobiota;c__Verrucomicrobiia;o__Verrucomicrobiales;f__Akkermansiaceae;g__Akkermansia;s__Akkermansia muciniphila	Bacteria	Verrucomicrobiota	Verrucomicrobiia	Verrucomicrobiales	Akkermansiaceae	Akkermansia	Akkermansia muciniphila	97.96	0.0	2800510	26	191815	55.475860	2363	26.0	0.4	0.04107859741	0.0	0.0296754485	1.0243907	2.670108831	26.0	0.1548252294
D01_bin.25	ANI95_cluster_00283	F02_bin.66	False	d__Bacteria;p__Bacteroidota;c__Bacteroidia;o__Bacteroidales;f__Rikenellaceae;g__Tidjanibacter;s__Tidjanibacter inops	Bacteria	Bacteroidota	Bacteroidia	Bacteroidales	Rikenellaceae	Tidjanibacter	Tidjanibacter inops	96.63	0.0	2171788	27	172651	56.711521	1842	29.0	0.4461538462	0.03233602432	0.0	0.031359807	0.5903887	2.101841581	29.0	0.214309924
D01_bin.28	ANI95_cluster_00190	D01_bin.28	True	d__Bacteria;p__Bacteroidota;c__Bacteroidia;o__Bacteroidales;f__Bacteroidaceae;g__Bacteroides;s__Bacteroides faecis	Bacteria	Bacteroidota	Bacteroidia	Bacteroidales	Bacteroidaceae	Bacteroides	Bacteroides faecis	94.73	2.04	5255509	108	75467	42.612790	4130	8.0	0.1230769231	0.03646111355	0.0	0.32738745	0.48265296	2.369972381	8.0	0.1073176154
D01_bin.34	ANI95_cluster_00021	A04_bin.93	False	d__Bacteria;p__Bacillota;c__Clostridia;o__Oscillospirales;f__Ruminococcaceae;g__Gemmiger;s__Gemmiger qucibialis	Bacteria	Bacillota	Clostridia	Oscillospirales	Ruminococcaceae	Gemmiger	Gemmiger qucibialis	96.6	0.95	2420901	234	14355	56.451668	2111	48.0	0.7384615385	0.01857937795	0.011098364	0.015971406	0.3852934	1.207659567	47.0	0.2116402047
D01_bin.36	ANI95_cluster_00191	D01_bin.36	True	d__Bacteria;p__Bacillota;c__Clostridia;o__Oscillospirales;f__Butyricicoccaceae;g__Agathobaculum;s__Agathobaculum butyriciproducens	Bacteria	Bacillota	Clostridia	Oscillospirales	Butyricicoccaceae	Agathobaculum	Agathobaculum butyriciproducens	92.45	0.11	2092700	128	25615	55.799159	1954	53.0	0.8153846154	0.01923557126	0.011502403	0.013159252	0.30727327	1.250312132	53.0	0.2309838391
D01_bin.38	ANI95_cluster_00155	C05_bin.117	False	d__Bacteria;p__Bacillota;c__Clostridia;o__Lachnospirales;f__Lachnospiraceae;g__Gallintestinimicrobium;s__Gallintestinimicrobium propionicum	Bacteria	Bacillota	Clostridia	Lachnospirales	Lachnospiraceae	Gallintestinimicrobium	Gallintestinimicrobium propionicum	96.67	0.77	2858549	72	77770	48.380944	2536	44.0	0.6769230769	0.02331534744	0.008801433	0.016666154	0.29991066	1.515497584	45.0	0.2116251387
D01_bin.40	ANI95_cluster_00173	C07_bin.25	False	d__Bacteria;p__Bacillota;c__Clostridia;o__Lachnospirales;f__Lachnospiraceae;g__Anaerobutyricum;s__Anaerobutyricum hallii	Bacteria	Bacillota	Clostridia	Lachnospirales	Lachnospiraceae	Anaerobutyricum	Anaerobutyricum hallii	99.33	6.26	3897266	233	38197	37.778355	3672	61.0	0.9384615385	0.03657646642	0.025298038	0.025717972	0.43807068	2.377470317	61.0	0.33704803
D01_bin.44	ANI95_cluster_00290	F03_bin.40	False	d__Bacteria;p__Bacillota;c__Clostridia;o__Lachnospirales;f__Lachnospiraceae;g__Blautia_A;s__Blautia_A wexlerae	Bacteria	Bacillota	Clostridia	Lachnospirales	Lachnospiraceae	Blautia_A	Blautia_A wexlerae	82.23	1.1	2964808	276	16906	41.664722	2758	61.0	0.9384615385	0.0406099016	0.025883734	0.027217206	0.28489363	2.639643604	61.0	0.4021203874
D01_bin.46	ANI95_cluster_00361	G07_bin.85	False	d__Bacteria;p__Bacillota;c__Clostridia;o__Christensenellales;f__Aristaeellaceae;g__UBA11524;s__UBA11524 sp000437595	Bacteria	Bacillota	Clostridia	Christensenellales	Aristaeellaceae	UBA11524	UBA11524 sp000437595	97.9	5.01	3004507	87	49009	58.208485	2504	29.0	0.4461538462	0.03146582994	0.0	0.021494877	0.7387702	2.045278946	29.0	0.1265209341
D01_bin.47	ANI95_cluster_00195	D02_bin.11	False	d__Bacteria;p__Bacteroidota;c__Bacteroidia;o__Bacteroidales;f__Bacteroidaceae;g__Phocaeicola;s__Phocaeicola vulgatus	Bacteria	Bacteroidota	Bacteroidia	Bacteroidales	Bacteroidaceae	Phocaeicola	Phocaeicola vulgatus	98.5	2.26	4708957	85	107943	42.054536	3890	63.0	0.9692307692	0.2830684746	0.19795333	0.2005557	1.9874955	18.39945085	63.0	0.6367022857
D01_bin.53	ANI95_cluster_00419	H06_bin.61	False	d__Bacteria;p__Bacillota;c__Clostridia;o__Lachnospirales;f__Lachnospiraceae;g__Fusicatenibacter;s__Fusicatenibacter saccharivorans	Bacteria	Bacillota	Clostridia	Lachnospirales	Lachnospiraceae	Fusicatenibacter	Fusicatenibacter saccharivorans	91.35	3.45	2748009	44	105204	48.079537	2443	60.0	0.9230769231	0.0284648911	0.013979453	0.016623135	0.30880582	1.850217922	60.0	0.3284539963
D01_bin.57	ANI95_cluster_00302	F06_bin.75	False	d__Bacteria;p__Bacillota;c__Clostridia;o__Oscillospirales;f__Oscillospiraceae;g__Hominicoprocola;s__Hominicoprocola fusiformis	Bacteria	Bacillota	Clostridia	Oscillospirales	Oscillospiraceae	Hominicoprocola	Hominicoprocola fusiformis	95.3	0.55	2066188	55	55058	58.808540	1969	48.0	0.7384615385	0.02919169297	0.011049925	0.0138700625	0.35553455	1.897460043	48.0	0.240927403
D01_bin.60	ANI95_cluster_00358	G07_bin.107	False	d__Bacteria;p__Bacillota;c__Clostridia;o__Lachnospirales;f__Lachnospiraceae;g__Roseburia;s__Roseburia faecis	Bacteria	Bacillota	Clostridia	Lachnospirales	Lachnospiraceae	Roseburia	Roseburia faecis	87.62	2.17	2713225	50	105618	43.648057	2590	41.0	0.6307692308	0.06040521166	0.023389688	0.03917976	2.0647542	3.926338758	41.0	0.2405542764
D01_bin.63	ANI95_cluster_00192	D01_bin.63	True	d__Bacteria;p__Desulfobacterota;c__Desulfovibrionia;o__Desulfovibrionales;f__Desulfovibrionaceae;g__Desulfovibrio;s__Desulfovibrio sp900319575	Bacteria	Desulfobacterota	Desulfovibrionia	Desulfovibrionales	Desulfovibrionaceae	Desulfovibrio	Desulfovibrio sp900319575	86.17	1.48	1904056	442	5158	59.452243	1949	2.0	0.03076923077	0.012732792	0.0	0.41381574	0.54616416	0.82763148	2.0	0.02949422769
D01_bin.64	ANI95_cluster_00193	D01_bin.64	True	d__Bacteria;p__Bacteroidota;c__Bacteroidia;o__Bacteroidales;f__Bacteroidaceae;g__Bacteroides;s__Bacteroides uniformis	Bacteria	Bacteroidota	Bacteroidia	Bacteroidales	Bacteroidaceae	Bacteroides	Bacteroides uniformis	98.88	0.0	4583710	32	232984	46.341697	3790	63.0	0.9692307692	0.1572033085	0.107158765	0.10831654	1.4570924	10.21821505	63.0	0.5103815143
D01_bin.65	ANI95_cluster_00424	H07_bin.23	False	d__Bacteria;p__Bacillota;c__Clostridia;o__Oscillospirales;f__Ruminococcaceae;g__Faecalibacterium;s__Faecalibacterium longum	Bacteria	Bacillota	Clostridia	Oscillospirales	Ruminococcaceae	Faecalibacterium	Faecalibacterium longum	95.42	2.61	2069385	170	16881	59.939741	1959	55.0	0.8461538462	0.03591562059	0.021101372	0.023107916	0.48353562	2.334515339	55.0	0.2969431786
D01_bin.66	ANI95_cluster_00143	C03_bin.49	False	d__Bacteria;p__Actinomycetota;c__Actinomycetes;o__Actinomycetales;f__Bifidobacteriaceae;g__Bifidobacterium;s__Bifidobacterium longum	Bacteria	Actinomycetota	Actinomycetes	Actinomycetales	Bifidobacteriaceae	Bifidobacterium	Bifidobacterium longum	94.59	1.11	2113536	85	43475	60.141393	1807	54.0	0.8307692308	0.02485157947	0.015515418	0.018532127	0.18888691	1.615352665	54.0	0.3116501228
D01_bin.67	ANI95_cluster_00194	D01_bin.67	True	d__Bacteria;p__Actinomycetota;c__Coriobacteriia;o__Coriobacteriales;f__Coriobacteriaceae;g__Collinsella;s__Collinsella sp905215825	Bacteria	Actinomycetota	Coriobacteriia	Coriobacteriales	Coriobacteriaceae	Collinsella	Collinsella sp905215825	100.0	0.81	2107207	50	61827	60.063867	1822	38.0	0.5846153846	0.02609063756	0.009277034	0.018062707	0.7717566	1.695891441	38.0	0.1282221802
D01_bin.68	ANI95_cluster_00049	A08_bin.2	False	d__Bacteria;p__Actinomycetota;c__Coriobacteriia;o__Coriobacteriales;f__Eggerthellaceae;g__Anaerotardibacter;s__Anaerotardibacter sp000436075	Bacteria	Actinomycetota	Coriobacteriia	Coriobacteriales	Eggerthellaceae	Anaerotardibacter	Anaerotardibacter sp000436075	80.65	0.81	1538018	16	125173	53.480518	1329	27.0	0.4153846154	0.03639110451	0.0	0.036492284	0.5783213	2.365421793	27.0	0.2129844128
D01_bin.71	ANI95_cluster_00019	A04_bin.71	False	d__Bacteria;p__Bacteroidota;c__Bacteroidia;o__Bacteroidales;f__Rikenellaceae;g__Alistipes_A;s__Alistipes_A ihumii	Bacteria	Bacteroidota	Bacteroidia	Bacteroidales	Rikenellaceae	Alistipes_A	Alistipes_A ihumii	92.7	2.4	2308422	412	7106	59.105441	2151	25.0	0.3846153846	0.01288063186	0.0	0.019071382	0.12068621	0.837241071	25.0	0.1547218769
D01_bin.76	ANI95_cluster_00085	B04_bin.33	False	d__Bacteria;p__Bacillota;c__Clostridia;o__UBA1381;f__UBA1381;g__Hominilimicola;s__Hominilimicola fabiformis	Bacteria	Bacillota	Clostridia	UBA1381	UBA1381	Hominilimicola	Hominilimicola fabiformis	97.15	1.68	2403669	164	23714	38.407534	2280	45.0	0.6923076923	0.01602125003	0.0069834427	0.013105047	0.21712787	1.041381252	45.0	0.2232509502
D01_bin.78	ANI95_cluster_00346	G05_bin.13	False	d__Bacteria;p__Bacillota;c__Clostridia;o__Oscillospirales;f__Acutalibacteraceae;g__Ruminococcoides;s__Ruminococcoides intestinale	Bacteria	Bacillota	Clostridia	Oscillospirales	Acutalibacteraceae	Ruminococcoides	Ruminococcoides intestinale	99.33	1.01	2080171	24	210052	41.062201	1947	41.0	0.6307692308	0.06960375509	0.015434817	0.04326902	1.554669	4.524244081	41.0	0.2544912007
D02_bin.11	ANI95_cluster_00195	D02_bin.11	True	d__Bacteria;p__Bacteroidota;c__Bacteroidia;o__Bacteroidales;f__Bacteroidaceae;g__Phocaeicola;s__Phocaeicola vulgatus	Bacteria	Bacteroidota	Bacteroidia	Bacteroidales	Bacteroidaceae	Phocaeicola	Phocaeicola vulgatus	98.87	0.38	4397902	76	94363	42.144254	3564	63.0	0.9692307692	0.2745953508	0.16152617	0.17726378	1.8296454	17.8486978	63.0	0.6486531342
D02_bin.20	ANI95_cluster_00155	C05_bin.117	False	d__Bacteria;p__Bacillota;c__Clostridia;o__Lachnospirales;f__Lachnospiraceae;g__Gallintestinimicrobium;s__Gallintestinimicrobium propionicum	Bacteria	Bacillota	Clostridia	Lachnospirales	Lachnospiraceae	Gallintestinimicrobium	Gallintestinimicrobium propionicum	82.92	2.78	2258210	423	6538	49.723985	2245	45.0	0.6923076923	0.01877004713	0.007994417	0.0139065655	0.19290662	1.220053064	43.0	0.1984909836
D02_bin.21	ANI95_cluster_00222	D08_bin.21	False	d__Bacteria;p__Bacteroidota;c__Bacteroidia;o__Bacteroidales;f__Rikenellaceae;g__Alistipes;s__Alistipes putredinis	Bacteria	Bacteroidota	Bacteroidia	Bacteroidales	Rikenellaceae	Alistipes	Alistipes putredinis	98.8	4.35	2257997	91	41261	54.983465	2014	52.0	0.8	0.06499033373	0.05814659	0.0736324775	0.248103	4.224371693	52.0	0.307763036
D02_bin.28	ANI95_cluster_00196	D02_bin.28	True	d__Bacteria;p__Bacillota;c__Clostridia;o__Lachnospirales;f__Lachnospiraceae;g__Limivivens;s__Limivivens faecihominis	Bacteria	Bacillota	Clostridia	Lachnospirales	Lachnospiraceae	Limivivens	Limivivens faecihominis	85.87	1.48	2770257	279	15682	50.448568	2561	60.0	0.9230769231	0.04435826713	0.028927272	0.030133336	0.34679398	2.883287363	59.0	0.5161453631
D02_bin.3	ANI95_cluster_00424	H07_bin.23	False	d__Bacteria;p__Bacillota;c__Clostridia;o__Oscillospirales;f__Ruminococcaceae;g__Faecalibacterium;s__Faecalibacterium longum	Bacteria	Bacillota	Clostridia	Oscillospirales	Ruminococcaceae	Faecalibacterium	Faecalibacterium longum	82.23	1.79	1939643	65	49152	59.843280	1754	55.0	0.8461538462	0.04341346662	0.020798406	0.022467839	0.8944595	2.82187533	55.0	0.2949730929
D02_bin.33	ANI95_cluster_00193	D01_bin.64	False	d__Bacteria;p__Bacteroidota;c__Bacteroidia;o__Bacteroidales;f__Bacteroidaceae;g__Bacteroides;s__Bacteroides uniformis	Bacteria	Bacteroidota	Bacteroidia	Bacteroidales	Bacteroidaceae	Bacteroides	Bacteroides uniformis	93.3	0.28	3642581	299	19531	47.804922	3127	62.0	0.9538461538	0.1497884428	0.08748519	0.09533217	1.3063753	9.736248782	62.0	0.6358848211
D02_bin.37	ANI95_cluster_00231	D08_bin.97	False	d__Bacteria;p__Bacteroidota;c__Bacteroidia;o__Bacteroidales;f__Tannerellaceae;g__Parabacteroides;s__Parabacteroides merdae	Bacteria	Bacteroidota	Bacteroidia	Bacteroidales	Tannerellaceae	Parabacteroides	Parabacteroides merdae	94.5	0.38	3815343	77	68698	45.825290	3177	42.0	0.6461538462	0.02783082162	0.019727461	0.03278384	0.2752935	1.809003405	42.0	0.2632675092
D02_bin.38	ANI95_cluster_00281	F02_bin.63	False	d__Bacteria;p__Actinomycetota;c__Actinomycetes;o__Actinomycetales;f__Bifidobacteriaceae;g__Bifidobacterium;s__Bifidobacterium bifidum	Bacteria	Actinomycetota	Actinomycetes	Actinomycetales	Bifidobacteriaceae	Bifidobacterium	Bifidobacterium bifidum	88.36	0.58	1889980	28	98464	62.948973	1565	19.0	0.2923076923	0.03247780502	0.0	0.023297006	1.4816582	2.111057327	19.0	0.1259620158
D02_bin.45	ANI95_cluster_00431	H08_bin.15	False	d__Bacteria;p__Bacillota;c__Clostridia;o__Lachnospirales;f__Lachnospiraceae;g__Otoolea;s__Otoolea fessa	Bacteria	Bacillota	Clostridia	Lachnospirales	Lachnospiraceae	Otoolea	Otoolea fessa	84.31	1.79	2096168	172	16438	49.795627	1860	55.0	0.8461538462	0.01927952932	0.011793634	0.013918495	0.22397594	1.253169406	55.0	0.2848033648
D02_bin.46	ANI95_cluster_00302	F06_bin.75	False	d__Bacteria;p__Bacillota;c__Clostridia;o__Oscillospirales;f__Oscillospiraceae;g__Hominicoprocola;s__Hominicoprocola fusiformis	Bacteria	Bacillota	Clostridia	Oscillospirales	Oscillospiraceae	Hominicoprocola	Hominicoprocola fusiformis	95.08	2.68	1892302	157	16829	59.402463	1886	47.0	0.7230769231	0.02393004927	0.011290401	0.018460793	0.32220203	1.555453203	47.0	0.2169256285
D02_bin.51	ANI95_cluster_00406	H04_bin.57	False	d__Bacteria;p__Bacillota;c__Clostridia;o__Oscillospirales;f__Ruminococcaceae;g__Gemmiger;s__Gemmiger formicilis	Bacteria	Bacillota	Clostridia	Oscillospirales	Ruminococcaceae	Gemmiger	Gemmiger formicilis	91.61	2.63	2228326	137	26464	60.764493	1960	50.0	0.7692307692	0.01793346013	0.009608694	0.0127082485	0.15732452	1.165674908	50.0	0.2048957404
D02_bin.53	ANI95_cluster_00197	D02_bin.53	True	d__Bacteria;p__Actinomycetota;c__Coriobacteriia;o__Coriobacteriales;f__Eggerthellaceae;g__Senegalimassilia;s__Senegalimassilia anaerobia	Bacteria	Actinomycetota	Coriobacteriia	Coriobacteriales	Eggerthellaceae	Senegalimassilia	Senegalimassilia anaerobia	95.21	1.83	1969957	249	10667	62.549335	1745	29.0	0.4461538462	0.01413374566	0.0	0.01837434	0.2821411	0.918693468	29.0	0.1588163048
D02_bin.63	ANI95_cluster_00419	H06_bin.61	False	d__Bacteria;p__Bacillota;c__Clostridia;o__Lachnospirales;f__Lachnospiraceae;g__Fusicatenibacter;s__Fusicatenibacter saccharivorans	Bacteria	Bacillota	Clostridia	Lachnospirales	Lachnospiraceae	Fusicatenibacter	Fusicatenibacter saccharivorans	97.68	2.97	3095548	70	77467	47.832339	2737	61.0	0.9384615385	0.03719705146	0.017832676	0.019291753	0.60081905	2.417808345	61.0	0.337108352
D02_bin.68	ANI95_cluster_00415	H05_bin.43	False	d__Bacteria;p__Bacillota;c__Clostridia;o__Lachnospirales;f__Lachnospiraceae;g__Roseburia;s__Roseburia rectalis	Bacteria	Bacillota	Clostridia	Lachnospirales	Lachnospiraceae	Roseburia	Roseburia rectalis	86.23	0.66	2486637	53	68469	41.777831	2280	51.0	0.7846153846	0.09204038395	0.020262016	0.028036734	3.741319	5.982624956	51.0	0.219654745
D02_bin.7	ANI95_cluster_00173	C07_bin.25	False	d__Bacteria;p__Bacillota;c__Clostridia;o__Lachnospirales;f__Lachnospiraceae;g__Anaerobutyricum;s__Anaerobutyricum hallii	Bacteria	Bacillota	Clostridia	Lachnospirales	Lachnospiraceae	Anaerobutyricum	Anaerobutyricum hallii	99.33	5.5	4129291	348	22451	38.007735	3922	62.0	0.9538461538	0.03732706858	0.027944217	0.0289173285	0.21690151	2.426259457	62.0	0.34925949
D02_bin.9	ANI95_cluster_00083	B04_bin.18	False	d__Bacteria;p__Bacteroidota;c__Bacteroidia;o__Bacteroidales;f__Rikenellaceae;g__Alistipes;s__Alistipes onderdonkii	Bacteria	Bacteroidota	Bacteroidia	Bacteroidales	Rikenellaceae	Alistipes	Alistipes onderdonkii	94.9	1.44	2779408	123	30822	59.601397	2334	56.0	0.8615384615	0.1211064548	0.033415332	0.045337073	0.8966952	7.871919562	56.0	0.5080398592
D03_bin.1	ANI95_cluster_00019	A04_bin.71	False	d__Bacteria;p__Bacteroidota;c__Bacteroidia;o__Bacteroidales;f__Rikenellaceae;g__Alistipes_A;s__Alistipes_A ihumii	Bacteria	Bacteroidota	Bacteroidia	Bacteroidales	Rikenellaceae	Alistipes_A	Alistipes_A ihumii	98.12	0.0	2524952	41	84444	58.559450	2035	25.0	0.3846153846	0.0139784107	0.0	0.018315682	0.1639862	0.9085966955	25.0	0.1610018845
D03_bin.12	ANI95_cluster_00128	B08_bin.66	False	d__Bacteria;p__Bacteroidota;c__Bacteroidia;o__Bacteroidales;f__Rikenellaceae;g__Alistipes;s__Alistipes communis	Bacteria	Bacteroidota	Bacteroidia	Bacteroidales	Rikenellaceae	Alistipes	Alistipes communis	87.74	8.23	2728950	35	182128	59.940966	2230	40.0	0.6153846154	0.03761119589	0.020579927	0.0351547415	0.33867913	2.444727733	40.0	0.2881062246
D03_bin.13	ANI95_cluster_00231	D08_bin.97	False	d__Bacteria;p__Bacteroidota;c__Bacteroidia;o__Bacteroidales;f__Tannerellaceae;g__Parabacteroides;s__Parabacteroides merdae	Bacteria	Bacteroidota	Bacteroidia	Bacteroidales	Tannerellaceae	Parabacteroides	Parabacteroides merdae	80.42	2.69	3135084	44	87387	46.065273	2591	41.0	0.6307692308	0.01983458832	0.011800558	0.021711368	0.123664334	1.289248241	41.0	0.2706403689
D03_bin.14	ANI95_cluster_00418	H06_bin.57	False	d__Bacteria;p__Bacillota;c__Clostridia;o__Oscillospirales;f__UBA644;g__UBA644;s__UBA644 sp900547165	Bacteria	Bacillota	Clostridia	Oscillospirales	UBA644	UBA644	UBA644 sp900547165	84.92	2.01	1670895	345	5709	47.625255	1776	16.0	0.2461538462	0.008985688303	0.0	0.023601819	0.111405104	0.5840697397	16.0	0.1174779971
D03_bin.15	ANI95_cluster_00053	A09_bin.36	False	d__Bacteria;p__Bacillota;c__Clostridia;o__Oscillospirales;f__Oscillospiraceae;g__Oscillibacter;s__Oscillibacter segnis	Bacteria	Bacillota	Clostridia	Oscillospirales	Oscillospiraceae	Oscillibacter	Oscillibacter segnis	90.44	6.6	1844131	410	5618	58.681135	2030	46.0	0.7076923077	0.02047362192	0.017453972	0.0246212685	0.10826126	1.330785425	45.0	0.2304143162
D03_bin.18	ANI95_cluster_00177	C07_bin.89	False	d__Bacteria;p__Desulfobacterota;c__Desulfovibrionia;o__Desulfovibrionales;f__Desulfovibrionaceae;g__Bilophila;s__Bilophila wadsworthia	Bacteria	Desulfobacterota	Desulfovibrionia	Desulfovibrionales	Desulfovibrionaceae	Bilophila	Bilophila wadsworthia	91.04	0.19	3750402	409	12527	60.510527	3364	22.0	0.3384615385	0.007335698848	0.0	0.00824811	0.14706816	0.4768204251	22.0	0.1026911042
D03_bin.19	ANI95_cluster_00034	A06_bin.107	False	d__Bacteria;p__Bacteroidota;c__Bacteroidia;o__Bacteroidales;f__Marinifilaceae;g__Odoribacter;s__Odoribacter splanchnicus	Bacteria	Bacteroidota	Bacteroidia	Bacteroidales	Marinifilaceae	Odoribacter	Odoribacter splanchnicus	93.55	0.72	3802550	173	34322	43.492788	3247	51.0	0.7846153846	0.01346784151	0.011467273	0.014054988	0.06926234	0.8754096982	51.0	0.2219465732
D03_bin.23	ANI95_cluster_00296	F05_bin.48	False	d__Bacteria;p__Pseudomonadota;c__Gammaproteobacteria;o__Burkholderiales;f__Burkholderiaceae_F;g__Sutterella;s__Sutterella wadsworthensis	Bacteria	Pseudomonadota	Gammaproteobacteria	Burkholderiales	Burkholderiaceae_F	Sutterella	Sutterella wadsworthensis	96.89	0.1	2782887	139	35295	55.345151	2331	25.0	0.3846153846	0.03267341595	0.0	0.018972196	0.891969	2.123772037	24.0	0.1478684702
D03_bin.26	ANI95_cluster_00222	D08_bin.21	False	d__Bacteria;p__Bacteroidota;c__Bacteroidia;o__Bacteroidales;f__Rikenellaceae;g__Alistipes;s__Alistipes putredinis	Bacteria	Bacteroidota	Bacteroidia	Bacteroidales	Rikenellaceae	Alistipes	Alistipes putredinis	98.24	2.08	2545563	47	91974	54.491914	2263	52.0	0.8	0.1762105055	0.13652161	0.169012205	2.3298628	11.45368286	52.0	0.4458426831
D03_bin.27	ANI95_cluster_00198	D03_bin.27	True	d__Bacteria;p__Bacillota_I;c__Bacilli_A;o__RFN20;f__CAG-288;g__CAG-288;s__CAG-288 sp000437395	Bacteria	Bacillota_I	Bacilli_A	RFN20	CAG-288	CAG-288	CAG-288 sp000437395	96.25	2.25	2639003	425	10845	31.825580	2791	27.0	0.4153846154	0.01781985946	0.0	0.027204383	0.17029664	1.158290865	27.0	0.1265321793
D03_bin.3	ANI95_cluster_00343	G04_bin.89	False	d__Bacteria;p__Bacillota_I;c__Bacilli_A;o__RF39;f__UBA660;g__CAG-302;s__CAG-302 sp934162325	Bacteria	Bacillota_I	Bacilli_A	RF39	UBA660	CAG-302	CAG-302 sp934162325	92.7	3.37	1277552	14	166656	26.075807	1306	15.0	0.2307692308	0.0209929208	0.0	0.014272827	0.79476595	1.364539852	15.0	0.09620237615
D03_bin.37	ANI95_cluster_00413	H05_bin.38	False	d__Bacteria;p__Bacteroidota;c__Bacteroidia;o__Bacteroidales;f__Tannerellaceae;g__Parabacteroides;s__Parabacteroides distasonis	Bacteria	Bacteroidota	Bacteroidia	Bacteroidales	Tannerellaceae	Parabacteroides	Parabacteroides distasonis	93.3	1.28	4208187	252	29011	45.496267	3598	49.0	0.7538461538	0.01514552974	0.00983582	0.014181407	0.08855409	0.9844594334	49.0	0.2338506936
D03_bin.4	ANI95_cluster_00275	E08_bin.65	False	d__Bacteria;p__Bacillota_I;c__Bacilli_A;o__RFN20;f__CAG-288;g__CAG-345;s__CAG-345 sp000433315	Bacteria	Bacillota_I	Bacilli_A	RFN20	CAG-288	CAG-345	CAG-345 sp000433315	93.26	0.0	1631741	22	226644	29.400683	1456	12.0	0.1846153846	0.02643604266	0.0	0.042269035	0.71525395	1.718342773	12.0	0.1061734124
D03_bin.40	ANI95_cluster_00193	D01_bin.64	False	d__Bacteria;p__Bacteroidota;c__Bacteroidia;o__Bacteroidales;f__Bacteroidaceae;g__Bacteroides;s__Bacteroides uniformis	Bacteria	Bacteroidota	Bacteroidia	Bacteroidales	Bacteroidaceae	Bacteroides	Bacteroides uniformis	88.53	1.02	3527586	191	31611	47.432947	3011	62.0	0.9538461538	0.158585912	0.09426461	0.108054715	1.3180053	10.30808428	62.0	0.6454388485
D03_bin.44	ANI95_cluster_00008	A01_bin.69	False	d__Bacteria;p__Actinomycetota;c__Coriobacteriia;o__Coriobacteriales;f__Eggerthellaceae;g__Anaerotardibacter;s__Anaerotardibacter sp000435675	Bacteria	Actinomycetota	Coriobacteriia	Coriobacteriales	Eggerthellaceae	Anaerotardibacter	Anaerotardibacter sp000435675	82.0	1.73	1133190	311	3924	55.282962	1212	22.0	0.3384615385	0.01912369855	0.0	0.010006812	0.74274576	1.243040406	21.0	0.08642481846
D03_bin.50	ANI95_cluster_00155	C05_bin.117	False	d__Bacteria;p__Bacillota;c__Clostridia;o__Lachnospirales;f__Lachnospiraceae;g__Gallintestinimicrobium;s__Gallintestinimicrobium propionicum	Bacteria	Bacillota	Clostridia	Lachnospirales	Lachnospiraceae	Gallintestinimicrobium	Gallintestinimicrobium propionicum	93.34	1.53	2981344	323	14746	49.237123	2912	50.0	0.7692307692	0.02499071965	0.01670056	0.0198263285	0.19370162	1.624396778	50.0	0.2092289969
D03_bin.53	ANI95_cluster_00083	B04_bin.18	False	d__Bacteria;p__Bacteroidota;c__Bacteroidia;o__Bacteroidales;f__Rikenellaceae;g__Alistipes;s__Alistipes onderdonkii	Bacteria	Bacteroidota	Bacteroidia	Bacteroidales	Rikenellaceae	Alistipes	Alistipes onderdonkii	84.64	5.17	2621621	101	43457	59.538469	2181	56.0	0.8615384615	0.1153580147	0.0319955	0.04422598	0.8707306	7.498270956	56.0	0.5054026635
D03_bin.55	ANI95_cluster_00315	F08_bin.12	False	d__Bacteria;p__Bacteroidota;c__Bacteroidia;o__Bacteroidales;f__Rikenellaceae;g__Alistipes_A;s__Alistipes_A hominis	Bacteria	Bacteroidota	Bacteroidia	Bacteroidales	Rikenellaceae	Alistipes_A	Alistipes_A hominis	99.04	0.0	2787752	23	228489	54.954817	2315	26.0	0.4	0.01503129877	0.0	0.0108893065	0.35687408	0.9770344201	26.0	0.1495688555
D03_bin.57	ANI95_cluster_00143	C03_bin.49	False	d__Bacteria;p__Actinomycetota;c__Actinomycetes;o__Actinomycetales;f__Bifidobacteriaceae;g__Bifidobacterium;s__Bifidobacterium longum	Bacteria	Actinomycetota	Actinomycetes	Actinomycetales	Bifidobacteriaceae	Bifidobacterium	Bifidobacterium longum	97.35	4.93	2274623	137	27013	60.289771	1991	53.0	0.8153846154	0.02342555891	0.014116558	0.016245963	0.21184224	1.522661329	53.0	0.2969663768
D03_bin.59	ANI95_cluster_00096	B05_bin.47	False	d__Bacteria;p__Bacillota;c__Clostridia;o__Oscillospirales;f__Oscillospiraceae;g__CAG-170;s__CAG-170 sp002404795	Bacteria	Bacillota	Clostridia	Oscillospirales	Oscillospiraceae	CAG-170	CAG-170 sp002404795	87.31	5.85	2109425	224	13291	61.770103	2089	39.0	0.6	0.02854928128	0.0065773143	0.0121802995	0.46134478	1.855703283	39.0	0.2200002526
D03_bin.66	ANI95_cluster_00061	B01_bin.9	False	d__Bacteria;p__Verrucomicrobiota;c__Verrucomicrobiia;o__Verrucomicrobiales;f__Akkermansiaceae;g__Akkermansia;s__Akkermansia muciniphila	Bacteria	Verrucomicrobiota	Verrucomicrobiia	Verrucomicrobiales	Akkermansiaceae	Akkermansia	Akkermansia muciniphila	97.96	0.0	2764986	28	191099	55.446104	2358	26.0	0.4	0.03494800667	0.0	0.022721562	0.5843228	2.271620434	26.0	0.1537687289
D03_bin.71	ANI95_cluster_00361	G07_bin.85	False	d__Bacteria;p__Bacillota;c__Clostridia;o__Christensenellales;f__Aristaeellaceae;g__UBA11524;s__UBA11524 sp000437595	Bacteria	Bacillota	Clostridia	Christensenellales	Aristaeellaceae	UBA11524	UBA11524 sp000437595	98.6	1.17	2871040	80	56261	58.407058	2430	27.0	0.4153846154	0.02580678747	0.0	0.025675816	0.32809398	1.677441185	27.0	0.1778793948
D03_bin.74	ANI95_cluster_00302	F06_bin.75	False	d__Bacteria;p__Bacillota;c__Clostridia;o__Oscillospirales;f__Oscillospiraceae;g__Hominicoprocola;s__Hominicoprocola fusiformis	Bacteria	Bacillota	Clostridia	Oscillospirales	Oscillospiraceae	Hominicoprocola	Hominicoprocola fusiformis	92.79	0.67	1869766	280	8757	59.569379	1945	47.0	0.7230769231	0.02523436993	0.010565348	0.013414188	0.26918048	1.640234046	47.0	0.231390969
D03_bin.75	ANI95_cluster_00286	F03_bin.13	False	d__Bacteria;p__Bacteroidota;c__Bacteroidia;o__Bacteroidales;f__Rikenellaceae;g__Alistipes;s__Alistipes finegoldii	Bacteria	Bacteroidota	Bacteroidia	Bacteroidales	Rikenellaceae	Alistipes	Alistipes finegoldii	92.39	0.24	2658506	34	117035	59.012355	2175	50.0	0.7692307692	0.1006062287	0.025340883	0.03589787	1.5069017	6.539404869	50.0	0.4011351032
D03_bin.77	ANI95_cluster_00140	C02_bin.89	False	d__Bacteria;p__Bacillota;c__Clostridia;o__Oscillospirales;f__Acutalibacteraceae;g__Hominenteromicrobium;s__Hominenteromicrobium mulieris	Bacteria	Bacillota	Clostridia	Oscillospirales	Acutalibacteraceae	Hominenteromicrobium	Hominenteromicrobium mulieris	94.63	0.0	2137208	110	42939	53.703711	2018	41.0	0.6307692308	0.01197548029	0.0055924593	0.0115089845	0.119331054	0.7784062188	41.0	0.1902508529
D03_bin.8	ANI95_cluster_00415	H05_bin.43	False	d__Bacteria;p__Bacillota;c__Clostridia;o__Lachnospirales;f__Lachnospiraceae;g__Roseburia;s__Roseburia rectalis	Bacteria	Bacillota	Clostridia	Lachnospirales	Lachnospiraceae	Roseburia	Roseburia rectalis	86.61	4.07	1982557	387	6600	43.062419	2054	48.0	0.7384615385	0.01887305746	0.0119265495	0.017317389	0.15852629	1.226748735	48.0	0.2102033044
D03_bin.84	ANI95_cluster_00199	D03_bin.84	True	d__Bacteria;p__Actinomycetota;c__Actinomycetes;o__Actinomycetales;f__Bifidobacteriaceae;g__Bifidobacterium;s__Bifidobacterium catenulatum	Bacteria	Actinomycetota	Actinomycetes	Actinomycetales	Bifidobacteriaceae	Bifidobacterium	Bifidobacterium catenulatum	90.8	3.41	1812989	111	26793	56.265096	1571	20.0	0.3076923077	0.05421864952	0.0	0.071196805	0.90573084	3.524212219	20.0	0.156586286
D03_bin.85	ANI95_cluster_00424	H07_bin.23	False	d__Bacteria;p__Bacillota;c__Clostridia;o__Oscillospirales;f__Ruminococcaceae;g__Faecalibacterium;s__Faecalibacterium longum	Bacteria	Bacillota	Clostridia	Oscillospirales	Ruminococcaceae	Faecalibacterium	Faecalibacterium longum	80.11	6.12	1796285	410	5210	60.440966	1921	58.0	0.8923076923	0.02873013937	0.020138668	0.0239959385	0.112283446	1.867459059	57.0	0.2904278879
D03_bin.86	ANI95_cluster_00185	C08_bin.77	False	d__Bacteria;p__Bacteroidota;c__Bacteroidia;o__Bacteroidales;f__Bacteroidaceae;g__Phocaeicola;s__Phocaeicola plebeius_A	Bacteria	Bacteroidota	Bacteroidia	Bacteroidales	Bacteroidaceae	Phocaeicola	Phocaeicola plebeius_A	94.42	7.06	3863130	121	51306	44.333118	3284	8.0	0.1230769231	0.05795154123	0.0	0.174099897	2.1147454	3.76685018	8.0	0.04720470415
D03_bin.88	ANI95_cluster_00419	H06_bin.61	False	d__Bacteria;p__Bacillota;c__Clostridia;o__Lachnospirales;f__Lachnospiraceae;g__Fusicatenibacter;s__Fusicatenibacter saccharivorans	Bacteria	Bacillota	Clostridia	Lachnospirales	Lachnospiraceae	Fusicatenibacter	Fusicatenibacter saccharivorans	97.75	7.93	2728877	207	22202	48.967322	2484	60.0	0.9230769231	0.02472399425	0.013277194	0.015785125	0.21839398	1.607059626	60.0	0.3171053245
D03_bin.89	ANI95_cluster_00194	D01_bin.67	False	d__Bacteria;p__Actinomycetota;c__Coriobacteriia;o__Coriobacteriales;f__Coriobacteriaceae;g__Collinsella;s__Collinsella sp905215825	Bacteria	Actinomycetota	Coriobacteriia	Coriobacteriales	Coriobacteriaceae	Collinsella	Collinsella sp905215825	99.19	2.15	2059213	75	41861	60.066540	1755	37.0	0.5692307692	0.02004452032	0.009089927	0.021293936	0.26963457	1.302893821	37.0	0.1279371292
D03_bin.90	ANI95_cluster_00021	A04_bin.93	False	d__Bacteria;p__Bacillota;c__Clostridia;o__Oscillospirales;f__Ruminococcaceae;g__Gemmiger;s__Gemmiger qucibialis	Bacteria	Bacillota	Clostridia	Oscillospirales	Ruminococcaceae	Gemmiger	Gemmiger qucibialis	98.64	5.82	2467791	218	16004	56.451012	2129	51.0	0.7846153846	0.02669881127	0.010338309	0.014775809	0.37395564	1.735422733	51.0	0.2398165309
D03_bin.91	ANI95_cluster_00358	G07_bin.107	False	d__Bacteria;p__Bacillota;c__Clostridia;o__Lachnospirales;f__Lachnospiraceae;g__Roseburia;s__Roseburia faecis	Bacteria	Bacillota	Clostridia	Lachnospirales	Lachnospiraceae	Roseburia	Roseburia faecis	92.95	3.26	2825624	53	119988	43.748991	2665	41.0	0.6307692308	0.02854913969	0.014526942	0.03595326	0.26873258	1.85569408	41.0	0.2425424824
D04_bin.18	ANI95_cluster_00200	D04_bin.18	True	d__Bacteria;p__Bacillota;c__Clostridia;o__Lachnospirales;f__Lachnospiraceae;g__Dorea_A;s__Dorea_A amylophila	Bacteria	Bacillota	Clostridia	Lachnospirales	Lachnospiraceae	Dorea_A	Dorea_A amylophila	90.16	3.61	2310066	145	24657	42.447878	2208	51.0	0.7846153846	0.04311032217	0.011765293	0.018067876	0.80503446	2.802170941	51.0	0.300504782
D04_bin.20	ANI95_cluster_00406	H04_bin.57	False	d__Bacteria;p__Bacillota;c__Clostridia;o__Oscillospirales;f__Ruminococcaceae;g__Gemmiger;s__Gemmiger formicilis	Bacteria	Bacillota	Clostridia	Oscillospirales	Ruminococcaceae	Gemmiger	Gemmiger formicilis	95.24	1.02	2347251	61	57584	60.315450	2034	51.0	0.7846153846	0.03833659044	0.017341817	0.019700151	1.1051646	2.491878379	51.0	0.2126920058
D04_bin.22	ANI95_cluster_00298	F06_bin.46	False	d__Bacteria;p__Bacillota;c__Bacilli;o__Lactobacillales;f__Streptococcaceae;g__Streptococcus;s__Streptococcus thermophilus	Bacteria	Bacillota	Bacilli	Lactobacillales	Streptococcaceae	Streptococcus	Streptococcus thermophilus	94.01	0.0	1709799	77	45758	38.881939	1834	20.0	0.3076923077	0.008078278162	0.0	0.0146153355	0.09306495	0.5250880805	20.0	0.1408685243
D04_bin.26	ANI95_cluster_00217	D07_bin.25	False	d__Bacteria;p__Actinomycetota;c__Coriobacteriia;o__Coriobacteriales;f__Eggerthellaceae;g__Adlercreutzia;s__Adlercreutzia rubneri	Bacteria	Actinomycetota	Coriobacteriia	Coriobacteriales	Eggerthellaceae	Adlercreutzia	Adlercreutzia rubneri	97.31	0.22	2454212	133	32001	63.786503	2126	42.0	0.6461538462	0.01841170457	0.005500452	0.0129073565	0.28760278	1.196760797	42.0	0.1781424999
D04_bin.28	ANI95_cluster_00173	C07_bin.25	False	d__Bacteria;p__Bacillota;c__Clostridia;o__Lachnospirales;f__Lachnospiraceae;g__Anaerobutyricum;s__Anaerobutyricum hallii	Bacteria	Bacillota	Clostridia	Lachnospirales	Lachnospiraceae	Anaerobutyricum	Anaerobutyricum hallii	89.26	0.67	3052689	159	35360	38.267606	2685	59.0	0.9076923077	0.03442141434	0.020069344	0.025145495	0.34003657	2.237391932	59.0	0.354860307
D04_bin.38	ANI95_cluster_00220	D07_bin.75	False	d__Bacteria;p__Bacillota;c__Clostridia;o__Lachnospirales;f__Lachnospiraceae;g__Blautia_A;s__Blautia_A fusiformis	Bacteria	Bacillota	Clostridia	Lachnospirales	Lachnospiraceae	Blautia_A	Blautia_A fusiformis	87.34	1.03	2441655	78	50766	45.194305	2215	56.0	0.8615384615	0.05443116449	0.02267235	0.0298134975	0.49730077	3.538025692	56.0	0.3924301651
D04_bin.40	ANI95_cluster_00140	C02_bin.89	False	d__Bacteria;p__Bacillota;c__Clostridia;o__Oscillospirales;f__Acutalibacteraceae;g__Hominenteromicrobium;s__Hominenteromicrobium mulieris	Bacteria	Bacillota	Clostridia	Oscillospirales	Acutalibacteraceae	Hominenteromicrobium	Hominenteromicrobium mulieris	82.02	2.96	1820193	317	7479	54.006196	1881	40.0	0.6153846154	0.01135269108	0.0058122003	0.010730553	0.056180008	0.7379249201	39.0	0.1917118263
D04_bin.44	ANI95_cluster_00177	C07_bin.89	False	d__Bacteria;p__Desulfobacterota;c__Desulfovibrionia;o__Desulfovibrionales;f__Desulfovibrionaceae;g__Bilophila;s__Bilophila wadsworthia	Bacteria	Desulfobacterota	Desulfovibrionia	Desulfovibrionales	Desulfovibrionaceae	Bilophila	Bilophila wadsworthia	96.2	1.78	3752474	545	8998	60.278339	3445	36.0	0.5538461538	0.009345762942	0.005331345	0.011877951	0.10044633	0.6074745912	36.0	0.1533257394
D04_bin.48	ANI95_cluster_00186	C08_bin.86	False	d__Bacteria;p__Bacillota;c__Negativicutes;o__Acidaminococcales;f__Acidaminococcaceae;g__Phascolarctobacterium;s__Phascolarctobacterium faecium	Bacteria	Bacillota	Negativicutes	Acidaminococcales	Acidaminococcaceae	Phascolarctobacterium	Phascolarctobacterium faecium	97.01	1.5	2225210	17	321839	44.054673	2128	16.0	0.2461538462	0.04220083949	0.0	0.055600213	1.3000717	2.743054567	16.0	0.1374478666
D04_bin.5	ANI95_cluster_00201	D04_bin.5	True	d__Bacteria;p__Bacillota;c__Clostridia;o__Oscillospirales;f__Oscillospiraceae;g__Flavonifractor;s__Flavonifractor plautii	Bacteria	Bacillota	Clostridia	Oscillospirales	Oscillospiraceae	Flavonifractor	Flavonifractor plautii	99.33	0.47	3346111	102	49852	62.216346	3249	42.0	0.6461538462	0.0310570285	0.008679639	0.016140458	0.6265566	2.018706853	42.0	0.2402688095
D04_bin.50	ANI95_cluster_00373	G08_bin.9	False	d__Bacteria;p__Bacillota;c__Clostridia;o__Oscillospirales;f__Ruminococcaceae;g__Faecalibacterium;s__Faecalibacterium taiwanense	Bacteria	Bacillota	Clostridia	Oscillospirales	Ruminococcaceae	Faecalibacterium	Faecalibacterium taiwanense	96.09	4.83	2239689	78	50545	57.831199	2044	63.0	0.9692307692	0.09725153023	0.050257914	0.050319612	0.95672536	6.321349465	63.0	0.5106946085
D04_bin.52	ANI95_cluster_00085	B04_bin.33	False	d__Bacteria;p__Bacillota;c__Clostridia;o__UBA1381;f__UBA1381;g__Hominilimicola;s__Hominilimicola fabiformis	Bacteria	Bacillota	Clostridia	UBA1381	UBA1381	Hominilimicola	Hominilimicola fabiformis	96.17	1.34	2389402	244	14098	38.505618	2271	45.0	0.6923076923	0.01819494505	0.006932485	0.014341995	0.18840794	1.182671428	45.0	0.2331246202
D04_bin.58	ANI95_cluster_00202	D04_bin.58	True	d__Bacteria;p__Bacillota;c__Clostridia;o__Lachnospirales;f__Anaerotignaceae;g__Anaerotignum;s__Anaerotignum sp001304995	Bacteria	Bacillota	Clostridia	Lachnospirales	Anaerotignaceae	Anaerotignum	Anaerotignum sp001304995	97.32	2.57	2624906	274	14878	45.348519	2778	2.0	0.03076923077	0.005272045585	0.0	0.1713414815	0.3332759	0.342682963	2.0	0.01856006662
D04_bin.64	ANI95_cluster_00413	H05_bin.38	False	d__Bacteria;p__Bacteroidota;c__Bacteroidia;o__Bacteroidales;f__Tannerellaceae;g__Parabacteroides;s__Parabacteroides distasonis	Bacteria	Bacteroidota	Bacteroidia	Bacteroidales	Tannerellaceae	Parabacteroides	Parabacteroides distasonis	96.73	0.19	4537012	43	208668	45.146696	3762	45.0	0.6923076923	0.02221639962	0.0091875065	0.014611675	0.1948016	1.444065975	45.0	0.2209362329
D04_bin.7	ANI95_cluster_00194	D01_bin.67	False	d__Bacteria;p__Actinomycetota;c__Coriobacteriia;o__Coriobacteriales;f__Coriobacteriaceae;g__Collinsella;s__Collinsella sp905215825	Bacteria	Actinomycetota	Coriobacteriia	Coriobacteriales	Coriobacteriaceae	Collinsella	Collinsella sp905215825	99.19	0.81	2044902	57	52868	60.250809	1760	38.0	0.5846153846	0.02299331491	0.0074732914	0.014829659	0.6494238	1.494565469	37.0	0.1195274734
D05_bin.10	ANI95_cluster_00267	E06_bin.85	False	d__Bacteria;p__Bacteroidota;c__Bacteroidia;o__Bacteroidales;f__Rikenellaceae;g__Alistipes;s__Alistipes shahii	Bacteria	Bacteroidota	Bacteroidia	Bacteroidales	Rikenellaceae	Alistipes	Alistipes shahii	84.97	1.54	2573952	41	104063	59.580948	2094	45.0	0.6923076923	0.06216941128	0.04104481	0.06091643	0.2828827	4.041011733	45.0	0.4075604692
D05_bin.104	ANI95_cluster_00193	D01_bin.64	False	d__Bacteria;p__Bacteroidota;c__Bacteroidia;o__Bacteroidales;f__Bacteroidaceae;g__Bacteroides;s__Bacteroides uniformis	Bacteria	Bacteroidota	Bacteroidia	Bacteroidales	Bacteroidaceae	Bacteroides	Bacteroides uniformis	98.28	5.17	4615107	154	53533	46.300552	4004	63.0	0.9692307692	0.1529613977	0.10512915	0.10868681	0.7432976	9.94249085	63.0	0.5560134805
D05_bin.12	ANI95_cluster_00203	D05_bin.12	True	d__Bacteria;p__Bacillota;c__Clostridia;o__Oscillospirales;f__Oscillospiraceae;g__Scatomorpha;s__Scatomorpha sp900545405	Bacteria	Bacillota	Clostridia	Oscillospirales	Oscillospiraceae	Scatomorpha	Scatomorpha sp900545405	91.21	0.98	2159472	265	11287	63.705248	2165	22.0	0.3384615385	0.01544737704	0.0	0.022629305	0.2090732	1.004079507	22.0	0.1533579303
D05_bin.14	ANI95_cluster_00315	F08_bin.12	False	d__Bacteria;p__Bacteroidota;c__Bacteroidia;o__Bacteroidales;f__Rikenellaceae;g__Alistipes_A;s__Alistipes_A hominis	Bacteria	Bacteroidota	Bacteroidia	Bacteroidales	Rikenellaceae	Alistipes_A	Alistipes_A hominis	93.8	1.28	2392253	279	12627	55.890410	2156	25.0	0.3846153846	0.02185707112	0.0	0.013082215	0.98760664	1.420709623	25.0	0.1460087906
D05_bin.15	ANI95_cluster_00204	D05_bin.15	True	d__Bacteria;p__Bacteroidota;c__Bacteroidia;o__Bacteroidales;f__Coprobacteraceae;g__Coprobacter;s__Coprobacter fastidiosus	Bacteria	Bacteroidota	Bacteroidia	Bacteroidales	Coprobacteraceae	Coprobacter	Coprobacter fastidiosus	96.6	0.0	3018300	104	45200	38.488122	2406	20.0	0.3076923077	0.008038275995	0.0	0.0188022965	0.12707332	0.5224879397	20.0	0.1326007918
D05_bin.16	ANI95_cluster_00019	A04_bin.71	False	d__Bacteria;p__Bacteroidota;c__Bacteroidia;o__Bacteroidales;f__Rikenellaceae;g__Alistipes_A;s__Alistipes_A ihumii	Bacteria	Bacteroidota	Bacteroidia	Bacteroidales	Rikenellaceae	Alistipes_A	Alistipes_A ihumii	96.39	1.92	2472453	148	24867	58.653612	2107	26.0	0.4	0.01190121918	0.0	0.018503607	0.12027775	0.7735792467	26.0	0.1482391788
D05_bin.19	ANI95_cluster_00061	B01_bin.9	False	d__Bacteria;p__Verrucomicrobiota;c__Verrucomicrobiia;o__Verrucomicrobiales;f__Akkermansiaceae;g__Akkermansia;s__Akkermansia muciniphila	Bacteria	Verrucomicrobiota	Verrucomicrobiia	Verrucomicrobiales	Akkermansiaceae	Akkermansia	Akkermansia muciniphila	97.28	0.0	2592602	27	129974	55.710672	2140	25.0	0.3846153846	0.01996282619	0.0	0.029226722	0.42649966	1.297583702	25.0	0.1426627942
D05_bin.23	ANI95_cluster_00415	H05_bin.43	False	d__Bacteria;p__Bacillota;c__Clostridia;o__Lachnospirales;f__Lachnospiraceae;g__Roseburia;s__Roseburia rectalis	Bacteria	Bacillota	Clostridia	Lachnospirales	Lachnospiraceae	Roseburia	Roseburia rectalis	96.62	0.0	2742156	42	117496	41.598764	2494	49.0	0.7538461538	0.03454941255	0.015821185	0.022214223	0.8566538	2.245711816	49.0	0.2196564809
D05_bin.25	ANI95_cluster_00047	A07_bin.85	False	d__Bacteria;p__Bacteroidota;c__Bacteroidia;o__Bacteroidales;f__Bacteroidaceae;g__Phocaeicola;s__Phocaeicola plebeius	Bacteria	Bacteroidota	Bacteroidia	Bacteroidales	Bacteroidaceae	Phocaeicola	Phocaeicola plebeius	93.8	1.52	3767860	147	40377	43.977483	3031	8.0	0.1230769231	0.09596342305	0.0	0.0574861335	4.519189	6.237622498	8.0	0.04405846792
D05_bin.26	ANI95_cluster_00406	H04_bin.57	False	d__Bacteria;p__Bacillota;c__Clostridia;o__Oscillospirales;f__Ruminococcaceae;g__Gemmiger;s__Gemmiger formicilis	Bacteria	Bacillota	Clostridia	Oscillospirales	Ruminococcaceae	Gemmiger	Gemmiger formicilis	87.61	2.04	2338627	139	26539	60.606458	2056	51.0	0.7846153846	0.030306977	0.010682078	0.014780815	0.7333186	1.969953505	51.0	0.195072993
D05_bin.30	ANI95_cluster_00015	A03_bin.21	False	d__Bacteria;p__Bacillota;c__Clostridia;o__Lachnospirales;f__Lachnospiraceae;g__Hominisplanchenecus;s__Hominisplanchenecus faecis	Bacteria	Bacillota	Clostridia	Lachnospirales	Lachnospiraceae	Hominisplanchenecus	Hominisplanchenecus faecis	90.9	3.8	2590061	254	18205	44.681612	2318	42.0	0.6461538462	0.02792302661	0.0068663135	0.0184702845	0.6855828	1.81499673	42.0	0.224066412
D05_bin.32	ANI95_cluster_00298	F06_bin.46	False	d__Bacteria;p__Bacillota;c__Bacilli;o__Lactobacillales;f__Streptococcaceae;g__Streptococcus;s__Streptococcus thermophilus	Bacteria	Bacillota	Bacilli	Lactobacillales	Streptococcaceae	Streptococcus	Streptococcus thermophilus	100.0	0.0	1697585	72	44089	39.091474	1843	21.0	0.3230769231	0.008086673706	0.0	0.011900051	0.09124669	0.5256337909	21.0	0.1424409113
D05_bin.33	ANI95_cluster_00169	C06_bin.11	False	d__Bacteria;p__Bacillota;c__Clostridia;o__Lachnospirales;f__Lachnospiraceae;g__Anthropogastromicrobium;s__Anthropogastromicrobium aceti	Bacteria	Bacillota	Clostridia	Lachnospirales	Lachnospiraceae	Anthropogastromicrobium	Anthropogastromicrobium aceti	86.27	4.79	3252283	598	6993	41.167881	3250	44.0	0.6769230769	0.01229479602	0.009610535	0.0127808825	0.11326193	0.7991617411	44.0	0.1550636804
D05_bin.35	ANI95_cluster_00413	H05_bin.38	False	d__Bacteria;p__Bacteroidota;c__Bacteroidia;o__Bacteroidales;f__Tannerellaceae;g__Parabacteroides;s__Parabacteroides distasonis	Bacteria	Bacteroidota	Bacteroidia	Bacteroidales	Tannerellaceae	Parabacteroides	Parabacteroides distasonis	91.42	0.0	4143377	169	35768	45.271068	3445	51.0	0.7846153846	0.01460053303	0.007861057	0.011115601	0.06293077	0.9490346469	51.0	0.2210159014
D05_bin.36	ANI95_cluster_00083	B04_bin.18	False	d__Bacteria;p__Bacteroidota;c__Bacteroidia;o__Bacteroidales;f__Rikenellaceae;g__Alistipes;s__Alistipes onderdonkii	Bacteria	Bacteroidota	Bacteroidia	Bacteroidales	Rikenellaceae	Alistipes	Alistipes onderdonkii	92.53	1.12	2646287	65	59495	59.417214	2190	56.0	0.8615384615	0.1152460535	0.028489228	0.04577473	0.8926618	7.490993476	56.0	0.5072710414
D05_bin.39	ANI95_cluster_00205	D05_bin.39	True	d__Bacteria;p__Bacillota;c__Clostridia;o__Lachnospirales;f__Lachnospiraceae;g__Allocoprococcus;s__Allocoprococcus comes	Bacteria	Bacillota	Clostridia	Lachnospirales	Lachnospiraceae	Allocoprococcus	Allocoprococcus comes	92.28	4.68	2643780	95	70233	42.838663	2501	63.0	0.9692307692	0.1187015136	0.07623904	0.08137965	0.5979212	7.715598387	63.0	0.6514267957
D05_bin.4	ANI95_cluster_00143	C03_bin.49	False	d__Bacteria;p__Actinomycetota;c__Actinomycetes;o__Actinomycetales;f__Bifidobacteriaceae;g__Bifidobacterium;s__Bifidobacterium longum	Bacteria	Actinomycetota	Actinomycetes	Actinomycetales	Bifidobacteriaceae	Bifidobacterium	Bifidobacterium longum	95.21	0.58	2008039	75	45002	60.171690	1709	53.0	0.8153846154	0.02216836274	0.013043583	0.015977958	0.20445351	1.440943578	53.0	0.3149812783
D05_bin.45	ANI95_cluster_00303	F07_bin.100	False	d__Bacteria;p__Cyanobacteriota;c__Vampirovibrionia;o__Gastranaerophilales;f__Gastranaerophilaceae;g__Scatenecus;s__Scatenecus faecavium	Bacteria	Cyanobacteriota	Vampirovibrionia	Gastranaerophilales	Gastranaerophilaceae	Scatenecus	Scatenecus faecavium	81.09	5.13	1909114	376	6758	37.175988	2138	5.0	0.07692307692	0.01223864178	0.0	0.11513378	0.45498413	0.7955117154	5.0	0.04733662538
D05_bin.46	ANI95_cluster_00191	D01_bin.36	False	d__Bacteria;p__Bacillota;c__Clostridia;o__Oscillospirales;f__Butyricicoccaceae;g__Agathobaculum;s__Agathobaculum butyriciproducens	Bacteria	Bacillota	Clostridia	Oscillospirales	Butyricicoccaceae	Agathobaculum	Agathobaculum butyriciproducens	94.3	5.2	2165625	323	8800	55.801720	2181	54.0	0.8307692308	0.01974566352	0.015981864	0.017441589	0.13531989	1.283468129	54.0	0.2534610354
D05_bin.47	ANI95_cluster_00359	G07_bin.36	False	d__Bacteria;p__Cyanobacteriota;c__Vampirovibrionia;o__Gastranaerophilales;f__Gastranaerophilaceae;g__Zag111;s__Zag111 sp002102825	Bacteria	Cyanobacteriota	Vampirovibrionia	Gastranaerophilales	Gastranaerophilaceae	Zag111	Zag111 sp002102825	88.79	4.13	1898371	109	30113	32.136553	1941	4.0	0.06153846154	0.004377200738	0.0	0.051108718	0.1765618	0.284518048	4.0	0.03498281938
D05_bin.53	ANI95_cluster_00217	D07_bin.25	False	d__Bacteria;p__Actinomycetota;c__Coriobacteriia;o__Coriobacteriales;f__Eggerthellaceae;g__Adlercreutzia;s__Adlercreutzia rubneri	Bacteria	Actinomycetota	Coriobacteriia	Coriobacteriales	Eggerthellaceae	Adlercreutzia	Adlercreutzia rubneri	95.25	1.4	2521463	187	23784	63.579002	2247	41.0	0.6307692308	0.01407192355	0.0049579595	0.009437303	0.14061993	0.9146750307	41.0	0.1724266355
D05_bin.59	ANI95_cluster_00206	D05_bin.59	True	d__Bacteria;p__Bacillota;c__Clostridia;o__Lachnospirales;f__Anaerotignaceae;g__Anaerotignum;s__Anaerotignum sp958420075	Bacteria	Bacillota	Clostridia	Lachnospirales	Anaerotignaceae	Anaerotignum	Anaerotignum sp958420075	91.61	0.67	2575096	108	36873	45.276331	2517	1.0	0.01538461538	0.003720140923	0.0	0.24180916	0.24180916	0.24180916	1.0	0.01537063492
D05_bin.61	ANI95_cluster_00138	C02_bin.12	False	d__Bacteria;p__Bacteroidota;c__Bacteroidia;o__Bacteroidales;f__Bacteroidaceae;g__Prevotella;s__Prevotella copri_B	Bacteria	Bacteroidota	Bacteroidia	Bacteroidales	Bacteroidaceae	Prevotella	Prevotella copri_B	83.78	1.18	2612207	72	59008	45.638190	2192	15.0	0.2307692308	0.3446559314	0.0	1.5191302	6.1487813	22.40263554	15.0	0.1538386629
D05_bin.64	ANI95_cluster_00173	C07_bin.25	False	d__Bacteria;p__Bacillota;c__Clostridia;o__Lachnospirales;f__Lachnospiraceae;g__Anaerobutyricum;s__Anaerobutyricum hallii	Bacteria	Bacillota	Clostridia	Lachnospirales	Lachnospiraceae	Anaerobutyricum	Anaerobutyricum hallii	89.26	7.49	3437392	197	31302	37.934515	3124	58.0	0.8923076923	0.03424788887	0.018524937	0.0216930765	0.7139426	2.226112777	58.0	0.3177762938
D05_bin.66	ANI95_cluster_00207	D05_bin.66	True	d__Bacteria;p__Bacillota_I;c__Bacilli_A;o__Erysipelotrichales;f__Coprobacillaceae;g__Faecalibacillus;s__Faecalibacillus faecis	Bacteria	Bacillota_I	Bacilli_A	Erysipelotrichales	Coprobacillaceae	Faecalibacillus	Faecalibacillus faecis	91.82	0.0	2130086	66	50713	30.011699	2244	46.0	0.7076923077	0.02637208313	0.007834793	0.0118964595	0.7560266	1.714185404	46.0	0.2152518157
D05_bin.67	ANI95_cluster_00155	C05_bin.117	False	d__Bacteria;p__Bacillota;c__Clostridia;o__Lachnospirales;f__Lachnospiraceae;g__Gallintestinimicrobium;s__Gallintestinimicrobium propionicum	Bacteria	Bacillota	Clostridia	Lachnospirales	Lachnospiraceae	Gallintestinimicrobium	Gallintestinimicrobium propionicum	92.84	2.47	2566780	299	11331	49.115312	2459	46.0	0.7076923077	0.01517764064	0.0076824278	0.011965346	0.13815078	0.9865466418	46.0	0.1867670678
D05_bin.70	ANI95_cluster_00034	A06_bin.107	False	d__Bacteria;p__Bacteroidota;c__Bacteroidia;o__Bacteroidales;f__Marinifilaceae;g__Odoribacter;s__Odoribacter splanchnicus	Bacteria	Bacteroidota	Bacteroidia	Bacteroidales	Marinifilaceae	Odoribacter	Odoribacter splanchnicus	99.07	0.0	4089073	64	111936	43.595480	3354	51.0	0.7846153846	0.009949751805	0.006920419	0.009941411	0.048599135	0.6467338673	51.0	0.221502012
D05_bin.72	ANI95_cluster_00208	D05_bin.72	True	d__Bacteria;p__Bacillota;c__Clostridia;o__Peptostreptococcales;f__Anaerovoracaceae;g__Alangreenwoodia;s__Alangreenwoodia sp905206455	Bacteria	Bacillota	Clostridia	Peptostreptococcales	Anaerovoracaceae	Alangreenwoodia	Alangreenwoodia sp905206455	91.16	2.13	2231843	293	10199	49.947913	2080	40.0	0.6153846154	0.01848701792	0.0073924917	0.019962021	0.18006296	1.201656165	40.0	0.2636934385
D05_bin.78	ANI95_cluster_00209	D05_bin.78	True	d__Bacteria;p__Bacillota;c__Clostridia;o__Christensenellales;f__Aristaeellaceae;g__Limiplasma;s__Limiplasma merdipullorum	Bacteria	Bacillota	Clostridia	Christensenellales	Aristaeellaceae	Limiplasma	Limiplasma merdipullorum	98.79	0.27	2964440	150	36055	61.201643	2760	17.0	0.2615384615	0.00768472798	0.0	0.014692096	0.23788956	0.4995073187	17.0	0.07711612446
D05_bin.82	ANI95_cluster_00210	D05_bin.82	True	d__Bacteria;p__Bacillota;c__Clostridia;o__Oscillospirales;f__Acutalibacteraceae;g__Eubacterium_R;s__Eubacterium_R sp003526845	Bacteria	Bacillota	Clostridia	Oscillospirales	Acutalibacteraceae	Eubacterium_R	Eubacterium_R sp003526845	97.32	0.0	1889780	15	166972	42.031877	1719	3.0	0.04615384615	0.008404467846	0.0	0.09167426	0.40501693	0.54629041	3.0	0.04037358
D05_bin.84	ANI95_cluster_00211	D05_bin.84	True	d__Bacteria;p__Bacillota;c__Clostridia;o__Oscillospirales;f__Ruminococcaceae;g__Negativibacillus;s__Negativibacillus sp000435195	Bacteria	Bacillota	Clostridia	Oscillospirales	Ruminococcaceae	Negativibacillus	Negativibacillus sp000435195	87.27	1.01	1876644	109	28756	52.446388	1861	18.0	0.2769230769	0.01364933882	0.0	0.034521095	0.22474493	0.8872070235	18.0	0.1557715205
D05_bin.91	ANI95_cluster_00021	A04_bin.93	False	d__Bacteria;p__Bacillota;c__Clostridia;o__Oscillospirales;f__Ruminococcaceae;g__Gemmiger;s__Gemmiger qucibialis	Bacteria	Bacillota	Clostridia	Oscillospirales	Ruminococcaceae	Gemmiger	Gemmiger qucibialis	92.76	1.02	2342281	304	10707	56.425894	2089	48.0	0.7384615385	0.01440577032	0.009491461	0.014228323	0.088480085	0.9363750706	48.0	0.2107146595
D05_bin.96	ANI95_cluster_00420	H06_bin.64	False	d__Bacteria;p__Bacillota;c__Clostridia;o__Oscillospirales;f__Ruminococcaceae;g__Ruminiclostridium_E;s__Ruminiclostridium_E siraeum	Bacteria	Bacillota	Clostridia	Oscillospirales	Ruminococcaceae	Ruminiclostridium_E	Ruminiclostridium_E siraeum	94.3	0.67	2405660	63	53262	45.110115	2129	16.0	0.2461538462	0.01333122455	0.0	0.0162036935	0.4130956	0.866529596	16.0	0.06956234062
D05_bin.97	ANI95_cluster_00066	B02_bin.41	False	d__Bacteria;p__Bacillota;c__Clostridia;o__Lachnospirales;f__Lachnospiraceae;g__Dorea_A;s__Dorea_A longicatena	Bacteria	Bacillota	Clostridia	Lachnospirales	Lachnospiraceae	Dorea_A	Dorea_A longicatena	82.57	1.96	2327788	113	37873	41.836327	2188	58.0	0.8923076923	0.03907476067	0.018316278	0.019681764	0.94636977	2.539859444	58.0	0.3459198854
D05_bin.98	ANI95_cluster_00283	F02_bin.66	False	d__Bacteria;p__Bacteroidota;c__Bacteroidia;o__Bacteroidales;f__Rikenellaceae;g__Tidjanibacter;s__Tidjanibacter inops	Bacteria	Bacteroidota	Bacteroidia	Bacteroidales	Rikenellaceae	Tidjanibacter	Tidjanibacter inops	98.28	6.9	2230544	26	113138	56.692179	1903	32.0	0.4923076923	0.02845057534	0.0	0.0301969285	0.2571045	1.849287397	32.0	0.2561252744
D06_bin.1	ANI95_cluster_00191	D01_bin.36	False	d__Bacteria;p__Bacillota;c__Clostridia;o__Oscillospirales;f__Butyricicoccaceae;g__Agathobaculum;s__Agathobaculum butyriciproducens	Bacteria	Bacillota	Clostridia	Oscillospirales	Butyricicoccaceae	Agathobaculum	Agathobaculum butyriciproducens	91.19	2.01	2137815	263	11381	55.821622	2074	53.0	0.8153846154	0.02164962054	0.011539105	0.013630569	0.32608545	1.407225335	53.0	0.24850665
D06_bin.12	ANI95_cluster_00169	C06_bin.11	False	d__Bacteria;p__Bacillota;c__Clostridia;o__Lachnospirales;f__Lachnospiraceae;g__Anthropogastromicrobium;s__Anthropogastromicrobium aceti	Bacteria	Bacillota	Clostridia	Lachnospirales	Lachnospiraceae	Anthropogastromicrobium	Anthropogastromicrobium aceti	95.25	2.66	3340225	158	41666	41.224858	2895	51.0	0.7846153846	0.01563781106	0.011244112	0.013596771	0.20527135	1.016457719	51.0	0.2155012778
D06_bin.17	ANI95_cluster_00283	F02_bin.66	False	d__Bacteria;p__Bacteroidota;c__Bacteroidia;o__Bacteroidales;f__Rikenellaceae;g__Tidjanibacter;s__Tidjanibacter inops	Bacteria	Bacteroidota	Bacteroidia	Bacteroidales	Rikenellaceae	Tidjanibacter	Tidjanibacter inops	97.28	0.48	2213501	28	137847	56.353758	1886	31.0	0.4769230769	0.03720081612	0.0	0.0333738	1.0952804	2.418053048	31.0	0.223568803
D06_bin.21	ANI95_cluster_00424	H07_bin.23	False	d__Bacteria;p__Bacillota;c__Clostridia;o__Oscillospirales;f__Ruminococcaceae;g__Faecalibacterium;s__Faecalibacterium longum	Bacteria	Bacillota	Clostridia	Oscillospirales	Ruminococcaceae	Faecalibacterium	Faecalibacterium longum	80.49	1.19	1915073	167	16218	60.268982	1842	57.0	0.8769230769	0.03082407187	0.018323375	0.02088628	0.2821843	2.003564671	57.0	0.2876094982
D06_bin.25	ANI95_cluster_00212	D06_bin.25	True	d__Bacteria;p__Bacillota;c__Clostridia;o__Oscillospirales;f__Ruminococcaceae;g__CAG-115;s__CAG-115 sp003531585	Bacteria	Bacillota	Clostridia	Oscillospirales	Ruminococcaceae	CAG-115	CAG-115 sp003531585	95.97	0.0	2380026	71	54609	53.628574	2141	28.0	0.4307692308	0.02291235981	0.0	0.0154497825	0.42318654	1.489303388	28.0	0.1463566686
D06_bin.26	ANI95_cluster_00083	B04_bin.18	False	d__Bacteria;p__Bacteroidota;c__Bacteroidia;o__Bacteroidales;f__Rikenellaceae;g__Alistipes;s__Alistipes onderdonkii	Bacteria	Bacteroidota	Bacteroidia	Bacteroidales	Rikenellaceae	Alistipes	Alistipes onderdonkii	95.98	0.48	3176963	29	158697	58.281510	2638	58.0	0.8923076923	0.2652336625	0.17850953	0.194911445	1.9197878	17.24018807	58.0	0.4184792763
D06_bin.33	ANI95_cluster_00415	H05_bin.43	False	d__Bacteria;p__Bacillota;c__Clostridia;o__Lachnospirales;f__Lachnospiraceae;g__Roseburia;s__Roseburia rectalis	Bacteria	Bacillota	Clostridia	Lachnospirales	Lachnospiraceae	Roseburia	Roseburia rectalis	95.47	0.0	2580255	43	90227	42.162112	2489	46.0	0.7076923077	0.03386471155	0.008481752	0.0162282085	0.6991271	2.201206251	46.0	0.1892864795
D06_bin.37	ANI95_cluster_00355	G06_bin.24	False	d__Bacteria;p__Bacillota;c__Clostridia;o__Oscillospirales;f__Oscillospiraceae;g__CAG-170;s__CAG-170 sp000432135	Bacteria	Bacillota	Clostridia	Oscillospirales	Oscillospiraceae	CAG-170	CAG-170 sp000432135	84.56	1.68	2164118	59	57042	58.972200	1949	37.0	0.5692307692	0.02830423442	0.008093136	0.021383282	0.45965052	1.839775237	37.0	0.2229991078
D06_bin.38	ANI95_cluster_00213	D06_bin.38	True	d__Bacteria;p__Bacillota;c__Clostridia;o__Oscillospirales;f__Oscillospiraceae;g__Faecousia;s__Faecousia sp000435995	Bacteria	Bacillota	Clostridia	Oscillospirales	Oscillospiraceae	Faecousia	Faecousia sp000435995	97.09	2.03	2818377	109	46711	57.209593	2383	22.0	0.3384615385	0.01937390905	0.0	0.0270819395	0.39396426	1.259304088	22.0	0.1826102418
D06_bin.39	ANI95_cluster_00086	B04_bin.53	False	d__Bacteria;p__Bacillota;c__Clostridia;o__Oscillospirales;f__Oscillospiraceae;g__Lawsonibacter;s__Lawsonibacter asaccharolyticus	Bacteria	Bacillota	Clostridia	Oscillospirales	Oscillospiraceae	Lawsonibacter	Lawsonibacter asaccharolyticus	94.63	2.01	2365054	124	29983	62.202216	2286	52.0	0.8	0.01742763595	0.010716221	0.012134392	0.2431668	1.132796336	52.0	0.2569140035
D06_bin.4	ANI95_cluster_00193	D01_bin.64	False	d__Bacteria;p__Bacteroidota;c__Bacteroidia;o__Bacteroidales;f__Bacteroidaceae;g__Bacteroides;s__Bacteroides uniformis	Bacteria	Bacteroidota	Bacteroidia	Bacteroidales	Bacteroidaceae	Bacteroides	Bacteroides uniformis	94.97	1.43	4111968	43	144807	46.705422	3361	62.0	0.9538461538	0.1403890341	0.0912927	0.11027177	0.5733756	9.125287214	62.0	0.5583880222
D06_bin.42	ANI95_cluster_00209	D05_bin.78	False	d__Bacteria;p__Bacillota;c__Clostridia;o__Christensenellales;f__Aristaeellaceae;g__Limiplasma;s__Limiplasma merdipullorum	Bacteria	Bacillota	Clostridia	Christensenellales	Aristaeellaceae	Limiplasma	Limiplasma merdipullorum	97.18	1.13	3016343	289	16305	61.388808	2841	16.0	0.2461538462	0.007418662185	0.0	0.0146465115	0.20415859	0.482213042	16.0	0.08323692132
D06_bin.47	ANI95_cluster_00380	H01_bin.87	False	d__Bacteria;p__Bacillota;c__Clostridia;o__Lachnospirales;f__Lachnospiraceae;g__Acetatifactor;s__Acetatifactor intestinalis	Bacteria	Bacillota	Clostridia	Lachnospirales	Lachnospiraceae	Acetatifactor	Acetatifactor intestinalis	92.14	5.88	3053922	158	35455	46.615107	2856	39.0	0.6	0.04246226911	0.0098106675	0.019532604	0.9248207	2.760047492	39.0	0.1989332344
D06_bin.48	ANI95_cluster_00344	G04_bin.90	False	d__Bacteria;p__Bacteroidota;c__Bacteroidia;o__Bacteroidales;f__Bacteroidaceae;g__Bacteroides;s__Bacteroides stercoris	Bacteria	Bacteroidota	Bacteroidia	Bacteroidales	Bacteroidaceae	Bacteroides	Bacteroides stercoris	81.38	0.0	3421054	70	80878	46.209911	2906	22.0	0.3384615385	0.4143352591	0.0	0.38053517	5.934964	26.93179184	22.0	0.2425009875
D06_bin.49	ANI95_cluster_00302	F06_bin.75	False	d__Bacteria;p__Bacillota;c__Clostridia;o__Oscillospirales;f__Oscillospiraceae;g__Hominicoprocola;s__Hominicoprocola fusiformis	Bacteria	Bacillota	Clostridia	Oscillospirales	Oscillospiraceae	Hominicoprocola	Hominicoprocola fusiformis	80.7	0.76	1759074	52	51452	58.881889	1721	48.0	0.7384615385	0.03380271384	0.013107675	0.0199423775	1.0272695	2.1971764	48.0	0.1745705902
D06_bin.55	ANI95_cluster_00203	D05_bin.12	False	d__Bacteria;p__Bacillota;c__Clostridia;o__Oscillospirales;f__Oscillospiraceae;g__Scatomorpha;s__Scatomorpha sp900545405	Bacteria	Bacillota	Clostridia	Oscillospirales	Oscillospiraceae	Scatomorpha	Scatomorpha sp900545405	91.93	8.11	2599949	101	49538	62.704422	2464	22.0	0.3384615385	0.02771585547	0.0	0.023301328	0.7391637	1.801530605	22.0	0.1427912018
D06_bin.56	ANI95_cluster_00021	A04_bin.93	False	d__Bacteria;p__Bacillota;c__Clostridia;o__Oscillospirales;f__Ruminococcaceae;g__Gemmiger;s__Gemmiger qucibialis	Bacteria	Bacillota	Clostridia	Oscillospirales	Ruminococcaceae	Gemmiger	Gemmiger qucibialis	97.28	1.36	2535766	231	14908	56.451108	2155	50.0	0.7692307692	0.01539580993	0.009159277	0.0130277535	0.19247131	1.000727645	50.0	0.217611144
D06_bin.58	ANI95_cluster_00214	D06_bin.58	True	d__Bacteria;p__Bacillota;c__Clostridia;o__Oscillospirales;f__Oscillospiraceae;g__Scatomorpha;s__Scatomorpha intestinigallinarum	Bacteria	Bacillota	Clostridia	Oscillospirales	Oscillospiraceae	Scatomorpha	Scatomorpha intestinigallinarum	86.62	1.16	2147099	209	13275	63.125734	2085	13.0	0.2	0.01308768593	0.0	0.011134519	0.49832392	0.8506995855	13.0	0.08240565098
D06_bin.59	ANI95_cluster_00155	C05_bin.117	False	d__Bacteria;p__Bacillota;c__Clostridia;o__Lachnospirales;f__Lachnospiraceae;g__Gallintestinimicrobium;s__Gallintestinimicrobium propionicum	Bacteria	Bacillota	Clostridia	Lachnospirales	Lachnospiraceae	Gallintestinimicrobium	Gallintestinimicrobium propionicum	98.85	0.57	2784026	83	57406	48.638842	2454	39.0	0.6	0.01697255029	0.006841955	0.01171726	0.2812165	1.103215769	39.0	0.1637764932
D06_bin.61	ANI95_cluster_00133	B09_bin.61	False	d__Bacteria;p__Bacillota;c__Clostridia;o__Oscillospirales;f__Ruminococcaceae;g__Hominimerdicola;s__Hominimerdicola aceti	Bacteria	Bacillota	Clostridia	Oscillospirales	Ruminococcaceae	Hominimerdicola	Hominimerdicola aceti	83.56	0.0	2211006	37	74971	43.651532	2021	37.0	0.5692307692	0.02235154849	0.005515639	0.011281558	0.36932042	1.452850652	37.0	0.1483125853
D06_bin.65	ANI95_cluster_00358	G07_bin.107	False	d__Bacteria;p__Bacillota;c__Clostridia;o__Lachnospirales;f__Lachnospiraceae;g__Roseburia;s__Roseburia faecis	Bacteria	Bacillota	Clostridia	Lachnospirales	Lachnospiraceae	Roseburia	Roseburia faecis	95.89	2.66	3027781	107	54651	43.327936	2933	42.0	0.6461538462	0.04110938028	0.015044684	0.030135234	0.9497771	2.672109718	42.0	0.2362793239
D06_bin.7	ANI95_cluster_00044	A07_bin.65	False	d__Bacteria;p__Bacteroidota;c__Bacteroidia;o__Bacteroidales;f__Barnesiellaceae;g__Barnesiella;s__Barnesiella intestinihominis	Bacteria	Bacteroidota	Bacteroidia	Bacteroidales	Barnesiellaceae	Barnesiella	Barnesiella intestinihominis	83.03	0.0	2352069	440	7261	44.343129	2144	44.0	0.6769230769	0.04592871762	0.04100042	0.0645865775	0.1558663	2.985366645	44.0	0.3024725756
D06_bin.71	ANI95_cluster_00286	F03_bin.13	False	d__Bacteria;p__Bacteroidota;c__Bacteroidia;o__Bacteroidales;f__Rikenellaceae;g__Alistipes;s__Alistipes finegoldii	Bacteria	Bacteroidota	Bacteroidia	Bacteroidales	Rikenellaceae	Alistipes	Alistipes finegoldii	96.95	1.2	3070391	196	23244	59.314400	2610	43.0	0.6615384615	0.05200541915	0.010305129	0.02653152	1.3026289	3.380352245	43.0	0.2175294543
D06_bin.8	ANI95_cluster_00310	F07_bin.6	False	d__Bacteria;p__Bacillota;c__Clostridia;o__Oscillospirales;f__Acutalibacteraceae;g__CAG-217;s__CAG-217 sp000436335	Bacteria	Bacillota	Clostridia	Oscillospirales	Acutalibacteraceae	CAG-217	CAG-217 sp000436335	97.32	0.34	2024922	10	246452	53.355635	1871	16.0	0.2461538462	0.02108232748	0.0	0.0284149255	0.82185316	1.370351286	16.0	0.10254384
D06_bin.80	ANI95_cluster_00215	D06_bin.80	True	d__Bacteria;p__Bacillota;c__Clostridia;o__Christensenellales;f__CAG-138;g__SFEL01;s__SFEL01 sp004557245	Bacteria	Bacillota	Clostridia	Christensenellales	CAG-138	SFEL01	SFEL01 sp004557245	99.19	1.08	1781490	66	42218	53.538499	1697	19.0	0.2923076923	0.009942681698	0.0	0.016976096	0.2656549	0.6462743104	19.0	0.1008767931
D06_bin.82	ANI95_cluster_00406	H04_bin.57	False	d__Bacteria;p__Bacillota;c__Clostridia;o__Oscillospirales;f__Ruminococcaceae;g__Gemmiger;s__Gemmiger formicilis	Bacteria	Bacillota	Clostridia	Oscillospirales	Ruminococcaceae	Gemmiger	Gemmiger formicilis	91.61	0.0	2237500	92	39667	60.792268	1959	50.0	0.7692307692	0.02029564546	0.008800206	0.0138922605	0.34405115	1.319216955	50.0	0.1917463795
D06_bin.88	ANI95_cluster_00018	A03_bin.68	False	d__Bacteria;p__Bacillota;c__Clostridia;o__Lachnospirales;f__Lachnospiraceae;g__Roseburia;s__Roseburia hominis	Bacteria	Bacillota	Clostridia	Lachnospirales	Lachnospiraceae	Roseburia	Roseburia hominis	97.99	0.72	2925494	54	125520	49.369235	2627	36.0	0.5538461538	0.02108886206	0.0041633183	0.011462029	0.28219205	1.370776034	36.0	0.1840014822
D06_bin.89	ANI95_cluster_00280	F02_bin.31	False	d__Bacteria;p__Verrucomicrobiota;c__Verrucomicrobiia;o__Verrucomicrobiales;f__Akkermansiaceae;g__Akkermansia;s__Akkermansia massiliensis	Bacteria	Verrucomicrobiota	Verrucomicrobiia	Verrucomicrobiales	Akkermansiaceae	Akkermansia	Akkermansia massiliensis	97.96	1.36	3141953	32	140187	57.736032	2619	12.0	0.1846153846	0.02722535992	0.0	0.1269373725	0.35651746	1.769648395	12.0	0.1558922212
D06_bin.94	ANI95_cluster_00143	C03_bin.49	False	d__Bacteria;p__Actinomycetota;c__Actinomycetes;o__Actinomycetales;f__Bifidobacteriaceae;g__Bifidobacterium;s__Bifidobacterium longum	Bacteria	Actinomycetota	Actinomycetes	Actinomycetales	Bifidobacteriaceae	Bifidobacterium	Bifidobacterium longum	92.84	2.04	2209992	79	40372	60.216372	1890	54.0	0.8307692308	0.0275313688	0.01682512	0.020977772	0.1863643	1.789538972	54.0	0.3032428111
D06_bin.95	ANI95_cluster_00216	D06_bin.95	True	d__Bacteria;p__Actinomycetota;c__Coriobacteriia;o__Coriobacteriales;f__Eggerthellaceae;g__Anaerotardibacter;s__Anaerotardibacter sp958409415	Bacteria	Actinomycetota	Coriobacteriia	Coriobacteriales	Eggerthellaceae	Anaerotardibacter	Anaerotardibacter sp958409415	100.0	0.12	1713741	16	243973	54.482095	1500	11.0	0.1692307692	0.02164069371	0.0	0.020441407	1.065131	1.406645091	11.0	0.05667089169
D07_bin.15	ANI95_cluster_00302	F06_bin.75	False	d__Bacteria;p__Bacillota;c__Clostridia;o__Oscillospirales;f__Oscillospiraceae;g__Hominicoprocola;s__Hominicoprocola fusiformis	Bacteria	Bacillota	Clostridia	Oscillospirales	Oscillospiraceae	Hominicoprocola	Hominicoprocola fusiformis	92.95	3.38	2229361	38	92603	58.349904	2175	48.0	0.7384615385	0.04848593218	0.015959674	0.0215909485	0.9503817	3.151585592	48.0	0.2391397765
D07_bin.19	ANI95_cluster_00086	B04_bin.53	False	d__Bacteria;p__Bacillota;c__Clostridia;o__Oscillospirales;f__Oscillospiraceae;g__Lawsonibacter;s__Lawsonibacter asaccharolyticus	Bacteria	Bacillota	Clostridia	Oscillospirales	Oscillospiraceae	Lawsonibacter	Lawsonibacter asaccharolyticus	85.87	7.16	2282946	292	11443	62.443045	2333	55.0	0.8461538462	0.01764171173	0.011932646	0.013362748	0.08330402	1.146711262	55.0	0.2998533185
D07_bin.2	ANI95_cluster_00290	F03_bin.40	False	d__Bacteria;p__Bacillota;c__Clostridia;o__Lachnospirales;f__Lachnospiraceae;g__Blautia_A;s__Blautia_A wexlerae	Bacteria	Bacillota	Clostridia	Lachnospirales	Lachnospiraceae	Blautia_A	Blautia_A wexlerae	96.65	3.7	3660976	430	13920	41.629636	3542	62.0	0.9538461538	0.04806435778	0.030481081	0.0307578165	0.2670014	3.124183256	62.0	0.408972982
D07_bin.24	ANI95_cluster_00169	C06_bin.11	False	d__Bacteria;p__Bacillota;c__Clostridia;o__Lachnospirales;f__Lachnospiraceae;g__Anthropogastromicrobium;s__Anthropogastromicrobium aceti	Bacteria	Bacillota	Clostridia	Lachnospirales	Lachnospiraceae	Anthropogastromicrobium	Anthropogastromicrobium aceti	93.59	3.24	2656385	268	15122	41.602742	2416	49.0	0.7538461538	0.01204318677	0.008561456	0.0101227695	0.15190274	0.78280714	49.0	0.1974257226
D07_bin.25	ANI95_cluster_00217	D07_bin.25	True	d__Bacteria;p__Actinomycetota;c__Coriobacteriia;o__Coriobacteriales;f__Eggerthellaceae;g__Adlercreutzia;s__Adlercreutzia rubneri	Bacteria	Actinomycetota	Coriobacteriia	Coriobacteriales	Eggerthellaceae	Adlercreutzia	Adlercreutzia rubneri	99.19	0.0	2719949	107	42881	63.202251	2341	44.0	0.6769230769	0.01944663589	0.0064184153	0.010775331	0.294787	1.264031333	44.0	0.201055048
D07_bin.27	ANI95_cluster_00406	H04_bin.57	False	d__Bacteria;p__Bacillota;c__Clostridia;o__Oscillospirales;f__Ruminococcaceae;g__Gemmiger;s__Gemmiger formicilis	Bacteria	Bacillota	Clostridia	Oscillospirales	Ruminococcaceae	Gemmiger	Gemmiger formicilis	90.82	0.85	2249545	93	38718	60.559891	1979	50.0	0.7692307692	0.02131512667	0.008213145	0.014447596	0.25188568	1.385483234	50.0	0.2128625046
D07_bin.29	ANI95_cluster_00133	B09_bin.61	False	d__Bacteria;p__Bacillota;c__Clostridia;o__Oscillospirales;f__Ruminococcaceae;g__Hominimerdicola;s__Hominimerdicola aceti	Bacteria	Bacillota	Clostridia	Oscillospirales	Ruminococcaceae	Hominimerdicola	Hominimerdicola aceti	94.25	1.03	2353239	323	10587	43.396357	2385	36.0	0.5538461538	0.01495095212	0.0062340894	0.012796887	0.16694108	0.971811888	35.0	0.1365773269
D07_bin.3	ANI95_cluster_00155	C05_bin.117	False	d__Bacteria;p__Bacillota;c__Clostridia;o__Lachnospirales;f__Lachnospiraceae;g__Gallintestinimicrobium;s__Gallintestinimicrobium propionicum	Bacteria	Bacillota	Clostridia	Lachnospirales	Lachnospiraceae	Gallintestinimicrobium	Gallintestinimicrobium propionicum	95.9	3.03	2707344	261	15789	49.077546	2511	37.0	0.5692307692	0.01380822799	0.006777322	0.011256702	0.17220716	0.8975348194	37.0	0.1415963239
D07_bin.34	ANI95_cluster_00288	F03_bin.29	False	d__Bacteria;p__Bacteroidota;c__Bacteroidia;o__Bacteroidales;f__Bacteroidaceae;g__Bacteroides;s__Bacteroides cellulosilyticus	Bacteria	Bacteroidota	Bacteroidia	Bacteroidales	Bacteroidaceae	Bacteroides	Bacteroides cellulosilyticus	97.03	3.72	6806838	60	174429	42.487848	5190	37.0	0.5692307692	0.09112059497	0.010720916	0.09335518	2.0266767	5.922838673	37.0	0.3115874786
D07_bin.37	ANI95_cluster_00218	D07_bin.37	True	d__Bacteria;p__Bacillota;c__Clostridia;o__Lachnospirales;f__Lachnospiraceae;g__Mediterraneibacter;s__Mediterraneibacter faecigallinarum	Bacteria	Bacillota	Clostridia	Lachnospirales	Lachnospiraceae	Mediterraneibacter	Mediterraneibacter faecigallinarum	87.76	2.83	2581785	389	9126	51.631371	2550	1.0	0.01538461538	0.004399371077	0.0	0.28595912	0.28595912	0.28595912	1.0	0.01536030308
D07_bin.38	ANI95_cluster_00189	D01_bin.23	False	d__Bacteria;p__Bacillota;c__Clostridia;o__Lachnospirales;f__Lachnospiraceae;g__Anaerostipes;s__Anaerostipes hadrus	Bacteria	Bacillota	Clostridia	Lachnospirales	Lachnospiraceae	Anaerostipes	Anaerostipes hadrus	85.03	4.97	1996628	334	8056	37.823971	2112	59.0	0.9076923077	0.03916165431	0.015176674	0.015498569	0.45932248	2.54550753	59.0	0.3448714689
D07_bin.46	ANI95_cluster_00212	D06_bin.25	False	d__Bacteria;p__Bacillota;c__Clostridia;o__Oscillospirales;f__Ruminococcaceae;g__CAG-115;s__CAG-115 sp003531585	Bacteria	Bacillota	Clostridia	Oscillospirales	Ruminococcaceae	CAG-115	CAG-115 sp003531585	81.72	0.22	2307882	452	6110	53.769300	2429	28.0	0.4307692308	0.02251067316	0.0	0.0164142545	0.3940263	1.463193755	28.0	0.1486621056
D07_bin.49	ANI95_cluster_00177	C07_bin.89	False	d__Bacteria;p__Desulfobacterota;c__Desulfovibrionia;o__Desulfovibrionales;f__Desulfovibrionaceae;g__Bilophila;s__Bilophila wadsworthia	Bacteria	Desulfobacterota	Desulfovibrionia	Desulfovibrionales	Desulfovibrionaceae	Bilophila	Bilophila wadsworthia	98.22	0.0	4063003	206	36325	59.814674	3560	36.0	0.5538461538	0.01086674203	0.0048684087	0.011213884	0.255854	0.7063382321	36.0	0.1506972352
D07_bin.51	ANI95_cluster_00193	D01_bin.64	False	d__Bacteria;p__Bacteroidota;c__Bacteroidia;o__Bacteroidales;f__Bacteroidaceae;g__Bacteroides;s__Bacteroides uniformis	Bacteria	Bacteroidota	Bacteroidia	Bacteroidales	Bacteroidaceae	Bacteroides	Bacteroides uniformis	92.19	0.0	4320167	61	141174	46.648891	3719	63.0	0.9692307692	0.2791994866	0.17181928	0.17586142	2.4958153	18.14796663	63.0	0.6240678625
D07_bin.53	ANI95_cluster_00430	H07_bin.63	False	d__Bacteria;p__Bacteroidota;c__Bacteroidia;o__Bacteroidales;f__Bacteroidaceae;g__Bacteroides;s__Bacteroides thetaiotaomicron	Bacteria	Bacteroidota	Bacteroidia	Bacteroidales	Bacteroidaceae	Bacteroides	Bacteroides thetaiotaomicron	95.54	2.23	5887417	57	224299	43.046620	4606	57.0	0.8769230769	0.1762358601	0.055988897	0.06226841	5.979135	11.45533091	57.0	0.4603721731
D07_bin.55	ANI95_cluster_00358	G07_bin.107	False	d__Bacteria;p__Bacillota;c__Clostridia;o__Lachnospirales;f__Lachnospiraceae;g__Roseburia;s__Roseburia faecis	Bacteria	Bacillota	Clostridia	Lachnospirales	Lachnospiraceae	Roseburia	Roseburia faecis	99.94	5.38	3113676	67	96705	43.388329	2974	40.0	0.6153846154	0.04093520573	0.011249152	0.0270740155	0.91426307	2.660788372	40.0	0.2295283423
D07_bin.58	ANI95_cluster_00219	D07_bin.58	True	d__Bacteria;p__Bacillota;c__Clostridia;o__Oscillospirales;f__Ruminococcaceae;g__Negativibacillus;s__Negativibacillus faecipullorum	Bacteria	Bacillota	Clostridia	Oscillospirales	Ruminococcaceae	Negativibacillus	Negativibacillus faecipullorum	94.74	2.68	2427219	109	36526	56.779755	2330	23.0	0.3538461538	0.01782130876	0.0	0.022233728	0.47998148	1.158385069	23.0	0.1596055966
D07_bin.61	ANI95_cluster_00021	A04_bin.93	False	d__Bacteria;p__Bacillota;c__Clostridia;o__Oscillospirales;f__Ruminococcaceae;g__Gemmiger;s__Gemmiger qucibialis	Bacteria	Bacillota	Clostridia	Oscillospirales	Ruminococcaceae	Gemmiger	Gemmiger qucibialis	96.64	3.06	2634716	232	16445	56.035261	2243	51.0	0.7846153846	0.02314883801	0.011393451	0.016128609	0.4388316	1.50467447	51.0	0.2368523786
D07_bin.63	ANI95_cluster_00263	E06_bin.63	False	d__Bacteria;p__Bacillota;c__Clostridia;o__Lachnospirales;f__Lachnospiraceae;g__Eubacterium_F;s__Eubacterium_F sp003491505	Bacteria	Bacillota	Clostridia	Lachnospirales	Lachnospiraceae	Eubacterium_F	Eubacterium_F sp003491505	91.95	0.0	2371010	50	86730	40.962586	2191	40.0	0.6153846154	0.01679014765	0.006406204	0.016923522	0.27878913	1.091359597	40.0	0.1913207708
D07_bin.68	ANI95_cluster_00415	H05_bin.43	False	d__Bacteria;p__Bacillota;c__Clostridia;o__Lachnospirales;f__Lachnospiraceae;g__Roseburia;s__Roseburia rectalis	Bacteria	Bacillota	Clostridia	Lachnospirales	Lachnospiraceae	Roseburia	Roseburia rectalis	99.52	1.21	2456300	40	84732	42.001954	2254	45.0	0.6923076923	0.03025352621	0.007751226	0.013773433	0.34303102	1.966479204	45.0	0.2050573699
D07_bin.73	ANI95_cluster_00143	C03_bin.49	False	d__Bacteria;p__Actinomycetota;c__Actinomycetes;o__Actinomycetales;f__Bifidobacteriaceae;g__Bifidobacterium;s__Bifidobacterium longum	Bacteria	Actinomycetota	Actinomycetes	Actinomycetales	Bifidobacteriaceae	Bifidobacterium	Bifidobacterium longum	99.54	0.43	2225887	52	85152	60.283384	1828	54.0	0.8307692308	0.02363412198	0.012725399	0.0160236785	0.19940126	1.536217929	54.0	0.306161794
D07_bin.75	ANI95_cluster_00220	D07_bin.75	True	d__Bacteria;p__Bacillota;c__Clostridia;o__Lachnospirales;f__Lachnospiraceae;g__Blautia_A;s__Blautia_A fusiformis	Bacteria	Bacillota	Clostridia	Lachnospirales	Lachnospiraceae	Blautia_A	Blautia_A fusiformis	96.94	2.87	2665279	60	65576	44.970039	2377	59.0	0.9076923077	0.05422774159	0.021376882	0.025867049	0.4823565	3.524803203	59.0	0.3911497862
D08_bin.10	ANI95_cluster_00126	B08_bin.39	False	d__Bacteria;p__Bacillota;c__Clostridia;o__Oscillospirales;f__Oscillospiraceae;g__Vescimonas;s__Vescimonas sanitatis	Bacteria	Bacillota	Clostridia	Oscillospirales	Oscillospiraceae	Vescimonas	Vescimonas sanitatis	87.08	3.02	2092531	90	41412	59.795291	2010	28.0	0.4307692308	0.0678832157	0.0	0.050732234	1.054882	4.412409021	29.0	0.2054030191
D08_bin.101	ANI95_cluster_00193	D01_bin.64	False	d__Bacteria;p__Bacteroidota;c__Bacteroidia;o__Bacteroidales;f__Bacteroidaceae;g__Bacteroides;s__Bacteroides uniformis	Bacteria	Bacteroidota	Bacteroidia	Bacteroidales	Bacteroidaceae	Bacteroides	Bacteroides uniformis	89.2	4.89	3221410	291	17482	47.738009	2826	63.0	0.9692307692	0.1561843934	0.12001259	0.1352656	0.62227196	10.15198557	63.0	0.6378844655
D08_bin.102	ANI95_cluster_00221	D08_bin.102	True	d__Bacteria;p__Pseudomonadota;c__Gammaproteobacteria;o__Burkholderiales;f__Burkholderiaceae_F;g__Sutterella;s__Sutterella wadsworthensis_A	Bacteria	Pseudomonadota	Gammaproteobacteria	Burkholderiales	Burkholderiaceae_F	Sutterella	Sutterella wadsworthensis_A	94.41	0.0	2222876	63	65320	62.795181	1954	15.0	0.2307692308	0.04181969888	0.0	0.04387398	0.6418827	2.718280427	15.0	0.1509700123
D08_bin.103	ANI95_cluster_00182	C08_bin.48	False	d__Bacteria;p__Bacillota;c__Clostridia;o__Lachnospirales;f__Lachnospiraceae;g__COE1;s__COE1 sp001916965	Bacteria	Bacillota	Clostridia	Lachnospirales	Lachnospiraceae	COE1	COE1 sp001916965	80.92	1.2	2902051	64	61243	41.691135	2632	14.0	0.2153846154	0.01559331555	0.0	0.025516971	0.6258886	1.01356551	14.0	0.09707434738
D08_bin.17	ANI95_cluster_00155	C05_bin.117	False	d__Bacteria;p__Bacillota;c__Clostridia;o__Lachnospirales;f__Lachnospiraceae;g__Gallintestinimicrobium;s__Gallintestinimicrobium propionicum	Bacteria	Bacillota	Clostridia	Lachnospirales	Lachnospiraceae	Gallintestinimicrobium	Gallintestinimicrobium propionicum	96.93	0.82	2945965	88	71331	48.464086	2665	48.0	0.7384615385	0.02422560377	0.013199045	0.0200801425	0.2630854	1.574664245	48.0	0.2041874222
D08_bin.19	ANI95_cluster_00089	B05_bin.112	False	d__Bacteria;p__Bacillota;c__Negativicutes;o__Acidaminococcales;f__Acidaminococcaceae;g__Phascolarctobacterium_A;s__Phascolarctobacterium_A succinatutens_B	Bacteria	Bacillota	Negativicutes	Acidaminococcales	Acidaminococcaceae	Phascolarctobacterium_A	Phascolarctobacterium_A succinatutens_B	86.94	0.9	1871365	367	6381	47.902788	1999	5.0	0.07692307692	0.004160107354	0.0	0.014650494	0.19683647	0.270406978	5.0	0.02634136492
D08_bin.2	ANI95_cluster_00128	B08_bin.66	False	d__Bacteria;p__Bacteroidota;c__Bacteroidia;o__Bacteroidales;f__Rikenellaceae;g__Alistipes;s__Alistipes communis	Bacteria	Bacteroidota	Bacteroidia	Bacteroidales	Rikenellaceae	Alistipes	Alistipes communis	85.15	3.55	2204213	430	6706	60.930908	2093	41.0	0.6307692308	0.03323752487	0.014144478	0.03405055	0.2250215	2.160439117	41.0	0.2834657022
D08_bin.21	ANI95_cluster_00222	D08_bin.21	True	d__Bacteria;p__Bacteroidota;c__Bacteroidia;o__Bacteroidales;f__Rikenellaceae;g__Alistipes;s__Alistipes putredinis	Bacteria	Bacteroidota	Bacteroidia	Bacteroidales	Rikenellaceae	Alistipes	Alistipes putredinis	98.1	0.5	2182284	25	139338	54.883691	1941	52.0	0.8	0.1237036435	0.1056792	0.12389012	0.5279496	8.040736826	52.0	0.4722109566
D08_bin.26	ANI95_cluster_00223	D08_bin.26	True	d__Bacteria;p__Bacillota_I;c__Bacilli_A;o__Acholeplasmatales;f__Anaeroplasmataceae;g__CAG-307;s__CAG-307 sp001916215	Bacteria	Bacillota_I	Bacilli_A	Acholeplasmatales	Anaeroplasmataceae	CAG-307	CAG-307 sp001916215	94.67	1.33	1854653	69	43845	29.484168	1731	2.0	0.03076923077	0.03352548738	0.0	1.08957834	2.0956774	2.17915668	2.0	0.02437124338
D08_bin.29	ANI95_cluster_00302	F06_bin.75	False	d__Bacteria;p__Bacillota;c__Clostridia;o__Oscillospirales;f__Oscillospiraceae;g__Hominicoprocola;s__Hominicoprocola fusiformis	Bacteria	Bacillota	Clostridia	Oscillospirales	Oscillospiraceae	Hominicoprocola	Hominicoprocola fusiformis	97.32	4.45	2152106	80	40070	58.905370	2097	47.0	0.7230769231	0.0260484718	0.012565871	0.018109096	0.2095268	1.693150667	47.0	0.24525442
D08_bin.30	ANI95_cluster_00267	E06_bin.85	False	d__Bacteria;p__Bacteroidota;c__Bacteroidia;o__Bacteroidales;f__Rikenellaceae;g__Alistipes;s__Alistipes shahii	Bacteria	Bacteroidota	Bacteroidia	Bacteroidales	Rikenellaceae	Alistipes	Alistipes shahii	99.6	2.4	3080007	86	67362	59.168664	2610	47.0	0.7230769231	0.09190502112	0.052493762	0.07324817	0.7694077	5.973826373	47.0	0.4363168012
D08_bin.36	ANI95_cluster_00034	A06_bin.107	False	d__Bacteria;p__Bacteroidota;c__Bacteroidia;o__Bacteroidales;f__Marinifilaceae;g__Odoribacter;s__Odoribacter splanchnicus	Bacteria	Bacteroidota	Bacteroidia	Bacteroidales	Marinifilaceae	Odoribacter	Odoribacter splanchnicus	95.7	0.0	3940964	97	67404	43.443127	3308	51.0	0.7846153846	0.01127713188	0.009784462	0.0116276555	0.05903084	0.7330135725	51.0	0.2247278195
D08_bin.37	ANI95_cluster_00419	H06_bin.61	False	d__Bacteria;p__Bacillota;c__Clostridia;o__Lachnospirales;f__Lachnospiraceae;g__Fusicatenibacter;s__Fusicatenibacter saccharivorans	Bacteria	Bacillota	Clostridia	Lachnospirales	Lachnospiraceae	Fusicatenibacter	Fusicatenibacter saccharivorans	93.41	5.75	2416483	408	7865	49.481250	2402	61.0	0.9384615385	0.02509177538	0.016549956	0.018392764	0.11690489	1.630965399	60.0	0.3028390318
D08_bin.42	ANI95_cluster_00224	D08_bin.42	True	d__Bacteria;p__Bacillota;c__Clostridia;o__HGM11327;f__HGM11327;g__SIG351;s__SIG351 sp905210525	Bacteria	Bacillota	Clostridia	HGM11327	HGM11327	SIG351	SIG351 sp905210525	90.28	1.4	1857537	245	10962	41.450641	1826	2.0	0.03076923077	0.004137200338	0.0	0.134459011	0.25524372	0.268918022	2.0	0.02023324431
D08_bin.43	ANI95_cluster_00225	D08_bin.43	True	d__Bacteria;p__Bacillota;c__Clostridia;o__Oscillospirales;f__CAG-272;g__UMGS1696;s__UMGS1696 sp900753285	Bacteria	Bacillota	Clostridia	Oscillospirales	CAG-272	UMGS1696	UMGS1696 sp900753285	82.4	0.81	2206490	505	5030	48.934643	2299	22.0	0.3384615385	0.01127861604	0.0	0.0131305065	0.21061954	0.7331100424	22.0	0.1369249247
D08_bin.45	ANI95_cluster_00226	D08_bin.45	True	d__Bacteria;p__Bacillota;c__Clostridia;o__Oscillospirales;f__Ruminococcaceae;g__Ruminococcus_C;s__Ruminococcus_C sp000980705	Bacteria	Bacillota	Clostridia	Oscillospirales	Ruminococcaceae	Ruminococcus_C	Ruminococcus_C sp000980705	81.07	0.67	1983152	288	10219	53.204343	1942	12.0	0.1846153846	0.04680832637	0.0	0.098449375	1.4323786	3.042541214	12.0	0.1404756754
D08_bin.46	ANI95_cluster_00227	D08_bin.46	True	d__Bacteria;p__Bacillota;c__Clostridia;o__Lachnospirales;f__Lachnospiraceae;g__Eshraghiella;s__Eshraghiella crossota	Bacteria	Bacillota	Clostridia	Lachnospirales	Lachnospiraceae	Eshraghiella	Eshraghiella crossota	99.33	0.34	2274240	16	210966	37.958791	2185	4.0	0.06153846154	0.09438061963	0.0	0.25726747	5.551257	6.134740276	4.0	0.04953085231
D08_bin.5	ANI95_cluster_00309	F07_bin.42	False	d__Bacteria;p__Bacillota;c__Clostridia;o__Lachnospirales;f__Lachnospiraceae;g__Lachnospira;s__Lachnospira eligens_A	Bacteria	Bacillota	Clostridia	Lachnospirales	Lachnospiraceae	Lachnospira	Lachnospira eligens_A	94.3	1.17	2709804	38	112362	37.620728	2568	38.0	0.5846153846	0.02308908538	0.0070719137	0.0158853715	0.57259053	1.50079055	38.0	0.1802849825
D08_bin.51	ANI95_cluster_00228	D08_bin.51	True	d__Bacteria;p__Pseudomonadota;c__Alphaproteobacteria;o__RF32;f__CAG-239;g__JAFUYI01;s__JAFUYI01 sp001917175	Bacteria	Pseudomonadota	Alphaproteobacteria	RF32	CAG-239	JAFUYI01	JAFUYI01 sp001917175	97.85	0.0	1931437	38	70072	51.018076	1823	9.0	0.1384615385	0.04325063482	0.0	0.042153034	2.3829105	2.811291264	9.0	0.06832418677
D08_bin.60	ANI95_cluster_00083	B04_bin.18	False	d__Bacteria;p__Bacteroidota;c__Bacteroidia;o__Bacteroidales;f__Rikenellaceae;g__Alistipes;s__Alistipes onderdonkii	Bacteria	Bacteroidota	Bacteroidia	Bacteroidales	Rikenellaceae	Alistipes	Alistipes onderdonkii	91.59	0.51	2667547	64	108186	59.317718	2177	56.0	0.8615384615	0.1161475702	0.028645344	0.045785372	0.9771734	7.549592064	56.0	0.5039278257
D08_bin.61	ANI95_cluster_00229	D08_bin.61	True	d__Bacteria;p__Bacillota;c__Clostridia;o__Christensenellales;f__Borkfalkiaceae;g__Scatosoma;s__Scatosoma sp900542935	Bacteria	Bacillota	Clostridia	Christensenellales	Borkfalkiaceae	Scatosoma	Scatosoma sp900542935	93.55	1.77	1846322	113	23386	50.585705	1582	11.0	0.1692307692	0.008288404543	0.0	0.0247277	0.32404852	0.5387462953	11.0	0.07483435831
D08_bin.62	ANI95_cluster_00113	B06_bin.6	False	d__Bacteria;p__Cyanobacteriota;c__Vampirovibrionia;o__Gastranaerophilales;f__Gastranaerophilaceae;g__CAG-196;s__CAG-196 sp002102975	Bacteria	Cyanobacteriota	Vampirovibrionia	Gastranaerophilales	Gastranaerophilaceae	CAG-196	CAG-196 sp002102975	87.18	1.14	2080467	35	126591	35.296691	2086	13.0	0.2	0.01802721216	0.0	0.044041425	0.4681914	1.17176879	13.0	0.08582117508
D08_bin.68	ANI95_cluster_00230	D08_bin.68	True	d__Bacteria;p__Bacillota_I;c__Bacilli_A;o__RF39;f__UBA660;g__CAG-1000;s__CAG-1000 sp000434555	Bacteria	Bacillota_I	Bacilli_A	RF39	UBA660	CAG-1000	CAG-1000 sp000434555	89.33	3.37	1317956	42	61357	25.530974	1325	3.0	0.04615384615	0.01058662583	0.0	0.31175014	0.3717643	0.688130679	3.0	0.03194577308
D08_bin.78	ANI95_cluster_00415	H05_bin.43	False	d__Bacteria;p__Bacillota;c__Clostridia;o__Lachnospirales;f__Lachnospiraceae;g__Roseburia;s__Roseburia rectalis	Bacteria	Bacillota	Clostridia	Lachnospirales	Lachnospiraceae	Roseburia	Roseburia rectalis	92.11	2.42	2369316	37	85039	42.187703	2175	48.0	0.7384615385	0.02342368546	0.011246932	0.017334773	0.349528	1.522539555	48.0	0.1971704724
D08_bin.81	ANI95_cluster_00018	A03_bin.68	False	d__Bacteria;p__Bacillota;c__Clostridia;o__Lachnospirales;f__Lachnospiraceae;g__Roseburia;s__Roseburia hominis	Bacteria	Bacillota	Clostridia	Lachnospirales	Lachnospiraceae	Roseburia	Roseburia hominis	97.37	1.21	2999544	65	68680	49.451017	2682	41.0	0.6307692308	0.0222070358	0.0070738285	0.01271824	0.22932744	1.443457327	41.0	0.1872606473
D08_bin.82	ANI95_cluster_00406	H04_bin.57	False	d__Bacteria;p__Bacillota;c__Clostridia;o__Oscillospirales;f__Ruminococcaceae;g__Gemmiger;s__Gemmiger formicilis	Bacteria	Bacillota	Clostridia	Oscillospirales	Ruminococcaceae	Gemmiger	Gemmiger formicilis	91.84	2.23	2270733	144	27953	60.746816	2010	51.0	0.7846153846	0.02610136309	0.00929378	0.013371223	0.5936778	1.696588601	51.0	0.2050145999
D08_bin.89	ANI95_cluster_00413	H05_bin.38	False	d__Bacteria;p__Bacteroidota;c__Bacteroidia;o__Bacteroidales;f__Tannerellaceae;g__Parabacteroides;s__Parabacteroides distasonis	Bacteria	Bacteroidota	Bacteroidia	Bacteroidales	Tannerellaceae	Parabacteroides	Parabacteroides distasonis	98.46	0.58	4297266	230	29799	45.484920	3647	44.0	0.6769230769	0.018844173	0.008161758	0.01156917175	0.3023943	1.224871245	44.0	0.2127934907
D08_bin.90	ANI95_cluster_00420	H06_bin.64	False	d__Bacteria;p__Bacillota;c__Clostridia;o__Oscillospirales;f__Ruminococcaceae;g__Ruminiclostridium_E;s__Ruminiclostridium_E siraeum	Bacteria	Bacillota	Clostridia	Oscillospirales	Ruminococcaceae	Ruminiclostridium_E	Ruminiclostridium_E siraeum	98.99	0.0	2619014	50	67673	44.896858	2318	16.0	0.2461538462	0.03506284644	0.0	0.0196199195	1.4922625	2.279085019	16.0	0.08424521062
D08_bin.92	ANI95_cluster_00296	F05_bin.48	False	d__Bacteria;p__Pseudomonadota;c__Gammaproteobacteria;o__Burkholderiales;f__Burkholderiaceae_F;g__Sutterella;s__Sutterella wadsworthensis	Bacteria	Pseudomonadota	Gammaproteobacteria	Burkholderiales	Burkholderiaceae_F	Sutterella	Sutterella wadsworthensis	84.82	2.28	1979722	545	4029	55.667816	2078	28.0	0.4307692308	0.04072493327	0.0	0.023198754	0.62546784	2.647120663	28.0	0.180684149
D08_bin.97	ANI95_cluster_00231	D08_bin.97	True	d__Bacteria;p__Bacteroidota;c__Bacteroidia;o__Bacteroidales;f__Tannerellaceae;g__Parabacteroides;s__Parabacteroides merdae	Bacteria	Bacteroidota	Bacteroidia	Bacteroidales	Tannerellaceae	Parabacteroides	Parabacteroides merdae	99.62	0.1	4006905	42	184135	45.344025	3317	42.0	0.6461538462	0.02444879355	0.016724218	0.030947131	0.15834153	1.589171581	42.0	0.2957012215
D08_bin.98	ANI95_cluster_00364	G08_bin.17	False	d__Bacteria;p__Bacillota;c__Clostridia;o__Oscillospirales;f__Oscillospiraceae;g__Hominicoprocola;s__Hominicoprocola sp900317525	Bacteria	Bacillota	Clostridia	Oscillospirales	Oscillospiraceae	Hominicoprocola	Hominicoprocola sp900317525	89.35	4.16	1586509	310	6590	62.343674	1722	43.0	0.6615384615	0.01991534259	0.010509654	0.017199693	0.12500483	1.294497268	43.0	0.2499288427
E01_bin.10	ANI95_cluster_00133	B09_bin.61	False	d__Bacteria;p__Bacillota;c__Clostridia;o__Oscillospirales;f__Ruminococcaceae;g__Hominimerdicola;s__Hominimerdicola aceti	Bacteria	Bacillota	Clostridia	Oscillospirales	Ruminococcaceae	Hominimerdicola	Hominimerdicola aceti	82.88	0.68	2355251	41	105790	43.181045	2140	33.0	0.5076923077	0.04560448314	0.0064259684	0.013335144	2.365774	2.964291404	33.0	0.1122142889
E01_bin.104	ANI95_cluster_00232	E01_bin.104	True	d__Bacteria;p__Bacteroidota;c__Bacteroidia;o__Bacteroidales;f__Porphyromonadaceae;g__Porphyromonas;s__Porphyromonas sp900539765	Bacteria	Bacteroidota	Bacteroidia	Bacteroidales	Porphyromonadaceae	Porphyromonas	Porphyromonas sp900539765	89.66	1.31	1728035	219	10317	53.195392	1475	3.0	0.04615384615	0.005764274415	0.0	0.042278472	0.3102548	0.374677837	3.0	0.02661594062
E01_bin.12	ANI95_cluster_00015	A03_bin.21	False	d__Bacteria;p__Bacillota;c__Clostridia;o__Lachnospirales;f__Lachnospiraceae;g__Hominisplanchenecus;s__Hominisplanchenecus faecis	Bacteria	Bacillota	Clostridia	Lachnospirales	Lachnospiraceae	Hominisplanchenecus	Hominisplanchenecus faecis	87.48	1.27	2287335	110	34624	45.118708	1950	40.0	0.6153846154	0.02771229089	0.0066856206	0.0180259405	0.64458805	1.801298908	40.0	0.2251413189
E01_bin.14	ANI95_cluster_00413	H05_bin.38	False	d__Bacteria;p__Bacteroidota;c__Bacteroidia;o__Bacteroidales;f__Tannerellaceae;g__Parabacteroides;s__Parabacteroides distasonis	Bacteria	Bacteroidota	Bacteroidia	Bacteroidales	Tannerellaceae	Parabacteroides	Parabacteroides distasonis	97.61	0.13	4147864	165	38436	45.790990	3423	50.0	0.7692307692	0.01533686656	0.008986607	0.010527789	0.14942896	0.9968963264	50.0	0.2035504349
E01_bin.16	ANI95_cluster_00040	A06_bin.83	False	d__Bacteria;p__Bacillota;c__Clostridia;o__Lachnospirales;f__Lachnospiraceae;g__CAG-194;s__CAG-194 sp000432915	Bacteria	Bacillota	Clostridia	Lachnospirales	Lachnospiraceae	CAG-194	CAG-194 sp000432915	86.78	0.57	2470593	52	65847	44.209710	2251	5.0	0.07692307692	0.01276209418	0.0	0.013703054	0.7211336	0.829536122	5.0	0.03550328538
E01_bin.2	ANI95_cluster_00044	A07_bin.65	False	d__Bacteria;p__Bacteroidota;c__Bacteroidia;o__Bacteroidales;f__Barnesiellaceae;g__Barnesiella;s__Barnesiella intestinihominis	Bacteria	Bacteroidota	Bacteroidia	Bacteroidales	Barnesiellaceae	Barnesiella	Barnesiella intestinihominis	98.49	0.0	3035229	34	128317	43.533816	2438	44.0	0.6769230769	0.08050684059	0.03597324	0.065456587	1.9946576	5.232944638	44.0	0.2952778229
E01_bin.21	ANI95_cluster_00233	E01_bin.21	True	d__Bacteria;p__Bacillota;c__Clostridia;o__Oscillospirales;f__Ruminococcaceae;g__Ruminococcus_C;s__Ruminococcus_C sp000437175	Bacteria	Bacillota	Clostridia	Oscillospirales	Ruminococcaceae	Ruminococcus_C	Ruminococcus_C sp000437175	89.93	0.67	2240636	134	28403	53.426304	1961	3.0	0.04615384615	0.007241773123	0.0	0.012486068	0.44716102	0.470715253	3.0	0.02199792338
E01_bin.22	ANI95_cluster_00222	D08_bin.21	False	d__Bacteria;p__Bacteroidota;c__Bacteroidia;o__Bacteroidales;f__Rikenellaceae;g__Alistipes;s__Alistipes putredinis	Bacteria	Bacteroidota	Bacteroidia	Bacteroidales	Rikenellaceae	Alistipes	Alistipes putredinis	96.71	2.88	2063616	95	34450	55.226554	1846	51.0	0.7846153846	0.141568059	0.08323917	0.13321556	0.63968927	9.201923835	51.0	0.4781492223
E01_bin.24	ANI95_cluster_00234	E01_bin.24	True	d__Bacteria;p__Bacillota;c__Clostridia;o__RUG12999;f__RUG12999;g__JAZNOL01;s__	Bacteria	Bacillota	Clostridia	RUG12999	RUG12999	JAZNOL01		97.32	0.34	2398588	42	109123	43.608990	1999	1.0	0.01538461538	0.008762076923	0.0	0.569535	0.569535	0.569535	1.0	0.01538349938
E01_bin.26	ANI95_cluster_00384	H02_bin.18	False	d__Bacteria;p__Actinomycetota;c__Actinomycetes;o__Actinomycetales;f__Bifidobacteriaceae;g__Bifidobacterium;s__Bifidobacterium adolescentis	Bacteria	Actinomycetota	Actinomycetes	Actinomycetales	Bifidobacteriaceae	Bifidobacterium	Bifidobacterium adolescentis	92.9	4.31	2043401	210	16728	59.755917	1835	51.0	0.7846153846	0.1301585905	0.042972554	0.08005738	1.1476456	8.460308381	51.0	0.4537229111
E01_bin.34	ANI95_cluster_00140	C02_bin.89	False	d__Bacteria;p__Bacillota;c__Clostridia;o__Oscillospirales;f__Acutalibacteraceae;g__Hominenteromicrobium;s__Hominenteromicrobium mulieris	Bacteria	Bacillota	Clostridia	Oscillospirales	Acutalibacteraceae	Hominenteromicrobium	Hominenteromicrobium mulieris	90.46	0.86	2082799	300	9195	53.705614	2118	40.0	0.6153846154	0.01108777214	0.0054896674	0.010749587	0.058571868	0.7207051888	39.0	0.1838193183
E01_bin.44	ANI95_cluster_00235	E01_bin.44	True	d__Bacteria;p__Bacillota;c__Clostridia;o__Lachnospirales;f__Lachnospiraceae;g__Roseburia_C;s__Roseburia_C amylophila	Bacteria	Bacillota	Clostridia	Lachnospirales	Lachnospiraceae	Roseburia_C	Roseburia_C amylophila	98.55	0.74	2783310	51	128966	40.963134	2657	20.0	0.3076923077	0.02745280836	0.0	0.0148675095	1.3255312	1.784432543	20.0	0.1004412172
E01_bin.45	ANI95_cluster_00155	C05_bin.117	False	d__Bacteria;p__Bacillota;c__Clostridia;o__Lachnospirales;f__Lachnospiraceae;g__Gallintestinimicrobium;s__Gallintestinimicrobium propionicum	Bacteria	Bacillota	Clostridia	Lachnospirales	Lachnospiraceae	Gallintestinimicrobium	Gallintestinimicrobium propionicum	98.25	8.77	3043499	76	82464	48.070954	2761	42.0	0.6461538462	0.03957392594	0.011447821	0.0214404665	1.0710229	2.572305186	42.0	0.2036066391
E01_bin.48	ANI95_cluster_00236	E01_bin.48	True	d__Bacteria;p__Bacillota;c__Clostridia;o__Monoglobales;f__Monoglobaceae;g__Ructibacterium;s__Ructibacterium sp900550775	Bacteria	Bacillota	Clostridia	Monoglobales	Monoglobaceae	Ructibacterium	Ructibacterium sp900550775	91.7	1.72	2198668	363	7835	50.790570	2062	6.0	0.09230769231	0.004954107185	0.0	0.031189584	0.1909196	0.322016967	6.0	0.047442262
E01_bin.5	ANI95_cluster_00237	E01_bin.5	True	d__Bacteria;p__Bacillota;c__Clostridia;o__Oscillospirales;f__Ruminococcaceae;g__Faecalibacterium;s__Faecalibacterium prausnitzii_E	Bacteria	Bacillota	Clostridia	Oscillospirales	Ruminococcaceae	Faecalibacterium	Faecalibacterium prausnitzii_E	93.85	2.83	2083888	110	31207	60.336976	1918	16.0	0.2461538462	0.04906354403	0.0	0.106066115	0.73153144	3.189130362	16.0	0.1525072514
E01_bin.52	ANI95_cluster_00238	E01_bin.52	True	d__Bacteria;p__Bacteroidota;c__Bacteroidia;o__Bacteroidales;f__Muribaculaceae;g__Lepagella;s__Lepagella muris_A	Bacteria	Bacteroidota	Bacteroidia	Bacteroidales	Muribaculaceae	Lepagella	Lepagella muris_A	86.54	0.5	2762009	439	7782	47.233228	2647	1.0	0.01538461538	0.004280184615	0.0	0.278212	0.278212	0.278212	1.0	0.01536399538
E01_bin.56	ANI95_cluster_00302	F06_bin.75	False	d__Bacteria;p__Bacillota;c__Clostridia;o__Oscillospirales;f__Oscillospiraceae;g__Hominicoprocola;s__Hominicoprocola fusiformis	Bacteria	Bacillota	Clostridia	Oscillospirales	Oscillospiraceae	Hominicoprocola	Hominicoprocola fusiformis	90.0	5.7	1974320	249	11729	59.254376	2032	47.0	0.7230769231	0.0220608727	0.012974939	0.017060954	0.19328146	1.433956725	47.0	0.2310137255
E01_bin.57	ANI95_cluster_00053	A09_bin.36	False	d__Bacteria;p__Bacillota;c__Clostridia;o__Oscillospirales;f__Oscillospiraceae;g__Oscillibacter;s__Oscillibacter segnis	Bacteria	Bacillota	Clostridia	Oscillospirales	Oscillospiraceae	Oscillibacter	Oscillibacter segnis	86.33	4.92	1721103	379	5464	58.953241	1883	48.0	0.7384615385	0.02284811889	0.013011256	0.020516208	0.2879936	1.485127728	48.0	0.2492260967
E01_bin.65	ANI95_cluster_00049	A08_bin.2	False	d__Bacteria;p__Actinomycetota;c__Coriobacteriia;o__Coriobacteriales;f__Eggerthellaceae;g__Anaerotardibacter;s__Anaerotardibacter sp000436075	Bacteria	Actinomycetota	Coriobacteriia	Coriobacteriales	Eggerthellaceae	Anaerotardibacter	Anaerotardibacter sp000436075	83.54	1.61	1552923	259	8297	53.141399	1558	27.0	0.4153846154	0.0314887388	0.0	0.03723726	0.34993187	2.046768022	27.0	0.2152275629
E01_bin.68	ANI95_cluster_00194	D01_bin.67	False	d__Bacteria;p__Actinomycetota;c__Coriobacteriia;o__Coriobacteriales;f__Coriobacteriaceae;g__Collinsella;s__Collinsella sp905215825	Bacteria	Actinomycetota	Coriobacteriia	Coriobacteriales	Coriobacteriaceae	Collinsella	Collinsella sp905215825	91.13	0.81	2021182	197	15243	60.191413	1794	38.0	0.5846153846	0.01309749038	0.0066583175	0.012446998	0.15279955	0.8513368749	36.0	0.1236033942
E01_bin.69	ANI95_cluster_00018	A03_bin.68	False	d__Bacteria;p__Bacillota;c__Clostridia;o__Lachnospirales;f__Lachnospiraceae;g__Roseburia;s__Roseburia hominis	Bacteria	Bacillota	Clostridia	Lachnospirales	Lachnospiraceae	Roseburia	Roseburia hominis	84.01	6.52	2836358	48	89365	49.352021	2564	41.0	0.6307692308	0.03500508064	0.007340919	0.010630942	1.342417	2.275330242	42.0	0.1758944994
E01_bin.70	ANI95_cluster_00280	F02_bin.31	False	d__Bacteria;p__Verrucomicrobiota;c__Verrucomicrobiia;o__Verrucomicrobiales;f__Akkermansiaceae;g__Akkermansia;s__Akkermansia massiliensis	Bacteria	Verrucomicrobiota	Verrucomicrobiia	Verrucomicrobiales	Akkermansiaceae	Akkermansia	Akkermansia massiliensis	97.96	0.68	3162414	43	120572	57.700953	2647	12.0	0.1846153846	0.0268740894	0.0	0.137540385	0.355275	1.746815811	12.0	0.15367792
E01_bin.74	ANI95_cluster_00239	E01_bin.74	True	d__Bacteria;p__Bacillota;c__Clostridia;o__Lachnospirales;f__Lachnospiraceae;g__Eubacterium_F;s__Eubacterium_F sp934316845	Bacteria	Bacillota	Clostridia	Lachnospirales	Lachnospiraceae	Eubacterium_F	Eubacterium_F sp934316845	91.97	4.03	2509876	190	19402	43.821328	2335	21.0	0.3230769231	0.01108447209	0.0	0.01341624	0.356137	0.7204906858	21.0	0.07563977708
E01_bin.76	ANI95_cluster_00034	A06_bin.107	False	d__Bacteria;p__Bacteroidota;c__Bacteroidia;o__Bacteroidales;f__Marinifilaceae;g__Odoribacter;s__Odoribacter splanchnicus	Bacteria	Bacteroidota	Bacteroidia	Bacteroidales	Marinifilaceae	Odoribacter	Odoribacter splanchnicus	88.87	0.0	3451900	354	14796	43.762508	3041	51.0	0.7846153846	0.01177135082	0.010413157	0.012119104	0.0504092	0.7651378032	51.0	0.2242976872
E01_bin.79	ANI95_cluster_00240	E01_bin.79	True	d__Bacteria;p__Bacillota;c__Clostridia;o__Oscillospirales;f__Oscillospiraceae;g__Limivicinus;s__Limivicinus sp900547315	Bacteria	Bacillota	Clostridia	Oscillospirales	Oscillospiraceae	Limivicinus	Limivicinus sp900547315	83.22	0.73	1932318	29	101354	57.320172	1875	8.0	0.1230769231	0.01681263651	0.0	0.028582506	0.8509181	1.092821373	8.0	0.05372972138
E01_bin.82	ANI95_cluster_00364	G08_bin.17	False	d__Bacteria;p__Bacillota;c__Clostridia;o__Oscillospirales;f__Oscillospiraceae;g__Hominicoprocola;s__Hominicoprocola sp900317525	Bacteria	Bacillota	Clostridia	Oscillospirales	Oscillospiraceae	Hominicoprocola	Hominicoprocola sp900317525	90.16	6.38	1701431	333	7015	62.193060	1893	45.0	0.6923076923	0.01871011317	0.009689916	0.016402207	0.14425202	1.216157356	44.0	0.2142352389
E01_bin.83	ANI95_cluster_00193	D01_bin.64	False	d__Bacteria;p__Bacteroidota;c__Bacteroidia;o__Bacteroidales;f__Bacteroidaceae;g__Bacteroides;s__Bacteroides uniformis	Bacteria	Bacteroidota	Bacteroidia	Bacteroidales	Bacteroidaceae	Bacteroides	Bacteroides uniformis	97.42	0.37	4193337	57	108960	46.628902	3415	62.0	0.9538461538	0.1534274938	0.08851346	0.099165005	1.4784907	9.9727871	62.0	0.6250211697
E01_bin.86	ANI95_cluster_00021	A04_bin.93	False	d__Bacteria;p__Bacillota;c__Clostridia;o__Oscillospirales;f__Ruminococcaceae;g__Gemmiger;s__Gemmiger qucibialis	Bacteria	Bacillota	Clostridia	Oscillospirales	Ruminococcaceae	Gemmiger	Gemmiger qucibialis	95.92	1.7	2747935	241	16463	56.316361	2365	49.0	0.7538461538	0.02017889123	0.011284607	0.016648822	0.37579417	1.31162793	49.0	0.2170656605
E01_bin.90	ANI95_cluster_00241	E01_bin.90	True	d__Bacteria;p__Bacteroidota;c__Bacteroidia;o__Bacteroidales;f__Muribaculaceae;g__UBA7173;s__	Bacteria	Bacteroidota	Bacteroidia	Bacteroidales	Muribaculaceae	UBA7173		98.49	0.4	2603082	72	57436	52.792536	2076	1.0	0.01538461538	0.0078139	0.0	0.5079035	0.5079035	0.5079035	1.0	0.01538199077
E01_bin.91	ANI95_cluster_00361	G07_bin.85	False	d__Bacteria;p__Bacillota;c__Clostridia;o__Christensenellales;f__Aristaeellaceae;g__UBA11524;s__UBA11524 sp000437595	Bacteria	Bacillota	Clostridia	Christensenellales	Aristaeellaceae	UBA11524	UBA11524 sp000437595	99.3	1.17	3001657	63	71318	58.112503	2597	27.0	0.4153846154	0.0336935789	0.0	0.039208725	0.3688674	2.190082628	27.0	0.175510332
E01_bin.93	ANI95_cluster_00283	F02_bin.66	False	d__Bacteria;p__Bacteroidota;c__Bacteroidia;o__Bacteroidales;f__Rikenellaceae;g__Tidjanibacter;s__Tidjanibacter inops	Bacteria	Bacteroidota	Bacteroidia	Bacteroidales	Rikenellaceae	Tidjanibacter	Tidjanibacter inops	96.05	0.0	2079934	83	49475	57.069455	1758	31.0	0.4769230769	0.02606794039	0.0	0.032390364	0.17714266	1.694416125	31.0	0.2497930742
E01_bin.97	ANI95_cluster_00346	G05_bin.13	False	d__Bacteria;p__Bacillota;c__Clostridia;o__Oscillospirales;f__Acutalibacteraceae;g__Ruminococcoides;s__Ruminococcoides intestinale	Bacteria	Bacillota	Clostridia	Oscillospirales	Acutalibacteraceae	Ruminococcoides	Ruminococcoides intestinale	99.33	0.67	2131104	27	129124	40.932399	2040	40.0	0.6153846154	0.04668444397	0.013580163	0.0417887815	0.5513956	3.034488858	40.0	0.2295596105
E02_bin.1	ANI95_cluster_00285	F03_bin.1	False	d__Bacteria;p__Bacillota;c__Clostridia;o__Lachnospirales;f__Lachnospiraceae;g__Acetatifactor;s__Acetatifactor acetigignens	Bacteria	Bacillota	Clostridia	Lachnospirales	Lachnospiraceae	Acetatifactor	Acetatifactor acetigignens	88.86	2.42	2973421	223	23646	47.154170	2756	48.0	0.7384615385	0.02884698272	0.008139247	0.01230498475	0.616752	1.875053877	47.0	0.2263475445
E02_bin.10	ANI95_cluster_00406	H04_bin.57	False	d__Bacteria;p__Bacillota;c__Clostridia;o__Oscillospirales;f__Ruminococcaceae;g__Gemmiger;s__Gemmiger formicilis	Bacteria	Bacillota	Clostridia	Oscillospirales	Ruminococcaceae	Gemmiger	Gemmiger formicilis	90.59	0.74	2311539	237	13134	60.825883	2112	50.0	0.7692307692	0.02204420863	0.011591199	0.0155605595	0.22845574	1.432873561	50.0	0.1965048139
E02_bin.11	ANI95_cluster_00413	H05_bin.38	False	d__Bacteria;p__Bacteroidota;c__Bacteroidia;o__Bacteroidales;f__Tannerellaceae;g__Parabacteroides;s__Parabacteroides distasonis	Bacteria	Bacteroidota	Bacteroidia	Bacteroidales	Tannerellaceae	Parabacteroides	Parabacteroides distasonis	98.65	2.69	4717908	55	126939	45.070718	3957	51.0	0.7846153846	0.01789139073	0.010373482	0.012135222	0.24503419	1.162940397	51.0	0.2128991434
E02_bin.14	ANI95_cluster_00415	H05_bin.43	False	d__Bacteria;p__Bacillota;c__Clostridia;o__Lachnospirales;f__Lachnospiraceae;g__Roseburia;s__Roseburia rectalis	Bacteria	Bacillota	Clostridia	Lachnospirales	Lachnospiraceae	Roseburia	Roseburia rectalis	94.32	0.24	2535303	172	24606	42.164349	2378	47.0	0.7230769231	0.02157143386	0.012064487	0.018961389	0.2794466	1.402143201	47.0	0.2077953677
E02_bin.16	ANI95_cluster_00384	H02_bin.18	False	d__Bacteria;p__Actinomycetota;c__Actinomycetes;o__Actinomycetales;f__Bifidobacteriaceae;g__Bifidobacterium;s__Bifidobacterium adolescentis	Bacteria	Actinomycetota	Actinomycetes	Actinomycetales	Bifidobacteriaceae	Bifidobacterium	Bifidobacterium adolescentis	91.55	4.85	1904018	165	16919	59.899591	1632	51.0	0.7846153846	0.1359499609	0.03921073	0.081281364	1.1069713	8.83674746	51.0	0.4781065654
E02_bin.19	ANI95_cluster_00355	G06_bin.24	False	d__Bacteria;p__Bacillota;c__Clostridia;o__Oscillospirales;f__Oscillospiraceae;g__CAG-170;s__CAG-170 sp000432135	Bacteria	Bacillota	Clostridia	Oscillospirales	Oscillospiraceae	CAG-170	CAG-170 sp000432135	90.18	5.32	2722156	467	7699	58.661370	2721	40.0	0.6153846154	0.02516488326	0.009601844	0.021281668	0.23056264	1.635717412	39.0	0.2084357618
E02_bin.20	ANI95_cluster_00242	E02_bin.20	True	d__Bacteria;p__Bacillota;c__Clostridia;o__Oscillospirales;f__Acutalibacteraceae;g__Ruminococcoides;s__Ruminococcoides intestinale_A	Bacteria	Bacillota	Clostridia	Oscillospirales	Acutalibacteraceae	Ruminococcoides	Ruminococcoides intestinale_A	94.63	0.34	1860793	35	84264	39.071568	1763	4.0	0.06153846154	0.01777511046	0.0	0.23571514	0.6305453	1.15538218	4.0	0.04177418338
E02_bin.22	ANI95_cluster_00380	H01_bin.87	False	d__Bacteria;p__Bacillota;c__Clostridia;o__Lachnospirales;f__Lachnospiraceae;g__Acetatifactor;s__Acetatifactor intestinalis	Bacteria	Bacillota	Clostridia	Lachnospirales	Lachnospiraceae	Acetatifactor	Acetatifactor intestinalis	86.47	0.79	2395683	195	19918	47.039946	2243	36.0	0.5538461538	0.03620712522	0.0044366163	0.016401774	0.62624305	2.353463139	36.0	0.2019138691
E02_bin.23	ANI95_cluster_00267	E06_bin.85	False	d__Bacteria;p__Bacteroidota;c__Bacteroidia;o__Bacteroidales;f__Rikenellaceae;g__Alistipes;s__Alistipes shahii	Bacteria	Bacteroidota	Bacteroidia	Bacteroidales	Rikenellaceae	Alistipes	Alistipes shahii	88.29	3.61	2587943	36	104952	59.307566	2191	47.0	0.7230769231	0.09435491308	0.049176462	0.07190276	0.84031844	6.13306935	47.0	0.4413941102
E02_bin.24	ANI95_cluster_00231	D08_bin.97	False	d__Bacteria;p__Bacteroidota;c__Bacteroidia;o__Bacteroidales;f__Tannerellaceae;g__Parabacteroides;s__Parabacteroides merdae	Bacteria	Bacteroidota	Bacteroidia	Bacteroidales	Tannerellaceae	Parabacteroides	Parabacteroides merdae	97.76	0.0	3816307	55	86429	45.685213	3060	42.0	0.6461538462	0.02059293282	0.016762486	0.0238752065	0.10721452	1.338540633	42.0	0.2952156658
E02_bin.28	ANI95_cluster_00277	F01_bin.44	False	d__Bacteria;p__Bacillota;c__Clostridia;o__Lachnospirales;f__Lachnospiraceae;g__Roseburia;s__Roseburia intestinalis	Bacteria	Bacillota	Clostridia	Lachnospirales	Lachnospiraceae	Roseburia	Roseburia intestinalis	87.44	2.17	3163289	56	74224	42.976503	2816	37.0	0.5692307692	0.0659042348	0.008451558	0.04204484	0.8167103	4.283775262	37.0	0.2812379006
E02_bin.3	ANI95_cluster_00385	H02_bin.19	False	d__Bacteria;p__Pseudomonadota;c__Gammaproteobacteria;o__Burkholderiales;f__Burkholderiaceae_F;g__Sutterella;s__Sutterella seckii	Bacteria	Pseudomonadota	Gammaproteobacteria	Burkholderiales	Burkholderiaceae_F	Sutterella	Sutterella seckii	90.58	0.0	2262360	321	9598	60.217428	2080	7.0	0.1076923077	0.02161712842	0.0	0.09245952	0.8027379	1.405113347	7.0	0.07833008923
E02_bin.36	ANI95_cluster_00143	C03_bin.49	False	d__Bacteria;p__Actinomycetota;c__Actinomycetes;o__Actinomycetales;f__Bifidobacteriaceae;g__Bifidobacterium;s__Bifidobacterium longum	Bacteria	Actinomycetota	Actinomycetes	Actinomycetales	Bifidobacteriaceae	Bifidobacterium	Bifidobacterium longum	84.01	7.09	1904075	395	6164	60.379922	1830	53.0	0.8153846154	0.02583400768	0.015940132	0.019735638	0.20540118	1.679210499	53.0	0.3014113795
E02_bin.38	ANI95_cluster_00341	G04_bin.50	False	d__Bacteria;p__Bacillota;c__Clostridia;o__Lachnospirales;f__Lachnospiraceae;g__Butyribacter;s__Butyribacter sp003529475	Bacteria	Bacillota	Clostridia	Lachnospirales	Lachnospiraceae	Butyribacter	Butyribacter sp003529475	88.46	0.68	2177149	201	17279	42.915437	1925	29.0	0.4461538462	0.01134554083	0.0	0.015134653	0.17241587	0.7374601541	29.0	0.1489220009
E02_bin.40	ANI95_cluster_00312	F07_bin.74	False	d__Bacteria;p__Bacillota;c__Clostridia;o__Lachnospirales;f__Lachnospiraceae;g__Coprococcus;s__Coprococcus aceti	Bacteria	Bacillota	Clostridia	Lachnospirales	Lachnospiraceae	Coprococcus	Coprococcus aceti	98.36	0.0	2736529	56	67539	44.394194	2365	19.0	0.2923076923	0.01174429033	0.0	0.024685668	0.16726299	0.7633788713	19.0	0.1273674171
E02_bin.42	ANI95_cluster_00361	G07_bin.85	False	d__Bacteria;p__Bacillota;c__Clostridia;o__Christensenellales;f__Aristaeellaceae;g__UBA11524;s__UBA11524 sp000437595	Bacteria	Bacillota	Clostridia	Christensenellales	Aristaeellaceae	UBA11524	UBA11524 sp000437595	92.31	1.17	2830842	99	39521	58.231579	2404	30.0	0.4615384615	0.04622729034	0.0	0.017261859	2.2513592	3.004773872	30.0	0.1113367248
E02_bin.46	ANI95_cluster_00243	E02_bin.46	True	d__Bacteria;p__Bacillota;c__Clostridia;o__Oscillospirales;f__Ruminococcaceae;g__Faecalibacterium;s__Faecalibacterium langellae	Bacteria	Bacillota	Clostridia	Oscillospirales	Ruminococcaceae	Faecalibacterium	Faecalibacterium langellae	85.47	4.59	2353470	92	38396	59.830930	2166	20.0	0.3076923077	0.0575598421	0.0	0.019194614	1.5325061	3.741389736	20.0	0.1066037345
E02_bin.47	ANI95_cluster_00212	D06_bin.25	False	d__Bacteria;p__Bacillota;c__Clostridia;o__Oscillospirales;f__Ruminococcaceae;g__CAG-115;s__CAG-115 sp003531585	Bacteria	Bacillota	Clostridia	Oscillospirales	Ruminococcaceae	CAG-115	CAG-115 sp003531585	95.3	0.0	2546092	114	33631	53.521083	2327	28.0	0.4307692308	0.02024550946	0.0	0.015997971	0.22014241	1.315958115	28.0	0.1453013842
E02_bin.51	ANI95_cluster_00083	B04_bin.18	False	d__Bacteria;p__Bacteroidota;c__Bacteroidia;o__Bacteroidales;f__Rikenellaceae;g__Alistipes;s__Alistipes onderdonkii	Bacteria	Bacteroidota	Bacteroidia	Bacteroidales	Rikenellaceae	Alistipes	Alistipes onderdonkii	80.17	1.72	2645374	119	36613	59.579855	2199	56.0	0.8615384615	0.1114122655	0.030956706	0.04551767	0.98292196	7.241797258	56.0	0.4869370951
E02_bin.52	ANI95_cluster_00222	D08_bin.21	False	d__Bacteria;p__Bacteroidota;c__Bacteroidia;o__Bacteroidales;f__Rikenellaceae;g__Alistipes;s__Alistipes putredinis	Bacteria	Bacteroidota	Bacteroidia	Bacteroidales	Rikenellaceae	Alistipes	Alistipes putredinis	98.08	1.59	2307136	111	33017	54.942925	2072	51.0	0.7846153846	0.1269487526	0.08031609	0.12405468	0.5298598	8.251668918	51.0	0.4373951706
E02_bin.55	ANI95_cluster_00286	F03_bin.13	False	d__Bacteria;p__Bacteroidota;c__Bacteroidia;o__Bacteroidales;f__Rikenellaceae;g__Alistipes;s__Alistipes finegoldii	Bacteria	Bacteroidota	Bacteroidia	Bacteroidales	Rikenellaceae	Alistipes	Alistipes finegoldii	97.74	3.7	3043864	58	80523	58.960420	2494	47.0	0.7230769231	0.05653823363	0.014316877	0.026172284	1.1813083	3.674985186	47.0	0.2354167952
E02_bin.56	ANI95_cluster_00244	E02_bin.56	True	d__Bacteria;p__Pseudomonadota;c__Gammaproteobacteria;o__Enterobacterales;f__Pasteurellaceae;g__Haemophilus_D;s__Haemophilus_D sp001811025	Bacteria	Pseudomonadota	Gammaproteobacteria	Enterobacterales	Pasteurellaceae	Haemophilus_D	Haemophilus_D sp001811025	95.18	1.61	1782414	276	8605	39.637985	1905	22.0	0.3384615385	0.01004908645	0.0	0.0125695195	0.26666003	0.6531906191	22.0	0.1069785301
E02_bin.60	ANI95_cluster_00259	E06_bin.50	False	d__Bacteria;p__Bacteroidota;c__Bacteroidia;o__Bacteroidales;f__Muribaculaceae;g__UBA7173;s__UBA7173 sp900545955	Bacteria	Bacteroidota	Bacteroidia	Bacteroidales	Muribaculaceae	UBA7173	UBA7173 sp900545955	97.55	1.04	2649506	43	102388	54.886873	2183	5.0	0.07692307692	0.1279973391	0.0	0.58649814	7.0545645	8.319827039	5.0	0.04460598169
E02_bin.61	ANI95_cluster_00061	B01_bin.9	False	d__Bacteria;p__Verrucomicrobiota;c__Verrucomicrobiia;o__Verrucomicrobiales;f__Akkermansiaceae;g__Akkermansia;s__Akkermansia muciniphila	Bacteria	Verrucomicrobiota	Verrucomicrobiia	Verrucomicrobiales	Akkermansiaceae	Akkermansia	Akkermansia muciniphila	96.6	0.68	2669002	26	123834	55.609700	2268	26.0	0.4	0.03257607583	0.0	0.027368919	0.4428687	2.117444929	26.0	0.1501065425
E02_bin.62	ANI95_cluster_00124	B07_bin.55	False	d__Bacteria;p__Bacillota;c__Clostridia;o__Lachnospirales;f__Lachnospiraceae;g__Coprococcus;s__Coprococcus ammoniilyticus	Bacteria	Bacillota	Clostridia	Lachnospirales	Lachnospiraceae	Coprococcus	Coprococcus ammoniilyticus	98.66	0.67	2599448	24	201875	41.262145	2251	10.0	0.1538461538	0.01488902151	0.0	0.038414305	0.42876673	0.967786398	10.0	0.08603477477
E02_bin.63	ANI95_cluster_00034	A06_bin.107	False	d__Bacteria;p__Bacteroidota;c__Bacteroidia;o__Bacteroidales;f__Marinifilaceae;g__Odoribacter;s__Odoribacter splanchnicus	Bacteria	Bacteroidota	Bacteroidia	Bacteroidales	Marinifilaceae	Odoribacter	Odoribacter splanchnicus	85.34	0.18	3183259	624	6489	44.122454	3045	50.0	0.7692307692	0.01065032922	0.009072986	0.011088592	0.047333423	0.692271399	50.0	0.2098101264
E02_bin.7	ANI95_cluster_00128	B08_bin.66	False	d__Bacteria;p__Bacteroidota;c__Bacteroidia;o__Bacteroidales;f__Rikenellaceae;g__Alistipes;s__Alistipes communis	Bacteria	Bacteroidota	Bacteroidia	Bacteroidales	Rikenellaceae	Alistipes	Alistipes communis	84.48	5.17	2643401	58	59346	60.058992	2169	41.0	0.6307692308	0.03593338361	0.016120601	0.041167777	0.24213581	2.335669935	41.0	0.2725373842
E02_bin.71	ANI95_cluster_00018	A03_bin.68	False	d__Bacteria;p__Bacillota;c__Clostridia;o__Lachnospirales;f__Lachnospiraceae;g__Roseburia;s__Roseburia hominis	Bacteria	Bacillota	Clostridia	Lachnospirales	Lachnospiraceae	Roseburia	Roseburia hominis	97.99	0.72	3054030	50	84121	49.269228	2774	37.0	0.5692307692	0.02223399116	0.004740811	0.012467943	0.40058073	1.445209425	37.0	0.1894934476
E02_bin.72	ANI95_cluster_00019	A04_bin.71	False	d__Bacteria;p__Bacteroidota;c__Bacteroidia;o__Bacteroidales;f__Rikenellaceae;g__Alistipes_A;s__Alistipes_A ihumii	Bacteria	Bacteroidota	Bacteroidia	Bacteroidales	Rikenellaceae	Alistipes_A	Alistipes_A ihumii	100.0	0.0	2546385	62	74031	58.564043	2073	26.0	0.4	0.01259653892	0.0	0.0205685205	0.12862207	0.8187750295	26.0	0.1505069825
E02_bin.75	ANI95_cluster_00133	B09_bin.61	False	d__Bacteria;p__Bacillota;c__Clostridia;o__Oscillospirales;f__Ruminococcaceae;g__Hominimerdicola;s__Hominimerdicola aceti	Bacteria	Bacillota	Clostridia	Oscillospirales	Ruminococcaceae	Hominimerdicola	Hominimerdicola aceti	86.84	0.0	2166967	335	8863	43.429642	2210	37.0	0.5692307692	0.01344964728	0.0060936124	0.011129125	0.15601636	0.8742270734	36.0	0.1286988461
E02_bin.8	ANI95_cluster_00169	C06_bin.11	False	d__Bacteria;p__Bacillota;c__Clostridia;o__Lachnospirales;f__Lachnospiraceae;g__Anthropogastromicrobium;s__Anthropogastromicrobium aceti	Bacteria	Bacillota	Clostridia	Lachnospirales	Lachnospiraceae	Anthropogastromicrobium	Anthropogastromicrobium aceti	93.0	3.69	3069616	347	13955	41.458932	2839	46.0	0.7076923077	0.01452421015	0.010396095	0.012732102	0.28103617	0.9440736597	46.0	0.1636076815
E03_bin.16	ANI95_cluster_00245	E03_bin.16	True	d__Bacteria;p__Pseudomonadota;c__Alphaproteobacteria;o__RF32;f__CAG-239;g__Scatocola;s__Scatocola faecipullorum	Bacteria	Pseudomonadota	Alphaproteobacteria	RF32	CAG-239	Scatocola	Scatocola faecipullorum	96.77	0.0	1778572	49	61827	47.115382	1761	13.0	0.2	0.124518387	0.0	0.04774121	5.317502	8.093695157	13.0	0.1090069669
E03_bin.17	ANI95_cluster_00171	C06_bin.29	False	d__Bacteria;p__Bacillota;c__Clostridia;o__Oscillospirales;f__Oscillospiraceae;g__Vescimonas;s__Vescimonas coprocola	Bacteria	Bacillota	Clostridia	Oscillospirales	Oscillospiraceae	Vescimonas	Vescimonas coprocola	89.09	0.73	2055010	39	80205	60.085547	1984	40.0	0.6153846154	0.04939063781	0.018913921	0.027386067	1.4957373	3.210391458	40.0	0.1558885248
E03_bin.18	ANI95_cluster_00285	F03_bin.1	False	d__Bacteria;p__Bacillota;c__Clostridia;o__Lachnospirales;f__Lachnospiraceae;g__Acetatifactor;s__Acetatifactor acetigignens	Bacteria	Bacillota	Clostridia	Lachnospirales	Lachnospiraceae	Acetatifactor	Acetatifactor acetigignens	96.27	3.18	3572453	312	19124	46.727165	3469	52.0	0.8	0.02707103848	0.015323729	0.0193416315	0.15114172	1.759617502	52.0	0.2392244878
E03_bin.20	ANI95_cluster_00419	H06_bin.61	False	d__Bacteria;p__Bacillota;c__Clostridia;o__Lachnospirales;f__Lachnospiraceae;g__Fusicatenibacter;s__Fusicatenibacter saccharivorans	Bacteria	Bacillota	Clostridia	Lachnospirales	Lachnospiraceae	Fusicatenibacter	Fusicatenibacter saccharivorans	93.88	1.27	2517437	102	45421	49.133782	2241	60.0	0.9230769231	0.02729276907	0.016780028	0.0183706635	0.15647332	1.774029989	60.0	0.326333822
E03_bin.23	ANI95_cluster_00274	E07_bin.94	False	d__Bacteria;p__Bacillota;c__Clostridia;o__Lachnospirales;f__Anaerotignaceae;g__Anaerotignum_A;s__Anaerotignum_A faecicola	Bacteria	Bacillota	Clostridia	Lachnospirales	Anaerotignaceae	Anaerotignum_A	Anaerotignum_A faecicola	89.68	0.84	1711576	224	11578	48.575231	1738	30.0	0.4615384615	0.01117785876	0.0	0.017222533	0.21678366	0.7265608193	30.0	0.1381551085
E03_bin.25	ANI95_cluster_00246	E03_bin.25	True	d__Bacteria;p__Bacillota;c__Clostridia;o__TANB77;f__CAG-508;g__Merdicola;s__Merdicola sp900552655	Bacteria	Bacillota	Clostridia	TANB77	CAG-508	Merdicola	Merdicola sp900552655	80.69	1.79	1548764	24	165083	26.785036	1473	1.0	0.01538461538	0.01773052923	0.0	1.1524844	1.1524844	1.1524844	1.0	0.01538396
E03_bin.27	ANI95_cluster_00034	A06_bin.107	False	d__Bacteria;p__Bacteroidota;c__Bacteroidia;o__Bacteroidales;f__Marinifilaceae;g__Odoribacter;s__Odoribacter splanchnicus	Bacteria	Bacteroidota	Bacteroidia	Bacteroidales	Marinifilaceae	Odoribacter	Odoribacter splanchnicus	90.41	0.54	3734406	542	9375	43.764711	3434	51.0	0.7846153846	0.01652276822	0.015288682	0.019689202	0.051186968	1.073979934	51.0	0.2132178335
E03_bin.28	ANI95_cluster_00247	E03_bin.28	True	d__Bacteria;p__Bacteroidota;c__Bacteroidia;o__Bacteroidales;f__Bacteroidaceae;g__Bacteroides;s__Bacteroides intestinalis	Bacteria	Bacteroidota	Bacteroidia	Bacteroidales	Bacteroidaceae	Bacteroides	Bacteroides intestinalis	90.81	0.19	5037458	81	101324	42.651671	3764	12.0	0.1846153846	0.07549178345	0.0	0.153491395	2.9441643	4.906965924	12.0	0.1211152062
E03_bin.3	ANI95_cluster_00177	C07_bin.89	False	d__Bacteria;p__Desulfobacterota;c__Desulfovibrionia;o__Desulfovibrionales;f__Desulfovibrionaceae;g__Bilophila;s__Bilophila wadsworthia	Bacteria	Desulfobacterota	Desulfovibrionia	Desulfovibrionales	Desulfovibrionaceae	Bilophila	Bilophila wadsworthia	93.52	0.59	3223844	440	11094	61.325548	2884	36.0	0.5538461538	0.009085875038	0.004503675	0.0113624595	0.12167995	0.5905818775	36.0	0.1544284983
E03_bin.35	ANI95_cluster_00248	E03_bin.35	True	d__Bacteria;p__Bacillota;c__Clostridia;o__Lachnospirales;f__Lachnospiraceae;g__Pilosibacter;s__Pilosibacter fragilis	Bacteria	Bacillota	Clostridia	Lachnospirales	Lachnospiraceae	Pilosibacter	Pilosibacter fragilis	97.15	2.92	2699898	142	28861	49.344716	2385	46.0	0.7076923077	0.02135470933	0.0088419635	0.01479683725	0.4197173	1.388056107	46.0	0.251749587
E03_bin.38	ANI95_cluster_00296	F05_bin.48	False	d__Bacteria;p__Pseudomonadota;c__Gammaproteobacteria;o__Burkholderiales;f__Burkholderiaceae_F;g__Sutterella;s__Sutterella wadsworthensis	Bacteria	Pseudomonadota	Gammaproteobacteria	Burkholderiales	Burkholderiaceae_F	Sutterella	Sutterella wadsworthensis	82.76	0.0	2565750	43	85510	55.488025	2048	23.0	0.3538461538	0.03507519473	0.0	0.021056853	1.0374354	2.279887658	23.0	0.1440932882
E03_bin.39	ANI95_cluster_00249	E03_bin.39	True	d__Bacteria;p__Bacillota;c__Clostridia;o__Oscillospirales;f__Oscillospiraceae;g__CAG-170;s__CAG-170 sp900549635	Bacteria	Bacillota	Clostridia	Oscillospirales	Oscillospiraceae	CAG-170	CAG-170 sp900549635	93.96	2.07	2148357	71	44843	57.402052	2020	41.0	0.6307692308	0.03775722186	0.01779873	0.036277656	0.7650668	2.454219421	41.0	0.3124372197
E03_bin.44	ANI95_cluster_00043	A07_bin.40	False	d__Bacteria;p__Bacillota;c__Clostridia;o__Oscillospirales;f__Butyricicoccaceae;g__Agathobaculum;s__Agathobaculum hominis	Bacteria	Bacillota	Clostridia	Oscillospirales	Butyricicoccaceae	Agathobaculum	Agathobaculum hominis	90.6	0.85	1980435	74	44582	59.163063	1854	34.0	0.5230769231	0.02275749781	0.003935468	0.0161851175	0.58157635	1.479237358	34.0	0.1979081218
E03_bin.45	ANI95_cluster_00231	D08_bin.97	False	d__Bacteria;p__Bacteroidota;c__Bacteroidia;o__Bacteroidales;f__Tannerellaceae;g__Parabacteroides;s__Parabacteroides merdae	Bacteria	Bacteroidota	Bacteroidia	Bacteroidales	Tannerellaceae	Parabacteroides	Parabacteroides merdae	97.31	3.27	4316661	81	92594	45.258198	3614	41.0	0.6307692308	0.03123953075	0.022106443	0.038319547	0.29841644	2.030569499	41.0	0.2593302283
E03_bin.50	ANI95_cluster_00217	D07_bin.25	False	d__Bacteria;p__Actinomycetota;c__Coriobacteriia;o__Coriobacteriales;f__Eggerthellaceae;g__Adlercreutzia;s__Adlercreutzia rubneri	Bacteria	Actinomycetota	Coriobacteriia	Coriobacteriales	Eggerthellaceae	Adlercreutzia	Adlercreutzia rubneri	95.16	1.61	2331982	86	41717	64.226096	2005	41.0	0.6307692308	0.01823626768	0.00601684	0.011123573	0.27369875	1.185357399	41.0	0.177297106
E03_bin.58	ANI95_cluster_00373	G08_bin.9	False	d__Bacteria;p__Bacillota;c__Clostridia;o__Oscillospirales;f__Ruminococcaceae;g__Faecalibacterium;s__Faecalibacterium taiwanense	Bacteria	Bacillota	Clostridia	Oscillospirales	Ruminococcaceae	Faecalibacterium	Faecalibacterium taiwanense	88.41	5.69	2279101	200	17030	57.738512	2201	64.0	0.9846153846	0.09506653717	0.057097584	0.05774959	1.0028846	6.179324916	64.0	0.4895959009
E03_bin.59	ANI95_cluster_00186	C08_bin.86	False	d__Bacteria;p__Bacillota;c__Negativicutes;o__Acidaminococcales;f__Acidaminococcaceae;g__Phascolarctobacterium;s__Phascolarctobacterium faecium	Bacteria	Bacillota	Negativicutes	Acidaminococcales	Acidaminococcaceae	Phascolarctobacterium	Phascolarctobacterium faecium	87.62	2.2	1802255	227	12799	43.143062	1801	15.0	0.2307692308	0.04999809657	0.0	0.049644556	2.3241682	3.249876277	15.0	0.1371971052
E03_bin.6	ANI95_cluster_00023	A05_bin.109	False	d__Bacteria;p__Bacteroidota;c__Bacteroidia;o__Bacteroidales;f__Bacteroidaceae;g__Bacteroides;s__Bacteroides sp900755095	Bacteria	Bacteroidota	Bacteroidia	Bacteroidales	Bacteroidaceae	Bacteroides	Bacteroides sp900755095	89.27	7.03	6630225	400	29401	41.712235	5337	62.0	0.9538461538	0.1617669324	0.08307033	0.09034492	1.3566792	10.51485061	62.0	0.4551342962
E03_bin.65	ANI95_cluster_00413	H05_bin.38	False	d__Bacteria;p__Bacteroidota;c__Bacteroidia;o__Bacteroidales;f__Tannerellaceae;g__Parabacteroides;s__Parabacteroides distasonis	Bacteria	Bacteroidota	Bacteroidia	Bacteroidales	Tannerellaceae	Parabacteroides	Parabacteroides distasonis	98.28	0.9	4565462	31	256022	45.051366	3766	42.0	0.6461538462	0.01662881154	0.007493263	0.01183626	0.14898255	1.08087275	42.0	0.2045248335
E03_bin.66	ANI95_cluster_00310	F07_bin.6	False	d__Bacteria;p__Bacillota;c__Clostridia;o__Oscillospirales;f__Acutalibacteraceae;g__CAG-217;s__CAG-217 sp000436335	Bacteria	Bacillota	Clostridia	Oscillospirales	Acutalibacteraceae	CAG-217	CAG-217 sp000436335	91.95	0.0	1660689	48	55505	54.715964	1535	16.0	0.2461538462	0.01308014542	0.0	0.0205707475	0.22099707	0.850209452	16.0	0.1014908875
E03_bin.71	ANI95_cluster_00194	D01_bin.67	False	d__Bacteria;p__Actinomycetota;c__Coriobacteriia;o__Coriobacteriales;f__Coriobacteriaceae;g__Collinsella;s__Collinsella sp905215825	Bacteria	Actinomycetota	Coriobacteriia	Coriobacteriales	Coriobacteriaceae	Collinsella	Collinsella sp905215825	99.19	0.81	1928810	45	57800	60.184155	1637	31.0	0.4769230769	0.02285732815	0.0	0.015538016	0.77101874	1.48572633	31.0	0.1193360364
E03_bin.8	ANI95_cluster_00007	A01_bin.66	False	d__Bacteria;p__Bacillota;c__Clostridia;o__Christensenellales;f__Aristaeellaceae;g__Ventricola;s__Ventricola sp900542395	Bacteria	Bacillota	Clostridia	Christensenellales	Aristaeellaceae	Ventricola	Ventricola sp900542395	97.18	0.27	2489189	123	32763	60.354316	2213	27.0	0.4153846154	0.01707512438	0.0	0.013923491	0.5772952	1.109883085	27.0	0.1317172034
E04_bin.10	ANI95_cluster_00347	G05_bin.15	False	d__Bacteria;p__Bacillota;c__Clostridia;o__Lachnospirales;f__Lachnospiraceae;g__Maccoyibacter;s__Maccoyibacter intestinihominis	Bacteria	Bacillota	Clostridia	Lachnospirales	Lachnospiraceae	Maccoyibacter	Maccoyibacter intestinihominis	85.53	1.78	1837964	96	27241	42.186898	1770	43.0	0.6615384615	0.02035059248	0.009312145	0.019824266	0.2511306	1.322788511	43.0	0.2681439155
E04_bin.14	ANI95_cluster_00250	E04_bin.14	True	d__Bacteria;p__Bacillota;c__Clostridia;o__Oscillospirales;f__Acutalibacteraceae;g__CAG-177;s__CAG-177 sp003538135	Bacteria	Bacillota	Clostridia	Oscillospirales	Acutalibacteraceae	CAG-177	CAG-177 sp003538135	95.76	0.0	2074798	27	126215	52.317575	1895	3.0	0.04615384615	0.008194031492	0.0	0.040148262	0.46363348	0.532612047	3.0	0.02622250523
E04_bin.15	ANI95_cluster_00296	F05_bin.48	False	d__Bacteria;p__Pseudomonadota;c__Gammaproteobacteria;o__Burkholderiales;f__Burkholderiaceae_F;g__Sutterella;s__Sutterella wadsworthensis	Bacteria	Pseudomonadota	Gammaproteobacteria	Burkholderiales	Burkholderiaceae_F	Sutterella	Sutterella wadsworthensis	86.99	2.8	2102600	447	5425	55.954057	2072	26.0	0.4	0.01705258259	0.0	0.026486806	0.21546316	1.108417869	26.0	0.1427712126
E04_bin.17	ANI95_cluster_00267	E06_bin.85	False	d__Bacteria;p__Bacteroidota;c__Bacteroidia;o__Bacteroidales;f__Rikenellaceae;g__Alistipes;s__Alistipes shahii	Bacteria	Bacteroidota	Bacteroidia	Bacteroidales	Rikenellaceae	Alistipes	Alistipes shahii	83.36	0.56	2303655	126	30283	60.338592	1946	45.0	0.6923076923	0.05643691907	0.0375659	0.05833488	0.27683035	3.66839974	45.0	0.4179928712
E04_bin.19	ANI95_cluster_00412	H05_bin.34	False	d__Bacteria;p__Pseudomonadota;c__Gammaproteobacteria;o__Enterobacterales;f__Enterobacteriaceae;g__Escherichia;s__Escherichia coli	Bacteria	Pseudomonadota	Gammaproteobacteria	Enterobacterales	Enterobacteriaceae	Escherichia	Escherichia coli	98.65	1.03	4472157	293	25362	50.853291	4364	17.0	0.2615384615	0.03336136776	0.0	0.014309197	1.6530486	2.168488905	17.0	0.08106420077
E04_bin.20	ANI95_cluster_00328	G01_bin.76	False	d__Bacteria;p__Pseudomonadota;c__Alphaproteobacteria;o__RF32;f__CAG-239;g__Scatacola_A;s__Scatacola_A faecigallinarum	Bacteria	Pseudomonadota	Alphaproteobacteria	RF32	CAG-239	Scatacola_A	Scatacola_A faecigallinarum	93.55	0.0	1669096	53	50235	49.237731	1679	13.0	0.2	0.02047128977	0.0	0.07164213	0.45562217	1.330633835	13.0	0.1026594235
E04_bin.21	ANI95_cluster_00251	E04_bin.21	True	d__Bacteria;p__Bacillota;c__Negativicutes;o__Veillonellales;f__Dialisteraceae;g__Dialister;s__Dialister sp000434475	Bacteria	Bacillota	Negativicutes	Veillonellales	Dialisteraceae	Dialister	Dialister sp000434475	92.88	0.63	2027028	172	16067	52.311315	1685	2.0	0.03076923077	0.01279158862	0.0	0.41572663	0.43931246	0.83145326	2.0	0.02543664862
E04_bin.22	ANI95_cluster_00288	F03_bin.29	False	d__Bacteria;p__Bacteroidota;c__Bacteroidia;o__Bacteroidales;f__Bacteroidaceae;g__Bacteroides;s__Bacteroides cellulosilyticus	Bacteria	Bacteroidota	Bacteroidia	Bacteroidales	Bacteroidaceae	Bacteroides	Bacteroides cellulosilyticus	93.96	8.86	7099198	118	122019	42.632647	5309	36.0	0.5538461538	0.06338981426	0.013429568	0.063481427	0.45460236	4.120337927	36.0	0.2517669883
E04_bin.23	ANI95_cluster_00222	D08_bin.21	False	d__Bacteria;p__Bacteroidota;c__Bacteroidia;o__Bacteroidales;f__Rikenellaceae;g__Alistipes;s__Alistipes putredinis	Bacteria	Bacteroidota	Bacteroidia	Bacteroidales	Rikenellaceae	Alistipes	Alistipes putredinis	92.79	0.96	2141307	27	137611	54.637752	1933	51.0	0.7846153846	0.1245546584	0.1056164	0.12074697	0.49140194	8.096052799	51.0	0.4767295297
E04_bin.29	ANI95_cluster_00044	A07_bin.65	False	d__Bacteria;p__Bacteroidota;c__Bacteroidia;o__Bacteroidales;f__Barnesiellaceae;g__Barnesiella;s__Barnesiella intestinihominis	Bacteria	Bacteroidota	Bacteroidia	Bacteroidales	Barnesiellaceae	Barnesiella	Barnesiella intestinihominis	99.25	0.0	3311021	25	213348	43.534879	2722	43.0	0.6615384615	0.05259248375	0.03689694	0.06399617	0.4218019	3.418511443	43.0	0.2921456245
E04_bin.35	ANI95_cluster_00252	E04_bin.35	True	d__Bacteria;p__Bacteroidota;c__Bacteroidia;o__Bacteroidales;f__UBA932;g__Cryptobacteroides;s__Cryptobacteroides sp000432515	Bacteria	Bacteroidota	Bacteroidia	Bacteroidales	UBA932	Cryptobacteroides	Cryptobacteroides sp000432515	81.9	0.95	2257001	57	56386	49.020891	1808	1.0	0.01538461538	0.3972369538	0.0	25.820402	25.820402	25.820402	1.0	0.01538014415
E04_bin.38	ANI95_cluster_00253	E04_bin.38	True	d__Bacteria;p__Bacillota;c__Clostridia;o__Lachnospirales;f__Lachnospiraceae;g__Blautia_A;s__Blautia_A faecis	Bacteria	Bacillota	Clostridia	Lachnospirales	Lachnospiraceae	Blautia_A	Blautia_A faecis	96.72	1.71	3569175	185	32620	43.323933	3181	64.0	0.9846153846	0.08167882411	0.052707016	0.05406546	0.38708803	5.309123567	64.0	0.5976205788
E04_bin.4	ANI95_cluster_00029	A05_bin.5	False	d__Archaea;p__Methanobacteriota;c__Methanobacteria;o__Methanobacteriales;f__Methanobacteriaceae;g__Methanocatella;s__Methanocatella smithii	Archaea	Methanobacteriota	Methanobacteria	Methanobacteriales	Methanobacteriaceae	Methanocatella	Methanocatella smithii	91.7	2.4	1642640	315	6821	31.113330	1868	16.0	0.2461538462	0.01017105042	0.0	0.024059635	0.15577053	0.661118277	16.0	0.119447194
E04_bin.41	ANI95_cluster_00061	B01_bin.9	False	d__Bacteria;p__Verrucomicrobiota;c__Verrucomicrobiia;o__Verrucomicrobiales;f__Akkermansiaceae;g__Akkermansia;s__Akkermansia muciniphila	Bacteria	Verrucomicrobiota	Verrucomicrobiia	Verrucomicrobiales	Akkermansiaceae	Akkermansia	Akkermansia muciniphila	97.96	0.0	2671498	19	255459	55.291301	2254	26.0	0.4	0.03933126922	0.0	0.028014085	1.0418916	2.5565325	26.0	0.1526432732
E04_bin.47	ANI95_cluster_00053	A09_bin.36	False	d__Bacteria;p__Bacillota;c__Clostridia;o__Oscillospirales;f__Oscillospiraceae;g__Oscillibacter;s__Oscillibacter segnis	Bacteria	Bacillota	Clostridia	Oscillospirales	Oscillospiraceae	Oscillibacter	Oscillibacter segnis	94.52	0.67	2239361	120	33049	57.743526	2126	48.0	0.7384615385	0.03821004055	0.028698383	0.037855128	0.1744424	2.483652636	48.0	0.2789281754
E04_bin.49	ANI95_cluster_00270	E07_bin.58	False	d__Bacteria;p__Bacteroidota;c__Bacteroidia;o__Bacteroidales;f__Tannerellaceae;g__Parabacteroides;s__Parabacteroides goldsteinii	Bacteria	Bacteroidota	Bacteroidia	Bacteroidales	Tannerellaceae	Parabacteroides	Parabacteroides goldsteinii	93.95	1.28	5927561	84	130424	43.646839	4613	9.0	0.1384615385	0.01147289287	0.0	0.023758331	0.5639226	0.7457380368	9.0	0.056257538
E04_bin.5	ANI95_cluster_00204	D05_bin.15	False	d__Bacteria;p__Bacteroidota;c__Bacteroidia;o__Bacteroidales;f__Coprobacteraceae;g__Coprobacter;s__Coprobacter fastidiosus	Bacteria	Bacteroidota	Bacteroidia	Bacteroidales	Coprobacteraceae	Coprobacter	Coprobacter fastidiosus	93.34	5.42	3381819	385	13258	38.696808	2963	23.0	0.3538461538	0.007682449862	0.0	0.015473317	0.120873675	0.499359241	23.0	0.1063048194
E04_bin.52	ANI95_cluster_00129	B09_bin.106	False	d__Bacteria;p__Bacteroidota;c__Bacteroidia;o__Bacteroidales;f__Marinifilaceae;g__Butyricimonas;s__Butyricimonas virosa	Bacteria	Bacteroidota	Bacteroidia	Bacteroidales	Marinifilaceae	Butyricimonas	Butyricimonas virosa	93.82	0.81	4298416	271	24945	42.334548	3682	24.0	0.3692307692	0.0132198549	0.0	0.020119134	0.18600579	0.8592905684	24.0	0.1343139606
E04_bin.54	ANI95_cluster_00315	F08_bin.12	False	d__Bacteria;p__Bacteroidota;c__Bacteroidia;o__Bacteroidales;f__Rikenellaceae;g__Alistipes_A;s__Alistipes_A hominis	Bacteria	Bacteroidota	Bacteroidia	Bacteroidales	Rikenellaceae	Alistipes_A	Alistipes_A hominis	97.49	0.67	2735861	116	37394	55.306245	2321	26.0	0.4	0.01342177963	0.0	0.0138847935	0.30139562	0.8724156762	26.0	0.1640876146
E04_bin.58	ANI95_cluster_00083	B04_bin.18	False	d__Bacteria;p__Bacteroidota;c__Bacteroidia;o__Bacteroidales;f__Rikenellaceae;g__Alistipes;s__Alistipes onderdonkii	Bacteria	Bacteroidota	Bacteroidia	Bacteroidales	Rikenellaceae	Alistipes	Alistipes onderdonkii	81.73	0.48	2355277	38	85294	59.068254	1950	56.0	0.8615384615	0.1109297098	0.03707255	0.052599212	0.91447854	7.210431135	56.0	0.4455728645
E04_bin.6	ANI95_cluster_00019	A04_bin.71	False	d__Bacteria;p__Bacteroidota;c__Bacteroidia;o__Bacteroidales;f__Rikenellaceae;g__Alistipes_A;s__Alistipes_A ihumii	Bacteria	Bacteroidota	Bacteroidia	Bacteroidales	Rikenellaceae	Alistipes_A	Alistipes_A ihumii	96.55	6.74	2259512	199	15424	59.098292	1931	26.0	0.4	0.01237928002	0.0	0.015757094	0.11419513	0.8046532016	26.0	0.1640440737
E04_bin.61	ANI95_cluster_00254	E04_bin.61	True	d__Bacteria;p__Bacillota;c__Clostridia;o__Oscillospirales;f__Oscillospiraceae;g__Hominicoprocola;s__Hominicoprocola sp003522105	Bacteria	Bacillota	Clostridia	Oscillospirales	Oscillospiraceae	Hominicoprocola	Hominicoprocola sp003522105	92.62	0.0	1587099	25	88145	58.235246	1517	12.0	0.1846153846	0.02414518268	0.0	0.043322528	0.6335647	1.569436874	12.0	0.09075018169
E04_bin.69	ANI95_cluster_00332	G02_bin.41	False	d__Bacteria;p__Bacteroidota;c__Bacteroidia;o__Bacteroidales;f__Rikenellaceae;g__Alistipes_A;s__Alistipes_A indistinctus	Bacteria	Bacteroidota	Bacteroidia	Bacteroidales	Rikenellaceae	Alistipes_A	Alistipes_A indistinctus	95.41	3.61	2753473	280	14167	55.471327	2389	36.0	0.5538461538	0.01410723614	0.0080499295	0.0131198605	0.16595969	0.916970349	36.0	0.182551838
E06_bin.1	ANI95_cluster_00310	F07_bin.6	False	d__Bacteria;p__Bacillota;c__Clostridia;o__Oscillospirales;f__Acutalibacteraceae;g__CAG-217;s__CAG-217 sp000436335	Bacteria	Bacillota	Clostridia	Oscillospirales	Acutalibacteraceae	CAG-217	CAG-217 sp000436335	91.95	1.68	1770042	139	17306	54.326564	1689	16.0	0.2461538462	0.01133164065	0.0	0.04386045	0.14164561	0.7365566425	16.0	0.1195235089
E06_bin.10	ANI95_cluster_00280	F02_bin.31	False	d__Bacteria;p__Verrucomicrobiota;c__Verrucomicrobiia;o__Verrucomicrobiales;f__Akkermansiaceae;g__Akkermansia;s__Akkermansia massiliensis	Bacteria	Verrucomicrobiota	Verrucomicrobiia	Verrucomicrobiales	Akkermansiaceae	Akkermansia	Akkermansia massiliensis	97.96	0.68	2980591	49	108856	58.115454	2469	12.0	0.1846153846	0.01657754123	0.0	0.074232381	0.23779643	1.07754018	12.0	0.1096190386
E06_bin.18	ANI95_cluster_00283	F02_bin.66	False	d__Bacteria;p__Bacteroidota;c__Bacteroidia;o__Bacteroidales;f__Rikenellaceae;g__Tidjanibacter;s__Tidjanibacter inops	Bacteria	Bacteroidota	Bacteroidia	Bacteroidales	Rikenellaceae	Tidjanibacter	Tidjanibacter inops	95.67	0.48	2226941	41	109015	56.723640	1942	32.0	0.4923076923	0.02925950794	0.0	0.036181032	0.22801141	1.901868016	32.0	0.2563392701
E06_bin.21	ANI95_cluster_00021	A04_bin.93	False	d__Bacteria;p__Bacillota;c__Clostridia;o__Oscillospirales;f__Ruminococcaceae;g__Gemmiger;s__Gemmiger qucibialis	Bacteria	Bacillota	Clostridia	Oscillospirales	Ruminococcaceae	Gemmiger	Gemmiger qucibialis	98.12	1.36	2596546	332	10593	56.383018	2294	50.0	0.7692307692	0.01865067114	0.014545175	0.019542825	0.08265365	1.212293624	50.0	0.2353567859
E06_bin.22	ANI95_cluster_00007	A01_bin.66	False	d__Bacteria;p__Bacillota;c__Clostridia;o__Christensenellales;f__Aristaeellaceae;g__Ventricola;s__Ventricola sp900542395	Bacteria	Bacillota	Clostridia	Christensenellales	Aristaeellaceae	Ventricola	Ventricola sp900542395	91.4	5.71	2459329	441	7171	60.091025	2513	26.0	0.4	0.01184107126	0.0	0.015282699	0.17540275	0.7696696318	26.0	0.1403570212
E06_bin.24	ANI95_cluster_00133	B09_bin.61	False	d__Bacteria;p__Bacillota;c__Clostridia;o__Oscillospirales;f__Ruminococcaceae;g__Hominimerdicola;s__Hominimerdicola aceti	Bacteria	Bacillota	Clostridia	Oscillospirales	Ruminococcaceae	Hominimerdicola	Hominimerdicola aceti	98.63	0.0	2532589	66	63048	43.206497	2301	35.0	0.5384615385	0.0181776556	0.0061362605	0.01344405	0.24444386	1.181547614	35.0	0.1485595805
E06_bin.28	ANI95_cluster_00413	H05_bin.38	False	d__Bacteria;p__Bacteroidota;c__Bacteroidia;o__Bacteroidales;f__Tannerellaceae;g__Parabacteroides;s__Parabacteroides distasonis	Bacteria	Bacteroidota	Bacteroidia	Bacteroidales	Tannerellaceae	Parabacteroides	Parabacteroides distasonis	97.08	0.77	4185237	85	88410	45.468895	3461	41.0	0.6307692308	0.01660582836	0.008678134	0.0124756135	0.15065919	1.079378844	41.0	0.2102154329
E06_bin.31	ANI95_cluster_00092	B05_bin.2	False	d__Bacteria;p__Pseudomonadota;c__Gammaproteobacteria;o__Enterobacterales;f__Pasteurellaceae;g__Haemophilus_D;s__Haemophilus_D sp048377755	Bacteria	Pseudomonadota	Gammaproteobacteria	Enterobacterales	Pasteurellaceae	Haemophilus_D	Haemophilus_D sp048377755	96.61	5.43	1903003	303	8407	39.725686	2063	21.0	0.3230769231	0.01028366411	0.0	0.015790528	0.24749453	0.6684381674	20.0	0.1084185848
E06_bin.36	ANI95_cluster_00255	E06_bin.36	True	d__Bacteria;p__Bacillota;c__Clostridia;o__Christensenellales;f__Borkfalkiaceae;g__Scatosoma;s__Scatosoma sp003448195	Bacteria	Bacillota	Clostridia	Christensenellales	Borkfalkiaceae	Scatosoma	Scatosoma sp003448195	86.89	1.61	1652826	306	6895	50.104548	1579	1.0	0.01538461538	0.003887177846	0.0	0.25266656	0.25266656	0.25266656	1.0	0.01537231938
E06_bin.4	ANI95_cluster_00424	H07_bin.23	False	d__Bacteria;p__Bacillota;c__Clostridia;o__Oscillospirales;f__Ruminococcaceae;g__Faecalibacterium;s__Faecalibacterium longum	Bacteria	Bacillota	Clostridia	Oscillospirales	Ruminococcaceae	Faecalibacterium	Faecalibacterium longum	97.79	3.06	2402227	69	54042	58.874619	2179	58.0	0.8923076923	0.05050545455	0.03654095	0.0429510315	0.51240027	3.282854546	58.0	0.3231127873
E06_bin.40	ANI95_cluster_00355	G06_bin.24	False	d__Bacteria;p__Bacillota;c__Clostridia;o__Oscillospirales;f__Oscillospiraceae;g__CAG-170;s__CAG-170 sp000432135	Bacteria	Bacillota	Clostridia	Oscillospirales	Oscillospiraceae	CAG-170	CAG-170 sp000432135	85.91	2.73	2380688	99	41071	58.809806	2217	38.0	0.5846153846	0.02416992485	0.008352627	0.021959766	0.26588216	1.571045115	38.0	0.2109238086
E06_bin.44	ANI95_cluster_00256	E06_bin.44	True	d__Bacteria;p__Bacillota;c__Clostridia;o__Oscillospirales;f__Acutalibacteraceae;g__UMGS172;s__UMGS172 sp900539855	Bacteria	Bacillota	Clostridia	Oscillospirales	Acutalibacteraceae	UMGS172	UMGS172 sp900539855	89.42	1.01	1521890	319	5799	48.735454	1582	5.0	0.07692307692	0.01591891556	0.0	0.046452742	0.71799463	1.034729512	5.0	0.05120836077
E06_bin.46	ANI95_cluster_00257	E06_bin.46	True	d__Bacteria;p__Bacillota;c__Clostridia;o__Christensenellales;f__Borkfalkiaceae;g__Borkfalkia;s__Borkfalkia ceftriaxoniphila	Bacteria	Bacillota	Clostridia	Christensenellales	Borkfalkiaceae	Borkfalkia	Borkfalkia ceftriaxoniphila	86.96	1.77	2110690	381	7213	53.079230	2101	31.0	0.4769230769	0.02041255555	0.0	0.012576291	0.25592104	1.326816111	31.0	0.2056109522
E06_bin.49	ANI95_cluster_00302	F06_bin.75	False	d__Bacteria;p__Bacillota;c__Clostridia;o__Oscillospirales;f__Oscillospiraceae;g__Hominicoprocola;s__Hominicoprocola fusiformis	Bacteria	Bacillota	Clostridia	Oscillospirales	Oscillospiraceae	Hominicoprocola	Hominicoprocola fusiformis	90.97	6.54	1844864	218	12498	59.529754	1921	48.0	0.7384615385	0.0262484524	0.016821682	0.0238341195	0.32982945	1.706149406	48.0	0.2174286523
E06_bin.5	ANI95_cluster_00258	E06_bin.5	True	d__Bacteria;p__Actinomycetota;c__Coriobacteriia;o__Coriobacteriales;f__Coriobacteriaceae;g__Enorma;s__Enorma massiliensis	Bacteria	Actinomycetota	Coriobacteriia	Coriobacteriales	Coriobacteriaceae	Enorma	Enorma massiliensis	97.58	0.0	2127428	54	55797	61.950346	1788	2.0	0.03076923077	0.006956785708	0.0	0.2260955355	0.44808042	0.452191071	2.0	0.017227346
E06_bin.50	ANI95_cluster_00259	E06_bin.50	True	d__Bacteria;p__Bacteroidota;c__Bacteroidia;o__Bacteroidales;f__Muribaculaceae;g__UBA7173;s__UBA7173 sp900545955	Bacteria	Bacteroidota	Bacteroidia	Bacteroidales	Muribaculaceae	UBA7173	UBA7173 sp900545955	97.92	0.38	2599909	94	39977	54.896152	2087	5.0	0.07692307692	0.03058385477	0.0	0.3805419	0.80344445	1.98795056	5.0	0.05647671077
E06_bin.51	ANI95_cluster_00260	E06_bin.51	True	d__Bacteria;p__Actinomycetota;c__Actinomycetes;o__Actinomycetales;f__Bifidobacteriaceae;g__Bifidobacterium;s__Bifidobacterium dentium	Bacteria	Actinomycetota	Actinomycetes	Actinomycetales	Bifidobacteriaceae	Bifidobacterium	Bifidobacterium dentium	98.3	1.48	2357818	146	24391	58.776801	2000	6.0	0.09230769231	0.006967244008	0.0	0.0140174925	0.35174006	0.4528708605	6.0	0.03979564094
E06_bin.52	ANI95_cluster_00358	G07_bin.107	False	d__Bacteria;p__Bacillota;c__Clostridia;o__Lachnospirales;f__Lachnospiraceae;g__Roseburia;s__Roseburia faecis	Bacteria	Bacillota	Clostridia	Lachnospirales	Lachnospiraceae	Roseburia	Roseburia faecis	92.94	4.27	3196611	258	21728	43.720740	3162	42.0	0.6461538462	0.02574357896	0.012646458	0.0306280615	0.25181478	1.673332633	42.0	0.230605047
E06_bin.55	ANI95_cluster_00261	E06_bin.55	True	d__Bacteria;p__Bacillota;c__Clostridia;o__Lachnospirales;f__Lachnospiraceae;g__Mediterraneibacter;s__Mediterraneibacter gnavus	Bacteria	Bacillota	Clostridia	Lachnospirales	Lachnospiraceae	Mediterraneibacter	Mediterraneibacter gnavus	94.13	1.48	2426110	80	57553	43.817057	2314	19.0	0.2923076923	0.015785921	0.0	0.017687371	0.4474641	1.026084865	19.0	0.1048404177
E06_bin.56	ANI95_cluster_00285	F03_bin.1	False	d__Bacteria;p__Bacillota;c__Clostridia;o__Lachnospirales;f__Lachnospiraceae;g__Acetatifactor;s__Acetatifactor acetigignens	Bacteria	Bacillota	Clostridia	Lachnospirales	Lachnospiraceae	Acetatifactor	Acetatifactor acetigignens	97.18	2.58	3325587	82	61752	46.799738	3004	52.0	0.8	0.03491407144	0.013196079	0.02011197	0.3030484	2.269414643	52.0	0.267782589
E06_bin.6	ANI95_cluster_00262	E06_bin.6	True	d__Bacteria;p__Pseudomonadota;c__Gammaproteobacteria;o__Burkholderiales;f__Burkholderiaceae_F;g__Duodenibacillus;s__Duodenibacillus sp900552545	Bacteria	Pseudomonadota	Gammaproteobacteria	Burkholderiales	Burkholderiaceae_F	Duodenibacillus	Duodenibacillus sp900552545	99.25	0.94	2296930	51	66311	60.914394	1854	2.0	0.03076923077	0.008543254523	0.0	0.277655772	0.55034745	0.555311544	2.0	0.01747379877
E06_bin.60	ANI95_cluster_00364	G08_bin.17	False	d__Bacteria;p__Bacillota;c__Clostridia;o__Oscillospirales;f__Oscillospiraceae;g__Hominicoprocola;s__Hominicoprocola sp900317525	Bacteria	Bacillota	Clostridia	Oscillospirales	Oscillospiraceae	Hominicoprocola	Hominicoprocola sp900317525	83.62	2.68	1558943	241	8340	62.116960	1638	40.0	0.6153846154	0.0152568231	0.008099604	0.015309355	0.1685609	0.9916935017	40.0	0.1753430569
E06_bin.63	ANI95_cluster_00263	E06_bin.63	True	d__Bacteria;p__Bacillota;c__Clostridia;o__Lachnospirales;f__Lachnospiraceae;g__Eubacterium_F;s__Eubacterium_F sp003491505	Bacteria	Bacillota	Clostridia	Lachnospirales	Lachnospiraceae	Eubacterium_F	Eubacterium_F sp003491505	98.66	0.02	3012866	90	64351	40.740079	2835	41.0	0.6307692308	0.02278488368	0.015702194	0.02229121	0.30542478	1.481017439	41.0	0.1931827147
E06_bin.65	ANI95_cluster_00412	H05_bin.34	False	d__Bacteria;p__Pseudomonadota;c__Gammaproteobacteria;o__Enterobacterales;f__Enterobacteriaceae;g__Escherichia;s__Escherichia coli	Bacteria	Pseudomonadota	Gammaproteobacteria	Enterobacterales	Enterobacteriaceae	Escherichia	Escherichia coli	82.74	2.13	3834805	47	167980	51.112299	3586	19.0	0.2923076923	0.02167399753	0.0	0.011643303	0.40699345	1.408809839	19.0	0.09813462448
E06_bin.68	ANI95_cluster_00034	A06_bin.107	False	d__Bacteria;p__Bacteroidota;c__Bacteroidia;o__Bacteroidales;f__Marinifilaceae;g__Odoribacter;s__Odoribacter splanchnicus	Bacteria	Bacteroidota	Bacteroidia	Bacteroidales	Marinifilaceae	Odoribacter	Odoribacter splanchnicus	96.0	0.0	3858176	160	35396	43.631110	3302	49.0	0.7538461538	0.01033430968	0.008628233	0.010290699	0.05060538	0.6717301289	49.0	0.2181554855
E06_bin.70	ANI95_cluster_00264	E06_bin.70	True	d__Bacteria;p__Bacillota;c__Bacilli;o__Lactobacillales;f__Lactobacillaceae;g__Lactiplantibacillus;s__Lactiplantibacillus plantarum	Bacteria	Bacillota	Bacilli	Lactobacillales	Lactobacillaceae	Lactiplantibacillus	Lactiplantibacillus plantarum	99.38	2.78	3186058	31	121790	44.593821	3003	9.0	0.1384615385	0.01294031998	0.0	0.011306506	0.7145914	0.8411207986	9.0	0.05952014892
E06_bin.72	ANI95_cluster_00265	E06_bin.72	True	d__Bacteria;p__Bacillota_I;c__Bacilli_A;o__RFN20;f__CAG-826;g__Onthovivens;s__	Bacteria	Bacillota_I	Bacilli_A	RFN20	CAG-826	Onthovivens		80.9	0.0	1600247	94	35416	29.694166	1426	2.0	0.03076923077	0.009562609975	0.0	0.3107848242	0.6158673	0.6215696484	2.0	0.01769809477
E06_bin.78	ANI95_cluster_00419	H06_bin.61	False	d__Bacteria;p__Bacillota;c__Clostridia;o__Lachnospirales;f__Lachnospiraceae;g__Fusicatenibacter;s__Fusicatenibacter saccharivorans	Bacteria	Bacillota	Clostridia	Lachnospirales	Lachnospiraceae	Fusicatenibacter	Fusicatenibacter saccharivorans	87.48	4.96	2324861	524	5514	49.304582	2412	60.0	0.9230769231	0.0213057168	0.013065974	0.0145536255	0.08394289	1.384871592	60.0	0.3053644597
E06_bin.83	ANI95_cluster_00266	E06_bin.83	True	d__Bacteria;p__Bacteroidota;c__Bacteroidia;o__Bacteroidales;f__Tannerellaceae;g__Parabacteroides;s__Parabacteroides faecalis	Bacteria	Bacteroidota	Bacteroidia	Bacteroidales	Tannerellaceae	Parabacteroides	Parabacteroides faecalis	90.96	1.77	3139171	179	24492	42.641226	2681	7.0	0.1076923077	0.07631925043	0.0	0.8127703	1.4874656	4.960751278	7.0	0.07428095938
E06_bin.85	ANI95_cluster_00267	E06_bin.85	True	d__Bacteria;p__Bacteroidota;c__Bacteroidia;o__Bacteroidales;f__Rikenellaceae;g__Alistipes;s__Alistipes shahii	Bacteria	Bacteroidota	Bacteroidia	Bacteroidales	Rikenellaceae	Alistipes	Alistipes shahii	99.52	0.0	3136079	56	71578	58.889715	2571	45.0	0.6923076923	0.07574556563	0.04994484	0.064693876	0.53072876	4.923461766	45.0	0.4103878309
E06_bin.9	ANI95_cluster_00298	F06_bin.46	False	d__Bacteria;p__Bacillota;c__Bacilli;o__Lactobacillales;f__Streptococcaceae;g__Streptococcus;s__Streptococcus thermophilus	Bacteria	Bacillota	Bacilli	Lactobacillales	Streptococcaceae	Streptococcus	Streptococcus thermophilus	91.96	3.15	1469152	277	7357	39.687861	1736	23.0	0.3538461538	0.00769496864	0.0	0.010833268	0.07900431	0.5001729616	22.0	0.1354337845
E07_bin.1	ANI95_cluster_00415	H05_bin.43	False	d__Bacteria;p__Bacillota;c__Clostridia;o__Lachnospirales;f__Lachnospiraceae;g__Roseburia;s__Roseburia rectalis	Bacteria	Bacillota	Clostridia	Lachnospirales	Lachnospiraceae	Roseburia	Roseburia rectalis	97.1	0.0	2534853	40	111977	42.058257	2367	49.0	0.7538461538	0.02414525108	0.013454216	0.01950313	0.19308163	1.56944132	49.0	0.2164474182
E07_bin.18	ANI95_cluster_00193	D01_bin.64	False	d__Bacteria;p__Bacteroidota;c__Bacteroidia;o__Bacteroidales;f__Bacteroidaceae;g__Bacteroides;s__Bacteroides uniformis	Bacteria	Bacteroidota	Bacteroidia	Bacteroidales	Bacteroidaceae	Bacteroides	Bacteroides uniformis	93.31	7.19	4037111	146	47905	47.128479	3395	63.0	0.9692307692	0.2154624931	0.15512902	0.1554563	1.1741618	14.00506205	63.0	0.590274752
E07_bin.22	ANI95_cluster_00138	C02_bin.12	False	d__Bacteria;p__Bacteroidota;c__Bacteroidia;o__Bacteroidales;f__Bacteroidaceae;g__Prevotella;s__Prevotella copri_B	Bacteria	Bacteroidota	Bacteroidia	Bacteroidales	Bacteroidaceae	Prevotella	Prevotella copri_B	84.01	1.3	2857239	46	78119	45.335024	2391	16.0	0.2461538462	0.6535440882	0.0	0.7575296	21.502548	42.48036573	16.0	0.1390403122
E07_bin.24	ANI95_cluster_00191	D01_bin.36	False	d__Bacteria;p__Bacillota;c__Clostridia;o__Oscillospirales;f__Butyricicoccaceae;g__Agathobaculum;s__Agathobaculum butyriciproducens	Bacteria	Bacillota	Clostridia	Oscillospirales	Butyricicoccaceae	Agathobaculum	Agathobaculum butyriciproducens	90.19	1.57	2069625	350	7552	56.030054	2064	55.0	0.8461538462	0.01876895775	0.012379386	0.014336418	0.13086015	1.219982254	55.0	0.2615621074
E07_bin.29	ANI95_cluster_00021	A04_bin.93	False	d__Bacteria;p__Bacillota;c__Clostridia;o__Oscillospirales;f__Ruminococcaceae;g__Gemmiger;s__Gemmiger qucibialis	Bacteria	Bacillota	Clostridia	Oscillospirales	Ruminococcaceae	Gemmiger	Gemmiger qucibialis	95.24	2.04	2617403	214	17831	56.348602	2262	52.0	0.8	0.01864123236	0.012614853	0.0149844835	0.21023624	1.211680103	52.0	0.2227991398
E07_bin.30	ANI95_cluster_00137	C01_bin.57	False	d__Bacteria;p__Pseudomonadota;c__Gammaproteobacteria;o__Burkholderiales;f__Burkholderiaceae_F;g__Parasutterella;s__Parasutterella gallistercoris	Bacteria	Pseudomonadota	Gammaproteobacteria	Burkholderiales	Burkholderiaceae_F	Parasutterella	Parasutterella gallistercoris	85.62	0.16	1611973	313	6204	50.142217	1687	11.0	0.1692307692	0.006858537565	0.0	0.025192238	0.10839156	0.4458049417	11.0	0.07714621538
E07_bin.31	ANI95_cluster_00268	E07_bin.31	True	d__Bacteria;p__Bacillota;c__Clostridia;o__TANB77;f__CAG-508;g__Merdicola;s__Merdicola sp018371855	Bacteria	Bacillota	Clostridia	TANB77	CAG-508	Merdicola	Merdicola sp018371855	81.03	2.13	1667143	106	24023	27.606210	1733	13.0	0.2	0.02151508669	0.0	0.03147147	0.48330012	1.398480635	13.0	0.1111720525
E07_bin.32	ANI95_cluster_00413	H05_bin.38	False	d__Bacteria;p__Bacteroidota;c__Bacteroidia;o__Bacteroidales;f__Tannerellaceae;g__Parabacteroides;s__Parabacteroides distasonis	Bacteria	Bacteroidota	Bacteroidia	Bacteroidales	Tannerellaceae	Parabacteroides	Parabacteroides distasonis	98.65	1.35	4916961	66	93100	44.930802	4096	46.0	0.7076923077	0.01509775856	0.009805032	0.01335557	0.18048777	0.9813543062	46.0	0.1644427902
E07_bin.34	ANI95_cluster_00269	E07_bin.34	True	d__Bacteria;p__Bacillota;c__Bacilli;o__Lactobacillales;f__Enterococcaceae;g__Enterococcus;s__Enterococcus faecalis	Bacteria	Bacillota	Bacilli	Lactobacillales	Enterococcaceae	Enterococcus	Enterococcus faecalis	97.38	1.75	2691397	271	18000	37.574947	2746	3.0	0.04615384615	0.004102054754	0.0	0.007476155	0.25499743	0.266633559	3.0	0.02061109769
E07_bin.4	ANI95_cluster_00286	F03_bin.13	False	d__Bacteria;p__Bacteroidota;c__Bacteroidia;o__Bacteroidales;f__Rikenellaceae;g__Alistipes;s__Alistipes finegoldii	Bacteria	Bacteroidota	Bacteroidia	Bacteroidales	Rikenellaceae	Alistipes	Alistipes finegoldii	99.85	0.0	2955543	35	124846	58.653181	2438	50.0	0.7692307692	0.09158544114	0.02961223	0.04537509	1.2389059	5.953053674	50.0	0.4044837598
E07_bin.43	ANI95_cluster_00424	H07_bin.23	False	d__Bacteria;p__Bacillota;c__Clostridia;o__Oscillospirales;f__Ruminococcaceae;g__Faecalibacterium;s__Faecalibacterium longum	Bacteria	Bacillota	Clostridia	Oscillospirales	Ruminococcaceae	Faecalibacterium	Faecalibacterium longum	83.03	7.62	1855454	286	9513	60.175407	1882	55.0	0.8461538462	0.02741587079	0.016880909	0.022367002	0.21146446	1.782031601	55.0	0.2764321913
E07_bin.44	ANI95_cluster_00194	D01_bin.67	False	d__Bacteria;p__Actinomycetota;c__Coriobacteriia;o__Coriobacteriales;f__Coriobacteriaceae;g__Collinsella;s__Collinsella sp905215825	Bacteria	Actinomycetota	Coriobacteriia	Coriobacteriales	Coriobacteriaceae	Collinsella	Collinsella sp905215825	88.19	8.25	2049692	488	4749	60.569247	2063	35.0	0.5384615385	0.01476315963	0.0063099856	0.017091976	0.14136735	0.9596053758	34.0	0.1144049408
E07_bin.46	ANI95_cluster_00290	F03_bin.40	False	d__Bacteria;p__Bacillota;c__Clostridia;o__Lachnospirales;f__Lachnospiraceae;g__Blautia_A;s__Blautia_A wexlerae	Bacteria	Bacillota	Clostridia	Lachnospirales	Lachnospiraceae	Blautia_A	Blautia_A wexlerae	80.89	9.7	3328826	404	12925	41.856619	3181	64.0	0.9846153846	0.04279611028	0.026793888	0.026889393	0.27261108	2.781747168	63.0	0.3979292959
E07_bin.5	ANI95_cluster_00332	G02_bin.41	False	d__Bacteria;p__Bacteroidota;c__Bacteroidia;o__Bacteroidales;f__Rikenellaceae;g__Alistipes_A;s__Alistipes_A indistinctus	Bacteria	Bacteroidota	Bacteroidia	Bacteroidales	Rikenellaceae	Alistipes_A	Alistipes_A indistinctus	98.38	0.24	2521744	163	26185	55.513407	2132	36.0	0.5538461538	0.01065393766	0.0054874076	0.0109779575	0.1115379	0.692505948	35.0	0.1717241404
E07_bin.51	ANI95_cluster_00143	C03_bin.49	False	d__Bacteria;p__Actinomycetota;c__Actinomycetes;o__Actinomycetales;f__Bifidobacteriaceae;g__Bifidobacterium;s__Bifidobacterium longum	Bacteria	Actinomycetota	Actinomycetes	Actinomycetales	Bifidobacteriaceae	Bifidobacterium	Bifidobacterium longum	95.84	1.38	1947282	232	12021	60.337075	1728	54.0	0.8307692308	0.02087753604	0.012231528	0.01485612825	0.1876923	1.357039843	54.0	0.306616126
E07_bin.52	ANI95_cluster_00034	A06_bin.107	False	d__Bacteria;p__Bacteroidota;c__Bacteroidia;o__Bacteroidales;f__Marinifilaceae;g__Odoribacter;s__Odoribacter splanchnicus	Bacteria	Bacteroidota	Bacteroidia	Bacteroidales	Marinifilaceae	Odoribacter	Odoribacter splanchnicus	88.24	1.61	3989292	606	8687	43.755910	3638	49.0	0.7538461538	0.008437338435	0.0070378664	0.008450807	0.058614578	0.5484269983	48.0	0.1675704792
E07_bin.54	ANI95_cluster_00018	A03_bin.68	False	d__Bacteria;p__Bacillota;c__Clostridia;o__Lachnospirales;f__Lachnospiraceae;g__Roseburia;s__Roseburia hominis	Bacteria	Bacillota	Clostridia	Lachnospirales	Lachnospiraceae	Roseburia	Roseburia hominis	94.51	0.4	2899638	51	91415	49.557048	2636	43.0	0.6615384615	0.02962131736	0.010505447	0.01562708	0.6396858	1.925385628	43.0	0.1913079715
E07_bin.58	ANI95_cluster_00270	E07_bin.58	True	d__Bacteria;p__Bacteroidota;c__Bacteroidia;o__Bacteroidales;f__Tannerellaceae;g__Parabacteroides;s__Parabacteroides goldsteinii	Bacteria	Bacteroidota	Bacteroidia	Bacteroidales	Tannerellaceae	Parabacteroides	Parabacteroides goldsteinii	96.18	0.58	6108935	294	33537	43.826182	4815	9.0	0.1384615385	0.007836702315	0.0	0.019121246	0.25753862	0.5093856505	9.0	0.05392473531
E07_bin.6	ANI95_cluster_00083	B04_bin.18	False	d__Bacteria;p__Bacteroidota;c__Bacteroidia;o__Bacteroidales;f__Rikenellaceae;g__Alistipes;s__Alistipes onderdonkii	Bacteria	Bacteroidota	Bacteroidia	Bacteroidales	Rikenellaceae	Alistipes	Alistipes onderdonkii	82.36	0.0	2576633	31	133427	58.430906	2129	56.0	0.8615384615	0.129387577	0.044671077	0.0531041195	1.0418026	8.410192506	56.0	0.5088676832
E07_bin.61	ANI95_cluster_00271	E07_bin.61	True	d__Bacteria;p__Bacillota_I;c__Bacilli_A;o__Erysipelotrichales;f__Erysipelotrichaceae;g__Holdemanella;s__Holdemanella biformis	Bacteria	Bacillota_I	Bacilli_A	Erysipelotrichales	Erysipelotrichaceae	Holdemanella	Holdemanella biformis	89.02	2.02	1777943	286	8702	33.696806	1944	4.0	0.06153846154	0.005966732246	0.0	0.0606472265	0.23775534	0.387837596	4.0	0.04126592385
E07_bin.65	ANI95_cluster_00431	H08_bin.15	False	d__Bacteria;p__Bacillota;c__Clostridia;o__Lachnospirales;f__Lachnospiraceae;g__Otoolea;s__Otoolea fessa	Bacteria	Bacillota	Clostridia	Lachnospirales	Lachnospiraceae	Otoolea	Otoolea fessa	81.85	6.79	2181469	375	8053	50.044947	2106	55.0	0.8461538462	0.01890491776	0.01273435	0.014946965	0.14470369	1.228819654	55.0	0.2926189594
E07_bin.68	ANI95_cluster_00044	A07_bin.65	False	d__Bacteria;p__Bacteroidota;c__Bacteroidia;o__Bacteroidales;f__Barnesiellaceae;g__Barnesiella;s__Barnesiella intestinihominis	Bacteria	Bacteroidota	Bacteroidia	Bacteroidales	Barnesiellaceae	Barnesiella	Barnesiella intestinihominis	99.62	0.0	3193086	23	245751	43.308855	2581	43.0	0.6615384615	0.06971074074	0.035176534	0.053838454	0.8513385	4.531198148	43.0	0.3268386916
E07_bin.69	ANI95_cluster_00272	E07_bin.69	True	d__Bacteria;p__Bacillota;c__Clostridia;o__Oscillospirales;f__Oscillospiraceae;g__Oscillibacter;s__Oscillibacter welbionis	Bacteria	Bacillota	Clostridia	Oscillospirales	Oscillospiraceae	Oscillibacter	Oscillibacter welbionis	91.95	0.69	2321561	103	34745	61.692930	2321	52.0	0.8	0.02217881991	0.009528325	0.0151941255	0.15466034	1.441623294	51.0	0.2946524206
E07_bin.7	ANI95_cluster_00086	B04_bin.53	False	d__Bacteria;p__Bacillota;c__Clostridia;o__Oscillospirales;f__Oscillospiraceae;g__Lawsonibacter;s__Lawsonibacter asaccharolyticus	Bacteria	Bacillota	Clostridia	Oscillospirales	Oscillospiraceae	Lawsonibacter	Lawsonibacter asaccharolyticus	86.16	3.32	2173590	409	6781	62.568608	2302	53.0	0.8153846154	0.01697808348	0.010578165	0.013468021	0.080637366	1.103575426	53.0	0.2850164558
E07_bin.73	ANI95_cluster_00302	F06_bin.75	False	d__Bacteria;p__Bacillota;c__Clostridia;o__Oscillospirales;f__Oscillospiraceae;g__Hominicoprocola;s__Hominicoprocola fusiformis	Bacteria	Bacillota	Clostridia	Oscillospirales	Oscillospiraceae	Hominicoprocola	Hominicoprocola fusiformis	90.6	0.0	2060510	36	81947	58.472902	1968	49.0	0.7538461538	0.03541897259	0.017176768	0.020143336	0.38386282	2.302233219	49.0	0.2400005443
E07_bin.8	ANI95_cluster_00273	E07_bin.8	True	d__Bacteria;p__Bacteroidota;c__Bacteroidia;o__Bacteroidales;f__Bacteroidaceae;g__Bacteroides;s__Bacteroides fragilis	Bacteria	Bacteroidota	Bacteroidia	Bacteroidales	Bacteroidaceae	Bacteroides	Bacteroides fragilis	97.4	1.18	5167136	76	184968	43.263715	4356	34.0	0.5230769231	0.1559774748	0.015294097	0.095778275	4.06784	10.13853586	34.0	0.3362733774
E07_bin.81	ANI95_cluster_00169	C06_bin.11	False	d__Bacteria;p__Bacillota;c__Clostridia;o__Lachnospirales;f__Lachnospiraceae;g__Anthropogastromicrobium;s__Anthropogastromicrobium aceti	Bacteria	Bacillota	Clostridia	Lachnospirales	Lachnospiraceae	Anthropogastromicrobium	Anthropogastromicrobium aceti	83.07	3.48	2663728	318	12280	41.464819	2462	47.0	0.7230769231	0.01177982711	0.008708854	0.010600456	0.11932568	0.7656887619	46.0	0.1961485555
E07_bin.92	ANI95_cluster_00300	F06_bin.53	False	d__Bacteria;p__Bacillota;c__Clostridia;o__Oscillospirales;f__Ruminococcaceae;g__Faecalibacterium;s__Faecalibacterium tardum	Bacteria	Bacillota	Clostridia	Oscillospirales	Ruminococcaceae	Faecalibacterium	Faecalibacterium tardum	95.27	9.35	2506406	194	21990	58.460281	2385	53.0	0.8153846154	0.05131248219	0.03339674	0.03889516	0.8849607	3.335311343	53.0	0.263918891
E07_bin.94	ANI95_cluster_00274	E07_bin.94	True	d__Bacteria;p__Bacillota;c__Clostridia;o__Lachnospirales;f__Anaerotignaceae;g__Anaerotignum_A;s__Anaerotignum_A faecicola	Bacteria	Bacillota	Clostridia	Lachnospirales	Anaerotignaceae	Anaerotignum_A	Anaerotignum_A faecicola	96.64	0.0	1949727	38	94726	48.140278	1860	30.0	0.4615384615	0.0117632318	0.0	0.0191899015	0.20603526	0.7646100673	30.0	0.1461402541
E08_bin.12	ANI95_cluster_00302	F06_bin.75	False	d__Bacteria;p__Bacillota;c__Clostridia;o__Oscillospirales;f__Oscillospiraceae;g__Hominicoprocola;s__Hominicoprocola fusiformis	Bacteria	Bacillota	Clostridia	Oscillospirales	Oscillospiraceae	Hominicoprocola	Hominicoprocola fusiformis	93.29	6.49	2279766	74	50688	58.700674	2211	51.0	0.7846153846	0.03073711926	0.022041572	0.028355878	0.46306574	1.997912752	51.0	0.1956931005
E08_bin.24	ANI95_cluster_00222	D08_bin.21	False	d__Bacteria;p__Bacteroidota;c__Bacteroidia;o__Bacteroidales;f__Rikenellaceae;g__Alistipes;s__Alistipes putredinis	Bacteria	Bacteroidota	Bacteroidia	Bacteroidales	Rikenellaceae	Alistipes	Alistipes putredinis	99.52	0.96	2215187	37	134411	54.595030	1989	51.0	0.7846153846	0.1347829319	0.12031086	0.15166527	0.6699816	8.760890574	51.0	0.4740372002
E08_bin.27	ANI95_cluster_00406	H04_bin.57	False	d__Bacteria;p__Bacillota;c__Clostridia;o__Oscillospirales;f__Ruminococcaceae;g__Gemmiger;s__Gemmiger formicilis	Bacteria	Bacillota	Clostridia	Oscillospirales	Ruminococcaceae	Gemmiger	Gemmiger formicilis	91.44	2.1	2210842	255	12555	60.892909	2013	49.0	0.7538461538	0.01748582849	0.010231637	0.0135689415	0.1509397	1.136578852	49.0	0.1918668728
E08_bin.3	ANI95_cluster_00415	H05_bin.43	False	d__Bacteria;p__Bacillota;c__Clostridia;o__Lachnospirales;f__Lachnospiraceae;g__Roseburia;s__Roseburia rectalis	Bacteria	Bacillota	Clostridia	Lachnospirales	Lachnospiraceae	Roseburia	Roseburia rectalis	96.14	0.48	2479439	47	86346	41.736861	2263	48.0	0.7384615385	0.03254607007	0.011389612	0.015625568	0.5077933	2.115494555	48.0	0.1987147457
E08_bin.33	ANI95_cluster_00061	B01_bin.9	False	d__Bacteria;p__Verrucomicrobiota;c__Verrucomicrobiia;o__Verrucomicrobiales;f__Akkermansiaceae;g__Akkermansia;s__Akkermansia muciniphila	Bacteria	Verrucomicrobiota	Verrucomicrobiia	Verrucomicrobiales	Akkermansiaceae	Akkermansia	Akkermansia muciniphila	97.28	0.68	2671151	22	175273	55.749151	2259	25.0	0.3846153846	0.01871150815	0.0	0.029893845	0.32297516	1.21624803	25.0	0.1377380814
E08_bin.39	ANI95_cluster_00363	G08_bin.11	False	d__Bacteria;p__Bacillota;c__Clostridia;o__UBA1212;f__UBA1255;g__Egerieisoma;s__Egerieisoma faecipullorum	Bacteria	Bacillota	Clostridia	UBA1212	UBA1255	Egerieisoma	Egerieisoma faecipullorum	85.78	2.45	2089951	396	7058	50.817986	2182	9.0	0.1384615385	0.006665222438	0.0	0.0299567	0.18117812	0.4332394585	9.0	0.05791008778
E08_bin.42	ANI95_cluster_00364	G08_bin.17	False	d__Bacteria;p__Bacillota;c__Clostridia;o__Oscillospirales;f__Oscillospiraceae;g__Hominicoprocola;s__Hominicoprocola sp900317525	Bacteria	Bacillota	Clostridia	Oscillospirales	Oscillospiraceae	Hominicoprocola	Hominicoprocola sp900317525	86.07	2.01	1465398	29	99326	61.901818	1411	45.0	0.6923076923	0.02843161498	0.009380805	0.019567814	0.47746307	1.848054974	45.0	0.2325610665
E08_bin.47	ANI95_cluster_00419	H06_bin.61	False	d__Bacteria;p__Bacillota;c__Clostridia;o__Lachnospirales;f__Lachnospiraceae;g__Fusicatenibacter;s__Fusicatenibacter saccharivorans	Bacteria	Bacillota	Clostridia	Lachnospirales	Lachnospiraceae	Fusicatenibacter	Fusicatenibacter saccharivorans	96.41	1.9	2981469	95	49093	48.252891	2632	60.0	0.9230769231	0.03216834882	0.017411603	0.018699235	0.16066645	2.090942674	60.0	0.3300975025
E08_bin.51	ANI95_cluster_00309	F07_bin.42	False	d__Bacteria;p__Bacillota;c__Clostridia;o__Lachnospirales;f__Lachnospiraceae;g__Lachnospira;s__Lachnospira eligens_A	Bacteria	Bacillota	Clostridia	Lachnospirales	Lachnospiraceae	Lachnospira	Lachnospira eligens_A	87.94	1.34	2113717	378	7942	38.200242	2192	38.0	0.5846153846	0.0145290682	0.007514486	0.0142464385	0.19222404	0.9443894328	38.0	0.1733233327
E08_bin.53	ANI95_cluster_00424	H07_bin.23	False	d__Bacteria;p__Bacillota;c__Clostridia;o__Oscillospirales;f__Ruminococcaceae;g__Faecalibacterium;s__Faecalibacterium longum	Bacteria	Bacillota	Clostridia	Oscillospirales	Ruminococcaceae	Faecalibacterium	Faecalibacterium longum	81.07	6.24	1953846	428	5497	60.238422	2110	56.0	0.8615384615	0.03288281934	0.02181144	0.026875184	0.23928244	2.137383257	56.0	0.2754818152
E08_bin.57	ANI95_cluster_00126	B08_bin.39	False	d__Bacteria;p__Bacillota;c__Clostridia;o__Oscillospirales;f__Oscillospiraceae;g__Vescimonas;s__Vescimonas sanitatis	Bacteria	Bacillota	Clostridia	Oscillospirales	Oscillospiraceae	Vescimonas	Vescimonas sanitatis	91.82	2.85	2244025	48	82033	60.115373	2189	27.0	0.4153846154	0.05907601088	0.0	0.038816478	1.7964382	3.839940708	27.0	0.1639423465
E08_bin.6	ANI95_cluster_00285	F03_bin.1	False	d__Bacteria;p__Bacillota;c__Clostridia;o__Lachnospirales;f__Lachnospiraceae;g__Acetatifactor;s__Acetatifactor acetigignens	Bacteria	Bacillota	Clostridia	Lachnospirales	Lachnospiraceae	Acetatifactor	Acetatifactor acetigignens	95.17	2.42	3281019	98	56518	46.807928	2986	46.0	0.7076923077	0.02550991433	0.00869766	0.014291689	0.19808479	1.658144432	46.0	0.2301423284
E08_bin.61	ANI95_cluster_00080	B03_bin.77	False	d__Bacteria;p__Bacillota;c__Clostridia;o__Oscillospirales;f__Ruminococcaceae;g__Faecalibacterium;s__Faecalibacterium duncaniae	Bacteria	Bacillota	Clostridia	Oscillospirales	Ruminococcaceae	Faecalibacterium	Faecalibacterium duncaniae	92.08	8.79	2284976	132	27699	58.648450	2111	57.0	0.8769230769	0.1334831048	0.053418964	0.05781498	1.4656029	8.676401815	57.0	0.4603828651
E08_bin.65	ANI95_cluster_00275	E08_bin.65	True	d__Bacteria;p__Bacillota_I;c__Bacilli_A;o__RFN20;f__CAG-288;g__CAG-345;s__CAG-345 sp000433315	Bacteria	Bacillota_I	Bacilli_A	RFN20	CAG-288	CAG-345	CAG-345 sp000433315	97.75	0.0	1642482	24	229796	29.417796	1485	11.0	0.1692307692	0.0261602884	0.0	0.05245331	0.70372754	1.700418746	11.0	0.09363918546
E08_bin.69	ANI95_cluster_00021	A04_bin.93	False	d__Bacteria;p__Bacillota;c__Clostridia;o__Oscillospirales;f__Ruminococcaceae;g__Gemmiger;s__Gemmiger qucibialis	Bacteria	Bacillota	Clostridia	Oscillospirales	Ruminococcaceae	Gemmiger	Gemmiger qucibialis	95.2	1.7	2479626	236	15016	56.326398	2139	50.0	0.7692307692	0.02332774536	0.012214628	0.0158416715	0.55373603	1.516303448	50.0	0.2245647967
E08_bin.71	ANI95_cluster_00361	G07_bin.85	False	d__Bacteria;p__Bacillota;c__Clostridia;o__Christensenellales;f__Aristaeellaceae;g__UBA11524;s__UBA11524 sp000437595	Bacteria	Bacillota	Clostridia	Christensenellales	Aristaeellaceae	UBA11524	UBA11524 sp000437595	97.9	1.86	2859017	68	67319	58.432286	2418	28.0	0.4307692308	0.03006270206	0.0	0.031413725	0.68112165	1.954075634	28.0	0.1718557547
E08_bin.74	ANI95_cluster_00416	H06_bin.1	False	d__Bacteria;p__Bacillota;c__Clostridia;o__Oscillospirales;f__Oscillospiraceae;g__Vescimonas;s__Vescimonas sp000435975	Bacteria	Bacillota	Clostridia	Oscillospirales	Oscillospiraceae	Vescimonas	Vescimonas sp000435975	84.23	3.15	1887374	47	62308	60.354228	1734	23.0	0.3538461538	0.02133747149	0.0	0.021808844	0.4030375	1.386935647	23.0	0.1214915126
E08_bin.75	ANI95_cluster_00346	G05_bin.13	False	d__Bacteria;p__Bacillota;c__Clostridia;o__Oscillospirales;f__Acutalibacteraceae;g__Ruminococcoides;s__Ruminococcoides intestinale	Bacteria	Bacillota	Clostridia	Oscillospirales	Acutalibacteraceae	Ruminococcoides	Ruminococcoides intestinale	81.88	0.67	1806277	18	258483	40.032287	1767	39.0	0.6	0.05169340533	0.010878812	0.04019215	0.7002129	3.360071346	39.0	0.2114792594
E08_bin.76	ANI95_cluster_00128	B08_bin.66	False	d__Bacteria;p__Bacteroidota;c__Bacteroidia;o__Bacteroidales;f__Rikenellaceae;g__Alistipes;s__Alistipes communis	Bacteria	Bacteroidota	Bacteroidia	Bacteroidales	Rikenellaceae	Alistipes	Alistipes communis	98.56	1.12	2693167	30	190129	59.819870	2243	40.0	0.6153846154	0.05502886474	0.015232154	0.054304467	1.3716216	3.576876208	40.0	0.2788990623
E08_bin.81	ANI95_cluster_00051	A09_bin.16	False	d__Bacteria;p__Bacillota;c__Clostridia;o__Oscillospirales;f__Oscillospiraceae;g__CAG-103;s__CAG-103 sp900317855	Bacteria	Bacillota	Clostridia	Oscillospirales	Oscillospiraceae	CAG-103	CAG-103 sp900317855	87.62	7.63	1791274	293	8691	62.607563	1894	17.0	0.2615384615	0.007565472918	0.0	0.01091654	0.25063646	0.4917557397	17.0	0.05221909508
E08_bin.82	ANI95_cluster_00019	A04_bin.71	False	d__Bacteria;p__Bacteroidota;c__Bacteroidia;o__Bacteroidales;f__Rikenellaceae;g__Alistipes_A;s__Alistipes_A ihumii	Bacteria	Bacteroidota	Bacteroidia	Bacteroidales	Rikenellaceae	Alistipes_A	Alistipes_A ihumii	99.52	0.0	2453144	23	156022	58.719504	1988	26.0	0.4	0.01480620538	0.0	0.01213792525	0.49544543	0.9624033495	26.0	0.1235798206
E08_bin.86	ANI95_cluster_00355	G06_bin.24	False	d__Bacteria;p__Bacillota;c__Clostridia;o__Oscillospirales;f__Oscillospiraceae;g__CAG-170;s__CAG-170 sp000432135	Bacteria	Bacillota	Clostridia	Oscillospirales	Oscillospiraceae	CAG-170	CAG-170 sp000432135	89.93	8.99	3054568	371	12562	58.213174	3082	40.0	0.6153846154	0.03433907044	0.019066887	0.032156455	0.6560648	2.232039579	40.0	0.2088572266
E08_bin.88	ANI95_cluster_00034	A06_bin.107	False	d__Bacteria;p__Bacteroidota;c__Bacteroidia;o__Bacteroidales;f__Marinifilaceae;g__Odoribacter;s__Odoribacter splanchnicus	Bacteria	Bacteroidota	Bacteroidia	Bacteroidales	Marinifilaceae	Odoribacter	Odoribacter splanchnicus	92.47	0.0	3902426	74	88884	43.601544	3212	51.0	0.7846153846	0.01132162034	0.009739133	0.011411393	0.05061199	0.7359053218	51.0	0.2270549131
E08_bin.90	ANI95_cluster_00413	H05_bin.38	False	d__Bacteria;p__Bacteroidota;c__Bacteroidia;o__Bacteroidales;f__Tannerellaceae;g__Parabacteroides;s__Parabacteroides distasonis	Bacteria	Bacteroidota	Bacteroidia	Bacteroidales	Tannerellaceae	Parabacteroides	Parabacteroides distasonis	95.09	0.77	4270568	281	24824	45.751759	3686	42.0	0.6461538462	0.01221664879	0.007936365	0.0111472805	0.13221988	0.7940821716	41.0	0.1563763842
E08_bin.94	ANI95_cluster_00083	B04_bin.18	False	d__Bacteria;p__Bacteroidota;c__Bacteroidia;o__Bacteroidales;f__Rikenellaceae;g__Alistipes;s__Alistipes onderdonkii	Bacteria	Bacteroidota	Bacteroidia	Bacteroidales	Rikenellaceae	Alistipes	Alistipes onderdonkii	87.29	1.71	2909708	52	127712	58.808135	2361	55.0	0.8461538462	0.1113637986	0.028436646	0.05003474	0.8015553	7.238646907	55.0	0.3619129809
E08_bin.95	ANI95_cluster_00286	F03_bin.13	False	d__Bacteria;p__Bacteroidota;c__Bacteroidia;o__Bacteroidales;f__Rikenellaceae;g__Alistipes;s__Alistipes finegoldii	Bacteria	Bacteroidota	Bacteroidia	Bacteroidales	Rikenellaceae	Alistipes	Alistipes finegoldii	94.12	8.36	3004489	132	41175	59.218922	2497	49.0	0.7538461538	0.06858986574	0.028461397	0.046100207	0.49696794	4.458341273	49.0	0.3261725047
F01_bin.12	ANI95_cluster_00143	C03_bin.49	False	d__Bacteria;p__Actinomycetota;c__Actinomycetes;o__Actinomycetales;f__Bifidobacteriaceae;g__Bifidobacterium;s__Bifidobacterium longum	Bacteria	Actinomycetota	Actinomycetes	Actinomycetales	Bifidobacteriaceae	Bifidobacterium	Bifidobacterium longum	93.43	0.12	2163214	91	39262	60.228022	1871	53.0	0.8153846154	0.02379799101	0.013751178	0.016405463	0.2317396	1.546869416	53.0	0.3038329235
F01_bin.15	ANI95_cluster_00140	C02_bin.89	False	d__Bacteria;p__Bacillota;c__Clostridia;o__Oscillospirales;f__Acutalibacteraceae;g__Hominenteromicrobium;s__Hominenteromicrobium mulieris	Bacteria	Bacillota	Clostridia	Oscillospirales	Acutalibacteraceae	Hominenteromicrobium	Hominenteromicrobium mulieris	98.66	0.0	2378267	35	135429	53.265676	2210	43.0	0.6615384615	0.01610530362	0.008801466	0.014942972	0.16296354	1.046844735	43.0	0.1986572261
F01_bin.18	ANI95_cluster_00276	F01_bin.18	True	d__Bacteria;p__Bacteroidota;c__Bacteroidia;o__Bacteroidales;f__Bacteroidaceae;g__Bacteroides;s__Bacteroides caccae	Bacteria	Bacteroidota	Bacteroidia	Bacteroidales	Bacteroidaceae	Bacteroides	Bacteroides caccae	86.94	6.15	4829997	195	61645	41.778680	3982	46.0	0.7076923077	0.182788812	0.05055345	0.138249915	4.408165	11.88127278	46.0	0.4270498075
F01_bin.19	ANI95_cluster_00195	D02_bin.11	False	d__Bacteria;p__Bacteroidota;c__Bacteroidia;o__Bacteroidales;f__Bacteroidaceae;g__Phocaeicola;s__Phocaeicola vulgatus	Bacteria	Bacteroidota	Bacteroidia	Bacteroidales	Bacteroidaceae	Phocaeicola	Phocaeicola vulgatus	94.13	0.6	4403761	225	35180	42.139776	3814	63.0	0.9692307692	0.2660594803	0.14377847	0.1544344	1.9886732	17.29386622	63.0	0.6265832808
F01_bin.20	ANI95_cluster_00133	B09_bin.61	False	d__Bacteria;p__Bacillota;c__Clostridia;o__Oscillospirales;f__Ruminococcaceae;g__Hominimerdicola;s__Hominimerdicola aceti	Bacteria	Bacillota	Clostridia	Oscillospirales	Ruminococcaceae	Hominimerdicola	Hominimerdicola aceti	96.34	0.68	2485306	308	12739	43.370675	2521	36.0	0.5538461538	0.0155922125	0.0067058257	0.0136341225	0.21986814	1.013493812	36.0	0.1304565492
F01_bin.21	ANI95_cluster_00411	H05_bin.27	False	d__Bacteria;p__Actinomycetota;c__Coriobacteriia;o__Coriobacteriales;f__Coriobacteriaceae;g__Collinsella;s__	Bacteria	Actinomycetota	Coriobacteriia	Coriobacteriales	Coriobacteriaceae	Collinsella		99.19	2.0	2086161	106	30343	60.149624	1824	26.0	0.4	0.01787921489	0.0	0.022090922	0.32960728	1.162148968	26.0	0.1081916786
F01_bin.28	ANI95_cluster_00290	F03_bin.40	False	d__Bacteria;p__Bacillota;c__Clostridia;o__Lachnospirales;f__Lachnospiraceae;g__Blautia_A;s__Blautia_A wexlerae	Bacteria	Bacillota	Clostridia	Lachnospirales	Lachnospiraceae	Blautia_A	Blautia_A wexlerae	93.04	5.14	4461858	459	19850	40.968718	4300	63.0	0.9692307692	0.05406069792	0.027832601	0.028665222	0.8483556	3.513945365	63.0	0.3816576645
F01_bin.33	ANI95_cluster_00146	C04_bin.103	False	d__Bacteria;p__Bacillota;c__Clostridia;o__Oscillospirales;f__Acutalibacteraceae;g__CAG-177;s__CAG-177 sp003514385	Bacteria	Bacillota	Clostridia	Oscillospirales	Acutalibacteraceae	CAG-177	CAG-177 sp003514385	93.96	0.34	2040708	199	16049	51.917423	2025	16.0	0.2461538462	0.01352768361	0.0	0.018246427	0.24709615	0.8792994345	16.0	0.07401622714
F01_bin.37	ANI95_cluster_00415	H05_bin.43	False	d__Bacteria;p__Bacillota;c__Clostridia;o__Lachnospirales;f__Lachnospiraceae;g__Roseburia;s__Roseburia rectalis	Bacteria	Bacillota	Clostridia	Lachnospirales	Lachnospiraceae	Roseburia	Roseburia rectalis	87.52	0.1	2189643	126	24749	42.325621	2051	44.0	0.6769230769	0.02823431046	0.007484194	0.014689475	0.28859204	1.83523018	44.0	0.2094179313
F01_bin.40	ANI95_cluster_00413	H05_bin.38	False	d__Bacteria;p__Bacteroidota;c__Bacteroidia;o__Bacteroidales;f__Tannerellaceae;g__Parabacteroides;s__Parabacteroides distasonis	Bacteria	Bacteroidota	Bacteroidia	Bacteroidales	Tannerellaceae	Parabacteroides	Parabacteroides distasonis	93.4	2.69	4353992	167	42431	45.179275	3651	49.0	0.7538461538	0.01371221463	0.008864187	0.012435466	0.073829316	0.8912939511	49.0	0.2319067122
F01_bin.44	ANI95_cluster_00277	F01_bin.44	True	d__Bacteria;p__Bacillota;c__Clostridia;o__Lachnospirales;f__Lachnospiraceae;g__Roseburia;s__Roseburia intestinalis	Bacteria	Bacillota	Clostridia	Lachnospirales	Lachnospiraceae	Roseburia	Roseburia intestinalis	92.27	0.6	3682209	68	83348	42.508016	3339	38.0	0.5846153846	0.08948623695	0.011225651	0.0429965825	2.7006676	5.816605402	38.0	0.275478047
F01_bin.45	ANI95_cluster_00278	F01_bin.45	True	d__Bacteria;p__Bacillota;c__Clostridia;o__Monoglobales;f__Monoglobaceae;g__UMGS1820;s__UMGS1820 sp900545865	Bacteria	Bacillota	Clostridia	Monoglobales	Monoglobaceae	UMGS1820	UMGS1820 sp900545865	89.15	0.0	2335839	552	5155	43.749633	2315	14.0	0.2153846154	0.01100883187	0.0	0.023397691	0.2976018	0.7155740717	14.0	0.09802835877
F01_bin.49	ANI95_cluster_00155	C05_bin.117	False	d__Bacteria;p__Bacillota;c__Clostridia;o__Lachnospirales;f__Lachnospiraceae;g__Gallintestinimicrobium;s__Gallintestinimicrobium propionicum	Bacteria	Bacillota	Clostridia	Lachnospirales	Lachnospiraceae	Gallintestinimicrobium	Gallintestinimicrobium propionicum	97.41	1.39	2883186	200	21165	48.743543	2654	46.0	0.7076923077	0.02442633699	0.012910091	0.0183395315	0.33811516	1.587711904	46.0	0.2147552474
F01_bin.50	ANI95_cluster_00314	F07_bin.93	False	d__Bacteria;p__Bacillota;c__Clostridia;o__Oscillospirales;f__Acutalibacteraceae;g__Pseudoruminococcus;s__Pseudoruminococcus massiliensis	Bacteria	Bacillota	Clostridia	Oscillospirales	Acutalibacteraceae	Pseudoruminococcus	Pseudoruminococcus massiliensis	95.3	0.34	2069047	63	72366	36.651125	1933	12.0	0.1846153846	0.01936344896	0.0	0.0474298595	0.4450715	1.258624183	12.0	0.09759335178
F01_bin.53	ANI95_cluster_00302	F06_bin.75	False	d__Bacteria;p__Bacillota;c__Clostridia;o__Oscillospirales;f__Oscillospiraceae;g__Hominicoprocola;s__Hominicoprocola fusiformis	Bacteria	Bacillota	Clostridia	Oscillospirales	Oscillospiraceae	Hominicoprocola	Hominicoprocola fusiformis	97.32	0.0	2204855	54	71439	58.714383	2131	48.0	0.7384615385	0.04547733469	0.019036492	0.024054286	1.0838505	2.956026755	48.0	0.2346667004
F01_bin.54	ANI95_cluster_00231	D08_bin.97	False	d__Bacteria;p__Bacteroidota;c__Bacteroidia;o__Bacteroidales;f__Tannerellaceae;g__Parabacteroides;s__Parabacteroides merdae	Bacteria	Bacteroidota	Bacteroidia	Bacteroidales	Tannerellaceae	Parabacteroides	Parabacteroides merdae	80.34	1.72	3624724	79	77683	45.687837	2986	41.0	0.6307692308	0.02311976442	0.015039907	0.026731316	0.2358577	1.502784687	41.0	0.2789814152
F01_bin.56	ANI95_cluster_00419	H06_bin.61	False	d__Bacteria;p__Bacillota;c__Clostridia;o__Lachnospirales;f__Lachnospiraceae;g__Fusicatenibacter;s__Fusicatenibacter saccharivorans	Bacteria	Bacillota	Clostridia	Lachnospirales	Lachnospiraceae	Fusicatenibacter	Fusicatenibacter saccharivorans	84.96	1.9	1960826	144	24286	49.526475	1801	60.0	0.9230769231	0.02250000272	0.012572832	0.014143026	0.09231205	1.462500177	60.0	0.3325729623
F01_bin.6	ANI95_cluster_00267	E06_bin.85	False	d__Bacteria;p__Bacteroidota;c__Bacteroidia;o__Bacteroidales;f__Rikenellaceae;g__Alistipes;s__Alistipes shahii	Bacteria	Bacteroidota	Bacteroidia	Bacteroidales	Rikenellaceae	Alistipes	Alistipes shahii	97.12	0.32	2758476	32	138522	59.271714	2266	46.0	0.7076923077	0.07567408804	0.047926992	0.06558564	0.7058102	4.918815722	46.0	0.4219181034
F01_bin.61	ANI95_cluster_00286	F03_bin.13	False	d__Bacteria;p__Bacteroidota;c__Bacteroidia;o__Bacteroidales;f__Rikenellaceae;g__Alistipes;s__Alistipes finegoldii	Bacteria	Bacteroidota	Bacteroidia	Bacteroidales	Rikenellaceae	Alistipes	Alistipes finegoldii	95.03	0.0	2612551	54	106879	58.977643	2166	50.0	0.7692307692	0.09091614245	0.03241549	0.045127305	1.0734582	5.909549259	50.0	0.4034502423
F01_bin.63	ANI95_cluster_00406	H04_bin.57	False	d__Bacteria;p__Bacillota;c__Clostridia;o__Oscillospirales;f__Ruminococcaceae;g__Gemmiger;s__Gemmiger formicilis	Bacteria	Bacillota	Clostridia	Oscillospirales	Ruminococcaceae	Gemmiger	Gemmiger formicilis	89.64	2.11	2275212	413	7379	60.839913	2218	52.0	0.8	0.01810080758	0.011789372	0.014857965	0.1553415	1.176552493	51.0	0.1907940752
F01_bin.68	ANI95_cluster_00023	A05_bin.109	False	d__Bacteria;p__Bacteroidota;c__Bacteroidia;o__Bacteroidales;f__Bacteroidaceae;g__Bacteroides;s__Bacteroides sp900755095	Bacteria	Bacteroidota	Bacteroidia	Bacteroidales	Bacteroidaceae	Bacteroides	Bacteroides sp900755095	89.66	3.9	5865485	125	87618	41.776221	4460	61.0	0.9384615385	0.1746474322	0.054935083	0.05565082	2.2289934	11.35208309	61.0	0.4608787748
F01_bin.9	ANI95_cluster_00361	G07_bin.85	False	d__Bacteria;p__Bacillota;c__Clostridia;o__Christensenellales;f__Aristaeellaceae;g__UBA11524;s__UBA11524 sp000437595	Bacteria	Bacillota	Clostridia	Christensenellales	Aristaeellaceae	UBA11524	UBA11524 sp000437595	99.3	1.17	2933736	87	57849	58.226848	2473	27.0	0.4153846154	0.02721768053	0.0	0.04011777	0.29606238	1.769149234	27.0	0.1731632371
F02_bin.17	ANI95_cluster_00267	E06_bin.85	False	d__Bacteria;p__Bacteroidota;c__Bacteroidia;o__Bacteroidales;f__Rikenellaceae;g__Alistipes;s__Alistipes shahii	Bacteria	Bacteroidota	Bacteroidia	Bacteroidales	Rikenellaceae	Alistipes	Alistipes shahii	87.45	2.4	2397620	92	42113	60.634629	1950	45.0	0.6923076923	0.06839503404	0.034473695	0.060601108	0.4626016	4.445677212	45.0	0.4421408312
F02_bin.18	ANI95_cluster_00286	F03_bin.13	False	d__Bacteria;p__Bacteroidota;c__Bacteroidia;o__Bacteroidales;f__Rikenellaceae;g__Alistipes;s__Alistipes finegoldii	Bacteria	Bacteroidota	Bacteroidia	Bacteroidales	Rikenellaceae	Alistipes	Alistipes finegoldii	92.87	0.0	3048583	31	195679	58.900939	2438	47.0	0.7230769231	0.05699570997	0.013421098	0.02433143	1.1938981	3.704721148	47.0	0.2403054096
F02_bin.19	ANI95_cluster_00140	C02_bin.89	False	d__Bacteria;p__Bacillota;c__Clostridia;o__Oscillospirales;f__Acutalibacteraceae;g__Hominenteromicrobium;s__Hominenteromicrobium mulieris	Bacteria	Bacillota	Clostridia	Oscillospirales	Acutalibacteraceae	Hominenteromicrobium	Hominenteromicrobium mulieris	87.92	0.0	1947800	27	87496	53.136616	1815	43.0	0.6615384615	0.01482087839	0.0072518727	0.011992657	0.25011122	0.9633570954	43.0	0.1761865134
F02_bin.2	ANI95_cluster_00050	A08_bin.91	False	d__Bacteria;p__Bacillota;c__Clostridia;o__Lachnospirales;f__Lachnospiraceae;g__Anaerostipes;s__Anaerostipes amylophilus	Bacteria	Bacillota	Clostridia	Lachnospirales	Lachnospiraceae	Anaerostipes	Anaerostipes amylophilus	80.23	3.24	1810586	389	5828	37.454007	1943	37.0	0.5692307692	0.0138025487	0.005425466	0.0179516	0.086073734	0.8971656653	36.0	0.1924158338
F02_bin.22	ANI95_cluster_00285	F03_bin.1	False	d__Bacteria;p__Bacillota;c__Clostridia;o__Lachnospirales;f__Lachnospiraceae;g__Acetatifactor;s__Acetatifactor acetigignens	Bacteria	Bacillota	Clostridia	Lachnospirales	Lachnospiraceae	Acetatifactor	Acetatifactor acetigignens	96.62	3.38	3270498	82	60865	46.802291	2940	46.0	0.7076923077	0.02940335921	0.01015035	0.0194347505	0.25648937	1.911218349	46.0	0.2405298571
F02_bin.27	ANI95_cluster_00083	B04_bin.18	False	d__Bacteria;p__Bacteroidota;c__Bacteroidia;o__Bacteroidales;f__Rikenellaceae;g__Alistipes;s__Alistipes onderdonkii	Bacteria	Bacteroidota	Bacteroidia	Bacteroidales	Rikenellaceae	Alistipes	Alistipes onderdonkii	91.61	1.44	2860810	32	153681	59.175828	2319	56.0	0.8615384615	0.1436483306	0.027876645	0.036393232	2.2291777	9.337141492	56.0	0.4201703297
F02_bin.28	ANI95_cluster_00358	G07_bin.107	False	d__Bacteria;p__Bacillota;c__Clostridia;o__Lachnospirales;f__Lachnospiraceae;g__Roseburia;s__Roseburia faecis	Bacteria	Bacillota	Clostridia	Lachnospirales	Lachnospiraceae	Roseburia	Roseburia faecis	98.31	4.43	3365766	86	92971	43.157397	3212	45.0	0.6923076923	0.04091883839	0.025381615	0.036064792	0.35394463	2.659724495	45.0	0.2502969847
F02_bin.29	ANI95_cluster_00279	F02_bin.29	True	d__Bacteria;p__Bacillota;c__Clostridia;o__Oscillospirales;f__Oscillospiraceae;g__Vescimonas;s__Vescimonas cirricatena	Bacteria	Bacillota	Clostridia	Oscillospirales	Oscillospiraceae	Vescimonas	Vescimonas cirricatena	89.6	2.2	1988950	55	47327	61.774052	1926	28.0	0.4307692308	0.02709039742	0.0	0.0158199935	0.8449865	1.760875832	28.0	0.1595697532
F02_bin.30	ANI95_cluster_00021	A04_bin.93	False	d__Bacteria;p__Bacillota;c__Clostridia;o__Oscillospirales;f__Ruminococcaceae;g__Gemmiger;s__Gemmiger qucibialis	Bacteria	Bacillota	Clostridia	Oscillospirales	Ruminococcaceae	Gemmiger	Gemmiger qucibialis	95.96	1.36	2242728	209	16610	56.512381	1903	49.0	0.7538461538	0.01785557518	0.009097331	0.01360442	0.25833967	1.160612387	49.0	0.2220548853
F02_bin.31	ANI95_cluster_00280	F02_bin.31	True	d__Bacteria;p__Verrucomicrobiota;c__Verrucomicrobiia;o__Verrucomicrobiales;f__Akkermansiaceae;g__Akkermansia;s__Akkermansia massiliensis	Bacteria	Verrucomicrobiota	Verrucomicrobiia	Verrucomicrobiales	Akkermansiaceae	Akkermansia	Akkermansia massiliensis	97.28	0.0	3006289	22	189561	58.226172	2486	12.0	0.1846153846	0.02253959652	0.0	0.061642303	0.71481806	1.465073774	12.0	0.103283542
F02_bin.34	ANI95_cluster_00194	D01_bin.67	False	d__Bacteria;p__Actinomycetota;c__Coriobacteriia;o__Coriobacteriales;f__Coriobacteriaceae;g__Collinsella;s__Collinsella sp905215825	Bacteria	Actinomycetota	Coriobacteriia	Coriobacteriales	Coriobacteriaceae	Collinsella	Collinsella sp905215825	98.39	1.61	2115142	88	37942	60.190994	1792	37.0	0.5692307692	0.01957744339	0.00805104	0.01700298	0.36860102	1.27253382	37.0	0.130114989
F02_bin.35	ANI95_cluster_00155	C05_bin.117	False	d__Bacteria;p__Bacillota;c__Clostridia;o__Lachnospirales;f__Lachnospiraceae;g__Gallintestinimicrobium;s__Gallintestinimicrobium propionicum	Bacteria	Bacillota	Clostridia	Lachnospirales	Lachnospiraceae	Gallintestinimicrobium	Gallintestinimicrobium propionicum	89.18	0.77	2716246	122	36121	48.773896	2432	42.0	0.6461538462	0.03421674783	0.010259738	0.017013978	0.670177	2.224088609	42.0	0.1988099915
F02_bin.36	ANI95_cluster_00034	A06_bin.107	False	d__Bacteria;p__Bacteroidota;c__Bacteroidia;o__Bacteroidales;f__Marinifilaceae;g__Odoribacter;s__Odoribacter splanchnicus	Bacteria	Bacteroidota	Bacteroidia	Bacteroidales	Marinifilaceae	Odoribacter	Odoribacter splanchnicus	99.46	0.54	3969382	155	40813	43.487777	3359	51.0	0.7846153846	0.01063125043	0.009556946	0.011913731	0.042597614	0.6910312781	51.0	0.2260809772
F02_bin.47	ANI95_cluster_00302	F06_bin.75	False	d__Bacteria;p__Bacillota;c__Clostridia;o__Oscillospirales;f__Oscillospiraceae;g__Hominicoprocola;s__Hominicoprocola fusiformis	Bacteria	Bacillota	Clostridia	Oscillospirales	Oscillospiraceae	Hominicoprocola	Hominicoprocola fusiformis	98.66	1.57	2368980	51	75408	57.857306	2265	49.0	0.7538461538	0.05417999966	0.03091721	0.03329517	1.6011933	3.521699978	49.0	0.2229799372
F02_bin.49	ANI95_cluster_00272	E07_bin.69	False	d__Bacteria;p__Bacillota;c__Clostridia;o__Oscillospirales;f__Oscillospiraceae;g__Oscillibacter;s__Oscillibacter welbionis	Bacteria	Bacillota	Clostridia	Oscillospirales	Oscillospiraceae	Oscillibacter	Oscillibacter welbionis	82.02	7.52	2186959	536	4996	62.558192	2494	54.0	0.8307692308	0.02182299066	0.010727876	0.016137895	0.16604745	1.418494393	53.0	0.3021765429
F02_bin.50	ANI95_cluster_00066	B02_bin.41	False	d__Bacteria;p__Bacillota;c__Clostridia;o__Lachnospirales;f__Lachnospiraceae;g__Dorea_A;s__Dorea_A longicatena	Bacteria	Bacillota	Clostridia	Lachnospirales	Lachnospiraceae	Dorea_A	Dorea_A longicatena	85.3	4.58	2370103	387	9177	42.420477	2431	60.0	0.9230769231	0.03001466395	0.019163335	0.021085147	0.2684927	1.950953157	60.0	0.3485508051
F02_bin.51	ANI95_cluster_00204	D05_bin.15	False	d__Bacteria;p__Bacteroidota;c__Bacteroidia;o__Bacteroidales;f__Coprobacteraceae;g__Coprobacter;s__Coprobacter fastidiosus	Bacteria	Bacteroidota	Bacteroidia	Bacteroidales	Coprobacteraceae	Coprobacter	Coprobacter fastidiosus	84.25	1.29	3015728	596	6711	38.938890	2738	21.0	0.3230769231	0.007713604009	0.0	0.01976613	0.06380405	0.5013842606	21.0	0.1239808605
F02_bin.56	ANI95_cluster_00080	B03_bin.77	False	d__Bacteria;p__Bacillota;c__Clostridia;o__Oscillospirales;f__Ruminococcaceae;g__Faecalibacterium;s__Faecalibacterium duncaniae	Bacteria	Bacillota	Clostridia	Oscillospirales	Ruminococcaceae	Faecalibacterium	Faecalibacterium duncaniae	93.27	9.19	2355858	211	17638	58.776972	2255	57.0	0.8769230769	0.1195665253	0.048156746	0.07113449	0.74815756	7.771824146	57.0	0.4670772474
F02_bin.57	ANI95_cluster_00249	E03_bin.39	False	d__Bacteria;p__Bacillota;c__Clostridia;o__Oscillospirales;f__Oscillospiraceae;g__CAG-170;s__CAG-170 sp900549635	Bacteria	Bacillota	Clostridia	Oscillospirales	Oscillospiraceae	CAG-170	CAG-170 sp900549635	90.93	9.92	2157220	400	6702	57.513976	2306	40.0	0.6153846154	0.0253197326	0.0129598575	0.027397324	0.37651116	1.645782619	40.0	0.2501600715
F02_bin.58	ANI95_cluster_00245	E03_bin.16	False	d__Bacteria;p__Pseudomonadota;c__Alphaproteobacteria;o__RF32;f__CAG-239;g__Scatocola;s__Scatocola faecipullorum	Bacteria	Pseudomonadota	Alphaproteobacteria	RF32	CAG-239	Scatocola	Scatocola faecipullorum	96.77	0.0	1734237	61	47466	47.443112	1718	13.0	0.2	0.0656287367	0.0	0.054436143	1.9964433	4.265867886	13.0	0.1150732602
F02_bin.63	ANI95_cluster_00281	F02_bin.63	True	d__Bacteria;p__Actinomycetota;c__Actinomycetes;o__Actinomycetales;f__Bifidobacteriaceae;g__Bifidobacterium;s__Bifidobacterium bifidum	Bacteria	Actinomycetota	Actinomycetes	Actinomycetales	Bifidobacteriaceae	Bifidobacterium	Bifidobacterium bifidum	94.07	1.15	2075000	83	40982	63.062843	1731	18.0	0.2769230769	0.01551750288	0.0	0.0266567685	0.31043005	1.008637687	18.0	0.1218187671
F02_bin.65	ANI95_cluster_00282	F02_bin.65	True	d__Bacteria;p__Bacillota;c__Clostridia;o__Lachnospirales;f__Lachnospiraceae;g__Blautia_A;s__Blautia_A sp900066335	Bacteria	Bacillota	Clostridia	Lachnospirales	Lachnospiraceae	Blautia_A	Blautia_A sp900066335	90.08	3.01	3084364	271	18962	44.810632	2887	57.0	0.8769230769	0.06270668373	0.025075799	0.028646953	0.8250537	4.075934442	57.0	0.4230563735
F02_bin.66	ANI95_cluster_00283	F02_bin.66	True	d__Bacteria;p__Bacteroidota;c__Bacteroidia;o__Bacteroidales;f__Rikenellaceae;g__Tidjanibacter;s__Tidjanibacter inops	Bacteria	Bacteroidota	Bacteroidia	Bacteroidales	Rikenellaceae	Tidjanibacter	Tidjanibacter inops	99.52	0.0	2163598	31	134429	57.050524	1827	29.0	0.4461538462	0.028037371	0.0	0.02823502	0.42166895	1.822429115	29.0	0.2204151588
F02_bin.67	ANI95_cluster_00315	F08_bin.12	False	d__Bacteria;p__Bacteroidota;c__Bacteroidia;o__Bacteroidales;f__Rikenellaceae;g__Alistipes_A;s__Alistipes_A hominis	Bacteria	Bacteroidota	Bacteroidia	Bacteroidales	Rikenellaceae	Alistipes_A	Alistipes_A hominis	94.86	1.36	2482599	322	10513	55.936823	2231	24.0	0.3692307692	0.01168764604	0.0	0.0181443915	0.25150394	0.7596969927	24.0	0.1654244594
F02_bin.7	ANI95_cluster_00384	H02_bin.18	False	d__Bacteria;p__Actinomycetota;c__Actinomycetes;o__Actinomycetales;f__Bifidobacteriaceae;g__Bifidobacterium;s__Bifidobacterium adolescentis	Bacteria	Actinomycetota	Actinomycetes	Actinomycetales	Bifidobacteriaceae	Bifidobacterium	Bifidobacterium adolescentis	95.24	5.42	1959384	134	21271	59.883004	1714	51.0	0.7846153846	0.1316033923	0.035333414	0.053344663	1.0942013	8.554220497	51.0	0.4592900934
F02_bin.70	ANI95_cluster_00134	B09_bin.93	False	d__Bacteria;p__Bacillota;c__Clostridia;o__Oscillospirales;f__Oscillospiraceae;g__CAG-103;s__CAG-103 sp000432375	Bacteria	Bacillota	Clostridia	Oscillospirales	Oscillospiraceae	CAG-103	CAG-103 sp000432375	91.28	0.0	1828212	72	35355	62.721774	1731	29.0	0.4461538462	0.01174713733	0.0	0.014007184	0.21622165	0.7635639265	29.0	0.1098111168
F02_bin.71	ANI95_cluster_00386	H02_bin.41	False	d__Bacteria;p__Bacillota;c__Clostridia;o__Oscillospirales;f__Ruminococcaceae;g__Ruminococcus_C;s__Ruminococcus_C callidus	Bacteria	Bacillota	Clostridia	Oscillospirales	Ruminococcaceae	Ruminococcus_C	Ruminococcus_C callidus	85.48	0.0	2149909	180	17445	51.942478	1824	11.0	0.1692307692	0.01187213528	0.0	0.03573752	0.2883135	0.7716887934	11.0	0.08632397569
F02_bin.72	ANI95_cluster_00406	H04_bin.57	False	d__Bacteria;p__Bacillota;c__Clostridia;o__Oscillospirales;f__Ruminococcaceae;g__Gemmiger;s__Gemmiger formicilis	Bacteria	Bacillota	Clostridia	Oscillospirales	Ruminococcaceae	Gemmiger	Gemmiger formicilis	85.49	2.83	2309455	260	12081	60.713372	2048	50.0	0.7692307692	0.01728906258	0.009621059	0.013922296	0.14059445	1.123789067	50.0	0.192834205
F02_bin.74	ANI95_cluster_00419	H06_bin.61	False	d__Bacteria;p__Bacillota;c__Clostridia;o__Lachnospirales;f__Lachnospiraceae;g__Fusicatenibacter;s__Fusicatenibacter saccharivorans	Bacteria	Bacillota	Clostridia	Lachnospirales	Lachnospiraceae	Fusicatenibacter	Fusicatenibacter saccharivorans	90.99	3.15	2431078	402	8003	49.339881	2406	60.0	0.9230769231	0.02331989632	0.013529097	0.0166814645	0.12340598	1.515793261	60.0	0.3077776475
F02_bin.78	ANI95_cluster_00139	C02_bin.32	False	d__Bacteria;p__Bacillota;c__Clostridia;o__Lachnospirales;f__Lachnospiraceae;g__Coprococcus_C;s__Coprococcus_C hominis	Bacteria	Bacillota	Clostridia	Lachnospirales	Lachnospiraceae	Coprococcus_C	Coprococcus_C hominis	98.66	0.67	2691997	25	156238	44.464871	2420	20.0	0.3076923077	0.01597942762	0.0	0.026712995	0.2638102	1.038662795	20.0	0.127985488
F02_bin.80	ANI95_cluster_00263	E06_bin.63	False	d__Bacteria;p__Bacillota;c__Clostridia;o__Lachnospirales;f__Lachnospiraceae;g__Eubacterium_F;s__Eubacterium_F sp003491505	Bacteria	Bacillota	Clostridia	Lachnospirales	Lachnospiraceae	Eubacterium_F	Eubacterium_F sp003491505	90.25	0.0	2295754	137	25729	41.244445	2192	38.0	0.5846153846	0.01438410317	0.0078107105	0.016529889	0.11928163	0.9349667061	38.0	0.1728372746
F02_bin.81	ANI95_cluster_00296	F05_bin.48	False	d__Bacteria;p__Pseudomonadota;c__Gammaproteobacteria;o__Burkholderiales;f__Burkholderiaceae_F;g__Sutterella;s__Sutterella wadsworthensis	Bacteria	Pseudomonadota	Gammaproteobacteria	Burkholderiales	Burkholderiaceae_F	Sutterella	Sutterella wadsworthensis	83.1	2.59	2624602	182	25900	55.637731	2231	26.0	0.4	0.01939903978	0.0	0.0345374895	0.23591965	1.260937586	26.0	0.1531617595
F02_bin.82	ANI95_cluster_00128	B08_bin.66	False	d__Bacteria;p__Bacteroidota;c__Bacteroidia;o__Bacteroidales;f__Rikenellaceae;g__Alistipes;s__Alistipes communis	Bacteria	Bacteroidota	Bacteroidia	Bacteroidales	Rikenellaceae	Alistipes	Alistipes communis	88.7	0.0	2392017	39	125329	59.955887	1952	40.0	0.6153846154	0.03818537943	0.021493463	0.037546438	0.5661461	2.482049663	40.0	0.2804728651
F02_bin.85	ANI95_cluster_00222	D08_bin.21	False	d__Bacteria;p__Bacteroidota;c__Bacteroidia;o__Bacteroidales;f__Rikenellaceae;g__Alistipes;s__Alistipes putredinis	Bacteria	Bacteroidota	Bacteroidia	Bacteroidales	Rikenellaceae	Alistipes	Alistipes putredinis	84.7	0.96	2030086	49	90580	54.132682	1840	52.0	0.8	0.150051385	0.086393274	0.1263045425	1.4483081	9.753340024	52.0	0.463642671
F02_bin.87	ANI95_cluster_00284	F02_bin.87	True	d__Bacteria;p__Cyanobacteriota;c__Vampirovibrionia;o__Gastranaerophilales;f__Gastranaerophilaceae;g__Stercorousia;s__Stercorousia faecigallinarum	Bacteria	Cyanobacteriota	Vampirovibrionia	Gastranaerophilales	Gastranaerophilaceae	Stercorousia	Stercorousia faecigallinarum	87.18	0.85	2119994	69	53493	34.757268	2280	6.0	0.09230769231	0.01378846597	0.0	0.09404689	0.36668286	0.896250288	6.0	0.06105712492
F02_bin.88	ANI95_cluster_00133	B09_bin.61	False	d__Bacteria;p__Bacillota;c__Clostridia;o__Oscillospirales;f__Ruminococcaceae;g__Hominimerdicola;s__Hominimerdicola aceti	Bacteria	Bacillota	Clostridia	Oscillospirales	Ruminococcaceae	Hominimerdicola	Hominimerdicola aceti	97.95	0.0	2498647	152	32483	43.126460	2335	37.0	0.5692307692	0.01241998504	0.0058982098	0.009741439	0.10204934	0.8072990279	37.0	0.1421302262
F02_bin.96	ANI95_cluster_00044	A07_bin.65	False	d__Bacteria;p__Bacteroidota;c__Bacteroidia;o__Bacteroidales;f__Barnesiellaceae;g__Barnesiella;s__Barnesiella intestinihominis	Bacteria	Bacteroidota	Bacteroidia	Bacteroidales	Barnesiellaceae	Barnesiella	Barnesiella intestinihominis	94.34	0.38	3160926	16	354418	43.509339	2570	44.0	0.6769230769	0.08078194105	0.032402735	0.056148443	0.5751385	5.250826168	44.0	0.3443715949
F03_bin.1	ANI95_cluster_00285	F03_bin.1	True	d__Bacteria;p__Bacillota;c__Clostridia;o__Lachnospirales;f__Lachnospiraceae;g__Acetatifactor;s__Acetatifactor acetigignens	Bacteria	Bacillota	Clostridia	Lachnospirales	Lachnospiraceae	Acetatifactor	Acetatifactor acetigignens	98.07	2.42	3418143	75	70715	46.675168	3133	46.0	0.7076923077	0.03274962037	0.008737782	0.01550431	0.6461043	2.128725324	46.0	0.2301533952
F03_bin.10	ANI95_cluster_00143	C03_bin.49	False	d__Bacteria;p__Actinomycetota;c__Actinomycetes;o__Actinomycetales;f__Bifidobacteriaceae;g__Bifidobacterium;s__Bifidobacterium longum	Bacteria	Actinomycetota	Actinomycetes	Actinomycetales	Bifidobacteriaceae	Bifidobacterium	Bifidobacterium longum	100.0	0.46	2234354	38	87160	60.068324	1823	54.0	0.8307692308	0.0247456707	0.01273531	0.0160545215	0.22969747	1.608468595	54.0	0.3107956374
F03_bin.11	ANI95_cluster_00061	B01_bin.9	False	d__Bacteria;p__Verrucomicrobiota;c__Verrucomicrobiia;o__Verrucomicrobiales;f__Akkermansiaceae;g__Akkermansia;s__Akkermansia muciniphila	Bacteria	Verrucomicrobiota	Verrucomicrobiia	Verrucomicrobiales	Akkermansiaceae	Akkermansia	Akkermansia muciniphila	97.96	0.0	2706985	36	109844	55.376701	2292	26.0	0.4	0.03405293637	0.0	0.0276504605	0.6395212	2.213440864	26.0	0.1520118458
F03_bin.12	ANI95_cluster_00419	H06_bin.61	False	d__Bacteria;p__Bacillota;c__Clostridia;o__Lachnospirales;f__Lachnospiraceae;g__Fusicatenibacter;s__Fusicatenibacter saccharivorans	Bacteria	Bacillota	Clostridia	Lachnospirales	Lachnospiraceae	Fusicatenibacter	Fusicatenibacter saccharivorans	87.97	1.27	2166548	159	23666	49.107797	1989	60.0	0.9230769231	0.02454844016	0.014092827	0.015283549	0.11932984	1.595648611	60.0	0.3227729866
F03_bin.13	ANI95_cluster_00286	F03_bin.13	True	d__Bacteria;p__Bacteroidota;c__Bacteroidia;o__Bacteroidales;f__Rikenellaceae;g__Alistipes;s__Alistipes finegoldii	Bacteria	Bacteroidota	Bacteroidia	Bacteroidales	Rikenellaceae	Alistipes	Alistipes finegoldii	100.0	0.0	3365946	18	272655	58.440896	2702	44.0	0.6769230769	0.1596972051	0.014922922	0.0318080355	8.092023	10.38031833	44.0	0.2078592788
F03_bin.14	ANI95_cluster_00180	C08_bin.28	False	d__Bacteria;p__Bacillota;c__Clostridia;o__Oscillospirales;f__Ruminococcaceae;g__Faecalibacterium;s__Faecalibacterium butyricigenerans	Bacteria	Bacillota	Clostridia	Oscillospirales	Ruminococcaceae	Faecalibacterium	Faecalibacterium butyricigenerans	80.22	8.24	1893654	210	12666	61.422520	1817	45.0	0.6923076923	0.03533618882	0.00887006	0.020433547	0.43814495	2.296852273	44.0	0.2398259023
F03_bin.15	ANI95_cluster_00193	D01_bin.64	False	d__Bacteria;p__Bacteroidota;c__Bacteroidia;o__Bacteroidales;f__Bacteroidaceae;g__Bacteroides;s__Bacteroides uniformis	Bacteria	Bacteroidota	Bacteroidia	Bacteroidales	Bacteroidaceae	Bacteroides	Bacteroides uniformis	91.05	0.0	4228232	37	274479	46.239634	3395	63.0	0.9692307692	0.1303103306	0.08922568	0.10306373	0.52843523	8.470171488	63.0	0.4978915403
F03_bin.21	ANI95_cluster_00413	H05_bin.38	False	d__Bacteria;p__Bacteroidota;c__Bacteroidia;o__Bacteroidales;f__Tannerellaceae;g__Parabacteroides;s__Parabacteroides distasonis	Bacteria	Bacteroidota	Bacteroidia	Bacteroidales	Tannerellaceae	Parabacteroides	Parabacteroides distasonis	95.77	0.0	4112284	212	32601	45.481197	3444	52.0	0.8	0.01873569689	0.009299336	0.0123451945	0.32701957	1.217820298	51.0	0.2089601108
F03_bin.22	ANI95_cluster_00287	F03_bin.22	True	d__Bacteria;p__Bacillota;c__Clostridia;o__Oscillospirales;f__Ruminococcaceae;g__Faecalibacterium;s__Faecalibacterium prausnitzii_I	Bacteria	Bacillota	Clostridia	Oscillospirales	Ruminococcaceae	Faecalibacterium	Faecalibacterium prausnitzii_I	98.64	6.66	2211523	56	56656	58.778814	1990	49.0	0.7538461538	0.1659737529	0.09840357	0.12277867	3.2800083	10.78829394	49.0	0.5516541566
F03_bin.23	ANI95_cluster_00053	A09_bin.36	False	d__Bacteria;p__Bacillota;c__Clostridia;o__Oscillospirales;f__Oscillospiraceae;g__Oscillibacter;s__Oscillibacter segnis	Bacteria	Bacillota	Clostridia	Oscillospirales	Oscillospiraceae	Oscillibacter	Oscillibacter segnis	89.57	4.47	2198456	71	56615	57.677252	2100	48.0	0.7384615385	0.04617174395	0.029438064	0.0326099325	0.9069152	3.001163357	48.0	0.2656895917
F03_bin.25	ANI95_cluster_00177	C07_bin.89	False	d__Bacteria;p__Desulfobacterota;c__Desulfovibrionia;o__Desulfovibrionales;f__Desulfovibrionaceae;g__Bilophila;s__Bilophila wadsworthia	Bacteria	Desulfobacterota	Desulfovibrionia	Desulfovibrionales	Desulfovibrionaceae	Bilophila	Bilophila wadsworthia	88.76	0.59	3732937	248	23662	60.542570	3175	34.0	0.5230769231	0.009141986318	0.004078689	0.00947685125	0.14415668	0.5942291107	34.0	0.1487475675
F03_bin.26	ANI95_cluster_00272	E07_bin.69	False	d__Bacteria;p__Bacillota;c__Clostridia;o__Oscillospirales;f__Oscillospiraceae;g__Oscillibacter;s__Oscillibacter welbionis	Bacteria	Bacillota	Clostridia	Oscillospirales	Oscillospiraceae	Oscillibacter	Oscillibacter welbionis	84.9	2.01	2232352	38	93872	61.654210	2135	54.0	0.8307692308	0.02469936613	0.008302657	0.0136444255	0.3297109	1.605458798	54.0	0.3163746299
F03_bin.29	ANI95_cluster_00288	F03_bin.29	True	d__Bacteria;p__Bacteroidota;c__Bacteroidia;o__Bacteroidales;f__Bacteroidaceae;g__Bacteroides;s__Bacteroides cellulosilyticus	Bacteria	Bacteroidota	Bacteroidia	Bacteroidales	Bacteroidaceae	Bacteroides	Bacteroides cellulosilyticus	93.72	0.19	6140408	67	160900	42.869594	4736	36.0	0.5538461538	0.08875850069	0.010644223	0.0566135125	2.3847802	5.769302545	36.0	0.2552787088
F03_bin.3	ANI95_cluster_00034	A06_bin.107	False	d__Bacteria;p__Bacteroidota;c__Bacteroidia;o__Bacteroidales;f__Marinifilaceae;g__Odoribacter;s__Odoribacter splanchnicus	Bacteria	Bacteroidota	Bacteroidia	Bacteroidales	Marinifilaceae	Odoribacter	Odoribacter splanchnicus	96.77	0.72	4042734	91	69753	43.271039	3400	51.0	0.7846153846	0.01218855962	0.011329601	0.0131824985	0.055059742	0.7922563756	51.0	0.2245630599
F03_bin.34	ANI95_cluster_00296	F05_bin.48	False	d__Bacteria;p__Pseudomonadota;c__Gammaproteobacteria;o__Burkholderiales;f__Burkholderiaceae_F;g__Sutterella;s__Sutterella wadsworthensis	Bacteria	Pseudomonadota	Gammaproteobacteria	Burkholderiales	Burkholderiaceae_F	Sutterella	Sutterella wadsworthensis	90.68	0.0	2691439	45	72199	55.708452	2232	22.0	0.3384615385	0.02657681348	0.0	0.017880179	1.0082216	1.727492876	22.0	0.081078234
F03_bin.35	ANI95_cluster_00289	F03_bin.35	True	d__Bacteria;p__Actinomycetota;c__Coriobacteriia;o__Coriobacteriales;f__Coriobacteriaceae;g__Collinsella;s__	Bacteria	Actinomycetota	Coriobacteriia	Coriobacteriales	Coriobacteriaceae	Collinsella		95.97	1.01	1978069	237	11875	60.718256	1789	19.0	0.2923076923	0.0110792632	0.0	0.016931208	0.32493436	0.7201521083	19.0	0.05954445854
F03_bin.36	ANI95_cluster_00222	D08_bin.21	False	d__Bacteria;p__Bacteroidota;c__Bacteroidia;o__Bacteroidales;f__Rikenellaceae;g__Alistipes;s__Alistipes putredinis	Bacteria	Bacteroidota	Bacteroidia	Bacteroidales	Rikenellaceae	Alistipes	Alistipes putredinis	98.08	0.96	2268914	24	183719	54.504622	1984	52.0	0.8	0.2025868951	0.117516495	0.191348555	1.6821723	13.16814818	52.0	0.4845518185
F03_bin.40	ANI95_cluster_00290	F03_bin.40	True	d__Bacteria;p__Bacillota;c__Clostridia;o__Lachnospirales;f__Lachnospiraceae;g__Blautia_A;s__Blautia_A wexlerae	Bacteria	Bacillota	Clostridia	Lachnospirales	Lachnospiraceae	Blautia_A	Blautia_A wexlerae	99.37	2.25	4227897	323	28093	40.968075	3926	63.0	0.9692307692	0.04302634475	0.02724451	0.02764714	0.21718773	2.796712409	63.0	0.3908386432
F03_bin.41	ANI95_cluster_00302	F06_bin.75	False	d__Bacteria;p__Bacillota;c__Clostridia;o__Oscillospirales;f__Oscillospiraceae;g__Hominicoprocola;s__Hominicoprocola fusiformis	Bacteria	Bacillota	Clostridia	Oscillospirales	Oscillospiraceae	Hominicoprocola	Hominicoprocola fusiformis	97.99	0.02	2162013	46	57158	58.713939	2067	47.0	0.7230769231	0.02958072197	0.014391923	0.019123605	0.48837498	1.922746928	47.0	0.246350301
F03_bin.42	ANI95_cluster_00195	D02_bin.11	False	d__Bacteria;p__Bacteroidota;c__Bacteroidia;o__Bacteroidales;f__Bacteroidaceae;g__Phocaeicola;s__Phocaeicola vulgatus	Bacteria	Bacteroidota	Bacteroidia	Bacteroidales	Bacteroidaceae	Phocaeicola	Phocaeicola vulgatus	97.74	3.17	5322967	57	144094	41.728213	4328	60.0	0.9230769231	0.2293581715	0.08318094	0.102855675	2.3184524	14.90828115	60.0	0.4919369142
F03_bin.46	ANI95_cluster_00331	G01_bin.90	False	d__Bacteria;p__Pseudomonadota;c__Alphaproteobacteria;o__RF32;f__CAG-239;g__CAZU01;s__CAZU01 sp000432275	Bacteria	Pseudomonadota	Alphaproteobacteria	RF32	CAG-239	CAZU01	CAZU01 sp000432275	97.85	0.0	1768508	35	92506	45.946300	1768	5.0	0.07692307692	0.04421846218	0.0	0.26296848	2.1620836	2.874200042	5.0	0.04952267477
F03_bin.47	ANI95_cluster_00358	G07_bin.107	False	d__Bacteria;p__Bacillota;c__Clostridia;o__Lachnospirales;f__Lachnospiraceae;g__Roseburia;s__Roseburia faecis	Bacteria	Bacillota	Clostridia	Lachnospirales	Lachnospiraceae	Roseburia	Roseburia faecis	96.62	3.83	2945434	63	101169	43.724999	2769	39.0	0.6	0.02824228936	0.012071195	0.03170166	0.27614185	1.835748808	39.0	0.2300362953
F03_bin.48	ANI95_cluster_00231	D08_bin.97	False	d__Bacteria;p__Bacteroidota;c__Bacteroidia;o__Bacteroidales;f__Tannerellaceae;g__Parabacteroides;s__Parabacteroides merdae	Bacteria	Bacteroidota	Bacteroidia	Bacteroidales	Tannerellaceae	Parabacteroides	Parabacteroides merdae	99.23	7.69	4518939	50	141559	45.380254	3732	44.0	0.6769230769	0.02785770297	0.022814333	0.032742337	0.21594328	1.810750693	44.0	0.2897612146
F03_bin.51	ANI95_cluster_00406	H04_bin.57	False	d__Bacteria;p__Bacillota;c__Clostridia;o__Oscillospirales;f__Ruminococcaceae;g__Gemmiger;s__Gemmiger formicilis	Bacteria	Bacillota	Clostridia	Oscillospirales	Ruminococcaceae	Gemmiger	Gemmiger formicilis	88.89	2.24	2361167	210	16338	60.803831	2129	50.0	0.7692307692	0.02485850823	0.0101597775	0.0132715585	0.45191213	1.615803035	50.0	0.2040140958
F03_bin.53	ANI95_cluster_00291	F03_bin.53	True	d__Bacteria;p__Bacillota;c__Bacilli;o__Lactobacillales;f__Enterococcaceae;g__Enterococcus_B;s__Enterococcus_B hirae	Bacteria	Bacillota	Bacilli	Lactobacillales	Enterococcaceae	Enterococcus_B	Enterococcus_B hirae	85.99	1.54	2530403	622	4991	36.610255	2753	1.0	0.01538461538	0.003927550462	0.0	0.25529078	0.25529078	0.25529078	1.0	0.01535933477
F04_bin.12	ANI95_cluster_00283	F02_bin.66	False	d__Bacteria;p__Bacteroidota;c__Bacteroidia;o__Bacteroidales;f__Rikenellaceae;g__Tidjanibacter;s__Tidjanibacter inops	Bacteria	Bacteroidota	Bacteroidia	Bacteroidales	Rikenellaceae	Tidjanibacter	Tidjanibacter inops	93.75	0.0	2083161	48	77828	56.927093	1772	31.0	0.4769230769	0.02623864735	0.0	0.03795244	0.2196375	1.705512078	31.0	0.2522119775
F04_bin.14	ANI95_cluster_00143	C03_bin.49	False	d__Bacteria;p__Actinomycetota;c__Actinomycetes;o__Actinomycetales;f__Bifidobacteriaceae;g__Bifidobacterium;s__Bifidobacterium longum	Bacteria	Actinomycetota	Actinomycetes	Actinomycetales	Bifidobacteriaceae	Bifidobacterium	Bifidobacterium longum	97.96	1.0	2361364	57	73614	60.119575	2033	54.0	0.8307692308	0.02515066045	0.014839087	0.0175110495	0.20800325	1.634792929	54.0	0.2994982151
F04_bin.15	ANI95_cluster_00090	B05_bin.113	False	d__Bacteria;p__Actinomycetota;c__Coriobacteriia;o__Coriobacteriales;f__Eggerthellaceae;g__Ellagibacter;s__Ellagibacter isourolithinifaciens	Bacteria	Actinomycetota	Coriobacteriia	Coriobacteriales	Eggerthellaceae	Ellagibacter	Ellagibacter isourolithinifaciens	97.02	1.76	1984934	246	10813	60.722724	1840	11.0	0.1692307692	0.01353623337	0.0	0.034321964	0.35006875	0.879855169	11.0	0.079104974
F04_bin.17	ANI95_cluster_00140	C02_bin.89	False	d__Bacteria;p__Bacillota;c__Clostridia;o__Oscillospirales;f__Acutalibacteraceae;g__Hominenteromicrobium;s__Hominenteromicrobium mulieris	Bacteria	Bacillota	Clostridia	Oscillospirales	Acutalibacteraceae	Hominenteromicrobium	Hominenteromicrobium mulieris	92.99	0.0	2113505	107	30531	53.782508	2022	43.0	0.6615384615	0.02523141668	0.007403671	0.013397678	0.64018345	1.640042084	43.0	0.2055063189
F04_bin.21	ANI95_cluster_00285	F03_bin.1	False	d__Bacteria;p__Bacillota;c__Clostridia;o__Lachnospirales;f__Lachnospiraceae;g__Acetatifactor;s__Acetatifactor acetigignens	Bacteria	Bacillota	Clostridia	Lachnospirales	Lachnospiraceae	Acetatifactor	Acetatifactor acetigignens	95.56	2.58	3308699	128	36871	47.141308	3032	50.0	0.7692307692	0.02723491772	0.012004241	0.015101793	0.14789972	1.770269652	50.0	0.2435509143
F04_bin.23	ANI95_cluster_00133	B09_bin.61	False	d__Bacteria;p__Bacillota;c__Clostridia;o__Oscillospirales;f__Ruminococcaceae;g__Hominimerdicola;s__Hominimerdicola aceti	Bacteria	Bacillota	Clostridia	Oscillospirales	Ruminococcaceae	Hominimerdicola	Hominimerdicola aceti	97.43	0.68	2370656	207	17942	43.455314	2289	38.0	0.5846153846	0.0249260769	0.005422517	0.011607919	0.4088171	1.620194999	37.0	0.1649515913
F04_bin.24	ANI95_cluster_00395	H03_bin.22	False	d__Bacteria;p__Bacillota;c__Clostridia;o__Oscillospirales;f__Oscillospiraceae;g__Faecousia;s__Faecousia sp000434635	Bacteria	Bacillota	Clostridia	Oscillospirales	Oscillospiraceae	Faecousia	Faecousia sp000434635	92.39	3.36	2579849	96	42775	56.934689	2363	33.0	0.5076923077	0.02265037009	0.0076978966	0.024768455	0.4795168	1.472274056	33.0	0.1650351635
F04_bin.26	ANI95_cluster_00030	A05_bin.79	False	d__Bacteria;p__Bacillota;c__Clostridia;o__Oscillospirales;f__Acutalibacteraceae;g__Fimenecus;s__Fimenecus sp000432435	Bacteria	Bacillota	Clostridia	Oscillospirales	Acutalibacteraceae	Fimenecus	Fimenecus sp000432435	92.84	0.69	1756277	210	12401	44.690729	1771	19.0	0.2923076923	0.105417928	0.0	0.10696121	3.4913316	6.852165318	19.0	0.2040808003
F04_bin.32	ANI95_cluster_00034	A06_bin.107	False	d__Bacteria;p__Bacteroidota;c__Bacteroidia;o__Bacteroidales;f__Marinifilaceae;g__Odoribacter;s__Odoribacter splanchnicus	Bacteria	Bacteroidota	Bacteroidia	Bacteroidales	Marinifilaceae	Odoribacter	Odoribacter splanchnicus	86.16	1.08	3131051	353	12388	43.889065	2822	51.0	0.7846153846	0.009831793682	0.008831867	0.010265557	0.04011494	0.6390665893	51.0	0.2186247303
F04_bin.34	ANI95_cluster_00209	D05_bin.78	False	d__Bacteria;p__Bacillota;c__Clostridia;o__Christensenellales;f__Aristaeellaceae;g__Limiplasma;s__Limiplasma merdipullorum	Bacteria	Bacillota	Clostridia	Christensenellales	Aristaeellaceae	Limiplasma	Limiplasma merdipullorum	90.02	1.3	2761583	500	7074	61.399929	2801	20.0	0.3076923077	0.008540887234	0.0	0.016149541	0.17038478	0.5551576702	19.0	0.1052465438
F04_bin.35	ANI95_cluster_00019	A04_bin.71	False	d__Bacteria;p__Bacteroidota;c__Bacteroidia;o__Bacteroidales;f__Rikenellaceae;g__Alistipes_A;s__Alistipes_A ihumii	Bacteria	Bacteroidota	Bacteroidia	Bacteroidales	Rikenellaceae	Alistipes_A	Alistipes_A ihumii	95.5	1.04	2536975	120	33844	58.407789	2166	25.0	0.3846153846	0.01289117565	0.0	0.017271884	0.109086014	0.8379264172	25.0	0.1507100497
F04_bin.39	ANI95_cluster_00424	H07_bin.23	False	d__Bacteria;p__Bacillota;c__Clostridia;o__Oscillospirales;f__Ruminococcaceae;g__Faecalibacterium;s__Faecalibacterium longum	Bacteria	Bacillota	Clostridia	Oscillospirales	Ruminococcaceae	Faecalibacterium	Faecalibacterium longum	94.35	0.65	1962954	145	19216	60.158873	1821	58.0	0.8923076923	0.02875940017	0.017931638	0.020721459	0.26727828	1.869361011	57.0	0.2778009775
F04_bin.40	ANI95_cluster_00292	F04_bin.40	True	d__Bacteria;p__Bacillota;c__Clostridia;o__Lachnospirales;f__Lachnospiraceae;g__Blautia_A;s__Blautia_A obeum	Bacteria	Bacillota	Clostridia	Lachnospirales	Lachnospiraceae	Blautia_A	Blautia_A obeum	81.86	4.11	2554809	120	37475	42.444543	2354	62.0	0.9538461538	0.08401035926	0.04396575	0.0451697415	0.7105026	5.460673352	62.0	0.5758209745
F04_bin.45	ANI95_cluster_00222	D08_bin.21	False	d__Bacteria;p__Bacteroidota;c__Bacteroidia;o__Bacteroidales;f__Rikenellaceae;g__Alistipes;s__Alistipes putredinis	Bacteria	Bacteroidota	Bacteroidia	Bacteroidales	Rikenellaceae	Alistipes	Alistipes putredinis	85.5	0.96	1669430	20	145989	55.252032	1434	51.0	0.7846153846	0.1071021919	0.07713773	0.10759178	0.5337682	6.961642471	51.0	0.4778203
F04_bin.46	ANI95_cluster_00364	G08_bin.17	False	d__Bacteria;p__Bacillota;c__Clostridia;o__Oscillospirales;f__Oscillospiraceae;g__Hominicoprocola;s__Hominicoprocola sp900317525	Bacteria	Bacillota	Clostridia	Oscillospirales	Oscillospiraceae	Hominicoprocola	Hominicoprocola sp900317525	88.53	0.95	1534752	122	19825	62.232986	1520	43.0	0.6615384615	0.01965428798	0.010234376	0.016695213	0.1181034	1.277528719	42.0	0.2518670031
F04_bin.51	ANI95_cluster_00128	B08_bin.66	False	d__Bacteria;p__Bacteroidota;c__Bacteroidia;o__Bacteroidales;f__Rikenellaceae;g__Alistipes;s__Alistipes communis	Bacteria	Bacteroidota	Bacteroidia	Bacteroidales	Rikenellaceae	Alistipes	Alistipes communis	80.5	2.59	2587616	193	20209	60.235754	2189	39.0	0.6	0.02654931909	0.017007783	0.029027112	0.15935665	1.725705741	39.0	0.276636614
F04_bin.52	ANI95_cluster_00293	F04_bin.52	True	d__Bacteria;p__Bacillota;c__Clostridia;o__Lachnospirales;f__Lachnospiraceae;g__Eisenbergiella;s__Eisenbergiella sp900555195	Bacteria	Bacillota	Clostridia	Lachnospirales	Lachnospiraceae	Eisenbergiella	Eisenbergiella sp900555195	95.69	2.64	4099983	226	28005	50.675430	3739	12.0	0.1846153846	0.009739181338	0.0	0.018015992	0.41900048	0.633046787	12.0	0.07305663308
F04_bin.55	ANI95_cluster_00384	H02_bin.18	False	d__Bacteria;p__Actinomycetota;c__Actinomycetes;o__Actinomycetales;f__Bifidobacteriaceae;g__Bifidobacterium;s__Bifidobacterium adolescentis	Bacteria	Actinomycetota	Actinomycetes	Actinomycetales	Bifidobacteriaceae	Bifidobacterium	Bifidobacterium adolescentis	97.92	2.92	1948662	104	32768	59.939384	1615	51.0	0.7846153846	0.1322971201	0.037573762	0.07747368	1.1743379	8.599312804	51.0	0.4784348946
F04_bin.59	ANI95_cluster_00267	E06_bin.85	False	d__Bacteria;p__Bacteroidota;c__Bacteroidia;o__Bacteroidales;f__Rikenellaceae;g__Alistipes;s__Alistipes shahii	Bacteria	Bacteroidota	Bacteroidia	Bacteroidales	Rikenellaceae	Alistipes	Alistipes shahii	87.55	1.12	2452906	52	69332	60.134510	1981	45.0	0.6923076923	0.05705537612	0.038957305	0.059424937	0.3222177	3.708599448	45.0	0.4015986585
F04_bin.60	ANI95_cluster_00415	H05_bin.43	False	d__Bacteria;p__Bacillota;c__Clostridia;o__Lachnospirales;f__Lachnospiraceae;g__Roseburia;s__Roseburia rectalis	Bacteria	Bacillota	Clostridia	Lachnospirales	Lachnospiraceae	Roseburia	Roseburia rectalis	99.52	1.21	2872947	39	114423	41.466028	2626	47.0	0.7230769231	0.0251895263	0.012655493	0.01872286	0.42104188	1.637319209	47.0	0.1955474775
F04_bin.64	ANI95_cluster_00373	G08_bin.9	False	d__Bacteria;p__Bacillota;c__Clostridia;o__Oscillospirales;f__Ruminococcaceae;g__Faecalibacterium;s__Faecalibacterium taiwanense	Bacteria	Bacillota	Clostridia	Oscillospirales	Ruminococcaceae	Faecalibacterium	Faecalibacterium taiwanense	97.48	2.57	2459645	192	20803	57.662630	2333	64.0	0.9846153846	0.0846789323	0.057064056	0.0576131045	0.40644258	5.504130599	64.0	0.5040738501
F04_bin.7	ANI95_cluster_00194	D01_bin.67	False	d__Bacteria;p__Actinomycetota;c__Coriobacteriia;o__Coriobacteriales;f__Coriobacteriaceae;g__Collinsella;s__Collinsella sp905215825	Bacteria	Actinomycetota	Coriobacteriia	Coriobacteriales	Coriobacteriaceae	Collinsella	Collinsella sp905215825	99.19	1.88	2101750	75	42140	60.061473	1817	36.0	0.5538461538	0.02081515563	0.007992511	0.0184800705	0.36890456	1.352985116	36.0	0.1206049467
F05_bin.14	ANI95_cluster_00294	F05_bin.14	True	d__Bacteria;p__Bacillota;c__Clostridia;o__Lachnospirales;f__Lachnospiraceae;g__Mediterraneibacter;s__Mediterraneibacter lactaris	Bacteria	Bacillota	Clostridia	Lachnospirales	Lachnospiraceae	Mediterraneibacter	Mediterraneibacter lactaris	91.84	0.43	2126717	102	36081	43.491306	1850	39.0	0.6	0.06368608877	0.0157932	0.058076005	0.75248253	4.13959577	39.0	0.3828279683
F05_bin.16	ANI95_cluster_00364	G08_bin.17	False	d__Bacteria;p__Bacillota;c__Clostridia;o__Oscillospirales;f__Oscillospiraceae;g__Hominicoprocola;s__Hominicoprocola sp900317525	Bacteria	Bacillota	Clostridia	Oscillospirales	Oscillospiraceae	Hominicoprocola	Hominicoprocola sp900317525	97.32	1.34	1982963	52	53180	60.866693	1943	45.0	0.6923076923	0.033625911	0.0167986	0.025930999	0.67304146	2.185684215	44.0	0.2244422657
F05_bin.20	ANI95_cluster_00358	G07_bin.107	False	d__Bacteria;p__Bacillota;c__Clostridia;o__Lachnospirales;f__Lachnospiraceae;g__Roseburia;s__Roseburia faecis	Bacteria	Bacillota	Clostridia	Lachnospirales	Lachnospiraceae	Roseburia	Roseburia faecis	88.16	2.17	2592392	53	96853	44.064169	2415	39.0	0.6	0.02845959769	0.012196435	0.030043114	0.35341355	1.84987385	39.0	0.2262196212
F05_bin.22	ANI95_cluster_00406	H04_bin.57	False	d__Bacteria;p__Bacillota;c__Clostridia;o__Oscillospirales;f__Ruminococcaceae;g__Gemmiger;s__Gemmiger formicilis	Bacteria	Bacillota	Clostridia	Oscillospirales	Ruminococcaceae	Gemmiger	Gemmiger formicilis	93.71	1.63	2268878	88	50364	60.727241	2005	50.0	0.7692307692	0.03291118396	0.010165644	0.0152871155	0.73677444	2.139226958	50.0	0.211333314
F05_bin.24	ANI95_cluster_00155	C05_bin.117	False	d__Bacteria;p__Bacillota;c__Clostridia;o__Lachnospirales;f__Lachnospiraceae;g__Gallintestinimicrobium;s__Gallintestinimicrobium propionicum	Bacteria	Bacillota	Clostridia	Lachnospirales	Lachnospiraceae	Gallintestinimicrobium	Gallintestinimicrobium propionicum	95.52	2.49	2801803	120	41632	49.176655	2526	48.0	0.7384615385	0.02861844489	0.019234901	0.0218595605	0.33398512	1.860198918	48.0	0.1858863957
F05_bin.26	ANI95_cluster_00083	B04_bin.18	False	d__Bacteria;p__Bacteroidota;c__Bacteroidia;o__Bacteroidales;f__Rikenellaceae;g__Alistipes;s__Alistipes onderdonkii	Bacteria	Bacteroidota	Bacteroidia	Bacteroidales	Rikenellaceae	Alistipes	Alistipes onderdonkii	98.65	0.48	3093204	31	141369	58.335726	2572	56.0	0.8615384615	0.1367502939	0.0500956	0.058316985	0.9468678	8.888769103	56.0	0.5164622138
F05_bin.27	ANI95_cluster_00355	G06_bin.24	False	d__Bacteria;p__Bacillota;c__Clostridia;o__Oscillospirales;f__Oscillospiraceae;g__CAG-170;s__CAG-170 sp000432135	Bacteria	Bacillota	Clostridia	Oscillospirales	Oscillospiraceae	CAG-170	CAG-170 sp000432135	89.93	2.52	2691566	226	18673	58.602130	2538	39.0	0.6	0.03132158008	0.009844631	0.018964596	0.3468605	2.035902705	39.0	0.236961296
F05_bin.3	ANI95_cluster_00212	D06_bin.25	False	d__Bacteria;p__Bacillota;c__Clostridia;o__Oscillospirales;f__Ruminococcaceae;g__CAG-115;s__CAG-115 sp003531585	Bacteria	Bacillota	Clostridia	Oscillospirales	Ruminococcaceae	CAG-115	CAG-115 sp003531585	95.97	0.67	2800960	84	52359	52.962663	2561	28.0	0.4307692308	0.02985638006	0.0	0.0201282465	0.71910805	1.940664704	28.0	0.1597674528
F05_bin.32	ANI95_cluster_00018	A03_bin.68	False	d__Bacteria;p__Bacillota;c__Clostridia;o__Lachnospirales;f__Lachnospiraceae;g__Roseburia;s__Roseburia hominis	Bacteria	Bacillota	Clostridia	Lachnospirales	Lachnospiraceae	Roseburia	Roseburia hominis	88.52	5.56	2692916	348	11053	50.665784	2580	38.0	0.5846153846	0.01966011645	0.006700301	0.01218663925	0.1929073	1.277907569	38.0	0.1753455364
F05_bin.38	ANI95_cluster_00063	B02_bin.24	False	d__Bacteria;p__Bacillota;c__Clostridia;o__Christensenellales;f__Aristaeellaceae;g__SFMI01;s__SFMI01 sp004556155	Bacteria	Bacillota	Clostridia	Christensenellales	Aristaeellaceae	SFMI01	SFMI01 sp004556155	92.34	1.1	2519021	215	17993	58.761757	2436	10.0	0.1538461538	0.01548541903	0.0	0.040120495	0.46201566	1.006552237	10.0	0.08959929046
F05_bin.40	ANI95_cluster_00053	A09_bin.36	False	d__Bacteria;p__Bacillota;c__Clostridia;o__Oscillospirales;f__Oscillospiraceae;g__Oscillibacter;s__Oscillibacter segnis	Bacteria	Bacillota	Clostridia	Oscillospirales	Oscillospiraceae	Oscillibacter	Oscillibacter segnis	94.52	3.86	2425961	370	9973	58.066226	2570	50.0	0.7692307692	0.03174645575	0.02604487	0.0327035875	0.21548277	2.063519623	50.0	0.262046885
F05_bin.41	ANI95_cluster_00419	H06_bin.61	False	d__Bacteria;p__Bacillota;c__Clostridia;o__Lachnospirales;f__Lachnospiraceae;g__Fusicatenibacter;s__Fusicatenibacter saccharivorans	Bacteria	Bacillota	Clostridia	Lachnospirales	Lachnospiraceae	Fusicatenibacter	Fusicatenibacter saccharivorans	93.57	6.78	2804936	377	12604	48.777797	2716	60.0	0.9230769231	0.02320298175	0.013658074	0.0145241055	0.10325115	1.508193814	60.0	0.2967954475
F05_bin.45	ANI95_cluster_00295	F05_bin.45	True	d__Bacteria;p__Pseudomonadota;c__Gammaproteobacteria;o__Burkholderiales;f__Burkholderiaceae_F;g__Duodenibacillus;s__Duodenibacillus intestinavium	Bacteria	Pseudomonadota	Gammaproteobacteria	Burkholderiales	Burkholderiaceae_F	Duodenibacillus	Duodenibacillus intestinavium	98.75	3.96	2424213	90	60505	54.316514	2252	7.0	0.1076923077	0.04251682193	0.0	0.034199685	1.0993662	2.763593425	7.0	0.06558174523
F05_bin.48	ANI95_cluster_00296	F05_bin.48	True	d__Bacteria;p__Pseudomonadota;c__Gammaproteobacteria;o__Burkholderiales;f__Burkholderiaceae_F;g__Sutterella;s__Sutterella wadsworthensis	Bacteria	Pseudomonadota	Gammaproteobacteria	Burkholderiales	Burkholderiaceae_F	Sutterella	Sutterella wadsworthensis	100.0	0.0	2719852	49	85818	55.356762	2240	28.0	0.4307692308	0.02333826224	0.0	0.0198593965	0.35855278	1.516987046	28.0	0.1430983808
F05_bin.49	ANI95_cluster_00312	F07_bin.74	False	d__Bacteria;p__Bacillota;c__Clostridia;o__Lachnospirales;f__Lachnospiraceae;g__Coprococcus;s__Coprococcus aceti	Bacteria	Bacillota	Clostridia	Lachnospirales	Lachnospiraceae	Coprococcus	Coprococcus aceti	96.55	0.67	2615242	106	53971	44.706035	2303	19.0	0.2923076923	0.01291331573	0.0	0.024409574	0.25816175	0.8393655223	19.0	0.1246917517
F05_bin.63	ANI95_cluster_00286	F03_bin.13	False	d__Bacteria;p__Bacteroidota;c__Bacteroidia;o__Bacteroidales;f__Rikenellaceae;g__Alistipes;s__Alistipes finegoldii	Bacteria	Bacteroidota	Bacteroidia	Bacteroidales	Rikenellaceae	Alistipes	Alistipes finegoldii	99.92	1.57	3095174	47	109649	58.650111	2615	50.0	0.7692307692	0.07789024222	0.028429687	0.0358741805	0.66806203	5.062865744	50.0	0.3408024132
F05_bin.7	ANI95_cluster_00361	G07_bin.85	False	d__Bacteria;p__Bacillota;c__Clostridia;o__Christensenellales;f__Aristaeellaceae;g__UBA11524;s__UBA11524 sp000437595	Bacteria	Bacillota	Clostridia	Christensenellales	Aristaeellaceae	UBA11524	UBA11524 sp000437595	97.2	0.93	2893318	107	49503	58.325079	2435	30.0	0.4615384615	0.03155117114	0.0	0.0192159665	1.3247638	2.050826124	30.0	0.1212145895
F05_bin.8	ANI95_cluster_00034	A06_bin.107	False	d__Bacteria;p__Bacteroidota;c__Bacteroidia;o__Bacteroidales;f__Marinifilaceae;g__Odoribacter;s__Odoribacter splanchnicus	Bacteria	Bacteroidota	Bacteroidia	Bacteroidales	Marinifilaceae	Odoribacter	Odoribacter splanchnicus	97.31	0.0	4143833	72	96656	43.407589	3454	51.0	0.7846153846	0.01122166377	0.0075462107	0.010459913	0.10475953	0.7294081451	51.0	0.2212540922
F05_bin.9	ANI95_cluster_00297	F05_bin.9	True	d__Bacteria;p__Bacteroidota;c__Bacteroidia;o__Bacteroidales;f__Rikenellaceae;g__Alistipes;s__Alistipes avistercoris	Bacteria	Bacteroidota	Bacteroidia	Bacteroidales	Rikenellaceae	Alistipes	Alistipes avistercoris	92.56	0.99	2467160	18	183316	61.714157	1995	2.0	0.03076923077	0.2153217246	0.0	6.99795605	7.8634386	13.9959121	2.0	0.02916630308
F06_bin.14	ANI95_cluster_00282	F02_bin.65	False	d__Bacteria;p__Bacillota;c__Clostridia;o__Lachnospirales;f__Lachnospiraceae;g__Blautia_A;s__Blautia_A sp900066335	Bacteria	Bacillota	Clostridia	Lachnospirales	Lachnospiraceae	Blautia_A	Blautia_A sp900066335	92.72	7.03	3241082	174	36729	44.813059	2969	57.0	0.8769230769	0.0646281969	0.024755294	0.02872317	0.7969648	4.200832799	57.0	0.4260658748
F06_bin.19	ANI95_cluster_00134	B09_bin.93	False	d__Bacteria;p__Bacillota;c__Clostridia;o__Oscillospirales;f__Oscillospiraceae;g__CAG-103;s__CAG-103 sp000432375	Bacteria	Bacillota	Clostridia	Oscillospirales	Oscillospiraceae	CAG-103	CAG-103 sp000432375	81.22	4.36	1537496	302	6189	63.347157	1625	32.0	0.4923076923	0.01087324154	0.0	0.015802569	0.07711486	0.7067606998	32.0	0.1674773777
F06_bin.27	ANI95_cluster_00290	F03_bin.40	False	d__Bacteria;p__Bacillota;c__Clostridia;o__Lachnospirales;f__Lachnospiraceae;g__Blautia_A;s__Blautia_A wexlerae	Bacteria	Bacillota	Clostridia	Lachnospirales	Lachnospiraceae	Blautia_A	Blautia_A wexlerae	90.66	6.01	3402690	381	14055	42.031246	3260	64.0	0.9846153846	0.05328614796	0.033399124	0.034385032	0.3260147	3.463599617	64.0	0.4262633975
F06_bin.28	ANI95_cluster_00335	G03_bin.17	False	d__Bacteria;p__Bacillota;c__Clostridia;o__Oscillospirales;f__Oscillospiraceae;g__Vescimonas;s__Vescimonas sp900545585	Bacteria	Bacillota	Clostridia	Oscillospirales	Oscillospiraceae	Vescimonas	Vescimonas sp900545585	86.91	7.61	1938207	45	62985	61.301038	1799	22.0	0.3384615385	0.07734284702	0.0	0.0343919125	3.3817253	5.027285056	22.0	0.1425158883
F06_bin.32	ANI95_cluster_00186	C08_bin.86	False	d__Bacteria;p__Bacillota;c__Negativicutes;o__Acidaminococcales;f__Acidaminococcaceae;g__Phascolarctobacterium;s__Phascolarctobacterium faecium	Bacteria	Bacillota	Negativicutes	Acidaminococcales	Acidaminococcaceae	Phascolarctobacterium	Phascolarctobacterium faecium	92.53	1.7	2118438	200	14444	44.387563	2138	16.0	0.2461538462	0.03813271464	0.0	0.061251355	1.2379217	2.478626451	16.0	0.1497613668
F06_bin.35	ANI95_cluster_00194	D01_bin.67	False	d__Bacteria;p__Actinomycetota;c__Coriobacteriia;o__Coriobacteriales;f__Coriobacteriaceae;g__Collinsella;s__Collinsella sp905215825	Bacteria	Actinomycetota	Coriobacteriia	Coriobacteriales	Coriobacteriaceae	Collinsella	Collinsella sp905215825	97.18	3.23	2057148	266	10088	60.125961	1896	34.0	0.5230769231	0.02685510425	0.0055791917	0.0168777955	0.8333087	1.745581776	34.0	0.1307706217
F06_bin.36	ANI95_cluster_00361	G07_bin.85	False	d__Bacteria;p__Bacillota;c__Clostridia;o__Christensenellales;f__Aristaeellaceae;g__UBA11524;s__UBA11524 sp000437595	Bacteria	Bacillota	Clostridia	Christensenellales	Aristaeellaceae	UBA11524	UBA11524 sp000437595	81.61	0.23	2403571	597	4843	58.822435	2427	28.0	0.4307692308	0.01987731142	0.0	0.0208053785	0.5784547	1.292025242	27.0	0.1134418188
F06_bin.38	ANI95_cluster_00030	A05_bin.79	False	d__Bacteria;p__Bacillota;c__Clostridia;o__Oscillospirales;f__Acutalibacteraceae;g__Fimenecus;s__Fimenecus sp000432435	Bacteria	Bacillota	Clostridia	Oscillospirales	Acutalibacteraceae	Fimenecus	Fimenecus sp000432435	97.99	1.01	2060047	19	208741	44.459811	1921	20.0	0.3076923077	0.09758756766	0.0	0.103473005	2.79363	6.343191898	20.0	0.2028743106
F06_bin.39	ANI95_cluster_00413	H05_bin.38	False	d__Bacteria;p__Bacteroidota;c__Bacteroidia;o__Bacteroidales;f__Tannerellaceae;g__Parabacteroides;s__Parabacteroides distasonis	Bacteria	Bacteroidota	Bacteroidia	Bacteroidales	Tannerellaceae	Parabacteroides	Parabacteroides distasonis	93.04	0.0	4180494	206	30333	45.435970	3559	49.0	0.7538461538	0.01488779006	0.007127941	0.011043833	0.13857447	0.967706354	49.0	0.2140720617
F06_bin.46	ANI95_cluster_00298	F06_bin.46	True	d__Bacteria;p__Bacillota;c__Bacilli;o__Lactobacillales;f__Streptococcaceae;g__Streptococcus;s__Streptococcus thermophilus	Bacteria	Bacillota	Bacilli	Lactobacillales	Streptococcaceae	Streptococcus	Streptococcus thermophilus	100.0	0.0	1734760	44	66809	39.027070	1853	21.0	0.3230769231	0.01039880459	0.0	0.017925233	0.119454525	0.6759222985	21.0	0.1452224374
F06_bin.47	ANI95_cluster_00299	F06_bin.47	True	d__Bacteria;p__Verrucomicrobiota;c__Lentisphaeria;o__Victivallales;f__Victivallaceae;g__Victivallis;s__Victivallis lenta	Bacteria	Verrucomicrobiota	Lentisphaeria	Victivallales	Victivallaceae	Victivallis	Victivallis lenta	89.71	2.7	4150431	876	5858	61.565799	4019	11.0	0.1692307692	0.00580151124	0.0	0.022586478	0.13236111	0.3770982306	11.0	0.07717921785
F06_bin.48	ANI95_cluster_00415	H05_bin.43	False	d__Bacteria;p__Bacillota;c__Clostridia;o__Lachnospirales;f__Lachnospiraceae;g__Roseburia;s__Roseburia rectalis	Bacteria	Bacillota	Clostridia	Lachnospirales	Lachnospiraceae	Roseburia	Roseburia rectalis	96.38	0.24	2767100	66	82848	41.549673	2577	49.0	0.7538461538	0.02575191851	0.020633593	0.026336163	0.14744128	1.673874703	49.0	0.2125461358
F06_bin.5	ANI95_cluster_00286	F03_bin.13	False	d__Bacteria;p__Bacteroidota;c__Bacteroidia;o__Bacteroidales;f__Rikenellaceae;g__Alistipes;s__Alistipes finegoldii	Bacteria	Bacteroidota	Bacteroidia	Bacteroidales	Rikenellaceae	Alistipes	Alistipes finegoldii	90.91	2.88	2638983	94	43865	59.310121	2193	50.0	0.7692307692	0.08133806051	0.026051544	0.0382348355	0.9935813	5.286973933	50.0	0.3918322658
F06_bin.50	ANI95_cluster_00345	G05_bin.10	False	d__Bacteria;p__Bacillota;c__Clostridia;o__Christensenellales;f__CAG-138;g__Phil1;s__Phil1 sp001940855	Bacteria	Bacillota	Clostridia	Christensenellales	CAG-138	Phil1	Phil1 sp001940855	83.18	1.61	1651933	363	5207	53.362334	1804	15.0	0.2307692308	0.007170753117	0.0	0.02405646	0.14764906	0.4660989526	15.0	0.07547822385
F06_bin.52	ANI95_cluster_00424	H07_bin.23	False	d__Bacteria;p__Bacillota;c__Clostridia;o__Oscillospirales;f__Ruminococcaceae;g__Faecalibacterium;s__Faecalibacterium longum	Bacteria	Bacillota	Clostridia	Oscillospirales	Ruminococcaceae	Faecalibacterium	Faecalibacterium longum	94.8	7.89	2163341	207	16483	59.897122	2076	55.0	0.8461538462	0.03254757186	0.020247556	0.021953708	0.2588289	2.115592171	55.0	0.2863696538
F06_bin.53	ANI95_cluster_00300	F06_bin.53	True	d__Bacteria;p__Bacillota;c__Clostridia;o__Oscillospirales;f__Ruminococcaceae;g__Faecalibacterium;s__Faecalibacterium tardum	Bacteria	Bacillota	Clostridia	Oscillospirales	Ruminococcaceae	Faecalibacterium	Faecalibacterium tardum	94.05	3.87	2347703	159	23145	58.445340	2132	52.0	0.8	0.05141340284	0.030328162	0.0392897015	0.54593235	3.341871184	52.0	0.2864737553
F06_bin.54	ANI95_cluster_00406	H04_bin.57	False	d__Bacteria;p__Bacillota;c__Clostridia;o__Oscillospirales;f__Ruminococcaceae;g__Gemmiger;s__Gemmiger formicilis	Bacteria	Bacillota	Clostridia	Oscillospirales	Ruminococcaceae	Gemmiger	Gemmiger formicilis	86.81	2.04	2439713	227	16528	60.370912	2221	53.0	0.8153846154	0.01860245272	0.011976717	0.013178803	0.12846826	1.209159427	53.0	0.1954021584
F06_bin.55	ANI95_cluster_00139	C02_bin.32	False	d__Bacteria;p__Bacillota;c__Clostridia;o__Lachnospirales;f__Lachnospiraceae;g__Coprococcus_C;s__Coprococcus_C hominis	Bacteria	Bacillota	Clostridia	Lachnospirales	Lachnospiraceae	Coprococcus_C	Coprococcus_C hominis	90.38	1.68	2369598	85	45189	45.049624	2169	20.0	0.3076923077	0.01369525974	0.0	0.030153532	0.16231659	0.890191883	20.0	0.1460299568
F06_bin.56	ANI95_cluster_00021	A04_bin.93	False	d__Bacteria;p__Bacillota;c__Clostridia;o__Oscillospirales;f__Ruminococcaceae;g__Gemmiger;s__Gemmiger qucibialis	Bacteria	Bacillota	Clostridia	Oscillospirales	Ruminococcaceae	Gemmiger	Gemmiger qucibialis	92.52	0.68	2445218	240	14673	56.303528	2124	48.0	0.7384615385	0.01580932441	0.010391596	0.0154343495	0.12024171	1.027606087	48.0	0.2160417035
F06_bin.61	ANI95_cluster_00281	F02_bin.63	False	d__Bacteria;p__Actinomycetota;c__Actinomycetes;o__Actinomycetales;f__Bifidobacteriaceae;g__Bifidobacterium;s__Bifidobacterium bifidum	Bacteria	Actinomycetota	Actinomycetes	Actinomycetales	Bifidobacteriaceae	Bifidobacterium	Bifidobacterium bifidum	87.71	3.25	2217754	294	10436	62.959959	2014	20.0	0.3076923077	0.01471509061	0.0	0.025192746	0.27474734	0.9564808895	20.0	0.120633057
F06_bin.67	ANI95_cluster_00285	F03_bin.1	False	d__Bacteria;p__Bacillota;c__Clostridia;o__Lachnospirales;f__Lachnospiraceae;g__Acetatifactor;s__Acetatifactor acetigignens	Bacteria	Bacillota	Clostridia	Lachnospirales	Lachnospiraceae	Acetatifactor	Acetatifactor acetigignens	91.86	2.97	2814383	201	19800	47.917075	2607	48.0	0.7384615385	0.02385120424	0.008555227	0.0115945115	0.24015234	1.550328276	47.0	0.2318041175
F06_bin.68	ANI95_cluster_00301	F06_bin.68	True	d__Bacteria;p__Bacteroidota;c__Bacteroidia;o__Bacteroidales;f__Bacteroidaceae;g__Prevotella;s__Prevotella sp003447235	Bacteria	Bacteroidota	Bacteroidia	Bacteroidales	Bacteroidaceae	Prevotella	Prevotella sp003447235	94.31	0.36	2271154	57	50985	54.865720	1860	1.0	0.01538461538	0.009957510769	0.0	0.6472382	0.6472382	0.6472382	1.0	0.01538382308
F06_bin.7	ANI95_cluster_00019	A04_bin.71	False	d__Bacteria;p__Bacteroidota;c__Bacteroidia;o__Bacteroidales;f__Rikenellaceae;g__Alistipes_A;s__Alistipes_A ihumii	Bacteria	Bacteroidota	Bacteroidia	Bacteroidales	Rikenellaceae	Alistipes_A	Alistipes_A ihumii	95.43	0.24	2562221	26	176734	57.976225	2059	25.0	0.3846153846	0.01589174156	0.0	0.016705636	0.26283887	1.032963202	25.0	0.1588195189
F06_bin.72	ANI95_cluster_00177	C07_bin.89	False	d__Bacteria;p__Desulfobacterota;c__Desulfovibrionia;o__Desulfovibrionales;f__Desulfovibrionaceae;g__Bilophila;s__Bilophila wadsworthia	Bacteria	Desulfobacterota	Desulfovibrionia	Desulfovibrionales	Desulfovibrionaceae	Bilophila	Bilophila wadsworthia	90.53	0.0	3775634	603	8034	60.487696	3580	36.0	0.5538461538	0.008291864283	0.003971141	0.0100945645	0.077932835	0.5389711784	35.0	0.1495565838
F06_bin.75	ANI95_cluster_00302	F06_bin.75	True	d__Bacteria;p__Bacillota;c__Clostridia;o__Oscillospirales;f__Oscillospiraceae;g__Hominicoprocola;s__Hominicoprocola fusiformis	Bacteria	Bacillota	Clostridia	Oscillospirales	Oscillospiraceae	Hominicoprocola	Hominicoprocola fusiformis	97.86	0.0	2260256	52	70979	58.387944	2195	48.0	0.7384615385	0.03750818303	0.020319559	0.030016042	0.52801067	2.438031897	48.0	0.2661498582
F06_bin.76	ANI95_cluster_00315	F08_bin.12	False	d__Bacteria;p__Bacteroidota;c__Bacteroidia;o__Bacteroidales;f__Rikenellaceae;g__Alistipes_A;s__Alistipes_A hominis	Bacteria	Bacteroidota	Bacteroidia	Bacteroidales	Rikenellaceae	Alistipes_A	Alistipes_A hominis	82.38	0.24	2132954	148	21607	55.218772	1835	26.0	0.4	0.01280575918	0.0	0.011963794	0.3061768	0.8323743468	26.0	0.1621439482
F06_bin.77	ANI95_cluster_00221	D08_bin.102	False	d__Bacteria;p__Pseudomonadota;c__Gammaproteobacteria;o__Burkholderiales;f__Burkholderiaceae_F;g__Sutterella;s__Sutterella wadsworthensis_A	Bacteria	Pseudomonadota	Gammaproteobacteria	Burkholderiales	Burkholderiaceae_F	Sutterella	Sutterella wadsworthensis_A	96.89	0.62	2392122	55	71018	62.483310	2082	15.0	0.2307692308	0.04107120152	0.0	0.042803213	0.5860296	2.669628099	15.0	0.1454860115
F06_bin.81	ANI95_cluster_00050	A08_bin.91	False	d__Bacteria;p__Bacillota;c__Clostridia;o__Lachnospirales;f__Lachnospiraceae;g__Anaerostipes;s__Anaerostipes amylophilus	Bacteria	Bacillota	Clostridia	Lachnospirales	Lachnospiraceae	Anaerostipes	Anaerostipes amylophilus	89.94	1.57	1985297	279	10436	37.094500	2075	33.0	0.5076923077	0.01702336243	0.0034510738	0.0164147	0.20136282	1.106518558	33.0	0.2102458383
F06_bin.83	ANI95_cluster_00419	H06_bin.61	False	d__Bacteria;p__Bacillota;c__Clostridia;o__Lachnospirales;f__Lachnospiraceae;g__Fusicatenibacter;s__Fusicatenibacter saccharivorans	Bacteria	Bacillota	Clostridia	Lachnospirales	Lachnospiraceae	Fusicatenibacter	Fusicatenibacter saccharivorans	80.44	4.32	2075133	416	6569	49.585352	2093	60.0	0.9230769231	0.02467494533	0.013575887	0.01656031	0.21862625	1.603871446	60.0	0.3158362275
F06_bin.85	ANI95_cluster_00418	H06_bin.57	False	d__Bacteria;p__Bacillota;c__Clostridia;o__Oscillospirales;f__UBA644;g__UBA644;s__UBA644 sp900547165	Bacteria	Bacillota	Clostridia	Oscillospirales	UBA644	UBA644	UBA644 sp900547165	88.37	0.0	1892286	62	45524	47.162480	1762	16.0	0.2461538462	0.009939173925	0.0	0.0253706605	0.1365362	0.6460463051	16.0	0.1212838977
F06_bin.86	ANI95_cluster_00195	D02_bin.11	False	d__Bacteria;p__Bacteroidota;c__Bacteroidia;o__Bacteroidales;f__Bacteroidaceae;g__Phocaeicola;s__Phocaeicola vulgatus	Bacteria	Bacteroidota	Bacteroidia	Bacteroidales	Bacteroidaceae	Phocaeicola	Phocaeicola vulgatus	93.61	1.88	4869521	189	47304	42.141044	4207	63.0	0.9692307692	0.2758228538	0.18078227	0.18183576	2.1197011	17.92848549	63.0	0.6147080985
F06_bin.88	ANI95_cluster_00044	A07_bin.65	False	d__Bacteria;p__Bacteroidota;c__Bacteroidia;o__Bacteroidales;f__Barnesiellaceae;g__Barnesiella;s__Barnesiella intestinihominis	Bacteria	Bacteroidota	Bacteroidia	Bacteroidales	Barnesiellaceae	Barnesiella	Barnesiella intestinihominis	98.49	1.7	3278001	21	377096	43.531561	2681	44.0	0.6769230769	0.08457282612	0.035778902	0.0696650295	0.81683415	5.497233698	44.0	0.3412878657
F06_bin.89	ANI95_cluster_00034	A06_bin.107	False	d__Bacteria;p__Bacteroidota;c__Bacteroidia;o__Bacteroidales;f__Marinifilaceae;g__Odoribacter;s__Odoribacter splanchnicus	Bacteria	Bacteroidota	Bacteroidia	Bacteroidales	Marinifilaceae	Odoribacter	Odoribacter splanchnicus	91.94	0.0	4015038	162	40476	43.386787	3421	50.0	0.7692307692	0.01125413231	0.009969806	0.01315956	0.042435564	0.7315186004	50.0	0.2200057314
F06_bin.91	ANI95_cluster_00193	D01_bin.64	False	d__Bacteria;p__Bacteroidota;c__Bacteroidia;o__Bacteroidales;f__Bacteroidaceae;g__Bacteroides;s__Bacteroides uniformis	Bacteria	Bacteroidota	Bacteroidia	Bacteroidales	Bacteroidaceae	Bacteroides	Bacteroides uniformis	96.1	1.98	4165611	89	75010	46.713411	3466	63.0	0.9692307692	0.1640198828	0.11739363	0.117756285	0.52928853	10.66129238	63.0	0.5809224174
F06_bin.95	ANI95_cluster_00364	G08_bin.17	False	d__Bacteria;p__Bacillota;c__Clostridia;o__Oscillospirales;f__Oscillospiraceae;g__Hominicoprocola;s__Hominicoprocola sp900317525	Bacteria	Bacillota	Clostridia	Oscillospirales	Oscillospiraceae	Hominicoprocola	Hominicoprocola sp900317525	89.85	0.89	1704080	148	17026	61.590066	1744	43.0	0.6615384615	0.02879747917	0.015518194	0.024831152	0.21900626	1.871836146	43.0	0.2665610868
F07_bin.100	ANI95_cluster_00303	F07_bin.100	True	d__Bacteria;p__Cyanobacteriota;c__Vampirovibrionia;o__Gastranaerophilales;f__Gastranaerophilaceae;g__Scatenecus;s__Scatenecus faecavium	Bacteria	Cyanobacteriota	Vampirovibrionia	Gastranaerophilales	Gastranaerophilaceae	Scatenecus	Scatenecus faecavium	88.89	0.85	1973875	16	212612	37.124438	2016	5.0	0.07692307692	0.03101172855	0.0	0.22137918	1.4508097	2.015762356	5.0	0.05715039692
F07_bin.103	ANI95_cluster_00341	G04_bin.50	False	d__Bacteria;p__Bacillota;c__Clostridia;o__Lachnospirales;f__Lachnospiraceae;g__Butyribacter;s__Butyribacter sp003529475	Bacteria	Bacillota	Clostridia	Lachnospirales	Lachnospiraceae	Butyribacter	Butyribacter sp003529475	93.29	0.0	2223517	124	23485	42.762300	1935	32.0	0.4923076923	0.01161957594	0.0	0.0120749885	0.13223265	0.7552724364	32.0	0.1722008044
F07_bin.105	ANI95_cluster_00304	F07_bin.105	True	d__Bacteria;p__Bacillota;c__Clostridia;o__Oscillospirales;f__Oscillospiraceae;g__F23-B02;s__F23-B02 sp001916715	Bacteria	Bacillota	Clostridia	Oscillospirales	Oscillospiraceae	F23-B02	F23-B02 sp001916715	90.94	1.57	1975467	93	36102	53.434352	1928	9.0	0.1384615385	0.0112841578	0.0	0.013108248	0.24805874	0.733470257	9.0	0.05363780215
F07_bin.106	ANI95_cluster_00101	B05_bin.76	False	d__Bacteria;p__Bacillota_I;c__Bacilli_A;o__RF39;f__UBA660;g__CAG-433;s__CAG-433 sp000433675	Bacteria	Bacillota_I	Bacilli_A	RF39	UBA660	CAG-433	CAG-433 sp000433675	90.45	2.81	1321910	39	73719	24.820827	1328	9.0	0.1384615385	0.01257494279	0.0	0.05015625	0.4597657	0.8173712815	9.0	0.06823428631
F07_bin.109	ANI95_cluster_00305	F07_bin.109	True	d__Bacteria;p__Bacteroidota;c__Bacteroidia;o__Bacteroidales;f__Muribaculaceae;g__CAG-1031;s__CAG-1031 sp900752535	Bacteria	Bacteroidota	Bacteroidia	Bacteroidales	Muribaculaceae	CAG-1031	CAG-1031 sp900752535	95.09	0.38	2487361	36	96338	54.297506	2041	1.0	0.01538461538	0.03163870769	0.0	2.056516	2.056516	2.056516	1.0	0.01538381754
F07_bin.11	ANI95_cluster_00083	B04_bin.18	False	d__Bacteria;p__Bacteroidota;c__Bacteroidia;o__Bacteroidales;f__Rikenellaceae;g__Alistipes;s__Alistipes onderdonkii	Bacteria	Bacteroidota	Bacteroidia	Bacteroidales	Rikenellaceae	Alistipes	Alistipes onderdonkii	88.24	0.48	2439303	46	91723	59.394589	2018	56.0	0.8615384615	0.1181152841	0.03309054	0.0451016285	0.89887947	7.677493469	56.0	0.4990805548
F07_bin.116	ANI95_cluster_00335	G03_bin.17	False	d__Bacteria;p__Bacillota;c__Clostridia;o__Oscillospirales;f__Oscillospiraceae;g__Vescimonas;s__Vescimonas sp900545585	Bacteria	Bacillota	Clostridia	Oscillospirales	Oscillospiraceae	Vescimonas	Vescimonas sp900545585	88.14	2.35	1858219	46	55302	61.385929	1739	22.0	0.3384615385	0.07244621742	0.0	0.0246598285	3.2703366	4.709004132	22.0	0.1388487658
F07_bin.117	ANI95_cluster_00306	F07_bin.117	True	d__Bacteria;p__Bacillota;c__Clostridia;o__Christensenellales;f__CAG-138;g__Pelethousia;s__Pelethousia gallinarum	Bacteria	Bacillota	Clostridia	Christensenellales	CAG-138	Pelethousia	Pelethousia gallinarum	94.56	1.08	2075691	304	8587	59.171380	2014	4.0	0.06153846154	0.004125287238	0.0	0.0179518015	0.22805677	0.2681436705	4.0	0.03002553708
F07_bin.118	ANI95_cluster_00307	F07_bin.118	True	d__Bacteria;p__Verrucomicrobiota;c__Lentisphaeria;o__Victivallales;f__UBA1829;g__UBA11452;s__UBA11452 sp003526375	Bacteria	Verrucomicrobiota	Lentisphaeria	Victivallales	UBA1829	UBA11452	UBA11452 sp003526375	85.09	7.88	5247022	1083	5820	51.868698	5086	5.0	0.07692307692	0.002950614989	0.0	0.005952733	0.16201118	0.1917899743	5.0	0.02582080323
F07_bin.125	ANI95_cluster_00399	H03_bin.66	False	d__Bacteria;p__Bacillota;c__Clostridia;o__Christensenellales;f__Borkfalkiaceae;g__UMGS621;s__UMGS621 sp900543915	Bacteria	Bacillota	Clostridia	Christensenellales	Borkfalkiaceae	UMGS621	UMGS621 sp900543915	84.81	3.37	1597008	326	6127	55.765657	1621	14.0	0.2153846154	0.00706641258	0.0	0.0201018015	0.08679463	0.4593168177	14.0	0.105830066
F07_bin.127	ANI95_cluster_00176	C07_bin.75	False	d__Bacteria;p__Bacillota;c__Clostridia;o__Christensenellales;f__CAG-314;g__CAG-314;s__CAG-314 sp000437915	Bacteria	Bacillota	Clostridia	Christensenellales	CAG-314	CAG-314	CAG-314 sp000437915	91.94	0.81	1349194	25	80733	49.308105	1204	16.0	0.2461538462	0.01134093266	0.0	0.03497177	0.12624246	0.7371606229	16.0	0.1204988935
F07_bin.128	ANI95_cluster_00134	B09_bin.93	False	d__Bacteria;p__Bacillota;c__Clostridia;o__Oscillospirales;f__Oscillospiraceae;g__CAG-103;s__CAG-103 sp000432375	Bacteria	Bacillota	Clostridia	Oscillospirales	Oscillospiraceae	CAG-103	CAG-103 sp000432375	83.89	1.34	1729895	62	44245	62.712014	1633	31.0	0.4769230769	0.01102316661	0.0	0.017062468	0.09181064	0.7165058297	31.0	0.1625990203
F07_bin.13	ANI95_cluster_00299	F06_bin.47	False	d__Bacteria;p__Verrucomicrobiota;c__Lentisphaeria;o__Victivallales;f__Victivallaceae;g__Victivallis;s__Victivallis lenta	Bacteria	Verrucomicrobiota	Lentisphaeria	Victivallales	Victivallaceae	Victivallis	Victivallis lenta	86.04	4.73	3787581	821	5670	61.903442	3651	12.0	0.1846153846	0.006105146431	0.0	0.0164398	0.09765472	0.396834518	12.0	0.08359424323
F07_bin.131	ANI95_cluster_00169	C06_bin.11	False	d__Bacteria;p__Bacillota;c__Clostridia;o__Lachnospirales;f__Lachnospiraceae;g__Anthropogastromicrobium;s__Anthropogastromicrobium aceti	Bacteria	Bacillota	Clostridia	Lachnospirales	Lachnospiraceae	Anthropogastromicrobium	Anthropogastromicrobium aceti	96.84	3.5	2879680	262	16878	41.486415	2577	49.0	0.7538461538	0.01270191155	0.008921163	0.01195236	0.10756508	0.8256242509	49.0	0.2146597331
F07_bin.132	ANI95_cluster_00380	H01_bin.87	False	d__Bacteria;p__Bacillota;c__Clostridia;o__Lachnospirales;f__Lachnospiraceae;g__Acetatifactor;s__Acetatifactor intestinalis	Bacteria	Bacillota	Clostridia	Lachnospirales	Lachnospiraceae	Acetatifactor	Acetatifactor intestinalis	94.04	3.62	2934468	69	54550	46.714157	2687	37.0	0.5692307692	0.05099534005	0.007991164	0.021006865	1.4289832	3.314697103	37.0	0.2051682377
F07_bin.15	ANI95_cluster_00116	B06_bin.7	False	d__Bacteria;p__Bacteroidota;c__Bacteroidia;o__Bacteroidales;f__Rikenellaceae;g__Alistipes;s__Alistipes senegalensis	Bacteria	Bacteroidota	Bacteroidia	Bacteroidales	Rikenellaceae	Alistipes	Alistipes senegalensis	80.75	2.74	2673851	78	55193	60.163599	2138	30.0	0.4615384615	0.03985834138	0.0	0.04639581	0.479175	2.59079219	30.0	0.2499237997
F07_bin.17	ANI95_cluster_00044	A07_bin.65	False	d__Bacteria;p__Bacteroidota;c__Bacteroidia;o__Bacteroidales;f__Barnesiellaceae;g__Barnesiella;s__Barnesiella intestinihominis	Bacteria	Bacteroidota	Bacteroidia	Bacteroidales	Barnesiellaceae	Barnesiella	Barnesiella intestinihominis	96.23	0.0	3029969	21	197753	43.438860	2422	44.0	0.6769230769	0.08033527965	0.032456998	0.0567027525	0.5507746	5.221793177	44.0	0.3534954716
F07_bin.18	ANI95_cluster_00173	C07_bin.25	False	d__Bacteria;p__Bacillota;c__Clostridia;o__Lachnospirales;f__Lachnospiraceae;g__Anaerobutyricum;s__Anaerobutyricum hallii	Bacteria	Bacillota	Clostridia	Lachnospirales	Lachnospiraceae	Anaerobutyricum	Anaerobutyricum hallii	92.09	2.91	4449072	470	17517	37.845668	4351	63.0	0.9692307692	0.03509451599	0.02654577	0.027405612	0.1363471	2.281143539	63.0	0.3284006785
F07_bin.21	ANI95_cluster_00283	F02_bin.66	False	d__Bacteria;p__Bacteroidota;c__Bacteroidia;o__Bacteroidales;f__Rikenellaceae;g__Tidjanibacter;s__Tidjanibacter inops	Bacteria	Bacteroidota	Bacteroidia	Bacteroidales	Rikenellaceae	Tidjanibacter	Tidjanibacter inops	99.52	0.0	2254944	44	91922	56.659012	1922	32.0	0.4923076923	0.02708688895	0.0	0.0380694105	0.20782779	1.760647782	32.0	0.2571418531
F07_bin.23	ANI95_cluster_00308	F07_bin.23	True	d__Bacteria;p__Bacillota;c__Clostridia;o__Oscillospirales;f__CAG-272;g__QALR01;s__	Bacteria	Bacillota	Clostridia	Oscillospirales	CAG-272	QALR01		95.75	1.57	2019859	50	61874	49.841053	1874	1.0	0.01538461538	0.004411382	0.0	0.28673983	0.28673983	0.28673983	1.0	0.01538153077
F07_bin.25	ANI95_cluster_00263	E06_bin.63	False	d__Bacteria;p__Bacillota;c__Clostridia;o__Lachnospirales;f__Lachnospiraceae;g__Eubacterium_F;s__Eubacterium_F sp003491505	Bacteria	Bacillota	Clostridia	Lachnospirales	Lachnospiraceae	Eubacterium_F	Eubacterium_F sp003491505	97.32	0.67	2978391	102	77978	40.885230	2773	41.0	0.6307692308	0.02188287454	0.011776742	0.017848438	0.38022503	1.422386845	41.0	0.1814189742
F07_bin.26	ANI95_cluster_00415	H05_bin.43	False	d__Bacteria;p__Bacillota;c__Clostridia;o__Lachnospirales;f__Lachnospiraceae;g__Roseburia;s__Roseburia rectalis	Bacteria	Bacillota	Clostridia	Lachnospirales	Lachnospiraceae	Roseburia	Roseburia rectalis	95.02	0.0	2726801	57	74022	41.635528	2583	47.0	0.7230769231	0.02597453429	0.012990891	0.018850071	0.21593218	1.688344729	47.0	0.2159939522
F07_bin.27	ANI95_cluster_00172	C06_bin.41	False	d__Bacteria;p__Bacillota;c__Clostridia;o__Lachnospirales;f__Lachnospiraceae;g__Lachnospira;s__Lachnospira intestinalis	Bacteria	Bacillota	Clostridia	Lachnospirales	Lachnospiraceae	Lachnospira	Lachnospira intestinalis	96.17	0.34	2522614	78	57612	42.228181	2290	37.0	0.5692307692	0.01724351408	0.005403555	0.013415633	0.21866873	1.120828415	37.0	0.2139639032
F07_bin.29	ANI95_cluster_00221	D08_bin.102	False	d__Bacteria;p__Pseudomonadota;c__Gammaproteobacteria;o__Burkholderiales;f__Burkholderiaceae_F;g__Sutterella;s__Sutterella wadsworthensis_A	Bacteria	Pseudomonadota	Gammaproteobacteria	Burkholderiales	Burkholderiaceae_F	Sutterella	Sutterella wadsworthensis_A	96.27	0.62	2213903	133	29666	62.798777	1990	15.0	0.2307692308	0.03866100468	0.0	0.091642134	0.64580274	2.512965304	15.0	0.1520264285
F07_bin.3	ANI95_cluster_00420	H06_bin.64	False	d__Bacteria;p__Bacillota;c__Clostridia;o__Oscillospirales;f__Ruminococcaceae;g__Ruminiclostridium_E;s__Ruminiclostridium_E siraeum	Bacteria	Bacillota	Clostridia	Oscillospirales	Ruminococcaceae	Ruminiclostridium_E	Ruminiclostridium_E siraeum	94.63	0.0	2714448	48	97700	44.844071	2460	31.0	0.4769230769	0.02330210053	0.0	0.014526178	0.8858173	1.514636535	31.0	0.1232348354
F07_bin.32	ANI95_cluster_00296	F05_bin.48	False	d__Bacteria;p__Pseudomonadota;c__Gammaproteobacteria;o__Burkholderiales;f__Burkholderiaceae_F;g__Sutterella;s__Sutterella wadsworthensis	Bacteria	Pseudomonadota	Gammaproteobacteria	Burkholderiales	Burkholderiaceae_F	Sutterella	Sutterella wadsworthensis	91.93	0.0	1702981	23	129474	54.896267	1443	25.0	0.3846153846	0.03104506389	0.0	0.021102833	0.79576373	2.017929153	25.0	0.1603015758
F07_bin.33	ANI95_cluster_00355	G06_bin.24	False	d__Bacteria;p__Bacillota;c__Clostridia;o__Oscillospirales;f__Oscillospiraceae;g__CAG-170;s__CAG-170 sp000432135	Bacteria	Bacillota	Clostridia	Oscillospirales	Oscillospiraceae	CAG-170	CAG-170 sp000432135	98.28	6.19	3197843	188	31498	57.636569	3053	40.0	0.6153846154	0.02607650497	0.015246415	0.0271672345	0.18224746	1.694972823	40.0	0.2182956351
F07_bin.34	ANI95_cluster_00143	C03_bin.49	False	d__Bacteria;p__Actinomycetota;c__Actinomycetes;o__Actinomycetales;f__Bifidobacteriaceae;g__Bifidobacterium;s__Bifidobacterium longum	Bacteria	Actinomycetota	Actinomycetes	Actinomycetales	Bifidobacteriaceae	Bifidobacterium	Bifidobacterium longum	82.38	3.61	1681324	384	5218	60.517663	1656	53.0	0.8153846154	0.02242975904	0.015314314	0.017643409	0.2225038	1.457934337	53.0	0.3045048827
F07_bin.36	ANI95_cluster_00212	D06_bin.25	False	d__Bacteria;p__Bacillota;c__Clostridia;o__Oscillospirales;f__Ruminococcaceae;g__CAG-115;s__CAG-115 sp003531585	Bacteria	Bacillota	Clostridia	Oscillospirales	Ruminococcaceae	CAG-115	CAG-115 sp003531585	81.21	2.01	1953991	39	85109	53.733052	1761	28.0	0.4307692308	0.04169149684	0.0	0.022974447	1.7794676	2.709947295	28.0	0.1370718933
F07_bin.38	ANI95_cluster_00342	G04_bin.79	False	d__Bacteria;p__Pseudomonadota;c__Gammaproteobacteria;o__Burkholderiales;f__Burkholderiaceae_F;g__Parasutterella;s__Parasutterella excrementihominis	Bacteria	Pseudomonadota	Gammaproteobacteria	Burkholderiales	Burkholderiaceae_F	Parasutterella	Parasutterella excrementihominis	90.35	1.63	2221096	403	7022	48.961729	2330	26.0	0.4	0.01005393634	0.0	0.0181564565	0.068727	0.6535058624	26.0	0.1589222128
F07_bin.40	ANI95_cluster_00328	G01_bin.76	False	d__Bacteria;p__Pseudomonadota;c__Alphaproteobacteria;o__RF32;f__CAG-239;g__Scatacola_A;s__Scatacola_A faecigallinarum	Bacteria	Pseudomonadota	Alphaproteobacteria	RF32	CAG-239	Scatacola_A	Scatacola_A faecigallinarum	88.17	1.08	1575107	52	50874	49.353853	1579	13.0	0.2	0.01764861289	0.0	0.08671594	0.22010016	1.147159838	13.0	0.1053155692
F07_bin.42	ANI95_cluster_00309	F07_bin.42	True	d__Bacteria;p__Bacillota;c__Clostridia;o__Lachnospirales;f__Lachnospiraceae;g__Lachnospira;s__Lachnospira eligens_A	Bacteria	Bacillota	Clostridia	Lachnospirales	Lachnospiraceae	Lachnospira	Lachnospira eligens_A	98.66	0.67	2704306	34	126579	37.349361	2516	36.0	0.5538461538	0.01796243766	0.006301669	0.0138314865	0.23103975	1.167558448	36.0	0.1775607268
F07_bin.44	ANI95_cluster_00390	H02_bin.64	False	d__Bacteria;p__Desulfobacterota;c__Desulfovibrionia;o__Desulfovibrionales;f__Desulfovibrionaceae;g__Desulfovibrio;s__Desulfovibrio sp900556755	Bacteria	Desulfobacterota	Desulfovibrionia	Desulfovibrionales	Desulfovibrionaceae	Desulfovibrio	Desulfovibrio sp900556755	98.11	3.39	2526744	87	41590	63.805198	2192	6.0	0.09230769231	0.006898419569	0.0	0.0457455685	0.22072698	0.448397272	6.0	0.05652263508
F07_bin.57	ANI95_cluster_00361	G07_bin.85	False	d__Bacteria;p__Bacillota;c__Clostridia;o__Christensenellales;f__Aristaeellaceae;g__UBA11524;s__UBA11524 sp000437595	Bacteria	Bacillota	Clostridia	Christensenellales	Aristaeellaceae	UBA11524	UBA11524 sp000437595	95.8	1.17	3064762	93	48352	57.983067	2553	29.0	0.4461538462	0.03998709554	0.0	0.027854174	1.2303301	2.59916121	29.0	0.1263396322
F07_bin.59	ANI95_cluster_00194	D01_bin.67	False	d__Bacteria;p__Actinomycetota;c__Coriobacteriia;o__Coriobacteriales;f__Coriobacteriaceae;g__Collinsella;s__Collinsella sp905215825	Bacteria	Actinomycetota	Coriobacteriia	Coriobacteriales	Coriobacteriaceae	Collinsella	Collinsella sp905215825	96.37	6.52	2189596	257	11733	60.246045	2004	34.0	0.5230769231	0.02012569539	0.0066376114	0.021429221	0.26986805	1.308170201	34.0	0.1153318624
F07_bin.6	ANI95_cluster_00310	F07_bin.6	True	d__Bacteria;p__Bacillota;c__Clostridia;o__Oscillospirales;f__Acutalibacteraceae;g__CAG-217;s__CAG-217 sp000436335	Bacteria	Bacillota	Clostridia	Oscillospirales	Acutalibacteraceae	CAG-217	CAG-217 sp000436335	97.32	0.0	1926551	18	167554	53.635175	1756	16.0	0.2461538462	0.01286843862	0.0	0.042932725	0.14667058	0.83644851	16.0	0.1224506226
F07_bin.62	ANI95_cluster_00231	D08_bin.97	False	d__Bacteria;p__Bacteroidota;c__Bacteroidia;o__Bacteroidales;f__Tannerellaceae;g__Parabacteroides;s__Parabacteroides merdae	Bacteria	Bacteroidota	Bacteroidia	Bacteroidales	Tannerellaceae	Parabacteroides	Parabacteroides merdae	90.61	0.38	3586703	122	55074	45.985268	2980	41.0	0.6307692308	0.02733399988	0.022381593	0.03234892	0.2008268	1.776709992	41.0	0.2775065522
F07_bin.63	ANI95_cluster_00311	F07_bin.63	True	d__Bacteria;p__Verrucomicrobiota;c__Lentisphaeria;o__Victivallales;f__UBA1829;g__UBA1829;s__UBA1829 sp900760615	Bacteria	Verrucomicrobiota	Lentisphaeria	Victivallales	UBA1829	UBA1829	UBA1829 sp900760615	93.21	2.03	4182498	35	174840	53.255638	3399	1.0	0.01538461538	0.006280064154	0.0	0.40820417	0.40820417	0.40820417	1.0	0.01538459692
F07_bin.65	ANI95_cluster_00089	B05_bin.112	False	d__Bacteria;p__Bacillota;c__Negativicutes;o__Acidaminococcales;f__Acidaminococcaceae;g__Phascolarctobacterium_A;s__Phascolarctobacterium_A succinatutens_B	Bacteria	Bacillota	Negativicutes	Acidaminococcales	Acidaminococcaceae	Phascolarctobacterium_A	Phascolarctobacterium_A succinatutens_B	99.56	0.9	2154745	104	29313	47.592871	2042	4.0	0.06153846154	0.007029174677	0.0	0.110523068	0.22215372	0.456896354	4.0	0.04845831246
F07_bin.72	ANI95_cluster_00090	B05_bin.113	False	d__Bacteria;p__Actinomycetota;c__Coriobacteriia;o__Coriobacteriales;f__Eggerthellaceae;g__Ellagibacter;s__Ellagibacter isourolithinifaciens	Bacteria	Actinomycetota	Coriobacteriia	Coriobacteriales	Eggerthellaceae	Ellagibacter	Ellagibacter isourolithinifaciens	93.35	0.81	2014187	97	34470	60.802349	1716	11.0	0.1692307692	0.008428365534	0.0	0.020634433	0.14739363	0.5478437597	11.0	0.07799857831
F07_bin.73	ANI95_cluster_00274	E07_bin.94	False	d__Bacteria;p__Bacillota;c__Clostridia;o__Lachnospirales;f__Anaerotignaceae;g__Anaerotignum_A;s__Anaerotignum_A faecicola	Bacteria	Bacillota	Clostridia	Lachnospirales	Anaerotignaceae	Anaerotignum_A	Anaerotignum_A faecicola	83.77	0.81	1710130	350	5768	48.294574	1882	29.0	0.4461538462	0.008910698208	0.0	0.016993042	0.089302026	0.5791953835	28.0	0.1330466562
F07_bin.74	ANI95_cluster_00312	F07_bin.74	True	d__Bacteria;p__Bacillota;c__Clostridia;o__Lachnospirales;f__Lachnospiraceae;g__Coprococcus;s__Coprococcus aceti	Bacteria	Bacillota	Clostridia	Lachnospirales	Lachnospiraceae	Coprococcus	Coprococcus aceti	97.99	0.0	2759957	34	153293	44.233696	2368	19.0	0.2923076923	0.01196003762	0.0	0.028934462	0.119291835	0.7774024453	19.0	0.1296854934
F07_bin.75	ANI95_cluster_00336	G03_bin.32	False	d__Bacteria;p__Bacillota;c__Clostridia;o__Oscillospirales;f__Oscillospiraceae;g__Onthomonas;s__Onthomonas sp900545815	Bacteria	Bacillota	Clostridia	Oscillospirales	Oscillospiraceae	Onthomonas	Onthomonas sp900545815	86.07	4.89	1907382	359	6559	57.483137	2046	34.0	0.5230769231	0.01556058946	0.0065515907	0.024002933	0.13746361	1.011438315	34.0	0.2179470872
F07_bin.76	ANI95_cluster_00413	H05_bin.38	False	d__Bacteria;p__Bacteroidota;c__Bacteroidia;o__Bacteroidales;f__Tannerellaceae;g__Parabacteroides;s__Parabacteroides distasonis	Bacteria	Bacteroidota	Bacteroidia	Bacteroidales	Tannerellaceae	Parabacteroides	Parabacteroides distasonis	96.0	1.67	4100287	237	29122	45.393896	3504	47.0	0.7230769231	0.02051561722	0.008655969	0.012591188	0.2264042	1.33351512	47.0	0.2244629808
F07_bin.80	ANI95_cluster_00406	H04_bin.57	False	d__Bacteria;p__Bacillota;c__Clostridia;o__Oscillospirales;f__Ruminococcaceae;g__Gemmiger;s__Gemmiger formicilis	Bacteria	Bacillota	Clostridia	Oscillospirales	Ruminococcaceae	Gemmiger	Gemmiger formicilis	85.97	0.57	2094277	436	6036	61.153372	2045	49.0	0.7538461538	0.01526660841	0.008844147	0.013339234	0.14250164	0.9923295467	49.0	0.1862123232
F07_bin.82	ANI95_cluster_00313	F07_bin.82	True	d__Bacteria;p__Desulfobacterota;c__Desulfovibrionia;o__Desulfovibrionales;f__Desulfovibrionaceae;g__Mailhella;s__Mailhella excrementigallinarum	Bacteria	Desulfobacterota	Desulfovibrionia	Desulfovibrionales	Desulfovibrionaceae	Mailhella	Mailhella excrementigallinarum	88.91	1.61	3243181	496	8670	59.790403	2995	4.0	0.06153846154	0.005258709415	0.0	0.06207413	0.18405515	0.341816112	4.0	0.04810841769
F07_bin.86	ANI95_cluster_00140	C02_bin.89	False	d__Bacteria;p__Bacillota;c__Clostridia;o__Oscillospirales;f__Acutalibacteraceae;g__Hominenteromicrobium;s__Hominenteromicrobium mulieris	Bacteria	Bacillota	Clostridia	Oscillospirales	Acutalibacteraceae	Hominenteromicrobium	Hominenteromicrobium mulieris	96.22	0.0	2353370	73	58054	53.185050	2228	39.0	0.6	0.02244491616	0.0070596877	0.012229336	0.4392353	1.45891955	39.0	0.1643014649
F07_bin.87	ANI95_cluster_00431	H08_bin.15	False	d__Bacteria;p__Bacillota;c__Clostridia;o__Lachnospirales;f__Lachnospiraceae;g__Otoolea;s__Otoolea fessa	Bacteria	Bacillota	Clostridia	Lachnospirales	Lachnospiraceae	Otoolea	Otoolea fessa	88.66	2.96	2262606	204	16199	49.747017	2039	55.0	0.8461538462	0.02004185584	0.013036211	0.015228598	0.15032293	1.30272063	55.0	0.3058430448
F07_bin.9	ANI95_cluster_00302	F06_bin.75	False	d__Bacteria;p__Bacillota;c__Clostridia;o__Oscillospirales;f__Oscillospiraceae;g__Hominicoprocola;s__Hominicoprocola fusiformis	Bacteria	Bacillota	Clostridia	Oscillospirales	Oscillospiraceae	Hominicoprocola	Hominicoprocola fusiformis	87.33	1.57	1962543	134	21217	59.147698	1933	51.0	0.7846153846	0.01806933198	0.009359437	0.013096545	0.12479822	1.174506579	51.0	0.1951441581
F07_bin.93	ANI95_cluster_00314	F07_bin.93	True	d__Bacteria;p__Bacillota;c__Clostridia;o__Oscillospirales;f__Acutalibacteraceae;g__Pseudoruminococcus;s__Pseudoruminococcus massiliensis	Bacteria	Bacillota	Clostridia	Oscillospirales	Acutalibacteraceae	Pseudoruminococcus	Pseudoruminococcus massiliensis	96.64	0.34	1890470	122	26710	36.918438	1803	12.0	0.1846153846	0.0188731359	0.0	0.041929832	0.44950566	1.226753833	12.0	0.09627941938
F07_bin.94	ANI95_cluster_00022	A05_bin.102	False	d__Bacteria;p__Bacillota;c__Clostridia;o__Oscillospirales;f__Ruminococcaceae;g__Porcipelethomonas;s__Porcipelethomonas ammoniilytica	Bacteria	Bacillota	Clostridia	Oscillospirales	Ruminococcaceae	Porcipelethomonas	Porcipelethomonas ammoniilytica	87.97	0.22	1929786	192	16260	37.168525	1965	12.0	0.1846153846	0.008387015055	0.0	0.01928531	0.18322977	0.5451559786	12.0	0.08662402723
F07_bin.95	ANI95_cluster_00245	E03_bin.16	False	d__Bacteria;p__Pseudomonadota;c__Alphaproteobacteria;o__RF32;f__CAG-239;g__Scatocola;s__Scatocola faecipullorum	Bacteria	Pseudomonadota	Alphaproteobacteria	RF32	CAG-239	Scatocola	Scatocola faecipullorum	95.7	0.0	1867597	77	40227	47.249969	1935	13.0	0.2	0.06892822288	0.0	0.07561937	2.4036803	4.480334487	13.0	0.1163437049
F07_bin.96	ANI95_cluster_00021	A04_bin.93	False	d__Bacteria;p__Bacillota;c__Clostridia;o__Oscillospirales;f__Ruminococcaceae;g__Gemmiger;s__Gemmiger qucibialis	Bacteria	Bacillota	Clostridia	Oscillospirales	Ruminococcaceae	Gemmiger	Gemmiger qucibialis	95.96	0.68	2478622	229	14908	56.335012	2105	50.0	0.7692307692	0.01992861381	0.013167139	0.0182332035	0.25649503	1.295359898	50.0	0.2292161295
F07_bin.97	ANI95_cluster_00267	E06_bin.85	False	d__Bacteria;p__Bacteroidota;c__Bacteroidia;o__Bacteroidales;f__Rikenellaceae;g__Alistipes;s__Alistipes shahii	Bacteria	Bacteroidota	Bacteroidia	Bacteroidales	Rikenellaceae	Alistipes	Alistipes shahii	82.07	7.76	2645121	104	40280	59.278120	2258	46.0	0.7076923077	0.06201268152	0.045455612	0.0736300945	0.2744041	4.030824299	46.0	0.405554365
F08_bin.10	ANI95_cluster_00096	B05_bin.47	False	d__Bacteria;p__Bacillota;c__Clostridia;o__Oscillospirales;f__Oscillospiraceae;g__CAG-170;s__CAG-170 sp002404795	Bacteria	Bacillota	Clostridia	Oscillospirales	Oscillospiraceae	CAG-170	CAG-170 sp002404795	82.95	5.48	2217471	229	13405	61.706331	2133	40.0	0.6153846154	0.025892702	0.007890898	0.014625993	0.4636163	1.68302563	40.0	0.2237770783
F08_bin.101	ANI95_cluster_00231	D08_bin.97	False	d__Bacteria;p__Bacteroidota;c__Bacteroidia;o__Bacteroidales;f__Tannerellaceae;g__Parabacteroides;s__Parabacteroides merdae	Bacteria	Bacteroidota	Bacteroidia	Bacteroidales	Tannerellaceae	Parabacteroides	Parabacteroides merdae	99.62	0.38	4238036	44	150610	45.326420	3405	41.0	0.6307692308	0.01612852515	0.010207601	0.015906151	0.30978227	1.048354135	41.0	0.1717403915
F08_bin.102	ANI95_cluster_00327	G01_bin.72	False	d__Bacteria;p__Bacillota_I;c__Bacilli_A;o__RF39;f__UBA660;g__CAG-302;s__CAG-302 sp000431795	Bacteria	Bacillota_I	Bacilli_A	RF39	UBA660	CAG-302	CAG-302 sp000431795	90.17	1.12	1274141	54	56523	26.730872	1345	12.0	0.1846153846	0.01193549132	0.0	0.029624232	0.26502734	0.7758069357	12.0	0.09191006723
F08_bin.103	ANI95_cluster_00283	F02_bin.66	False	d__Bacteria;p__Bacteroidota;c__Bacteroidia;o__Bacteroidales;f__Rikenellaceae;g__Tidjanibacter;s__Tidjanibacter inops	Bacteria	Bacteroidota	Bacteroidia	Bacteroidales	Rikenellaceae	Tidjanibacter	Tidjanibacter inops	99.52	0.0	2191973	43	99798	56.899743	1860	30.0	0.4615384615	0.02149624382	0.0	0.0360524515	0.14637928	1.397255848	30.0	0.220881062
F08_bin.12	ANI95_cluster_00315	F08_bin.12	True	d__Bacteria;p__Bacteroidota;c__Bacteroidia;o__Bacteroidales;f__Rikenellaceae;g__Alistipes_A;s__Alistipes_A hominis	Bacteria	Bacteroidota	Bacteroidia	Bacteroidales	Rikenellaceae	Alistipes_A	Alistipes_A hominis	100.0	0.0	2781642	18	264115	54.936976	2301	24.0	0.3692307692	0.01168238704	0.0	0.017448709	0.25810388	0.7593551574	24.0	0.1681070443
F08_bin.14	ANI95_cluster_00361	G07_bin.85	False	d__Bacteria;p__Bacillota;c__Clostridia;o__Christensenellales;f__Aristaeellaceae;g__UBA11524;s__UBA11524 sp000437595	Bacteria	Bacillota	Clostridia	Christensenellales	Aristaeellaceae	UBA11524	UBA11524 sp000437595	98.6	1.17	2994963	74	65826	58.276580	2556	28.0	0.4307692308	0.04244878883	0.0	0.025747751	1.8933982	2.759171274	28.0	0.1083053828
F08_bin.17	ANI95_cluster_00316	F08_bin.17	True	d__Bacteria;p__Bacillota;c__Clostridia;o__TANB77;f__CAG-508;g__CAG-245;s__CAG-245 sp000434195	Bacteria	Bacillota	Clostridia	TANB77	CAG-508	CAG-245	CAG-245 sp000434195	80.51	3.4	1418921	151	14053	29.880522	1477	6.0	0.09230769231	0.0109699558	0.0	0.14036861	0.22447823	0.713047127	6.0	0.06550012769
F08_bin.22	ANI95_cluster_00317	F08_bin.22	True	d__Bacteria;p__Pseudomonadota;c__Gammaproteobacteria;o__Burkholderiales;f__Burkholderiaceae_D;g__Oxalobacter;s__Oxalobacter formigenes	Bacteria	Pseudomonadota	Gammaproteobacteria	Burkholderiales	Burkholderiaceae_D	Oxalobacter	Oxalobacter formigenes	95.44	1.64	2311983	70	51169	49.934666	2107	7.0	0.1076923077	0.006572272269	0.0	0.020529216	0.30340683	0.4271976975	7.0	0.04268009892
F08_bin.24	ANI95_cluster_00134	B09_bin.93	False	d__Bacteria;p__Bacillota;c__Clostridia;o__Oscillospirales;f__Oscillospiraceae;g__CAG-103;s__CAG-103 sp000432375	Bacteria	Bacillota	Clostridia	Oscillospirales	Oscillospiraceae	CAG-103	CAG-103 sp000432375	85.91	0.34	1769421	44	62944	62.579510	1649	33.0	0.5076923077	0.0221936093	0.00428763	0.016590182	0.49927896	1.442584604	33.0	0.1675566357
F08_bin.25	ANI95_cluster_00412	H05_bin.34	False	d__Bacteria;p__Pseudomonadota;c__Gammaproteobacteria;o__Enterobacterales;f__Enterobacteriaceae;g__Escherichia;s__Escherichia coli	Bacteria	Pseudomonadota	Gammaproteobacteria	Enterobacterales	Enterobacteriaceae	Escherichia	Escherichia coli	84.84	0.08	4079313	43	167224	50.783208	3799	19.0	0.2923076923	0.0210059526	0.0	0.012069127	0.34897643	1.365386919	19.0	0.1014065656
F08_bin.27	ANI95_cluster_00329	G01_bin.80	False	d__Bacteria;p__Bacillota;c__Clostridia;o__Lachnospirales;f__Lachnospiraceae;g__Suilimivivens;s__Suilimivivens sp000438155	Bacteria	Bacillota	Clostridia	Lachnospirales	Lachnospiraceae	Suilimivivens	Suilimivivens sp000438155	87.0	2.03	2404845	92	35369	44.919527	2128	18.0	0.2769230769	0.008931421492	0.0	0.0217877635	0.16620344	0.580542397	18.0	0.1112103731
F08_bin.28	ANI95_cluster_00043	A07_bin.40	False	d__Bacteria;p__Bacillota;c__Clostridia;o__Oscillospirales;f__Butyricicoccaceae;g__Agathobaculum;s__Agathobaculum hominis	Bacteria	Bacillota	Clostridia	Oscillospirales	Butyricicoccaceae	Agathobaculum	Agathobaculum hominis	89.07	4.25	1872437	208	12682	58.982652	1875	30.0	0.4615384615	0.01330695234	0.0	0.012296087	0.22886048	0.8649519021	30.0	0.1354862714
F08_bin.30	ANI95_cluster_00021	A04_bin.93	False	d__Bacteria;p__Bacillota;c__Clostridia;o__Oscillospirales;f__Ruminococcaceae;g__Gemmiger;s__Gemmiger qucibialis	Bacteria	Bacillota	Clostridia	Oscillospirales	Ruminococcaceae	Gemmiger	Gemmiger qucibialis	96.64	1.36	2571656	249	15525	56.500831	2208	48.0	0.7384615385	0.01567185375	0.008739985	0.0157463825	0.15762828	1.018670494	48.0	0.2097388371
F08_bin.31	ANI95_cluster_00364	G08_bin.17	False	d__Bacteria;p__Bacillota;c__Clostridia;o__Oscillospirales;f__Oscillospiraceae;g__Hominicoprocola;s__Hominicoprocola sp900317525	Bacteria	Bacillota	Clostridia	Oscillospirales	Oscillospiraceae	Hominicoprocola	Hominicoprocola sp900317525	80.87	0.67	1737225	37	76689	60.991927	1709	44.0	0.6769230769	0.03338520054	0.01386074	0.022149449	0.47797993	2.170038035	44.0	0.2661307222
F08_bin.34	ANI95_cluster_00419	H06_bin.61	False	d__Bacteria;p__Bacillota;c__Clostridia;o__Lachnospirales;f__Lachnospiraceae;g__Fusicatenibacter;s__Fusicatenibacter saccharivorans	Bacteria	Bacillota	Clostridia	Lachnospirales	Lachnospiraceae	Fusicatenibacter	Fusicatenibacter saccharivorans	90.19	5.56	2583306	233	16768	48.723728	2405	61.0	0.9384615385	0.02972230982	0.01809388	0.018693956	0.2112494	1.931950138	61.0	0.3231069865
F08_bin.40	ANI95_cluster_00194	D01_bin.67	False	d__Bacteria;p__Actinomycetota;c__Coriobacteriia;o__Coriobacteriales;f__Coriobacteriaceae;g__Collinsella;s__Collinsella sp905215825	Bacteria	Actinomycetota	Coriobacteriia	Coriobacteriales	Coriobacteriaceae	Collinsella	Collinsella sp905215825	98.39	2.42	2065160	76	46734	60.110064	1758	35.0	0.5384615385	0.0193321015	0.007697315	0.020013379	0.32367802	1.256586598	35.0	0.1163820636
F08_bin.41	ANI95_cluster_00332	G02_bin.41	False	d__Bacteria;p__Bacteroidota;c__Bacteroidia;o__Bacteroidales;f__Rikenellaceae;g__Alistipes_A;s__Alistipes_A indistinctus	Bacteria	Bacteroidota	Bacteroidia	Bacteroidales	Rikenellaceae	Alistipes_A	Alistipes_A indistinctus	91.83	0.0	2553791	22	198414	54.876143	2099	38.0	0.5846153846	0.01758005361	0.006131778	0.021916686	0.29887113	1.142703485	38.0	0.2392782684
F08_bin.43	ANI95_cluster_00053	A09_bin.36	False	d__Bacteria;p__Bacillota;c__Clostridia;o__Oscillospirales;f__Oscillospiraceae;g__Oscillibacter;s__Oscillibacter segnis	Bacteria	Bacillota	Clostridia	Oscillospirales	Oscillospiraceae	Oscillibacter	Oscillibacter segnis	89.82	3.77	2311806	69	74427	57.566422	2269	44.0	0.6769230769	0.03880482585	0.018779092	0.0291763965	0.43144667	2.52231368	44.0	0.2323392453
F08_bin.47	ANI95_cluster_00128	B08_bin.66	False	d__Bacteria;p__Bacteroidota;c__Bacteroidia;o__Bacteroidales;f__Rikenellaceae;g__Alistipes;s__Alistipes communis	Bacteria	Bacteroidota	Bacteroidia	Bacteroidales	Rikenellaceae	Alistipes	Alistipes communis	91.83	0.16	2655492	56	78846	59.949569	2136	40.0	0.6153846154	0.03466128414	0.02043793	0.0316612005	0.42616096	2.252983469	40.0	0.2819056709
F08_bin.49	ANI95_cluster_00354	G06_bin.14	False	d__Bacteria;p__Bacillota;c__Clostridia;o__Oscillospirales;f__Acutalibacteraceae;g__Eubacterium_R;s__Eubacterium_R sp000436835	Bacteria	Bacillota	Clostridia	Oscillospirales	Acutalibacteraceae	Eubacterium_R	Eubacterium_R sp000436835	94.27	1.57	1718574	241	10849	38.521472	1754	13.0	0.2	0.013665013	0.0	0.05767243	0.19762659	0.888225845	13.0	0.1415084734
F08_bin.54	ANI95_cluster_00318	F08_bin.54	True	d__Bacteria;p__Pseudomonadota;c__Gammaproteobacteria;o__Enterobacterales;f__Pasteurellaceae;g__Haemophilus_D;s__Haemophilus_D sp905371285	Bacteria	Pseudomonadota	Gammaproteobacteria	Enterobacterales	Pasteurellaceae	Haemophilus_D	Haemophilus_D sp905371285	90.68	2.98	1719669	304	7341	39.755965	1854	20.0	0.3076923077	0.00980441188	0.0	0.017591689	0.17490888	0.6372867722	19.0	0.1118680034
F08_bin.55	ANI95_cluster_00290	F03_bin.40	False	d__Bacteria;p__Bacillota;c__Clostridia;o__Lachnospirales;f__Lachnospiraceae;g__Blautia_A;s__Blautia_A wexlerae	Bacteria	Bacillota	Clostridia	Lachnospirales	Lachnospiraceae	Blautia_A	Blautia_A wexlerae	98.25	4.94	4395669	327	28410	41.285069	4179	64.0	0.9846153846	0.05081095962	0.032632116	0.033099491	0.20019954	3.302712375	64.0	0.4193901534
F08_bin.57	ANI95_cluster_00034	A06_bin.107	False	d__Bacteria;p__Bacteroidota;c__Bacteroidia;o__Bacteroidales;f__Marinifilaceae;g__Odoribacter;s__Odoribacter splanchnicus	Bacteria	Bacteroidota	Bacteroidia	Bacteroidales	Marinifilaceae	Odoribacter	Odoribacter splanchnicus	87.06	0.0	3419588	531	8497	43.806886	3140	51.0	0.7846153846	0.009659878606	0.007876773	0.010411932	0.039351143	0.6278921094	51.0	0.2150143383
F08_bin.6	ANI95_cluster_00090	B05_bin.113	False	d__Bacteria;p__Actinomycetota;c__Coriobacteriia;o__Coriobacteriales;f__Eggerthellaceae;g__Ellagibacter;s__Ellagibacter isourolithinifaciens	Bacteria	Actinomycetota	Coriobacteriia	Coriobacteriales	Eggerthellaceae	Ellagibacter	Ellagibacter isourolithinifaciens	95.66	3.02	2050615	299	8648	61.090990	1923	11.0	0.1692307692	0.01064290828	0.0	0.031349175	0.2528679	0.6917890385	11.0	0.07329806969
F08_bin.62	ANI95_cluster_00319	F08_bin.62	True	d__Bacteria;p__Bacillota;c__Clostridia;o__Oscillospirales;f__Oscillospiraceae;g__Limivicinus;s__Limivicinus sp003150355	Bacteria	Bacillota	Clostridia	Oscillospirales	Oscillospiraceae	Limivicinus	Limivicinus sp003150355	88.3	4.09	2150241	127	24697	56.919062	2106	6.0	0.09230769231	0.008830192369	0.0	0.063703795	0.2798142	0.573962504	6.0	0.06692155723
F08_bin.63	ANI95_cluster_00320	F08_bin.63	True	d__Bacteria;p__Bacteroidota;c__Bacteroidia;o__Bacteroidales;f__Muribaculaceae;g__Muribaculum;s__Muribaculum sp001701195	Bacteria	Bacteroidota	Bacteroidia	Bacteroidales	Muribaculaceae	Muribaculum	Muribaculum sp001701195	90.81	0.77	2541975	369	8923	49.714297	2431	3.0	0.04615384615	0.003791616508	0.0	0.036751997	0.175099	0.246455073	3.0	0.03139149108
F08_bin.66	ANI95_cluster_00350	G05_bin.67	False	d__Bacteria;p__Bacteroidota;c__Bacteroidia;o__Bacteroidales;f__Marinifilaceae;g__Butyricimonas;s__Butyricimonas paravirosa	Bacteria	Bacteroidota	Bacteroidia	Bacteroidales	Marinifilaceae	Butyricimonas	Butyricimonas paravirosa	93.55	0.54	4630581	288	24460	43.209653	3841	17.0	0.2615384615	0.007932263452	0.0	0.019003399	0.0914737	0.5155971244	17.0	0.1179730038
F08_bin.68	ANI95_cluster_00019	A04_bin.71	False	d__Bacteria;p__Bacteroidota;c__Bacteroidia;o__Bacteroidales;f__Rikenellaceae;g__Alistipes_A;s__Alistipes_A ihumii	Bacteria	Bacteroidota	Bacteroidia	Bacteroidales	Rikenellaceae	Alistipes_A	Alistipes_A ihumii	97.12	0.0	2566596	50	72305	58.715591	2052	27.0	0.4153846154	0.01199383319	0.0	0.017489808	0.14018282	0.7795991575	27.0	0.1376583363
F08_bin.7	ANI95_cluster_00157	C05_bin.16	False	d__Bacteria;p__Bacillota_I;c__Bacilli_A;o__RF39;f__UBA660;g__CAG-533;s__CAG-533 sp000434495	Bacteria	Bacillota_I	Bacilli_A	RF39	UBA660	CAG-533	CAG-533 sp000434495	91.57	1.12	1058490	13	131007	29.540572	1065	6.0	0.09230769231	0.05478009503	0.0	0.254358285	2.5304549	3.560706177	6.0	0.05422784492
F08_bin.71	ANI95_cluster_00195	D02_bin.11	False	d__Bacteria;p__Bacteroidota;c__Bacteroidia;o__Bacteroidales;f__Bacteroidaceae;g__Phocaeicola;s__Phocaeicola vulgatus	Bacteria	Bacteroidota	Bacteroidia	Bacteroidales	Bacteroidaceae	Phocaeicola	Phocaeicola vulgatus	93.11	4.81	4898467	251	35260	41.901007	4114	62.0	0.9538461538	0.2192396892	0.103527166	0.111012753	1.4281825	14.25057979	62.0	0.5023923195
F08_bin.73	ANI95_cluster_00413	H05_bin.38	False	d__Bacteria;p__Bacteroidota;c__Bacteroidia;o__Bacteroidales;f__Tannerellaceae;g__Parabacteroides;s__Parabacteroides distasonis	Bacteria	Bacteroidota	Bacteroidia	Bacteroidales	Tannerellaceae	Parabacteroides	Parabacteroides distasonis	99.42	0.51	4648289	107	74468	45.301680	3879	48.0	0.7384615385	0.01520811076	0.00807238	0.0124889175	0.12449729	0.9885271993	48.0	0.1956155203
F08_bin.81	ANI95_cluster_00061	B01_bin.9	False	d__Bacteria;p__Verrucomicrobiota;c__Verrucomicrobiia;o__Verrucomicrobiales;f__Akkermansiaceae;g__Akkermansia;s__Akkermansia muciniphila	Bacteria	Verrucomicrobiota	Verrucomicrobiia	Verrucomicrobiales	Akkermansiaceae	Akkermansia	Akkermansia muciniphila	96.6	0.68	2648045	32	116611	55.736742	2252	25.0	0.3846153846	0.0191889432	0.0	0.030018492	0.275301	1.247281308	25.0	0.1460548842
F08_bin.83	ANI95_cluster_00114	B06_bin.60	False	d__Bacteria;p__Pseudomonadota;c__Gammaproteobacteria;o__Burkholderiales;f__Burkholderiaceae_F;g__Duodenibacillus;s__Duodenibacillus massiliensis	Bacteria	Pseudomonadota	Gammaproteobacteria	Burkholderiales	Burkholderiaceae_F	Duodenibacillus	Duodenibacillus massiliensis	80.53	1.42	1609131	397	4697	57.749556	1768	5.0	0.07692307692	0.009830523046	0.0	0.09121285	0.25772044	0.638983998	5.0	0.05434180969
F08_bin.84	ANI95_cluster_00222	D08_bin.21	False	d__Bacteria;p__Bacteroidota;c__Bacteroidia;o__Bacteroidales;f__Rikenellaceae;g__Alistipes;s__Alistipes putredinis	Bacteria	Bacteroidota	Bacteroidia	Bacteroidales	Rikenellaceae	Alistipes	Alistipes putredinis	95.19	2.88	2155529	28	121357	55.042544	1920	52.0	0.8	0.135309752	0.09231132	0.12009094	0.8584407	8.795133878	52.0	0.4543993812
F08_bin.9	ANI95_cluster_00083	B04_bin.18	False	d__Bacteria;p__Bacteroidota;c__Bacteroidia;o__Bacteroidales;f__Rikenellaceae;g__Alistipes;s__Alistipes onderdonkii	Bacteria	Bacteroidota	Bacteroidia	Bacteroidales	Rikenellaceae	Alistipes	Alistipes onderdonkii	95.93	4.81	3125991	26	209402	58.436988	2553	57.0	0.8769230769	0.1349845493	0.049322482	0.070283644	1.0521678	8.773995706	57.0	0.402788772
F08_bin.91	ANI95_cluster_00240	E01_bin.79	False	d__Bacteria;p__Bacillota;c__Clostridia;o__Oscillospirales;f__Oscillospiraceae;g__Limivicinus;s__Limivicinus sp900547315	Bacteria	Bacillota	Clostridia	Oscillospirales	Oscillospiraceae	Limivicinus	Limivicinus sp900547315	88.93	2.37	2079000	55	61753	57.059740	2006	8.0	0.1230769231	0.01319990516	0.0	0.0293326125	0.55804944	0.8579938353	8.0	0.05537183585
F08_bin.92	ANI95_cluster_00302	F06_bin.75	False	d__Bacteria;p__Bacillota;c__Clostridia;o__Oscillospirales;f__Oscillospiraceae;g__Hominicoprocola;s__Hominicoprocola fusiformis	Bacteria	Bacillota	Clostridia	Oscillospirales	Oscillospiraceae	Hominicoprocola	Hominicoprocola fusiformis	90.72	2.87	1795091	387	5916	59.674356	1992	51.0	0.7846153846	0.01736431057	0.010494005	0.0151985865	0.11932904	1.128680187	51.0	0.2144959772
F08_bin.97	ANI95_cluster_00193	D01_bin.64	False	d__Bacteria;p__Bacteroidota;c__Bacteroidia;o__Bacteroidales;f__Bacteroidaceae;g__Bacteroides;s__Bacteroides uniformis	Bacteria	Bacteroidota	Bacteroidia	Bacteroidales	Bacteroidaceae	Bacteroides	Bacteroides uniformis	88.12	3.44	4045509	122	58182	46.766254	3478	63.0	0.9692307692	0.1461350662	0.10640227	0.10876814	0.85687244	9.498779303	63.0	0.5224234831
G01_bin.1	ANI95_cluster_00019	A04_bin.71	False	d__Bacteria;p__Bacteroidota;c__Bacteroidia;o__Bacteroidales;f__Rikenellaceae;g__Alistipes_A;s__Alistipes_A ihumii	Bacteria	Bacteroidota	Bacteroidia	Bacteroidales	Rikenellaceae	Alistipes_A	Alistipes_A ihumii	94.07	0.0	2538391	31	143588	58.520456	2065	26.0	0.4	0.01401537913	0.0	0.023293615	0.20841607	0.9109996433	26.0	0.1386852729
G01_bin.10	ANI95_cluster_00222	D08_bin.21	False	d__Bacteria;p__Bacteroidota;c__Bacteroidia;o__Bacteroidales;f__Rikenellaceae;g__Alistipes;s__Alistipes putredinis	Bacteria	Bacteroidota	Bacteroidia	Bacteroidales	Rikenellaceae	Alistipes	Alistipes putredinis	88.01	5.95	2229293	64	67468	54.579411	1979	51.0	0.7846153846	0.1652853828	0.086094216	0.12914327	1.6363515	10.74354988	51.0	0.4462436434
G01_bin.11	ANI95_cluster_00321	G01_bin.11	True	d__Bacteria;p__Bacillota;c__Clostridia;o__Oscillospirales;f__CAG-272;g__Colimorpha_A;s__Colimorpha_A sp000433515	Bacteria	Bacillota	Clostridia	Oscillospirales	CAG-272	Colimorpha_A	Colimorpha_A sp000433515	93.36	0.34	2391930	31	165679	52.732898	2118	12.0	0.1846153846	0.01821012669	0.0	0.0104641168	0.8390381	1.183658235	12.0	0.08075695477
G01_bin.15	ANI95_cluster_00361	G07_bin.85	False	d__Bacteria;p__Bacillota;c__Clostridia;o__Christensenellales;f__Aristaeellaceae;g__UBA11524;s__UBA11524 sp000437595	Bacteria	Bacillota	Clostridia	Christensenellales	Aristaeellaceae	UBA11524	UBA11524 sp000437595	99.3	1.17	2869352	86	52516	58.420020	2435	27.0	0.4153846154	0.02462183672	0.0	0.029574124	0.28656265	1.600419387	27.0	0.1701665431
G01_bin.19	ANI95_cluster_00143	C03_bin.49	False	d__Bacteria;p__Actinomycetota;c__Actinomycetes;o__Actinomycetales;f__Bifidobacteriaceae;g__Bifidobacterium;s__Bifidobacterium longum	Bacteria	Actinomycetota	Actinomycetes	Actinomycetales	Bifidobacteriaceae	Bifidobacterium	Bifidobacterium longum	98.62	1.77	2271030	115	32155	59.956496	1937	53.0	0.8153846154	0.0240682268	0.0141657265	0.01788769	0.2211089	1.564434742	53.0	0.3073155525
G01_bin.20	ANI95_cluster_00315	F08_bin.12	False	d__Bacteria;p__Bacteroidota;c__Bacteroidia;o__Bacteroidales;f__Rikenellaceae;g__Alistipes_A;s__Alistipes_A hominis	Bacteria	Bacteroidota	Bacteroidia	Bacteroidales	Rikenellaceae	Alistipes_A	Alistipes_A hominis	96.63	0.48	2556372	19	203060	55.192163	2106	27.0	0.4153846154	0.02584812388	0.0	0.011846467	1.1945783	1.680128052	27.0	0.1544856458
G01_bin.24	ANI95_cluster_00060	B01_bin.68	False	d__Bacteria;p__Actinomycetota;c__Coriobacteriia;o__Coriobacteriales;f__QAMH01;g__QAMH01;s__QAMH01 sp900544245	Bacteria	Actinomycetota	Coriobacteriia	Coriobacteriales	QAMH01	QAMH01	QAMH01 sp900544245	96.77	1.56	1780351	61	45465	60.629730	1643	20.0	0.3076923077	0.009638628157	0.0	0.0178647125	0.17865767	0.6265108302	20.0	0.1257834091
G01_bin.25	ANI95_cluster_00267	E06_bin.85	False	d__Bacteria;p__Bacteroidota;c__Bacteroidia;o__Bacteroidales;f__Rikenellaceae;g__Alistipes;s__Alistipes shahii	Bacteria	Bacteroidota	Bacteroidia	Bacteroidales	Rikenellaceae	Alistipes	Alistipes shahii	80.5	2.4	2277512	63	77789	60.582030	1851	46.0	0.7076923077	0.06987643338	0.04283199	0.060930395	0.66718155	4.54196817	46.0	0.4168541592
G01_bin.26	ANI95_cluster_00322	G01_bin.26	True	d__Bacteria;p__Bacillota;c__Clostridia;o__Oscillospirales;f__Acutalibacteraceae;g__CAG-557;s__CAG-557 sp000435275	Bacteria	Bacillota	Clostridia	Oscillospirales	Acutalibacteraceae	CAG-557	CAG-557 sp000435275	80.85	0.67	1090863	33	73766	34.332634	1106	8.0	0.1230769231	0.01955524016	0.0	0.110240065	0.552827	1.27109061	8.0	0.09547129954
G01_bin.3	ANI95_cluster_00323	G01_bin.3	True	d__Bacteria;p__Bacteroidota;c__Bacteroidia;o__Bacteroidales;f__Muribaculaceae;g__Lepagella;s__Lepagella sp900321585	Bacteria	Bacteroidota	Bacteroidia	Bacteroidales	Muribaculaceae	Lepagella	Lepagella sp900321585	92.33	0.6	2066241	63	49521	53.841783	1756	1.0	0.01538461538	0.09539489692	0.0	6.2006683	6.2006683	6.2006683	1.0	0.01538461538
G01_bin.30	ANI95_cluster_00324	G01_bin.30	True	d__Bacteria;p__Bacillota;c__Clostridia;o__Oscillospirales;f__Ruminococcaceae;g__Faecalibacterium;s__Faecalibacterium sp900539945	Bacteria	Bacillota	Clostridia	Oscillospirales	Ruminococcaceae	Faecalibacterium	Faecalibacterium sp900539945	94.32	3.89	2112281	121	26612	60.479974	1979	53.0	0.8153846154	0.09632161668	0.060717195	0.07286104	0.6172036	6.260905084	53.0	0.5291799312
G01_bin.33	ANI95_cluster_00364	G08_bin.17	False	d__Bacteria;p__Bacillota;c__Clostridia;o__Oscillospirales;f__Oscillospiraceae;g__Hominicoprocola;s__Hominicoprocola sp900317525	Bacteria	Bacillota	Clostridia	Oscillospirales	Oscillospiraceae	Hominicoprocola	Hominicoprocola sp900317525	92.95	1.23	1914810	118	29398	61.043028	1943	44.0	0.6769230769	0.03275426144	0.021644132	0.0350802525	0.4133349	2.129026993	44.0	0.2256269406
G01_bin.34	ANI95_cluster_00116	B06_bin.7	False	d__Bacteria;p__Bacteroidota;c__Bacteroidia;o__Bacteroidales;f__Rikenellaceae;g__Alistipes;s__Alistipes senegalensis	Bacteria	Bacteroidota	Bacteroidia	Bacteroidales	Rikenellaceae	Alistipes	Alistipes senegalensis	86.28	4.25	2884362	78	62458	59.724958	2287	32.0	0.4923076923	0.04483074225	0.0	0.0440055	0.69066274	2.913998246	32.0	0.2594935054
G01_bin.35	ANI95_cluster_00286	F03_bin.13	False	d__Bacteria;p__Bacteroidota;c__Bacteroidia;o__Bacteroidales;f__Rikenellaceae;g__Alistipes;s__Alistipes finegoldii	Bacteria	Bacteroidota	Bacteroidia	Bacteroidales	Rikenellaceae	Alistipes	Alistipes finegoldii	98.76	8.17	3186869	79	66249	58.786351	2643	51.0	0.7846153846	0.07005685097	0.03743107	0.0530658	0.53597224	4.553695313	51.0	0.3704136639
G01_bin.37	ANI95_cluster_00008	A01_bin.69	False	d__Bacteria;p__Actinomycetota;c__Coriobacteriia;o__Coriobacteriales;f__Eggerthellaceae;g__Anaerotardibacter;s__Anaerotardibacter sp000435675	Bacteria	Actinomycetota	Coriobacteriia	Coriobacteriales	Eggerthellaceae	Anaerotardibacter	Anaerotardibacter sp000435675	100.0	0.12	1663851	27	132093	54.621778	1490	22.0	0.3384615385	0.02295586074	0.0	0.0121710425	0.74071807	1.492130948	22.0	0.09563616171
G01_bin.40	ANI95_cluster_00006	A01_bin.49	False	d__Bacteria;p__Bacillota;c__Clostridia;o__Oscillospirales;f__Oscillospiraceae;g__CAG-170;s__CAG-170 sp003516765	Bacteria	Bacillota	Clostridia	Oscillospirales	Oscillospiraceae	CAG-170	CAG-170 sp003516765	87.01	1.68	1899691	97	30552	57.406389	1863	34.0	0.5230769231	0.03330312298	0.0065492126	0.02548763	0.55985665	2.164702994	34.0	0.2558363938
G01_bin.46	ANI95_cluster_00193	D01_bin.64	False	d__Bacteria;p__Bacteroidota;c__Bacteroidia;o__Bacteroidales;f__Bacteroidaceae;g__Bacteroides;s__Bacteroides uniformis	Bacteria	Bacteroidota	Bacteroidia	Bacteroidales	Bacteroidaceae	Bacteroides	Bacteroides uniformis	81.36	0.0	3239514	174	34005	48.026587	2664	63.0	0.9692307692	0.2125947626	0.14822526	0.1493928	1.0326594	13.81865957	63.0	0.5943702463
G01_bin.48	ANI95_cluster_00007	A01_bin.66	False	d__Bacteria;p__Bacillota;c__Clostridia;o__Christensenellales;f__Aristaeellaceae;g__Ventricola;s__Ventricola sp900542395	Bacteria	Bacillota	Clostridia	Christensenellales	Aristaeellaceae	Ventricola	Ventricola sp900542395	90.45	4.46	2648430	462	7581	59.861201	2641	27.0	0.4153846154	0.0110418468	0.0	0.01331111	0.15770452	0.7177200423	27.0	0.1251607658
G01_bin.52	ANI95_cluster_00128	B08_bin.66	False	d__Bacteria;p__Bacteroidota;c__Bacteroidia;o__Bacteroidales;f__Rikenellaceae;g__Alistipes;s__Alistipes communis	Bacteria	Bacteroidota	Bacteroidia	Bacteroidales	Rikenellaceae	Alistipes	Alistipes communis	88.58	2.98	2555768	430	7609	60.129793	2386	41.0	0.6307692308	0.03993875228	0.017109217	0.036090888	0.38440943	2.596018898	41.0	0.2748993818
G01_bin.53	ANI95_cluster_00053	A09_bin.36	False	d__Bacteria;p__Bacillota;c__Clostridia;o__Oscillospirales;f__Oscillospiraceae;g__Oscillibacter;s__Oscillibacter segnis	Bacteria	Bacillota	Clostridia	Oscillospirales	Oscillospiraceae	Oscillibacter	Oscillibacter segnis	95.64	2.01	2573060	111	41819	57.131664	2454	50.0	0.7692307692	0.05074293158	0.035480205	0.041762868	0.62926376	3.298290553	50.0	0.2634071742
G01_bin.54	ANI95_cluster_00052	A09_bin.21	False	d__Bacteria;p__Bacillota;c__Clostridia;o__Oscillospirales;f__Oscillospiraceae;g__CAG-170;s__CAG-170 sp900545925	Bacteria	Bacillota	Clostridia	Oscillospirales	Oscillospiraceae	CAG-170	CAG-170 sp900545925	93.96	9.55	3340280	167	37572	55.905762	3254	37.0	0.5692307692	0.03660579297	0.016516453	0.035916485	0.6108388	2.379376543	37.0	0.2328744014
G01_bin.58	ANI95_cluster_00165	C05_bin.78	False	d__Bacteria;p__Bacillota_I;c__Bacilli_A;o__RF39;f__UBA660;g__CAG-628;s__CAG-628 sp003524085	Bacteria	Bacillota_I	Bacilli_A	RF39	UBA660	CAG-628	CAG-628 sp003524085	82.58	1.69	1095004	23	68422	27.943094	1139	4.0	0.06153846154	0.01116750611	0.0	0.13728347	0.39499906	0.725887897	4.0	0.04325564723
G01_bin.63	ANI95_cluster_00325	G01_bin.63	True	d__Bacteria;p__Bacillota;c__Clostridia;o__Oscillospirales;f__Oscillospiraceae;g__Apopatocola;s__Apopatocola sp003522945	Bacteria	Bacillota	Clostridia	Oscillospirales	Oscillospiraceae	Apopatocola	Apopatocola sp003522945	81.41	0.67	2113766	63	48111	59.738401	1995	15.0	0.2307692308	0.01186606484	0.0	0.02996588	0.40916902	0.7712942147	15.0	0.09531999683
G01_bin.65	ANI95_cluster_00326	G01_bin.65	True	d__Bacteria;p__Bacteroidota;c__Bacteroidia;o__Bacteroidales;f__Muribaculaceae;g__Lepagella;s__Lepagella sp002491165	Bacteria	Bacteroidota	Bacteroidia	Bacteroidales	Muribaculaceae	Lepagella	Lepagella sp002491165	93.79	0.38	2465299	71	49224	55.658644	2015	2.0	0.03076923077	0.008453293908	0.0	0.274732052	0.51409185	0.549464104	2.0	0.02447535785
G01_bin.67	ANI95_cluster_00346	G05_bin.13	False	d__Bacteria;p__Bacillota;c__Clostridia;o__Oscillospirales;f__Acutalibacteraceae;g__Ruminococcoides;s__Ruminococcoides intestinale	Bacteria	Bacillota	Clostridia	Oscillospirales	Acutalibacteraceae	Ruminococcoides	Ruminococcoides intestinale	97.99	0.69	2089194	162	23858	41.026156	2044	40.0	0.6153846154	0.04334872932	0.013571878	0.0496180115	0.3124194	2.817667406	40.0	0.2365140821
G01_bin.68	ANI95_cluster_00134	B09_bin.93	False	d__Bacteria;p__Bacillota;c__Clostridia;o__Oscillospirales;f__Oscillospiraceae;g__CAG-103;s__CAG-103 sp000432375	Bacteria	Bacillota	Clostridia	Oscillospirales	Oscillospiraceae	CAG-103	CAG-103 sp000432375	82.21	1.34	1786217	30	98963	62.242829	1665	33.0	0.5076923077	0.02091334755	0.0036468708	0.016098144	0.717405	1.359367591	33.0	0.149640954
G01_bin.70	ANI95_cluster_00184	C08_bin.68	False	d__Bacteria;p__Bacteroidota;c__Bacteroidia;o__Bacteroidales;f__Bacteroidaceae;g__Paraprevotella;s__Paraprevotella clara	Bacteria	Bacteroidota	Bacteroidia	Bacteroidales	Bacteroidaceae	Paraprevotella	Paraprevotella clara	93.7	0.0	3514492	59	101943	48.940359	2776	12.0	0.1846153846	0.01980083635	0.0	0.0785102975	0.31802344	1.287054363	12.0	0.1024563518
G01_bin.72	ANI95_cluster_00327	G01_bin.72	True	d__Bacteria;p__Bacillota_I;c__Bacilli_A;o__RF39;f__UBA660;g__CAG-302;s__CAG-302 sp000431795	Bacteria	Bacillota_I	Bacilli_A	RF39	UBA660	CAG-302	CAG-302 sp000431795	94.67	0.12	1243890	28	61134	26.787176	1326	12.0	0.1846153846	0.01217840995	0.0	0.029606343	0.27047643	0.791596647	12.0	0.08927330329
G01_bin.73	ANI95_cluster_00302	F06_bin.75	False	d__Bacteria;p__Bacillota;c__Clostridia;o__Oscillospirales;f__Oscillospiraceae;g__Hominicoprocola;s__Hominicoprocola fusiformis	Bacteria	Bacillota	Clostridia	Oscillospirales	Oscillospiraceae	Hominicoprocola	Hominicoprocola fusiformis	95.64	8.05	2294640	45	76913	58.747865	2232	48.0	0.7384615385	0.04840529018	0.019376107	0.027496445	1.6935285	3.146343862	48.0	0.2314245983
G01_bin.74	ANI95_cluster_00406	H04_bin.57	False	d__Bacteria;p__Bacillota;c__Clostridia;o__Oscillospirales;f__Ruminococcaceae;g__Gemmiger;s__Gemmiger formicilis	Bacteria	Bacillota	Clostridia	Oscillospirales	Ruminococcaceae	Gemmiger	Gemmiger formicilis	85.91	3.4	2168310	372	7721	61.016829	2070	52.0	0.8	0.01902812067	0.010950332	0.0126263935	0.2687692	1.236827844	52.0	0.2005308792
G01_bin.75	ANI95_cluster_00413	H05_bin.38	False	d__Bacteria;p__Bacteroidota;c__Bacteroidia;o__Bacteroidales;f__Tannerellaceae;g__Parabacteroides;s__Parabacteroides distasonis	Bacteria	Bacteroidota	Bacteroidia	Bacteroidales	Tannerellaceae	Parabacteroides	Parabacteroides distasonis	97.31	1.28	4340224	186	33922	45.647621	3680	50.0	0.7692307692	0.01593214699	0.008821424	0.0123419195	0.19779292	1.035589554	50.0	0.2170838114
G01_bin.76	ANI95_cluster_00328	G01_bin.76	True	d__Bacteria;p__Pseudomonadota;c__Alphaproteobacteria;o__RF32;f__CAG-239;g__Scatacola_A;s__Scatacola_A faecigallinarum	Bacteria	Pseudomonadota	Alphaproteobacteria	RF32	CAG-239	Scatacola_A	Scatacola_A faecigallinarum	96.77	0.0	1754217	43	64712	49.159996	1764	13.0	0.2	0.02525507648	0.0	0.06446674	0.3761479	1.641579971	13.0	0.09971926554
G01_bin.78	ANI95_cluster_00285	F03_bin.1	False	d__Bacteria;p__Bacillota;c__Clostridia;o__Lachnospirales;f__Lachnospiraceae;g__Acetatifactor;s__Acetatifactor acetigignens	Bacteria	Bacillota	Clostridia	Lachnospirales	Lachnospiraceae	Acetatifactor	Acetatifactor acetigignens	91.86	4.77	2787813	296	14150	47.728381	2642	46.0	0.7076923077	0.02404220168	0.008111014	0.013654866	0.22212315	1.562743109	46.0	0.2406479748
G01_bin.8	ANI95_cluster_00044	A07_bin.65	False	d__Bacteria;p__Bacteroidota;c__Bacteroidia;o__Bacteroidales;f__Barnesiellaceae;g__Barnesiella;s__Barnesiella intestinihominis	Bacteria	Bacteroidota	Bacteroidia	Bacteroidales	Barnesiellaceae	Barnesiella	Barnesiella intestinihominis	95.85	0.38	3222247	11	335409	43.646592	2595	43.0	0.6615384615	0.05936529142	0.039818432	0.05727549	1.2173272	3.858743943	43.0	0.2779278652
G01_bin.80	ANI95_cluster_00329	G01_bin.80	True	d__Bacteria;p__Bacillota;c__Clostridia;o__Lachnospirales;f__Lachnospiraceae;g__Suilimivivens;s__Suilimivivens sp000438155	Bacteria	Bacillota	Clostridia	Lachnospirales	Lachnospiraceae	Suilimivivens	Suilimivivens sp000438155	86.8	0.48	2456964	47	81615	44.479284	2179	16.0	0.2461538462	0.009968712769	0.0	0.024439632	0.24366522	0.64796633	16.0	0.1086399006
G01_bin.81	ANI95_cluster_00330	G01_bin.81	True	d__Bacteria;p__Bacillota;c__Clostridia;o__Lachnospirales;f__Lachnospiraceae;g__Roseburia;s__Roseburia sp000434275	Bacteria	Bacillota	Clostridia	Lachnospirales	Lachnospiraceae	Roseburia	Roseburia sp000434275	87.54	2.66	2804304	290	17494	42.771147	2818	20.0	0.3076923077	0.04543999939	0.0	0.09025068	0.70555174	2.95359996	20.0	0.1768525314
G01_bin.88	ANI95_cluster_00420	H06_bin.64	False	d__Bacteria;p__Bacillota;c__Clostridia;o__Oscillospirales;f__Ruminococcaceae;g__Ruminiclostridium_E;s__Ruminiclostridium_E siraeum	Bacteria	Bacillota	Clostridia	Oscillospirales	Ruminococcaceae	Ruminiclostridium_E	Ruminiclostridium_E siraeum	81.99	0.34	2436918	41	82274	44.891950	2129	17.0	0.2615384615	0.04501614492	0.0	0.027032614	2.2488143	2.92604942	17.0	0.08225931185
G01_bin.89	ANI95_cluster_00021	A04_bin.93	False	d__Bacteria;p__Bacillota;c__Clostridia;o__Oscillospirales;f__Ruminococcaceae;g__Gemmiger;s__Gemmiger qucibialis	Bacteria	Bacillota	Clostridia	Oscillospirales	Ruminococcaceae	Gemmiger	Gemmiger qucibialis	92.52	3.4	2477311	217	16189	56.481927	2118	50.0	0.7692307692	0.02631713353	0.012800805	0.019312769	0.644203	1.71061368	50.0	0.2247318405
G01_bin.9	ANI95_cluster_00415	H05_bin.43	False	d__Bacteria;p__Bacillota;c__Clostridia;o__Lachnospirales;f__Lachnospiraceae;g__Roseburia;s__Roseburia rectalis	Bacteria	Bacillota	Clostridia	Lachnospirales	Lachnospiraceae	Roseburia	Roseburia rectalis	96.62	0.87	2504711	62	65357	41.803665	2342	48.0	0.7384615385	0.0188268917	0.010746429	0.016018637	0.13997953	1.223747961	48.0	0.2036173317
G01_bin.90	ANI95_cluster_00331	G01_bin.90	True	d__Bacteria;p__Pseudomonadota;c__Alphaproteobacteria;o__RF32;f__CAG-239;g__CAZU01;s__CAZU01 sp000432275	Bacteria	Pseudomonadota	Alphaproteobacteria	RF32	CAG-239	CAZU01	CAZU01 sp000432275	98.92	0.0	1684454	83	33344	46.353121	1695	5.0	0.07692307692	0.02511363962	0.0	0.38315034	0.6341741	1.632386575	5.0	0.05702346292
G02_bin.1	ANI95_cluster_00034	A06_bin.107	False	d__Bacteria;p__Bacteroidota;c__Bacteroidia;o__Bacteroidales;f__Marinifilaceae;g__Odoribacter;s__Odoribacter splanchnicus	Bacteria	Bacteroidota	Bacteroidia	Bacteroidales	Marinifilaceae	Odoribacter	Odoribacter splanchnicus	95.7	0.0	3731616	188	35219	43.954335	3176	49.0	0.7538461538	0.0112607487	0.009643768	0.012309256	0.056677926	0.7319486657	49.0	0.2237249267
G02_bin.14	ANI95_cluster_00335	G03_bin.17	False	d__Bacteria;p__Bacillota;c__Clostridia;o__Oscillospirales;f__Oscillospiraceae;g__Vescimonas;s__Vescimonas sp900545585	Bacteria	Bacillota	Clostridia	Oscillospirales	Oscillospiraceae	Vescimonas	Vescimonas sp900545585	93.29	2.47	2401938	50	77285	59.897341	2265	22.0	0.3384615385	0.062757643	0.0	0.048310546	2.2082663	4.079246795	22.0	0.1322510025
G02_bin.18	ANI95_cluster_00355	G06_bin.24	False	d__Bacteria;p__Bacillota;c__Clostridia;o__Oscillospirales;f__Oscillospiraceae;g__CAG-170;s__CAG-170 sp000432135	Bacteria	Bacillota	Clostridia	Oscillospirales	Oscillospiraceae	CAG-170	CAG-170 sp000432135	81.13	6.15	2359027	300	11989	58.427818	2356	39.0	0.6	0.03332263932	0.012461036	0.027129022	0.6702956	2.165971556	39.0	0.229944907
G02_bin.24	ANI95_cluster_00281	F02_bin.63	False	d__Bacteria;p__Actinomycetota;c__Actinomycetes;o__Actinomycetales;f__Bifidobacteriaceae;g__Bifidobacterium;s__Bifidobacterium bifidum	Bacteria	Actinomycetota	Actinomycetes	Actinomycetales	Bifidobacteriaceae	Bifidobacterium	Bifidobacterium bifidum	84.66	2.65	2119207	366	8052	63.192458	2056	18.0	0.2769230769	0.01471802325	0.0	0.0274997925	0.29128936	0.956671511	18.0	0.1138744302
G02_bin.29	ANI95_cluster_00283	F02_bin.66	False	d__Bacteria;p__Bacteroidota;c__Bacteroidia;o__Bacteroidales;f__Rikenellaceae;g__Tidjanibacter;s__Tidjanibacter inops	Bacteria	Bacteroidota	Bacteroidia	Bacteroidales	Rikenellaceae	Tidjanibacter	Tidjanibacter inops	94.71	0.0	2031176	55	67428	57.120949	1730	31.0	0.4769230769	0.02462914608	0.0	0.03267432	0.16868903	1.600894495	31.0	0.2524509283
G02_bin.31	ANI95_cluster_00021	A04_bin.93	False	d__Bacteria;p__Bacillota;c__Clostridia;o__Oscillospirales;f__Ruminococcaceae;g__Gemmiger;s__Gemmiger qucibialis	Bacteria	Bacillota	Clostridia	Oscillospirales	Ruminococcaceae	Gemmiger	Gemmiger qucibialis	97.73	0.68	2487812	222	15238	56.528588	2177	46.0	0.7076923077	0.01495448152	0.010435134	0.0156242735	0.094933145	0.9720412988	46.0	0.2265240862
G02_bin.32	ANI95_cluster_00061	B01_bin.9	False	d__Bacteria;p__Verrucomicrobiota;c__Verrucomicrobiia;o__Verrucomicrobiales;f__Akkermansiaceae;g__Akkermansia;s__Akkermansia muciniphila	Bacteria	Verrucomicrobiota	Verrucomicrobiia	Verrucomicrobiales	Akkermansiaceae	Akkermansia	Akkermansia muciniphila	97.96	1.36	2819487	22	263794	55.458032	2384	26.0	0.4	0.03460451157	0.0	0.029250222	0.64890397	2.249293252	26.0	0.1539827312
G02_bin.33	ANI95_cluster_00430	H07_bin.63	False	d__Bacteria;p__Bacteroidota;c__Bacteroidia;o__Bacteroidales;f__Bacteroidaceae;g__Bacteroides;s__Bacteroides thetaiotaomicron	Bacteria	Bacteroidota	Bacteroidia	Bacteroidales	Bacteroidaceae	Bacteroides	Bacteroides thetaiotaomicron	85.11	1.0	4734816	723	10560	44.017423	4040	57.0	0.8769230769	0.1170352885	0.06666396	0.07412711	1.1378201	7.607293755	57.0	0.4725191034
G02_bin.35	ANI95_cluster_00086	B04_bin.53	False	d__Bacteria;p__Bacillota;c__Clostridia;o__Oscillospirales;f__Oscillospiraceae;g__Lawsonibacter;s__Lawsonibacter asaccharolyticus	Bacteria	Bacillota	Clostridia	Oscillospirales	Oscillospiraceae	Lawsonibacter	Lawsonibacter asaccharolyticus	86.91	3.36	2194008	99	33502	62.385598	2110	56.0	0.8615384615	0.0215183144	0.0146063715	0.015397873	0.18128555	1.398690436	55.0	0.3120402333
G02_bin.39	ANI95_cluster_00310	F07_bin.6	False	d__Bacteria;p__Bacillota;c__Clostridia;o__Oscillospirales;f__Acutalibacteraceae;g__CAG-217;s__CAG-217 sp000436335	Bacteria	Bacillota	Clostridia	Oscillospirales	Acutalibacteraceae	CAG-217	CAG-217 sp000436335	95.55	0.0	1902707	16	147880	53.714156	1735	16.0	0.2461538462	0.01389159214	0.0	0.031473724	0.23379073	0.902953489	16.0	0.1014148229
G02_bin.40	ANI95_cluster_00412	H05_bin.34	False	d__Bacteria;p__Pseudomonadota;c__Gammaproteobacteria;o__Enterobacterales;f__Enterobacteriaceae;g__Escherichia;s__Escherichia coli	Bacteria	Pseudomonadota	Gammaproteobacteria	Enterobacterales	Enterobacteriaceae	Escherichia	Escherichia coli	98.03	0.08	4383408	75	95866	51.095221	4098	17.0	0.2615384615	0.03543848899	0.0	0.014860999	1.681904	2.303501785	17.0	0.08242947769
G02_bin.41	ANI95_cluster_00332	G02_bin.41	True	d__Bacteria;p__Bacteroidota;c__Bacteroidia;o__Bacteroidales;f__Rikenellaceae;g__Alistipes_A;s__Alistipes_A indistinctus	Bacteria	Bacteroidota	Bacteroidia	Bacteroidales	Rikenellaceae	Alistipes_A	Alistipes_A indistinctus	99.52	0.0	2653974	50	115072	55.158076	2169	36.0	0.5538461538	0.01151554388	0.004116843	0.01071162525	0.16705428	0.748510352	36.0	0.1742796864
G02_bin.42	ANI95_cluster_00333	G02_bin.42	True	d__Bacteria;p__Bacillota;c__Clostridia;o__Oscillospirales;f__Oscillospiraceae;g__Scatomorpha;s__	Bacteria	Bacillota	Clostridia	Oscillospirales	Oscillospiraceae	Scatomorpha		83.51	1.25	2026001	400	6449	57.980129	2231	8.0	0.1230769231	0.004196720755	0.0	0.0073763875	0.21570455	0.2727868491	8.0	0.03738551546
G02_bin.44	ANI95_cluster_00364	G08_bin.17	False	d__Bacteria;p__Bacillota;c__Clostridia;o__Oscillospirales;f__Oscillospiraceae;g__Hominicoprocola;s__Hominicoprocola sp900317525	Bacteria	Bacillota	Clostridia	Oscillospirales	Oscillospiraceae	Hominicoprocola	Hominicoprocola sp900317525	82.55	1.68	1522611	34	58959	61.711166	1471	43.0	0.6615384615	0.03706183028	0.01557627	0.024088603	0.6211012	2.409018968	43.0	0.2447437993
G02_bin.47	ANI95_cluster_00143	C03_bin.49	False	d__Bacteria;p__Actinomycetota;c__Actinomycetes;o__Actinomycetales;f__Bifidobacteriaceae;g__Bifidobacterium;s__Bifidobacterium longum	Bacteria	Actinomycetota	Actinomycetes	Actinomycetales	Bifidobacteriaceae	Bifidobacterium	Bifidobacterium longum	93.66	2.43	2089422	142	25557	60.149505	1801	53.0	0.8153846154	0.0232980234	0.013001147	0.019760793	0.16761488	1.514371521	53.0	0.2974887343
G02_bin.49	ANI95_cluster_00413	H05_bin.38	False	d__Bacteria;p__Bacteroidota;c__Bacteroidia;o__Bacteroidales;f__Tannerellaceae;g__Parabacteroides;s__Parabacteroides distasonis	Bacteria	Bacteroidota	Bacteroidia	Bacteroidales	Tannerellaceae	Parabacteroides	Parabacteroides distasonis	97.5	0.19	4339514	110	67060	45.700325	3610	50.0	0.7692307692	0.01732031148	0.008973475	0.01058843	0.273999	1.125820247	50.0	0.2058840828
G02_bin.5	ANI95_cluster_00222	D08_bin.21	False	d__Bacteria;p__Bacteroidota;c__Bacteroidia;o__Bacteroidales;f__Rikenellaceae;g__Alistipes;s__Alistipes putredinis	Bacteria	Bacteroidota	Bacteroidia	Bacteroidales	Rikenellaceae	Alistipes	Alistipes putredinis	89.82	0.96	1908544	28	171681	54.881103	1678	51.0	0.7846153846	0.1659148748	0.0728544	0.13957986	0.8567624	10.78446687	51.0	0.4859988708
G02_bin.50	ANI95_cluster_00137	C01_bin.57	False	d__Bacteria;p__Pseudomonadota;c__Gammaproteobacteria;o__Burkholderiales;f__Burkholderiaceae_F;g__Parasutterella;s__Parasutterella gallistercoris	Bacteria	Pseudomonadota	Gammaproteobacteria	Burkholderiales	Burkholderiaceae_F	Parasutterella	Parasutterella gallistercoris	95.78	1.56	1965167	318	8476	49.736180	1987	12.0	0.1846153846	0.008132578877	0.0	0.038329822	0.12969224	0.528617627	12.0	0.07988961315
G02_bin.52	ANI95_cluster_00267	E06_bin.85	False	d__Bacteria;p__Bacteroidota;c__Bacteroidia;o__Bacteroidales;f__Rikenellaceae;g__Alistipes;s__Alistipes shahii	Bacteria	Bacteroidota	Bacteroidia	Bacteroidales	Rikenellaceae	Alistipes	Alistipes shahii	87.1	5.9	2531118	100	43428	60.147887	2132	46.0	0.7076923077	0.06669076191	0.038754664	0.059216927	0.43156663	4.334899524	46.0	0.4047529278
G02_bin.57	ANI95_cluster_00193	D01_bin.64	False	d__Bacteria;p__Bacteroidota;c__Bacteroidia;o__Bacteroidales;f__Bacteroidaceae;g__Bacteroides;s__Bacteroides uniformis	Bacteria	Bacteroidota	Bacteroidia	Bacteroidales	Bacteroidaceae	Bacteroides	Bacteroides uniformis	92.66	0.74	3865201	155	38791	46.933342	3253	63.0	0.9692307692	0.1717073942	0.10809163	0.11236434	1.1376437	11.16098062	63.0	0.5952169838
G02_bin.60	ANI95_cluster_00177	C07_bin.89	False	d__Bacteria;p__Desulfobacterota;c__Desulfovibrionia;o__Desulfovibrionales;f__Desulfovibrionaceae;g__Bilophila;s__Bilophila wadsworthia	Bacteria	Desulfobacterota	Desulfovibrionia	Desulfovibrionales	Desulfovibrionaceae	Bilophila	Bilophila wadsworthia	97.63	1.18	4164036	444	13547	60.164033	3739	35.0	0.5384615385	0.008508497278	0.00470104	0.009589874	0.097335525	0.5530523231	35.0	0.1395952316
G02_bin.62	ANI95_cluster_00019	A04_bin.71	False	d__Bacteria;p__Bacteroidota;c__Bacteroidia;o__Bacteroidales;f__Rikenellaceae;g__Alistipes_A;s__Alistipes_A ihumii	Bacteria	Bacteroidota	Bacteroidia	Bacteroidales	Rikenellaceae	Alistipes_A	Alistipes_A ihumii	100.0	0.0	2539528	33	157859	58.489806	2076	25.0	0.3846153846	0.01862494679	0.0	0.014833924	0.3857178	1.210621542	25.0	0.1465741226
G02_bin.63	ANI95_cluster_00194	D01_bin.67	False	d__Bacteria;p__Actinomycetota;c__Coriobacteriia;o__Coriobacteriales;f__Coriobacteriaceae;g__Collinsella;s__Collinsella sp905215825	Bacteria	Actinomycetota	Coriobacteriia	Coriobacteriales	Coriobacteriaceae	Collinsella	Collinsella sp905215825	92.74	0.81	1975572	56	64357	60.349711	1689	39.0	0.6	0.02272100522	0.0089799585	0.017625554	0.5147384	1.476865339	39.0	0.1327213506
G02_bin.64	ANI95_cluster_00140	C02_bin.89	False	d__Bacteria;p__Bacillota;c__Clostridia;o__Oscillospirales;f__Acutalibacteraceae;g__Hominenteromicrobium;s__Hominenteromicrobium mulieris	Bacteria	Bacillota	Clostridia	Oscillospirales	Acutalibacteraceae	Hominenteromicrobium	Hominenteromicrobium mulieris	85.37	0.11	1899795	356	6738	54.133578	1993	42.0	0.6461538462	0.01158977529	0.006084944	0.0120877455	0.073539495	0.7533353938	42.0	0.1815384943
G02_bin.66	ANI95_cluster_00216	D06_bin.95	False	d__Bacteria;p__Actinomycetota;c__Coriobacteriia;o__Coriobacteriales;f__Eggerthellaceae;g__Anaerotardibacter;s__Anaerotardibacter sp958409415	Bacteria	Actinomycetota	Coriobacteriia	Coriobacteriales	Eggerthellaceae	Anaerotardibacter	Anaerotardibacter sp958409415	100.0	0.12	1739698	37	61468	54.731971	1532	11.0	0.1692307692	0.01350735469	0.0	0.01962731	0.31126875	0.877978055	11.0	0.06302678308
G02_bin.67	ANI95_cluster_00272	E07_bin.69	False	d__Bacteria;p__Bacillota;c__Clostridia;o__Oscillospirales;f__Oscillospiraceae;g__Oscillibacter;s__Oscillibacter welbionis	Bacteria	Bacillota	Clostridia	Oscillospirales	Oscillospiraceae	Oscillibacter	Oscillibacter welbionis	81.98	3.24	2296188	90	38336	61.956730	2254	56.0	0.8615384615	0.02571746899	0.014486433	0.0162336195	0.1934591	1.671635484	56.0	0.3136921295
G02_bin.7	ANI95_cluster_00298	F06_bin.46	False	d__Bacteria;p__Bacillota;c__Bacilli;o__Lactobacillales;f__Streptococcaceae;g__Streptococcus;s__Streptococcus thermophilus	Bacteria	Bacillota	Bacilli	Lactobacillales	Streptococcaceae	Streptococcus	Streptococcus thermophilus	97.75	0.0	1631791	80	35528	39.360372	1757	21.0	0.3230769231	0.008058405291	0.0	0.0110247005	0.09235034	0.5237963439	21.0	0.1434867595
G02_bin.9	ANI95_cluster_00286	F03_bin.13	False	d__Bacteria;p__Bacteroidota;c__Bacteroidia;o__Bacteroidales;f__Rikenellaceae;g__Alistipes;s__Alistipes finegoldii	Bacteria	Bacteroidota	Bacteroidia	Bacteroidales	Rikenellaceae	Alistipes	Alistipes finegoldii	82.47	4.81	2622853	45	133393	58.895676	2154	50.0	0.7692307692	0.08462006246	0.024726683	0.0366825135	1.0613492	5.50030406	50.0	0.3930931437
G03_bin.10	ANI95_cluster_00143	C03_bin.49	False	d__Bacteria;p__Actinomycetota;c__Actinomycetes;o__Actinomycetales;f__Bifidobacteriaceae;g__Bifidobacterium;s__Bifidobacterium longum	Bacteria	Actinomycetota	Actinomycetes	Actinomycetales	Bifidobacteriaceae	Bifidobacterium	Bifidobacterium longum	95.51	0.46	2105629	80	52162	60.207805	1775	54.0	0.8307692308	0.02233730624	0.0139176585	0.0163610335	0.1748276	1.451924906	54.0	0.3105750878
G03_bin.101	ANI95_cluster_00315	F08_bin.12	False	d__Bacteria;p__Bacteroidota;c__Bacteroidia;o__Bacteroidales;f__Rikenellaceae;g__Alistipes_A;s__Alistipes_A hominis	Bacteria	Bacteroidota	Bacteroidia	Bacteroidales	Rikenellaceae	Alistipes_A	Alistipes_A hominis	97.33	0.96	2429390	159	26679	56.345461	2043	25.0	0.3846153846	0.01141518081	0.0	0.016511414	0.2575631	0.7419867525	24.0	0.1663039077
G03_bin.106	ANI95_cluster_00334	G03_bin.106	True	d__Bacteria;p__Bacteroidota;c__Bacteroidia;o__Bacteroidales;f__Bacteroidaceae;g__Bacteroides;s__Bacteroides eggerthii	Bacteria	Bacteroidota	Bacteroidia	Bacteroidales	Bacteroidaceae	Bacteroides	Bacteroides eggerthii	96.08	0.5	4073660	88	91649	44.955986	3461	19.0	0.2923076923	0.394073269	0.0	0.28787512	9.575586	25.61476248	19.0	0.1814634422
G03_bin.109	ANI95_cluster_00263	E06_bin.63	False	d__Bacteria;p__Bacillota;c__Clostridia;o__Lachnospirales;f__Lachnospiraceae;g__Eubacterium_F;s__Eubacterium_F sp003491505	Bacteria	Bacillota	Clostridia	Lachnospirales	Lachnospiraceae	Eubacterium_F	Eubacterium_F sp003491505	88.37	4.3	2618394	513	6692	41.333275	2711	46.0	0.7076923077	0.01752686188	0.013386098	0.01720474	0.07593598	1.139246023	46.0	0.1907288558
G03_bin.111	ANI95_cluster_00080	B03_bin.77	False	d__Bacteria;p__Bacillota;c__Clostridia;o__Oscillospirales;f__Ruminococcaceae;g__Faecalibacterium;s__Faecalibacterium duncaniae	Bacteria	Bacillota	Clostridia	Oscillospirales	Ruminococcaceae	Faecalibacterium	Faecalibacterium duncaniae	85.15	8.93	2170094	97	38528	58.835562	2027	57.0	0.8769230769	0.1465107852	0.051072627	0.06282596	2.7549825	9.523201038	57.0	0.4656502909
G03_bin.12	ANI95_cluster_00061	B01_bin.9	False	d__Bacteria;p__Verrucomicrobiota;c__Verrucomicrobiia;o__Verrucomicrobiales;f__Akkermansiaceae;g__Akkermansia;s__Akkermansia muciniphila	Bacteria	Verrucomicrobiota	Verrucomicrobiia	Verrucomicrobiales	Akkermansiaceae	Akkermansia	Akkermansia muciniphila	93.2	0.0	2448492	88	49533	56.547009	2086	25.0	0.3846153846	0.01729465966	0.0	0.033680115	0.15625453	1.124152878	25.0	0.1413830116
G03_bin.14	ANI95_cluster_00281	F02_bin.63	False	d__Bacteria;p__Actinomycetota;c__Actinomycetes;o__Actinomycetales;f__Bifidobacteriaceae;g__Bifidobacterium;s__Bifidobacterium bifidum	Bacteria	Actinomycetota	Actinomycetes	Actinomycetales	Bifidobacteriaceae	Bifidobacterium	Bifidobacterium bifidum	99.08	4.88	2146984	44	71402	62.882211	1759	20.0	0.3076923077	0.01866028951	0.0	0.025760669	0.30304417	1.212918818	20.0	0.1305827585
G03_bin.17	ANI95_cluster_00335	G03_bin.17	True	d__Bacteria;p__Bacillota;c__Clostridia;o__Oscillospirales;f__Oscillospiraceae;g__Vescimonas;s__Vescimonas sp900545585	Bacteria	Bacillota	Clostridia	Oscillospirales	Oscillospiraceae	Vescimonas	Vescimonas sp900545585	85.72	0.78	1689665	46	67503	62.308564	1566	20.0	0.3076923077	0.04911164085	0.0	0.0318804775	1.4680029	3.192256655	20.0	0.1313300002
G03_bin.20	ANI95_cluster_00348	G05_bin.22	False	d__Bacteria;p__Bacillota;c__Clostridia;o__Christensenellales;f__CAG-138;g__PeH17;s__PeH17 sp000435055	Bacteria	Bacillota	Clostridia	Christensenellales	CAG-138	PeH17	PeH17 sp000435055	84.48	0.93	1597507	110	23657	50.156337	1426	30.0	0.4615384615	0.01480864557	0.0	0.0164238615	0.2406114	0.9625619618	30.0	0.1566755704
G03_bin.28	ANI95_cluster_00415	H05_bin.43	False	d__Bacteria;p__Bacillota;c__Clostridia;o__Lachnospirales;f__Lachnospiraceae;g__Roseburia;s__Roseburia rectalis	Bacteria	Bacillota	Clostridia	Lachnospirales	Lachnospiraceae	Roseburia	Roseburia rectalis	97.87	0.68	2322747	175	19184	42.713606	2212	48.0	0.7384615385	0.01819960344	0.01099992	0.016751198	0.13583447	1.182974224	48.0	0.2040824066
G03_bin.31	ANI95_cluster_00395	H03_bin.22	False	d__Bacteria;p__Bacillota;c__Clostridia;o__Oscillospirales;f__Oscillospiraceae;g__Faecousia;s__Faecousia sp000434635	Bacteria	Bacillota	Clostridia	Oscillospirales	Oscillospiraceae	Faecousia	Faecousia sp000434635	95.52	4.34	2546155	248	19011	57.529765	2414	31.0	0.4769230769	0.0161176666	0.0	0.0230745	0.15284774	1.047648329	31.0	0.1712166532
G03_bin.32	ANI95_cluster_00336	G03_bin.32	True	d__Bacteria;p__Bacillota;c__Clostridia;o__Oscillospirales;f__Oscillospiraceae;g__Onthomonas;s__Onthomonas sp900545815	Bacteria	Bacillota	Clostridia	Oscillospirales	Oscillospiraceae	Onthomonas	Onthomonas sp900545815	83.79	4.14	1977521	255	11978	57.771675	1994	37.0	0.5692307692	0.01784325971	0.009359788	0.024640005	0.18618612	1.159811881	37.0	0.234549067
G03_bin.33	ANI95_cluster_00419	H06_bin.61	False	d__Bacteria;p__Bacillota;c__Clostridia;o__Lachnospirales;f__Lachnospiraceae;g__Fusicatenibacter;s__Fusicatenibacter saccharivorans	Bacteria	Bacillota	Clostridia	Lachnospirales	Lachnospiraceae	Fusicatenibacter	Fusicatenibacter saccharivorans	96.41	1.9	2853448	142	34853	48.514990	2617	61.0	0.9384615385	0.03192954107	0.023843821	0.026287507	0.112264305	2.075420169	61.0	0.3413718265
G03_bin.34	ANI95_cluster_00259	E06_bin.50	False	d__Bacteria;p__Bacteroidota;c__Bacteroidia;o__Bacteroidales;f__Muribaculaceae;g__UBA7173;s__UBA7173 sp900545955	Bacteria	Bacteroidota	Bacteroidia	Bacteroidales	Muribaculaceae	UBA7173	UBA7173 sp900545955	86.13	0.38	2235421	86	33666	55.995045	1799	5.0	0.07692307692	0.03102870954	0.0	0.35780898	0.8772425	2.01686612	5.0	0.05692487662
G03_bin.37	ANI95_cluster_00337	G03_bin.37	True	d__Bacteria;p__Desulfobacterota;c__Desulfovibrionia;o__Desulfovibrionales;f__Desulfovibrionaceae;g__Desulfovibrio;s__Desulfovibrio fairfieldensis	Bacteria	Desulfobacterota	Desulfovibrionia	Desulfovibrionales	Desulfovibrionaceae	Desulfovibrio	Desulfovibrio fairfieldensis	95.84	0.89	2895909	435	9325	62.806324	2658	5.0	0.07692307692	0.005065889308	0.0	0.038403288	0.18550807	0.329282805	5.0	0.04653094
G03_bin.38	ANI95_cluster_00325	G01_bin.63	False	d__Bacteria;p__Bacillota;c__Clostridia;o__Oscillospirales;f__Oscillospiraceae;g__Apopatocola;s__Apopatocola sp003522945	Bacteria	Bacillota	Clostridia	Oscillospirales	Oscillospiraceae	Apopatocola	Apopatocola sp003522945	82.12	4.42	2045260	345	8615	60.706756	2122	15.0	0.2307692308	0.009785765117	0.0	0.028758323	0.18541749	0.6360747326	14.0	0.09941700846
G03_bin.40	ANI95_cluster_00021	A04_bin.93	False	d__Bacteria;p__Bacillota;c__Clostridia;o__Oscillospirales;f__Ruminococcaceae;g__Gemmiger;s__Gemmiger qucibialis	Bacteria	Bacillota	Clostridia	Oscillospirales	Ruminococcaceae	Gemmiger	Gemmiger qucibialis	95.55	0.68	2364677	199	17331	56.640378	2036	48.0	0.7384615385	0.02050534112	0.007428484	0.012979316	0.5750382	1.332847173	48.0	0.2078737495
G03_bin.48	ANI95_cluster_00217	D07_bin.25	False	d__Bacteria;p__Actinomycetota;c__Coriobacteriia;o__Coriobacteriales;f__Eggerthellaceae;g__Adlercreutzia;s__Adlercreutzia rubneri	Bacteria	Actinomycetota	Coriobacteriia	Coriobacteriales	Eggerthellaceae	Adlercreutzia	Adlercreutzia rubneri	89.25	0.16	2304073	134	26034	64.025706	2004	41.0	0.6307692308	0.01436017835	0.004892941	0.008348908	0.15915771	0.9334115929	41.0	0.1740054044
G03_bin.56	ANI95_cluster_00358	G07_bin.107	False	d__Bacteria;p__Bacillota;c__Clostridia;o__Lachnospirales;f__Lachnospiraceae;g__Roseburia;s__Roseburia faecis	Bacteria	Bacillota	Clostridia	Lachnospirales	Lachnospiraceae	Roseburia	Roseburia faecis	95.9	5.22	3068421	210	26879	44.104671	2917	51.0	0.7846153846	0.03568216662	0.024857357	0.031978324	0.30061105	2.31934083	51.0	0.2732525193
G03_bin.62	ANI95_cluster_00338	G03_bin.62	True	d__Bacteria;p__Bacillota;c__Clostridia;o__Oscillospirales;f__Ruminococcaceae;g__Merdivicinus;s__Merdivicinus sp934539585	Bacteria	Bacillota	Clostridia	Oscillospirales	Ruminococcaceae	Merdivicinus	Merdivicinus sp934539585	97.32	1.07	2765693	128	33064	61.006446	2505	7.0	0.1076923077	0.01105195222	0.0	0.024113208	0.45213532	0.718376894	7.0	0.05990652154
G03_bin.63	ANI95_cluster_00177	C07_bin.89	False	d__Bacteria;p__Desulfobacterota;c__Desulfovibrionia;o__Desulfovibrionales;f__Desulfovibrionaceae;g__Bilophila;s__Bilophila wadsworthia	Bacteria	Desulfobacterota	Desulfovibrionia	Desulfovibrionales	Desulfovibrionaceae	Bilophila	Bilophila wadsworthia	91.72	0.0	3724988	259	22637	60.459094	3168	15.0	0.2307692308	0.008658469769	0.0	0.014556512	0.30619198	0.562800535	15.0	0.07693892031
G03_bin.69	ANI95_cluster_00302	F06_bin.75	False	d__Bacteria;p__Bacillota;c__Clostridia;o__Oscillospirales;f__Oscillospiraceae;g__Hominicoprocola;s__Hominicoprocola fusiformis	Bacteria	Bacillota	Clostridia	Oscillospirales	Oscillospiraceae	Hominicoprocola	Hominicoprocola fusiformis	86.58	4.25	1948805	48	58291	58.921185	1884	51.0	0.7846153846	0.03376383253	0.018062763	0.022542814	0.9821104	2.194649115	51.0	0.1775694026
G03_bin.76	ANI95_cluster_00339	G03_bin.76	True	d__Bacteria;p__Bacillota;c__Clostridia;o__Oscillospirales;f__CAG-272;g__Flemingiibacterium;s__Flemingiibacterium sp900546315	Bacteria	Bacillota	Clostridia	Oscillospirales	CAG-272	Flemingiibacterium	Flemingiibacterium sp900546315	84.71	0.17	2607854	390	9176	55.874984	2399	42.0	0.6461538462	0.01583021622	0.0072348923	0.011642414	0.21956715	1.028964054	41.0	0.228676218
G03_bin.78	ANI95_cluster_00051	A09_bin.16	False	d__Bacteria;p__Bacillota;c__Clostridia;o__Oscillospirales;f__Oscillospiraceae;g__CAG-103;s__CAG-103 sp900317855	Bacteria	Bacillota	Clostridia	Oscillospirales	Oscillospiraceae	CAG-103	CAG-103 sp900317855	91.95	3.49	1866429	128	20718	62.570449	1818	22.0	0.3384615385	0.01938504473	0.0	0.010957662	0.4103657	1.260027907	22.0	0.1062887382
G03_bin.79	ANI95_cluster_00406	H04_bin.57	False	d__Bacteria;p__Bacillota;c__Clostridia;o__Oscillospirales;f__Ruminococcaceae;g__Gemmiger;s__Gemmiger formicilis	Bacteria	Bacillota	Clostridia	Oscillospirales	Ruminococcaceae	Gemmiger	Gemmiger formicilis	93.88	1.36	2350140	80	59760	60.302322	2094	51.0	0.7846153846	0.02861411578	0.011638728	0.013765515	0.90175533	1.859917526	51.0	0.1846506488
G03_bin.8	ANI95_cluster_00279	F02_bin.29	False	d__Bacteria;p__Bacillota;c__Clostridia;o__Oscillospirales;f__Oscillospiraceae;g__Vescimonas;s__Vescimonas cirricatena	Bacteria	Bacillota	Clostridia	Oscillospirales	Oscillospiraceae	Vescimonas	Vescimonas cirricatena	87.58	2.18	1715437	45	59381	62.181998	1656	29.0	0.4461538462	0.0306473418	0.0	0.018728556	1.0662171	1.992077217	29.0	0.1666152722
G03_bin.82	ANI95_cluster_00361	G07_bin.85	False	d__Bacteria;p__Bacillota;c__Clostridia;o__Christensenellales;f__Aristaeellaceae;g__UBA11524;s__UBA11524 sp000437595	Bacteria	Bacillota	Clostridia	Christensenellales	Aristaeellaceae	UBA11524	UBA11524 sp000437595	84.03	3.75	2406112	57	72154	58.799466	2020	26.0	0.4	0.03890034819	0.0	0.017591184	2.0276942	2.528522633	26.0	0.09033448089
G03_bin.9	ANI95_cluster_00007	A01_bin.66	False	d__Bacteria;p__Bacillota;c__Clostridia;o__Christensenellales;f__Aristaeellaceae;g__Ventricola;s__Ventricola sp900542395	Bacteria	Bacillota	Clostridia	Christensenellales	Aristaeellaceae	Ventricola	Ventricola sp900542395	95.11	2.16	2429192	141	24632	60.439685	2155	27.0	0.4153846154	0.01187599714	0.0	0.01136862	0.20338325	0.7719398141	27.0	0.1460224331
G03_bin.93	ANI95_cluster_00222	D08_bin.21	False	d__Bacteria;p__Bacteroidota;c__Bacteroidia;o__Bacteroidales;f__Rikenellaceae;g__Alistipes;s__Alistipes putredinis	Bacteria	Bacteroidota	Bacteroidia	Bacteroidales	Rikenellaceae	Alistipes	Alistipes putredinis	93.03	1.44	1950276	21	139241	54.608989	1723	51.0	0.7846153846	0.1210777657	0.095482506	0.13152131	0.6743663	7.870054771	51.0	0.4818913189
G03_bin.97	ANI95_cluster_00420	H06_bin.64	False	d__Bacteria;p__Bacillota;c__Clostridia;o__Oscillospirales;f__Ruminococcaceae;g__Ruminiclostridium_E;s__Ruminiclostridium_E siraeum	Bacteria	Bacillota	Clostridia	Oscillospirales	Ruminococcaceae	Ruminiclostridium_E	Ruminiclostridium_E siraeum	93.96	0.0	2399530	91	46605	45.386722	2160	27.0	0.4153846154	0.01199597634	0.0	0.009714359	0.29539925	0.7797384624	27.0	0.1015700377
G04_bin.103	ANI95_cluster_00021	A04_bin.93	False	d__Bacteria;p__Bacillota;c__Clostridia;o__Oscillospirales;f__Ruminococcaceae;g__Gemmiger;s__Gemmiger qucibialis	Bacteria	Bacillota	Clostridia	Oscillospirales	Ruminococcaceae	Gemmiger	Gemmiger qucibialis	93.73	0.68	2346044	234	16675	56.447790	2035	49.0	0.7538461538	0.01506736693	0.009434049	0.014613434	0.09500375	0.9793788505	47.0	0.2147192079
G04_bin.11	ANI95_cluster_00227	D08_bin.46	False	d__Bacteria;p__Bacillota;c__Clostridia;o__Lachnospirales;f__Lachnospiraceae;g__Eshraghiella;s__Eshraghiella crossota	Bacteria	Bacillota	Clostridia	Lachnospirales	Lachnospiraceae	Eshraghiella	Eshraghiella crossota	85.91	0.0	1805392	47	123688	37.425667	1750	4.0	0.06153846154	0.03160264154	0.0	0.446030585	1.1300632	2.0541717	4.0	0.03980176431
G04_bin.12	ANI95_cluster_00283	F02_bin.66	False	d__Bacteria;p__Bacteroidota;c__Bacteroidia;o__Bacteroidales;f__Rikenellaceae;g__Tidjanibacter;s__Tidjanibacter inops	Bacteria	Bacteroidota	Bacteroidia	Bacteroidales	Rikenellaceae	Tidjanibacter	Tidjanibacter inops	99.04	0.51	2207389	27	163763	56.577522	1901	31.0	0.4769230769	0.03076796496	0.0	0.04305246	0.20239608	1.999917723	31.0	0.2550250812
G04_bin.15	ANI95_cluster_00335	G03_bin.17	False	d__Bacteria;p__Bacillota;c__Clostridia;o__Oscillospirales;f__Oscillospiraceae;g__Vescimonas;s__Vescimonas sp900545585	Bacteria	Bacillota	Clostridia	Oscillospirales	Oscillospiraceae	Vescimonas	Vescimonas sp900545585	91.3	3.75	1967671	190	15839	61.987141	1945	22.0	0.3384615385	0.03231453256	0.0	0.05680787	0.49023432	2.100444616	22.0	0.163624587
G04_bin.17	ANI95_cluster_00128	B08_bin.66	False	d__Bacteria;p__Bacteroidota;c__Bacteroidia;o__Bacteroidales;f__Rikenellaceae;g__Alistipes;s__Alistipes communis	Bacteria	Bacteroidota	Bacteroidia	Bacteroidales	Rikenellaceae	Alistipes	Alistipes communis	98.8	0.48	2485044	43	107822	60.040868	2075	41.0	0.6307692308	0.04511331411	0.014383821	0.032407224	0.3992268	2.932365417	41.0	0.2967189609
G04_bin.2	ANI95_cluster_00034	A06_bin.107	False	d__Bacteria;p__Bacteroidota;c__Bacteroidia;o__Bacteroidales;f__Marinifilaceae;g__Odoribacter;s__Odoribacter splanchnicus	Bacteria	Bacteroidota	Bacteroidia	Bacteroidales	Marinifilaceae	Odoribacter	Odoribacter splanchnicus	93.55	0.0	3915315	64	97292	43.413723	3332	51.0	0.7846153846	0.01215179469	0.009226791	0.0105652595	0.121326275	0.789866655	51.0	0.2226408366
G04_bin.23	ANI95_cluster_00340	G04_bin.23	True	d__Bacteria;p__Bacteroidota;c__Bacteroidia;o__Bacteroidales;f__Marinifilaceae;g__Butyricimonas;s__Butyricimonas faecalis	Bacteria	Bacteroidota	Bacteroidia	Bacteroidales	Marinifilaceae	Butyricimonas	Butyricimonas faecalis	96.24	0.0	4033110	88	61249	42.713390	3378	3.0	0.04615384615	0.01039302054	0.0	0.118011095	0.4485141	0.675546335	3.0	0.04339875908
G04_bin.28	ANI95_cluster_00061	B01_bin.9	False	d__Bacteria;p__Verrucomicrobiota;c__Verrucomicrobiia;o__Verrucomicrobiales;f__Akkermansiaceae;g__Akkermansia;s__Akkermansia muciniphila	Bacteria	Verrucomicrobiota	Verrucomicrobiia	Verrucomicrobiales	Akkermansiaceae	Akkermansia	Akkermansia muciniphila	97.96	0.0	2746775	20	316187	55.502690	2309	27.0	0.4153846154	0.03395008422	0.0	0.027775718	0.53237355	2.206755475	27.0	0.1579915468
G04_bin.29	ANI95_cluster_00146	C04_bin.103	False	d__Bacteria;p__Bacillota;c__Clostridia;o__Oscillospirales;f__Acutalibacteraceae;g__CAG-177;s__CAG-177 sp003514385	Bacteria	Bacillota	Clostridia	Oscillospirales	Acutalibacteraceae	CAG-177	CAG-177 sp003514385	97.27	0.0	2132500	13	200267	51.691630	1989	16.0	0.2461538462	0.01961513731	0.0	0.0212406825	0.47194296	1.274983925	16.0	0.09012546485
G04_bin.3	ANI95_cluster_00083	B04_bin.18	False	d__Bacteria;p__Bacteroidota;c__Bacteroidia;o__Bacteroidales;f__Rikenellaceae;g__Alistipes;s__Alistipes onderdonkii	Bacteria	Bacteroidota	Bacteroidia	Bacteroidales	Rikenellaceae	Alistipes	Alistipes onderdonkii	98.56	2.64	3097550	41	117267	58.835628	2564	56.0	0.8615384615	0.1111877405	0.04162611	0.068560555	0.8374266	7.22720313	56.0	0.4361106625
G04_bin.33	ANI95_cluster_00314	F07_bin.93	False	d__Bacteria;p__Bacillota;c__Clostridia;o__Oscillospirales;f__Acutalibacteraceae;g__Pseudoruminococcus;s__Pseudoruminococcus massiliensis	Bacteria	Bacillota	Clostridia	Oscillospirales	Acutalibacteraceae	Pseudoruminococcus	Pseudoruminococcus massiliensis	93.29	0.34	2074225	19	166764	36.387084	1878	11.0	0.1692307692	0.0491379503	0.0	0.027632149	2.9214048	3.193966769	11.0	0.06490677815
G04_bin.38	ANI95_cluster_00167	C05_bin.90	False	d__Bacteria;p__Bacillota;c__Clostridia;o__Oscillospirales;f__CAG-272;g__UBA11512;s__UBA11512 sp003522145	Bacteria	Bacillota	Clostridia	Oscillospirales	CAG-272	UBA11512	UBA11512 sp003522145	91.7	1.34	1757852	253	8711	51.319622	1674	9.0	0.1384615385	0.004509573605	0.0	0.010577762	0.19606574	0.2931222843	9.0	0.03683250508
G04_bin.42	ANI95_cluster_00312	F07_bin.74	False	d__Bacteria;p__Bacillota;c__Clostridia;o__Lachnospirales;f__Lachnospiraceae;g__Coprococcus;s__Coprococcus aceti	Bacteria	Bacillota	Clostridia	Lachnospirales	Lachnospiraceae	Coprococcus	Coprococcus aceti	99.33	0.67	2962571	21	173452	44.562105	2595	20.0	0.3076923077	0.02005062858	0.0	0.0344015045	0.52652055	1.303290858	20.0	0.124606578
G04_bin.43	ANI95_cluster_00364	G08_bin.17	False	d__Bacteria;p__Bacillota;c__Clostridia;o__Oscillospirales;f__Oscillospiraceae;g__Hominicoprocola;s__Hominicoprocola sp900317525	Bacteria	Bacillota	Clostridia	Oscillospirales	Oscillospiraceae	Hominicoprocola	Hominicoprocola sp900317525	87.71	1.34	1721558	60	41413	61.710729	1665	43.0	0.6615384615	0.02307978299	0.013575296	0.023635486	0.12645683	1.500185894	43.0	0.2572211737
G04_bin.44	ANI95_cluster_00197	D02_bin.53	False	d__Bacteria;p__Actinomycetota;c__Coriobacteriia;o__Coriobacteriales;f__Eggerthellaceae;g__Senegalimassilia;s__Senegalimassilia anaerobia	Bacteria	Actinomycetota	Coriobacteriia	Coriobacteriales	Eggerthellaceae	Senegalimassilia	Senegalimassilia anaerobia	91.31	2.42	2005839	148	18280	62.500280	1701	29.0	0.4461538462	0.01486019817	0.0	0.022090584	0.22998239	0.965912881	29.0	0.1729412585
G04_bin.45	ANI95_cluster_00194	D01_bin.67	False	d__Bacteria;p__Actinomycetota;c__Coriobacteriia;o__Coriobacteriales;f__Coriobacteriaceae;g__Collinsella;s__Collinsella sp905215825	Bacteria	Actinomycetota	Coriobacteriia	Coriobacteriales	Coriobacteriaceae	Collinsella	Collinsella sp905215825	100.0	4.03	2127965	58	69642	60.175520	1831	37.0	0.5692307692	0.02612643838	0.008450072	0.01637562	0.7012261	1.698218495	37.0	0.1301441676
G04_bin.49	ANI95_cluster_00093	B05_bin.33	False	d__Bacteria;p__Bacillota;c__Clostridia;o__Lachnospirales;f__Lachnospiraceae;g__Lachnospira;s__Lachnospira rogosae	Bacteria	Bacillota	Clostridia	Lachnospirales	Lachnospiraceae	Lachnospira	Lachnospira rogosae	91.44	7.31	2866196	297	16922	36.371728	2788	35.0	0.5384615385	0.0143509816	0.0047922116	0.013554468	0.1400839	0.9328138037	35.0	0.1878017342
G04_bin.50	ANI95_cluster_00341	G04_bin.50	True	d__Bacteria;p__Bacillota;c__Clostridia;o__Lachnospirales;f__Lachnospiraceae;g__Butyribacter;s__Butyribacter sp003529475	Bacteria	Bacillota	Clostridia	Lachnospirales	Lachnospiraceae	Butyribacter	Butyribacter sp003529475	97.32	0.0	2507526	79	51633	42.397566	2163	34.0	0.5230769231	0.01370399966	0.0035989762	0.013031226	0.1797936	0.8907599777	34.0	0.1824590962
G04_bin.55	ANI95_cluster_00277	F01_bin.44	False	d__Bacteria;p__Bacillota;c__Clostridia;o__Lachnospirales;f__Lachnospiraceae;g__Roseburia;s__Roseburia intestinalis	Bacteria	Bacillota	Clostridia	Lachnospirales	Lachnospiraceae	Roseburia	Roseburia intestinalis	88.76	2.58	3042332	119	43057	43.246792	2695	39.0	0.6	0.06259523202	0.008398493	0.038801305	0.80477554	4.068690081	38.0	0.2917243282
G04_bin.57	ANI95_cluster_00231	D08_bin.97	False	d__Bacteria;p__Bacteroidota;c__Bacteroidia;o__Bacteroidales;f__Tannerellaceae;g__Parabacteroides;s__Parabacteroides merdae	Bacteria	Bacteroidota	Bacteroidia	Bacteroidales	Tannerellaceae	Parabacteroides	Parabacteroides merdae	95.35	4.23	3770002	160	35137	45.876872	3132	42.0	0.6461538462	0.02157751733	0.017941108	0.026486698	0.101143144	1.402538627	42.0	0.2915950378
G04_bin.58	ANI95_cluster_00204	D05_bin.15	False	d__Bacteria;p__Bacteroidota;c__Bacteroidia;o__Bacteroidales;f__Coprobacteraceae;g__Coprobacter;s__Coprobacter fastidiosus	Bacteria	Bacteroidota	Bacteroidia	Bacteroidales	Coprobacteraceae	Coprobacter	Coprobacter fastidiosus	93.78	0.38	3087453	214	23346	38.498108	2549	20.0	0.3076923077	0.007691478092	0.0	0.019007759	0.09352329	0.499946076	20.0	0.1298241691
G04_bin.59	ANI95_cluster_00406	H04_bin.57	False	d__Bacteria;p__Bacillota;c__Clostridia;o__Oscillospirales;f__Ruminococcaceae;g__Gemmiger;s__Gemmiger formicilis	Bacteria	Bacillota	Clostridia	Oscillospirales	Ruminococcaceae	Gemmiger	Gemmiger formicilis	92.52	0.14	2460670	87	57120	60.368355	2205	51.0	0.7846153846	0.0215767477	0.011616841	0.0133630475	0.39401177	1.402488601	51.0	0.1879714125
G04_bin.6	ANI95_cluster_00169	C06_bin.11	False	d__Bacteria;p__Bacillota;c__Clostridia;o__Lachnospirales;f__Lachnospiraceae;g__Anthropogastromicrobium;s__Anthropogastromicrobium aceti	Bacteria	Bacillota	Clostridia	Lachnospirales	Lachnospiraceae	Anthropogastromicrobium	Anthropogastromicrobium aceti	92.95	3.88	3204698	400	11836	41.237209	3033	47.0	0.7230769231	0.01169517485	0.008735932	0.011249266	0.107966244	0.7601863651	47.0	0.1791218829
G04_bin.60	ANI95_cluster_00288	F03_bin.29	False	d__Bacteria;p__Bacteroidota;c__Bacteroidia;o__Bacteroidales;f__Bacteroidaceae;g__Bacteroides;s__Bacteroides cellulosilyticus	Bacteria	Bacteroidota	Bacteroidia	Bacteroidales	Bacteroidaceae	Bacteroides	Bacteroides cellulosilyticus	96.81	3.9	6825080	92	116011	42.692379	5125	36.0	0.5538461538	0.06562783697	0.015295902	0.0635502875	0.52847666	4.265809403	36.0	0.2629597865
G04_bin.62	ANI95_cluster_00143	C03_bin.49	False	d__Bacteria;p__Actinomycetota;c__Actinomycetes;o__Actinomycetales;f__Bifidobacteriaceae;g__Bifidobacterium;s__Bifidobacterium longum	Bacteria	Actinomycetota	Actinomycetes	Actinomycetales	Bifidobacteriaceae	Bifidobacterium	Bifidobacterium longum	94.12	4.03	2207543	90	43142	59.938402	1860	54.0	0.8307692308	0.02882683768	0.014731006	0.02101114	0.28359658	1.873744449	54.0	0.3074082006
G04_bin.66	ANI95_cluster_00155	C05_bin.117	False	d__Bacteria;p__Bacillota;c__Clostridia;o__Lachnospirales;f__Lachnospiraceae;g__Gallintestinimicrobium;s__Gallintestinimicrobium propionicum	Bacteria	Bacillota	Clostridia	Lachnospirales	Lachnospiraceae	Gallintestinimicrobium	Gallintestinimicrobium propionicum	91.7	2.17	2702642	396	9510	49.326363	2694	45.0	0.6923076923	0.0165361154	0.010149891	0.015220686	0.12415444	1.074847501	45.0	0.1864245197
G04_bin.75	ANI95_cluster_00361	G07_bin.85	False	d__Bacteria;p__Bacillota;c__Clostridia;o__Christensenellales;f__Aristaeellaceae;g__UBA11524;s__UBA11524 sp000437595	Bacteria	Bacillota	Clostridia	Christensenellales	Aristaeellaceae	UBA11524	UBA11524 sp000437595	98.6	2.56	3202410	100	49889	57.781015	2707	31.0	0.4769230769	0.02799413255	0.0	0.024902407	0.76523274	1.819618616	31.0	0.1185496444
G04_bin.77	ANI95_cluster_00173	C07_bin.25	False	d__Bacteria;p__Bacillota;c__Clostridia;o__Lachnospirales;f__Lachnospiraceae;g__Anaerobutyricum;s__Anaerobutyricum hallii	Bacteria	Bacillota	Clostridia	Lachnospirales	Lachnospiraceae	Anaerobutyricum	Anaerobutyricum hallii	95.97	5.18	4966880	694	11542	38.365131	5165	62.0	0.9538461538	0.03656363496	0.027229289	0.027416849	0.14427273	2.376636272	62.0	0.318150149
G04_bin.78	ANI95_cluster_00193	D01_bin.64	False	d__Bacteria;p__Bacteroidota;c__Bacteroidia;o__Bacteroidales;f__Bacteroidaceae;g__Bacteroides;s__Bacteroides uniformis	Bacteria	Bacteroidota	Bacteroidia	Bacteroidales	Bacteroidaceae	Bacteroides	Bacteroides uniformis	87.89	2.54	3787627	60	90633	46.900658	3108	63.0	0.9692307692	0.1529433456	0.09321899	0.10910263	0.5630958	9.941317461	63.0	0.5653429943
G04_bin.79	ANI95_cluster_00342	G04_bin.79	True	d__Bacteria;p__Pseudomonadota;c__Gammaproteobacteria;o__Burkholderiales;f__Burkholderiaceae_F;g__Parasutterella;s__Parasutterella excrementihominis	Bacteria	Pseudomonadota	Gammaproteobacteria	Burkholderiales	Burkholderiaceae_F	Parasutterella	Parasutterella excrementihominis	96.25	0.73	2384958	93	43235	48.780901	2167	31.0	0.4769230769	0.01384212305	0.0	0.024311196	0.14019312	0.8997379985	31.0	0.186779586
G04_bin.8	ANI95_cluster_00267	E06_bin.85	False	d__Bacteria;p__Bacteroidota;c__Bacteroidia;o__Bacteroidales;f__Rikenellaceae;g__Alistipes;s__Alistipes shahii	Bacteria	Bacteroidota	Bacteroidia	Bacteroidales	Rikenellaceae	Alistipes	Alistipes shahii	91.99	0.02	2497760	29	139671	60.085917	2051	45.0	0.6923076923	0.07474684651	0.03474636	0.06396662	0.57556105	4.858545023	45.0	0.4440292963
G04_bin.82	ANI95_cluster_00281	F02_bin.63	False	d__Bacteria;p__Actinomycetota;c__Actinomycetes;o__Actinomycetales;f__Bifidobacteriaceae;g__Bifidobacterium;s__Bifidobacterium bifidum	Bacteria	Actinomycetota	Actinomycetes	Actinomycetales	Bifidobacteriaceae	Bifidobacterium	Bifidobacterium bifidum	89.46	0.8	2201888	141	24801	63.040445	1919	19.0	0.2923076923	0.01553301307	0.0	0.024065439	0.29472333	1.00964585	19.0	0.1219148303
G04_bin.83	ANI95_cluster_00286	F03_bin.13	False	d__Bacteria;p__Bacteroidota;c__Bacteroidia;o__Bacteroidales;f__Rikenellaceae;g__Alistipes;s__Alistipes finegoldii	Bacteria	Bacteroidota	Bacteroidia	Bacteroidales	Rikenellaceae	Alistipes	Alistipes finegoldii	96.31	0.0	2610402	42	97242	59.111470	2170	50.0	0.7692307692	0.08530092404	0.024390599	0.0361958215	1.1138991	5.544560063	50.0	0.3999110835
G04_bin.86	ANI95_cluster_00302	F06_bin.75	False	d__Bacteria;p__Bacillota;c__Clostridia;o__Oscillospirales;f__Oscillospiraceae;g__Hominicoprocola;s__Hominicoprocola fusiformis	Bacteria	Bacillota	Clostridia	Oscillospirales	Oscillospiraceae	Hominicoprocola	Hominicoprocola fusiformis	93.96	0.0	2006225	59	56416	58.794751	1975	48.0	0.7384615385	0.03545294399	0.024962885	0.030786634	0.38167098	2.304441359	48.0	0.2447032364
G04_bin.89	ANI95_cluster_00343	G04_bin.89	True	d__Bacteria;p__Bacillota_I;c__Bacilli_A;o__RF39;f__UBA660;g__CAG-302;s__CAG-302 sp934162325	Bacteria	Bacillota_I	Bacilli_A	RF39	UBA660	CAG-302	CAG-302 sp934162325	94.67	1.33	1313772	25	76990	26.028946	1369	13.0	0.2	0.01312093706	0.0	0.012894284	0.3692182	0.8528609092	13.0	0.07233191646
G04_bin.90	ANI95_cluster_00344	G04_bin.90	True	d__Bacteria;p__Bacteroidota;c__Bacteroidia;o__Bacteroidales;f__Bacteroidaceae;g__Bacteroides;s__Bacteroides stercoris	Bacteria	Bacteroidota	Bacteroidia	Bacteroidales	Bacteroidaceae	Bacteroides	Bacteroides stercoris	83.1	0.0	3530823	84	63484	46.195660	2944	23.0	0.3538461538	0.624204457	0.0	0.36829132	12.363303	40.5732897	23.0	0.2556789083
G04_bin.93	ANI95_cluster_00029	A05_bin.5	False	d__Archaea;p__Methanobacteriota;c__Methanobacteria;o__Methanobacteriales;f__Methanobacteriaceae;g__Methanocatella;s__Methanocatella smithii	Archaea	Methanobacteriota	Methanobacteria	Methanobacteriales	Methanobacteriaceae	Methanocatella	Methanocatella smithii	86.89	0.8	1293784	131	15158	31.763648	1374	16.0	0.2461538462	0.009153630754	0.0	0.0301791515	0.16613975	0.594985999	16.0	0.1198573994
G04_bin.96	ANI95_cluster_00222	D08_bin.21	False	d__Bacteria;p__Bacteroidota;c__Bacteroidia;o__Bacteroidales;f__Rikenellaceae;g__Alistipes;s__Alistipes putredinis	Bacteria	Bacteroidota	Bacteroidia	Bacteroidales	Rikenellaceae	Alistipes	Alistipes putredinis	87.74	0.96	1891888	21	131729	54.496619	1661	52.0	0.8	0.1685389987	0.07359557	0.128334145	0.9666887	10.95503491	52.0	0.5032224128
G04_bin.97	ANI95_cluster_00212	D06_bin.25	False	d__Bacteria;p__Bacillota;c__Clostridia;o__Oscillospirales;f__Ruminococcaceae;g__CAG-115;s__CAG-115 sp003531585	Bacteria	Bacillota	Clostridia	Oscillospirales	Ruminococcaceae	CAG-115	CAG-115 sp003531585	91.28	0.0	2458532	62	71355	53.287328	2205	28.0	0.4307692308	0.02212257242	0.0	0.0181703215	0.27231523	1.437967207	28.0	0.1476254806
G05_bin.10	ANI95_cluster_00345	G05_bin.10	True	d__Bacteria;p__Bacillota;c__Clostridia;o__Christensenellales;f__CAG-138;g__Phil1;s__Phil1 sp001940855	Bacteria	Bacillota	Clostridia	Christensenellales	CAG-138	Phil1	Phil1 sp001940855	99.19	0.0	2080408	33	75729	52.825840	1965	14.0	0.2153846154	0.01743789306	0.0	0.0216178215	0.8504901	1.133463049	14.0	0.06968596846
G05_bin.101	ANI95_cluster_00222	D08_bin.21	False	d__Bacteria;p__Bacteroidota;c__Bacteroidia;o__Bacteroidales;f__Rikenellaceae;g__Alistipes;s__Alistipes putredinis	Bacteria	Bacteroidota	Bacteroidia	Bacteroidales	Rikenellaceae	Alistipes	Alistipes putredinis	98.08	6.81	2563671	64	70498	54.471420	2324	51.0	0.7846153846	0.118063337	0.09384424	0.11928202	0.47932535	7.674116907	51.0	0.4102368989
G05_bin.105	ANI95_cluster_00051	A09_bin.16	False	d__Bacteria;p__Bacillota;c__Clostridia;o__Oscillospirales;f__Oscillospiraceae;g__CAG-103;s__CAG-103 sp900317855	Bacteria	Bacillota	Clostridia	Oscillospirales	Oscillospiraceae	CAG-103	CAG-103 sp900317855	86.58	3.69	2056373	91	37558	62.240800	1995	12.0	0.1846153846	0.01070094052	0.0	0.013332022	0.42539456	0.6955611335	13.0	0.05703247
G05_bin.12	ANI95_cluster_00061	B01_bin.9	False	d__Bacteria;p__Verrucomicrobiota;c__Verrucomicrobiia;o__Verrucomicrobiales;f__Akkermansiaceae;g__Akkermansia;s__Akkermansia muciniphila	Bacteria	Verrucomicrobiota	Verrucomicrobiia	Verrucomicrobiales	Akkermansiaceae	Akkermansia	Akkermansia muciniphila	95.92	0.0	2603675	26	116615	55.815338	2213	25.0	0.3846153846	0.01920190687	0.0	0.028972661	0.24447374	1.248123947	25.0	0.1461959674
G05_bin.13	ANI95_cluster_00346	G05_bin.13	True	d__Bacteria;p__Bacillota;c__Clostridia;o__Oscillospirales;f__Acutalibacteraceae;g__Ruminococcoides;s__Ruminococcoides intestinale	Bacteria	Bacillota	Clostridia	Oscillospirales	Acutalibacteraceae	Ruminococcoides	Ruminococcoides intestinale	98.66	0.67	1913307	16	221917	41.160880	1766	40.0	0.6153846154	0.04846401854	0.01343874	0.040269448	0.2991769	3.150161205	40.0	0.2401536682
G05_bin.14	ANI95_cluster_00019	A04_bin.71	False	d__Bacteria;p__Bacteroidota;c__Bacteroidia;o__Bacteroidales;f__Rikenellaceae;g__Alistipes_A;s__Alistipes_A ihumii	Bacteria	Bacteroidota	Bacteroidia	Bacteroidales	Rikenellaceae	Alistipes_A	Alistipes_A ihumii	89.42	0.0	2381398	29	115544	58.495514	1918	25.0	0.3846153846	0.01395763876	0.0	0.016633812	0.23638768	0.9072465195	25.0	0.1522395805
G05_bin.15	ANI95_cluster_00347	G05_bin.15	True	d__Bacteria;p__Bacillota;c__Clostridia;o__Lachnospirales;f__Lachnospiraceae;g__Maccoyibacter;s__Maccoyibacter intestinihominis	Bacteria	Bacillota	Clostridia	Lachnospirales	Lachnospiraceae	Maccoyibacter	Maccoyibacter intestinihominis	93.97	0.45	2202058	52	67622	41.837953	2133	47.0	0.7230769231	0.02511613957	0.015375787	0.026676673	0.22306722	1.632549072	47.0	0.3181599889
G05_bin.17	ANI95_cluster_00406	H04_bin.57	False	d__Bacteria;p__Bacillota;c__Clostridia;o__Oscillospirales;f__Ruminococcaceae;g__Gemmiger;s__Gemmiger formicilis	Bacteria	Bacillota	Clostridia	Oscillospirales	Ruminococcaceae	Gemmiger	Gemmiger formicilis	92.97	1.36	2291391	128	31234	60.815243	1999	51.0	0.7846153846	0.02093507274	0.011388974	0.013769924	0.1652723	1.360779728	51.0	0.2051136496
G05_bin.22	ANI95_cluster_00348	G05_bin.22	True	d__Bacteria;p__Bacillota;c__Clostridia;o__Christensenellales;f__CAG-138;g__PeH17;s__PeH17 sp000435055	Bacteria	Bacillota	Clostridia	Christensenellales	CAG-138	PeH17	PeH17 sp000435055	97.18	1.4	1953159	35	65271	49.464688	1726	27.0	0.4153846154	0.02070910576	0.0	0.01641497	0.48199278	1.346091874	27.0	0.1471490369
G05_bin.24	ANI95_cluster_00320	F08_bin.63	False	d__Bacteria;p__Bacteroidota;c__Bacteroidia;o__Bacteroidales;f__Muribaculaceae;g__Muribaculum;s__Muribaculum sp001701195	Bacteria	Bacteroidota	Bacteroidia	Bacteroidales	Muribaculaceae	Muribaculum	Muribaculum sp001701195	83.82	0.13	2390304	488	5889	49.720872	2419	3.0	0.04615384615	0.003146440246	0.0	0.0385845	0.12810947	0.204518616	3.0	0.03103396723
G05_bin.28	ANI95_cluster_00419	H06_bin.61	False	d__Bacteria;p__Bacillota;c__Clostridia;o__Lachnospirales;f__Lachnospiraceae;g__Fusicatenibacter;s__Fusicatenibacter saccharivorans	Bacteria	Bacillota	Clostridia	Lachnospirales	Lachnospiraceae	Fusicatenibacter	Fusicatenibacter saccharivorans	91.7	6.01	2806061	547	6730	48.525353	2838	61.0	0.9384615385	0.0244800951	0.015197962	0.017442154	0.09203569	1.591206181	60.0	0.3175622058
G05_bin.34	ANI95_cluster_00034	A06_bin.107	False	d__Bacteria;p__Bacteroidota;c__Bacteroidia;o__Bacteroidales;f__Marinifilaceae;g__Odoribacter;s__Odoribacter splanchnicus	Bacteria	Bacteroidota	Bacteroidia	Bacteroidales	Marinifilaceae	Odoribacter	Odoribacter splanchnicus	92.37	1.34	3478732	585	8415	43.562568	3263	50.0	0.7692307692	0.01058645948	0.009259534	0.010368051	0.042532183	0.6881198661	50.0	0.202600205
G05_bin.35	ANI95_cluster_00133	B09_bin.61	False	d__Bacteria;p__Bacillota;c__Clostridia;o__Oscillospirales;f__Ruminococcaceae;g__Hominimerdicola;s__Hominimerdicola aceti	Bacteria	Bacillota	Clostridia	Oscillospirales	Ruminococcaceae	Hominimerdicola	Hominimerdicola aceti	87.29	0.68	2272321	383	7673	43.260393	2308	36.0	0.5538461538	0.01214067227	0.0057715443	0.010809031	0.10229315	0.7891436975	36.0	0.1390431198
G05_bin.38	ANI95_cluster_00128	B08_bin.66	False	d__Bacteria;p__Bacteroidota;c__Bacteroidia;o__Bacteroidales;f__Rikenellaceae;g__Alistipes;s__Alistipes communis	Bacteria	Bacteroidota	Bacteroidia	Bacteroidales	Rikenellaceae	Alistipes	Alistipes communis	95.67	1.44	2571580	31	134438	60.206021	2088	40.0	0.6153846154	0.03580306534	0.0150572	0.03582304	0.31589317	2.327199247	40.0	0.2859522972
G05_bin.39	ANI95_cluster_00374	H01_bin.103	False	d__Bacteria;p__Bacteroidota;c__Bacteroidia;o__Bacteroidales;f__Muribaculaceae;g__Lepagella;s__Lepagella sp000437495	Bacteria	Bacteroidota	Bacteroidia	Bacteroidales	Muribaculaceae	Lepagella	Lepagella sp000437495	80.82	0.02	2166427	67	52039	52.493576	1787	2.0	0.03076923077	0.03295595615	0.0	1.071068575	1.6367502	2.14213715	2.0	0.02916330462
G05_bin.40	ANI95_cluster_00077	B03_bin.49	False	d__Bacteria;p__Bacillota;c__Clostridia;o__Oscillospirales;f__Acutalibacteraceae;g__Eubacterium_R;s__Eubacterium_R sp000433975	Bacteria	Bacillota	Clostridia	Oscillospirales	Acutalibacteraceae	Eubacterium_R	Eubacterium_R sp000433975	80.38	1.9	1499659	333	5453	44.369287	1597	7.0	0.1076923077	0.09176364104	0.0	0.092583805	3.0881248	5.964636668	7.0	0.07727708625
G05_bin.41	ANI95_cluster_00355	G06_bin.24	False	d__Bacteria;p__Bacillota;c__Clostridia;o__Oscillospirales;f__Oscillospiraceae;g__CAG-170;s__CAG-170 sp000432135	Bacteria	Bacillota	Clostridia	Oscillospirales	Oscillospiraceae	CAG-170	CAG-170 sp000432135	93.48	7.68	2888949	374	12057	58.002720	2910	41.0	0.6307692308	0.03802934255	0.017448068	0.027362267	0.5131072	2.471907266	41.0	0.2387113471
G05_bin.42	ANI95_cluster_00312	F07_bin.74	False	d__Bacteria;p__Bacillota;c__Clostridia;o__Lachnospirales;f__Lachnospiraceae;g__Coprococcus;s__Coprococcus aceti	Bacteria	Bacillota	Clostridia	Lachnospirales	Lachnospiraceae	Coprococcus	Coprococcus aceti	92.84	0.34	2562674	168	21275	44.635603	2320	19.0	0.2923076923	0.0104735154	0.0	0.025270391	0.10356739	0.6807785009	19.0	0.1205154764
G05_bin.44	ANI95_cluster_00349	G05_bin.44	True	d__Bacteria;p__Bacteroidota;c__Bacteroidia;o__Bacteroidales;f__Bacteroidaceae;g__Bacteroides;s__Bacteroides hominis	Bacteria	Bacteroidota	Bacteroidia	Bacteroidales	Bacteroidaceae	Bacteroides	Bacteroides hominis	91.88	1.24	4555723	84	89741	44.040189	3789	3.0	0.04615384615	0.04743944569	0.0	0.53394324	2.2367198	3.08356397	3.0	0.04064832062
G05_bin.45	ANI95_cluster_00146	C04_bin.103	False	d__Bacteria;p__Bacillota;c__Clostridia;o__Oscillospirales;f__Acutalibacteraceae;g__CAG-177;s__CAG-177 sp003514385	Bacteria	Bacillota	Clostridia	Oscillospirales	Acutalibacteraceae	CAG-177	CAG-177 sp003514385	97.27	0.0	2129602	15	263926	51.540663	1986	10.0	0.1538461538	0.03048864321	0.0	0.019173608	0.9747594	1.981761809	10.0	0.04868843277
G05_bin.58	ANI95_cluster_00021	A04_bin.93	False	d__Bacteria;p__Bacillota;c__Clostridia;o__Oscillospirales;f__Ruminococcaceae;g__Gemmiger;s__Gemmiger qucibialis	Bacteria	Bacillota	Clostridia	Oscillospirales	Ruminococcaceae	Gemmiger	Gemmiger qucibialis	93.91	1.81	2365296	336	9788	56.643185	2173	50.0	0.7692307692	0.01477570496	0.011102993	0.015453857	0.08599524	0.9604208224	50.0	0.2225479729
G05_bin.60	ANI95_cluster_00399	H03_bin.66	False	d__Bacteria;p__Bacillota;c__Clostridia;o__Christensenellales;f__Borkfalkiaceae;g__UMGS621;s__UMGS621 sp900543915	Bacteria	Bacillota	Clostridia	Christensenellales	Borkfalkiaceae	UMGS621	UMGS621 sp900543915	91.12	3.23	1830086	304	8045	55.553455	1791	14.0	0.2153846154	0.004251170462	0.0	0.011439539	0.11805275	0.27632608	14.0	0.06250778125
G05_bin.64	ANI95_cluster_00342	G04_bin.79	False	d__Bacteria;p__Pseudomonadota;c__Gammaproteobacteria;o__Burkholderiales;f__Burkholderiaceae_F;g__Parasutterella;s__Parasutterella excrementihominis	Bacteria	Pseudomonadota	Gammaproteobacteria	Burkholderiales	Burkholderiaceae_F	Parasutterella	Parasutterella excrementihominis	97.19	1.4	2278750	332	10873	49.049128	2306	27.0	0.4153846154	0.01070675933	0.0	0.021514198	0.076796725	0.6959393566	27.0	0.1604260182
G05_bin.65	ANI95_cluster_00361	G07_bin.85	False	d__Bacteria;p__Bacillota;c__Clostridia;o__Christensenellales;f__Aristaeellaceae;g__UBA11524;s__UBA11524 sp000437595	Bacteria	Bacillota	Clostridia	Christensenellales	Aristaeellaceae	UBA11524	UBA11524 sp000437595	99.3	1.86	2926442	97	42360	58.392580	2462	31.0	0.4769230769	0.02894215248	0.0	0.021345777	1.046138	1.881239911	31.0	0.1163311042
G05_bin.66	ANI95_cluster_00364	G08_bin.17	False	d__Bacteria;p__Bacillota;c__Clostridia;o__Oscillospirales;f__Oscillospiraceae;g__Hominicoprocola;s__Hominicoprocola sp900317525	Bacteria	Bacillota	Clostridia	Oscillospirales	Oscillospiraceae	Hominicoprocola	Hominicoprocola sp900317525	90.43	6.01	1739934	228	10818	62.268224	1824	43.0	0.6615384615	0.01816867465	0.010202531	0.02025834	0.125281	1.180963852	43.0	0.2209248448
G05_bin.67	ANI95_cluster_00350	G05_bin.67	True	d__Bacteria;p__Bacteroidota;c__Bacteroidia;o__Bacteroidales;f__Marinifilaceae;g__Butyricimonas;s__Butyricimonas paravirosa	Bacteria	Bacteroidota	Bacteroidia	Bacteroidales	Marinifilaceae	Butyricimonas	Butyricimonas paravirosa	96.24	0.59	5073099	166	49993	42.873459	4136	16.0	0.2461538462	0.008066204766	0.0	0.023791116	0.15784931	0.5243033098	16.0	0.08394492646
G05_bin.68	ANI95_cluster_00279	F02_bin.29	False	d__Bacteria;p__Bacillota;c__Clostridia;o__Oscillospirales;f__Oscillospiraceae;g__Vescimonas;s__Vescimonas cirricatena	Bacteria	Bacillota	Clostridia	Oscillospirales	Oscillospiraceae	Vescimonas	Vescimonas cirricatena	89.95	5.15	2126111	52	66841	61.515744	2033	29.0	0.4461538462	0.0289579788	0.0	0.021654071	0.93226033	1.882268622	29.0	0.1598455366
G05_bin.7	ANI95_cluster_00035	A06_bin.108	False	d__Bacteria;p__Bacillota;c__Clostridia;o__Oscillospirales;f__Ruminococcaceae;g__Angelakisella;s__Angelakisella sp900547385	Bacteria	Bacillota	Clostridia	Oscillospirales	Ruminococcaceae	Angelakisella	Angelakisella sp900547385	81.28	0.34	1713195	226	10906	57.758282	1656	16.0	0.2461538462	0.03087857056	0.0	0.083491452	0.50990653	2.007107086	16.0	0.1633625874
G05_bin.71	ANI95_cluster_00351	G05_bin.71	True	d__Bacteria;p__Bacillota;c__Clostridia;o__Oscillospirales;f__Oscillospiraceae;g__F23-B02;s__F23-B02 sp002472405	Bacteria	Bacillota	Clostridia	Oscillospirales	Oscillospiraceae	F23-B02	F23-B02 sp002472405	90.56	0.67	1980187	110	28298	53.436418	1950	12.0	0.1846153846	0.008853574169	0.0	0.0214737815	0.21496218	0.575482321	12.0	0.06815424009
G05_bin.72	ANI95_cluster_00215	D06_bin.80	False	d__Bacteria;p__Bacillota;c__Clostridia;o__Christensenellales;f__CAG-138;g__SFEL01;s__SFEL01 sp004557245	Bacteria	Bacillota	Clostridia	Christensenellales	CAG-138	SFEL01	SFEL01 sp004557245	91.82	1.7	1733966	159	17918	53.757744	1704	19.0	0.2923076923	0.008523425888	0.0	0.019179048	0.12756698	0.5540226827	19.0	0.1065766458
G05_bin.75	ANI95_cluster_00193	D01_bin.64	False	d__Bacteria;p__Bacteroidota;c__Bacteroidia;o__Bacteroidales;f__Bacteroidaceae;g__Bacteroides;s__Bacteroides uniformis	Bacteria	Bacteroidota	Bacteroidia	Bacteroidales	Bacteroidaceae	Bacteroides	Bacteroides uniformis	82.71	1.95	3361309	173	31247	47.477277	2803	63.0	0.9692307692	0.1534942096	0.11724894	0.12539382	0.83124304	9.977123627	63.0	0.6298234923
G05_bin.76	ANI95_cluster_00352	G05_bin.76	True	d__Bacteria;p__Bacillota;c__Clostridia;o__Oscillospirales;f__CAG-382;g__Woodwardiibium;s__Woodwardiibium sp900760275	Bacteria	Bacillota	Clostridia	Oscillospirales	CAG-382	Woodwardiibium	Woodwardiibium sp900760275	80.9	8.05	1828617	535	3808	61.470335	1964	19.0	0.2923076923	0.01772899715	0.0	0.044403676	0.14528002	1.152384815	19.0	0.1677170406
G05_bin.78	ANI95_cluster_00353	G05_bin.78	True	d__Bacteria;p__Bacillota_I;c__Bacilli_A;o__RFN20;f__CAG-288;g__CAG-568;s__CAG-568 sp000434395	Bacteria	Bacillota_I	Bacilli_A	RFN20	CAG-288	CAG-568	CAG-568 sp000434395	84.27	1.12	1212090	56	34034	34.604939	976	5.0	0.07692307692	0.8014769708	0.0	10.713822	23.725756	52.09600311	5.0	0.06563531431
G05_bin.86	ANI95_cluster_00393	H03_bin.18	False	d__Bacteria;p__Bacillota_I;c__Bacilli_A;o__ML615J-28;f__CAG-313;g__CAG-313;s__CAG-313 sp000433035	Bacteria	Bacillota_I	Bacilli_A	ML615J-28	CAG-313	CAG-313	CAG-313 sp000433035	89.44	0.0	1531754	5	462080	28.476439	1374	15.0	0.2307692308	0.01124682506	0.0	0.02468946	0.31318176	0.7310436291	15.0	0.1159591414
G05_bin.89	ANI95_cluster_00126	B08_bin.39	False	d__Bacteria;p__Bacillota;c__Clostridia;o__Oscillospirales;f__Oscillospiraceae;g__Vescimonas;s__Vescimonas sanitatis	Bacteria	Bacillota	Clostridia	Oscillospirales	Oscillospiraceae	Vescimonas	Vescimonas sanitatis	81.88	0.34	1936462	108	40870	59.862781	1910	28.0	0.4307692308	0.03982294467	0.0	0.044777006	0.77127683	2.588491403	28.0	0.1741887729
G05_bin.9	ANI95_cluster_00395	H03_bin.22	False	d__Bacteria;p__Bacillota;c__Clostridia;o__Oscillospirales;f__Oscillospiraceae;g__Faecousia;s__Faecousia sp000434635	Bacteria	Bacillota	Clostridia	Oscillospirales	Oscillospiraceae	Faecousia	Faecousia sp000434635	91.37	6.66	2406574	218	15913	57.350449	2300	27.0	0.4153846154	0.01658976793	0.0	0.026818046	0.17388427	1.078334916	27.0	0.1759087717
G05_bin.90	ANI95_cluster_00083	B04_bin.18	False	d__Bacteria;p__Bacteroidota;c__Bacteroidia;o__Bacteroidales;f__Rikenellaceae;g__Alistipes;s__Alistipes onderdonkii	Bacteria	Bacteroidota	Bacteroidia	Bacteroidales	Rikenellaceae	Alistipes	Alistipes onderdonkii	92.72	0.91	2995958	34	169448	58.604526	2467	56.0	0.8615384615	0.1428206206	0.05944934	0.0693264975	0.9556986	9.283340336	56.0	0.5189320837
G05_bin.91	ANI95_cluster_00412	H05_bin.34	False	d__Bacteria;p__Pseudomonadota;c__Gammaproteobacteria;o__Enterobacterales;f__Enterobacteriaceae;g__Escherichia;s__Escherichia coli	Bacteria	Pseudomonadota	Gammaproteobacteria	Enterobacterales	Enterobacteriaceae	Escherichia	Escherichia coli	95.64	0.39	4357690	54	115291	50.829843	4062	15.0	0.2307692308	0.1463625494	0.0	0.019819774	9.127423	9.513565708	15.0	0.07771105862
G05_bin.96	ANI95_cluster_00052	A09_bin.21	False	d__Bacteria;p__Bacillota;c__Clostridia;o__Oscillospirales;f__Oscillospiraceae;g__CAG-170;s__CAG-170 sp900545925	Bacteria	Bacillota	Clostridia	Oscillospirales	Oscillospiraceae	CAG-170	CAG-170 sp900545925	83.55	3.69	2565017	281	14540	56.413817	2566	33.0	0.5076923077	0.02583420508	0.0065525295	0.027710874	0.27120462	1.67922333	33.0	0.2189492271
G05_bin.97	ANI95_cluster_00194	D01_bin.67	False	d__Bacteria;p__Actinomycetota;c__Coriobacteriia;o__Coriobacteriales;f__Coriobacteriaceae;g__Collinsella;s__Collinsella sp905215825	Bacteria	Actinomycetota	Coriobacteriia	Coriobacteriales	Coriobacteriaceae	Collinsella	Collinsella sp905215825	95.16	0.81	1861387	75	45967	60.351233	1601	38.0	0.5846153846	0.01898831426	0.008301173	0.0186850085	0.27479926	1.234240427	38.0	0.1319801029
G05_bin.98	ANI95_cluster_00358	G07_bin.107	False	d__Bacteria;p__Bacillota;c__Clostridia;o__Lachnospirales;f__Lachnospiraceae;g__Roseburia;s__Roseburia faecis	Bacteria	Bacillota	Clostridia	Lachnospirales	Lachnospiraceae	Roseburia	Roseburia faecis	91.06	2.24	2781291	55	106661	43.689028	2613	40.0	0.6153846154	0.02946526903	0.013207191	0.0324072985	0.2986429	1.915242487	40.0	0.239543426
G06_bin.14	ANI95_cluster_00354	G06_bin.14	True	d__Bacteria;p__Bacillota;c__Clostridia;o__Oscillospirales;f__Acutalibacteraceae;g__Eubacterium_R;s__Eubacterium_R sp000436835	Bacteria	Bacillota	Clostridia	Oscillospirales	Acutalibacteraceae	Eubacterium_R	Eubacterium_R sp000436835	96.24	1.9	1899439	155	22545	38.203175	1865	13.0	0.2	0.01552904425	0.0	0.0701281	0.18865304	1.009387876	13.0	0.1442916975
G06_bin.15	ANI95_cluster_00143	C03_bin.49	False	d__Bacteria;p__Actinomycetota;c__Actinomycetes;o__Actinomycetales;f__Bifidobacteriaceae;g__Bifidobacterium;s__Bifidobacterium longum	Bacteria	Actinomycetota	Actinomycetes	Actinomycetales	Bifidobacteriaceae	Bifidobacterium	Bifidobacterium longum	94.85	1.84	2162182	112	33064	60.325588	1842	53.0	0.8153846154	0.02336214451	0.013006568	0.015675496	0.20448855	1.518539393	53.0	0.3066813934
G06_bin.16	ANI95_cluster_00209	D05_bin.78	False	d__Bacteria;p__Bacillota;c__Clostridia;o__Christensenellales;f__Aristaeellaceae;g__Limiplasma;s__Limiplasma merdipullorum	Bacteria	Bacillota	Clostridia	Christensenellales	Aristaeellaceae	Limiplasma	Limiplasma merdipullorum	95.65	0.27	3081932	119	39353	60.604614	2821	19.0	0.2923076923	0.01005292893	0.0	0.018866673	0.29248732	0.6534403804	19.0	0.1011612051
G06_bin.18	ANI95_cluster_00053	A09_bin.36	False	d__Bacteria;p__Bacillota;c__Clostridia;o__Oscillospirales;f__Oscillospiraceae;g__Oscillibacter;s__Oscillibacter segnis	Bacteria	Bacillota	Clostridia	Oscillospirales	Oscillospiraceae	Oscillibacter	Oscillibacter segnis	93.34	6.94	2450503	404	7511	57.803724	2600	50.0	0.7692307692	0.031829537	0.027437853	0.032931922	0.19418587	2.068919905	50.0	0.2559167847
G06_bin.19	ANI95_cluster_00061	B01_bin.9	False	d__Bacteria;p__Verrucomicrobiota;c__Verrucomicrobiia;o__Verrucomicrobiales;f__Akkermansiaceae;g__Akkermansia;s__Akkermansia muciniphila	Bacteria	Verrucomicrobiota	Verrucomicrobiia	Verrucomicrobiales	Akkermansiaceae	Akkermansia	Akkermansia muciniphila	97.96	0.0	2698048	21	196679	55.390008	2275	27.0	0.4153846154	0.0390708527	0.0	0.020579273	0.9725855	2.539605426	27.0	0.1632964575
G06_bin.21	ANI95_cluster_00015	A03_bin.21	False	d__Bacteria;p__Bacillota;c__Clostridia;o__Lachnospirales;f__Lachnospiraceae;g__Hominisplanchenecus;s__Hominisplanchenecus faecis	Bacteria	Bacillota	Clostridia	Lachnospirales	Lachnospiraceae	Hominisplanchenecus	Hominisplanchenecus faecis	97.47	6.01	2683568	128	35981	44.662666	2356	43.0	0.6615384615	0.02882135931	0.008112609	0.018843355	0.6234446	1.873388355	43.0	0.2324913885
G06_bin.24	ANI95_cluster_00355	G06_bin.24	True	d__Bacteria;p__Bacillota;c__Clostridia;o__Oscillospirales;f__Oscillospiraceae;g__CAG-170;s__CAG-170 sp000432135	Bacteria	Bacillota	Clostridia	Oscillospirales	Oscillospiraceae	CAG-170	CAG-170 sp000432135	89.26	0.85	2167375	58	60275	58.850637	1991	38.0	0.5846153846	0.02719984194	0.009867106	0.026038469	0.28199872	1.767989726	38.0	0.2339716448
G06_bin.25	ANI95_cluster_00184	C08_bin.68	False	d__Bacteria;p__Bacteroidota;c__Bacteroidia;o__Bacteroidales;f__Bacteroidaceae;g__Paraprevotella;s__Paraprevotella clara	Bacteria	Bacteroidota	Bacteroidia	Bacteroidales	Bacteroidaceae	Paraprevotella	Paraprevotella clara	93.85	0.0	3595784	128	52047	48.780405	2937	12.0	0.1846153846	0.01651389777	0.0	0.0605117985	0.22784415	1.073403355	12.0	0.08962199077
G06_bin.26	ANI95_cluster_00272	E07_bin.69	False	d__Bacteria;p__Bacillota;c__Clostridia;o__Oscillospirales;f__Oscillospiraceae;g__Oscillibacter;s__Oscillibacter welbionis	Bacteria	Bacillota	Clostridia	Oscillospirales	Oscillospiraceae	Oscillibacter	Oscillibacter welbionis	94.64	4.74	2439600	201	19597	61.977947	2502	56.0	0.8615384615	0.02491981842	0.015275581	0.018378757	0.15137665	1.619788197	56.0	0.3113652439
G06_bin.3	ANI95_cluster_00083	B04_bin.18	False	d__Bacteria;p__Bacteroidota;c__Bacteroidia;o__Bacteroidales;f__Rikenellaceae;g__Alistipes;s__Alistipes onderdonkii	Bacteria	Bacteroidota	Bacteroidia	Bacteroidales	Rikenellaceae	Alistipes	Alistipes onderdonkii	85.07	4.09	2705067	38	112042	58.887525	2229	56.0	0.8615384615	0.2422108329	0.17799194	0.2164432	1.0870637	15.74370414	56.0	0.5157882065
G06_bin.30	ANI95_cluster_00034	A06_bin.107	False	d__Bacteria;p__Bacteroidota;c__Bacteroidia;o__Bacteroidales;f__Marinifilaceae;g__Odoribacter;s__Odoribacter splanchnicus	Bacteria	Bacteroidota	Bacteroidia	Bacteroidales	Marinifilaceae	Odoribacter	Odoribacter splanchnicus	97.85	0.0	4033527	81	83660	43.567453	3258	50.0	0.7692307692	0.0106818044	0.007132317	0.0093310775	0.077338584	0.6943172857	50.0	0.2230757035
G06_bin.32	ANI95_cluster_00066	B02_bin.41	False	d__Bacteria;p__Bacillota;c__Clostridia;o__Lachnospirales;f__Lachnospiraceae;g__Dorea_A;s__Dorea_A longicatena	Bacteria	Bacillota	Clostridia	Lachnospirales	Lachnospiraceae	Dorea_A	Dorea_A longicatena	86.07	8.67	2884446	139	40133	41.748502	2763	60.0	0.9230769231	0.03762153099	0.02374383	0.0250965745	0.25928822	2.445399514	60.0	0.3544415709
G06_bin.36	ANI95_cluster_00217	D07_bin.25	False	d__Bacteria;p__Actinomycetota;c__Coriobacteriia;o__Coriobacteriales;f__Eggerthellaceae;g__Adlercreutzia;s__Adlercreutzia rubneri	Bacteria	Actinomycetota	Coriobacteriia	Coriobacteriales	Eggerthellaceae	Adlercreutzia	Adlercreutzia rubneri	83.76	2.42	2368865	475	6415	63.591256	2359	41.0	0.6307692308	0.0139729563	0.00560752	0.009139273	0.22375304	0.9082421593	41.0	0.1464826662
G06_bin.43	ANI95_cluster_00019	A04_bin.71	False	d__Bacteria;p__Bacteroidota;c__Bacteroidia;o__Bacteroidales;f__Rikenellaceae;g__Alistipes_A;s__Alistipes_A ihumii	Bacteria	Bacteroidota	Bacteroidia	Bacteroidales	Rikenellaceae	Alistipes_A	Alistipes_A ihumii	97.6	0.0	2586214	34	105204	58.359324	2105	28.0	0.4307692308	0.0158002487	0.0	0.021063859	0.23636125	1.027016165	28.0	0.1426340055
G06_bin.44	ANI95_cluster_00133	B09_bin.61	False	d__Bacteria;p__Bacillota;c__Clostridia;o__Oscillospirales;f__Ruminococcaceae;g__Hominimerdicola;s__Hominimerdicola aceti	Bacteria	Bacillota	Clostridia	Oscillospirales	Ruminococcaceae	Hominimerdicola	Hominimerdicola aceti	93.15	0.0	2441852	61	63680	43.003958	2222	36.0	0.5538461538	0.01440445562	0.005614586	0.01151345525	0.1489716	0.9362896151	36.0	0.1463904699
G06_bin.45	ANI95_cluster_00086	B04_bin.53	False	d__Bacteria;p__Bacillota;c__Clostridia;o__Oscillospirales;f__Oscillospiraceae;g__Lawsonibacter;s__Lawsonibacter asaccharolyticus	Bacteria	Bacillota	Clostridia	Oscillospirales	Oscillospiraceae	Lawsonibacter	Lawsonibacter asaccharolyticus	90.68	3.04	2464557	435	7408	62.236946	2599	53.0	0.8153846154	0.0189707511	0.0125025315	0.013916743	0.09309595	1.233098822	53.0	0.2905654172
G06_bin.46	ANI95_cluster_00021	A04_bin.93	False	d__Bacteria;p__Bacillota;c__Clostridia;o__Oscillospirales;f__Ruminococcaceae;g__Gemmiger;s__Gemmiger qucibialis	Bacteria	Bacillota	Clostridia	Oscillospirales	Ruminococcaceae	Gemmiger	Gemmiger qucibialis	93.92	0.68	2591986	229	15974	56.228236	2257	54.0	0.8307692308	0.02188242163	0.016618414	0.0191111935	0.27724925	1.422357406	54.0	0.2258133154
G06_bin.47	ANI95_cluster_00302	F06_bin.75	False	d__Bacteria;p__Bacillota;c__Clostridia;o__Oscillospirales;f__Oscillospiraceae;g__Hominicoprocola;s__Hominicoprocola fusiformis	Bacteria	Bacillota	Clostridia	Oscillospirales	Oscillospiraceae	Hominicoprocola	Hominicoprocola fusiformis	81.88	0.67	1818982	48	55487	59.083652	1690	49.0	0.7538461538	0.02824557676	0.010479824	0.014139495	0.35940173	1.83596249	49.0	0.2399157675
G06_bin.57	ANI95_cluster_00177	C07_bin.89	False	d__Bacteria;p__Desulfobacterota;c__Desulfovibrionia;o__Desulfovibrionales;f__Desulfovibrionaceae;g__Bilophila;s__Bilophila wadsworthia	Bacteria	Desulfobacterota	Desulfovibrionia	Desulfovibrionales	Desulfovibrionaceae	Bilophila	Bilophila wadsworthia	99.11	0.0	4147625	272	23653	60.077321	3634	37.0	0.5692307692	0.009548947195	0.005934575	0.011028657	0.14458941	0.6206815677	36.0	0.1525053486
G06_bin.58	ANI95_cluster_00343	G04_bin.89	False	d__Bacteria;p__Bacillota_I;c__Bacilli_A;o__RF39;f__UBA660;g__CAG-302;s__CAG-302 sp934162325	Bacteria	Bacillota_I	Bacilli_A	RF39	UBA660	CAG-302	CAG-302 sp934162325	92.7	2.25	1240041	24	93485	26.127926	1281	16.0	0.2461538462	0.01905469117	0.0	0.0137852125	0.53145367	1.238554926	15.0	0.09792750671
G06_bin.64	ANI95_cluster_00283	F02_bin.66	False	d__Bacteria;p__Bacteroidota;c__Bacteroidia;o__Bacteroidales;f__Rikenellaceae;g__Tidjanibacter;s__Tidjanibacter inops	Bacteria	Bacteroidota	Bacteroidia	Bacteroidales	Rikenellaceae	Tidjanibacter	Tidjanibacter inops	99.52	0.16	2266841	36	114089	56.901168	1959	28.0	0.4307692308	0.02370218366	0.0	0.037427372	0.1587012	1.540641938	28.0	0.2115817363
G06_bin.67	ANI95_cluster_00134	B09_bin.93	False	d__Bacteria;p__Bacillota;c__Clostridia;o__Oscillospirales;f__Oscillospiraceae;g__CAG-103;s__CAG-103 sp000432375	Bacteria	Bacillota	Clostridia	Oscillospirales	Oscillospiraceae	CAG-103	CAG-103 sp000432375	87.92	0.69	1852263	91	26844	62.313613	1754	32.0	0.4923076923	0.01258251115	0.0	0.0187007785	0.10237027	0.8178632245	32.0	0.170226905
G06_bin.70	ANI95_cluster_00358	G07_bin.107	False	d__Bacteria;p__Bacillota;c__Clostridia;o__Lachnospirales;f__Lachnospiraceae;g__Roseburia;s__Roseburia faecis	Bacteria	Bacillota	Clostridia	Lachnospirales	Lachnospiraceae	Roseburia	Roseburia faecis	97.34	2.05	2982036	60	89593	43.612753	2826	40.0	0.6153846154	0.02983307148	0.015158903	0.0307862515	0.22519632	1.939149646	40.0	0.2399121588
G06_bin.75	ANI95_cluster_00364	G08_bin.17	False	d__Bacteria;p__Bacillota;c__Clostridia;o__Oscillospirales;f__Oscillospiraceae;g__Hominicoprocola;s__Hominicoprocola sp900317525	Bacteria	Bacillota	Clostridia	Oscillospirales	Oscillospiraceae	Hominicoprocola	Hominicoprocola sp900317525	91.27	4.95	1619438	296	7111	62.389669	1750	43.0	0.6615384615	0.02056237767	0.009334836	0.013828245	0.17642477	1.336554548	42.0	0.232561524
G06_bin.77	ANI95_cluster_00356	G06_bin.77	True	d__Bacteria;p__Bacillota_I;c__Bacilli_A;o__RF39;f__UBA660;g__CAG-302;s__CAG-302 sp900543825	Bacteria	Bacillota_I	Bacilli_A	RF39	UBA660	CAG-302	CAG-302 sp900543825	92.37	1.12	1069961	16	139928	26.754713	1109	2.0	0.03076923077	0.009049502615	0.0	0.294108835	0.52645415	0.58821767	2.0	0.02725114308
G06_bin.79	ANI95_cluster_00044	A07_bin.65	False	d__Bacteria;p__Bacteroidota;c__Bacteroidia;o__Bacteroidales;f__Barnesiellaceae;g__Barnesiella;s__Barnesiella intestinihominis	Bacteria	Bacteroidota	Bacteroidia	Bacteroidales	Barnesiellaceae	Barnesiella	Barnesiella intestinihominis	99.62	0.0	3187362	32	238952	43.316605	2593	43.0	0.6615384615	0.05136765579	0.034151368	0.054052625	0.4506579	3.338897626	43.0	0.2939072978
G06_bin.82	ANI95_cluster_00050	A08_bin.91	False	d__Bacteria;p__Bacillota;c__Clostridia;o__Lachnospirales;f__Lachnospiraceae;g__Anaerostipes;s__Anaerostipes amylophilus	Bacteria	Bacillota	Clostridia	Lachnospirales	Lachnospiraceae	Anaerostipes	Anaerostipes amylophilus	90.44	2.71	2132481	93	42678	37.096180	2078	33.0	0.5076923077	0.01424667403	0.0030081442	0.019144198	0.11692448	0.9260338122	33.0	0.1984962838
G06_bin.83	ANI95_cluster_00193	D01_bin.64	False	d__Bacteria;p__Bacteroidota;c__Bacteroidia;o__Bacteroidales;f__Bacteroidaceae;g__Bacteroides;s__Bacteroides uniformis	Bacteria	Bacteroidota	Bacteroidia	Bacteroidales	Bacteroidaceae	Bacteroides	Bacteroides uniformis	87.32	5.98	3680910	178	33023	47.060944	3087	63.0	0.9692307692	0.171197364	0.10090819	0.1067182	1.4967855	11.12782866	63.0	0.5911042226
G06_bin.85	ANI95_cluster_00222	D08_bin.21	False	d__Bacteria;p__Bacteroidota;c__Bacteroidia;o__Bacteroidales;f__Rikenellaceae;g__Alistipes;s__Alistipes putredinis	Bacteria	Bacteroidota	Bacteroidia	Bacteroidales	Rikenellaceae	Alistipes	Alistipes putredinis	93.03	2.16	2080355	134	23258	54.875154	1899	51.0	0.7846153846	0.1626000808	0.088774204	0.14096467	0.8151567	10.56900526	51.0	0.4777003843
G06_bin.88	ANI95_cluster_00128	B08_bin.66	False	d__Bacteria;p__Bacteroidota;c__Bacteroidia;o__Bacteroidales;f__Rikenellaceae;g__Alistipes;s__Alistipes communis	Bacteria	Bacteroidota	Bacteroidia	Bacteroidales	Rikenellaceae	Alistipes	Alistipes communis	96.63	2.4	2759746	55	93998	59.731040	2259	40.0	0.6153846154	0.03584025536	0.013602428	0.030652324	0.27677688	2.329616598	40.0	0.2758678689
G06_bin.89	ANI95_cluster_00357	G06_bin.89	True	d__Bacteria;p__Bacteroidota;c__Bacteroidia;o__Bacteroidales;f__Rikenellaceae;g__Alistipes;s__Alistipes sp900541585	Bacteria	Bacteroidota	Bacteroidia	Bacteroidales	Rikenellaceae	Alistipes	Alistipes sp900541585	95.78	8.85	3248165	55	100325	60.060157	2553	11.0	0.1692307692	0.02017160452	0.0	0.027021656	0.68206173	1.311154294	11.0	0.04645846754
G06_bin.90	ANI95_cluster_00194	D01_bin.67	False	d__Bacteria;p__Actinomycetota;c__Coriobacteriia;o__Coriobacteriales;f__Coriobacteriaceae;g__Collinsella;s__Collinsella sp905215825	Bacteria	Actinomycetota	Coriobacteriia	Coriobacteriales	Coriobacteriaceae	Collinsella	Collinsella sp905215825	89.52	0.81	2052035	55	55037	59.903754	1722	34.0	0.5230769231	0.02732685394	0.0065733558	0.0176263345	0.82392716	1.776245506	34.0	0.1171268676
G06_bin.91	ANI95_cluster_00146	C04_bin.103	False	d__Bacteria;p__Bacillota;c__Clostridia;o__Oscillospirales;f__Acutalibacteraceae;g__CAG-177;s__CAG-177 sp003514385	Bacteria	Bacillota	Clostridia	Oscillospirales	Acutalibacteraceae	CAG-177	CAG-177 sp003514385	88.55	0.0	1990929	12	452216	51.804560	1870	16.0	0.2461538462	0.02641294677	0.0	0.0166419545	1.1506706	1.71684154	16.0	0.06605887954
G06_bin.94	ANI95_cluster_00406	H04_bin.57	False	d__Bacteria;p__Bacillota;c__Clostridia;o__Oscillospirales;f__Ruminococcaceae;g__Gemmiger;s__Gemmiger formicilis	Bacteria	Bacillota	Clostridia	Oscillospirales	Ruminococcaceae	Gemmiger	Gemmiger formicilis	88.44	1.36	2311266	106	35818	60.503032	2023	50.0	0.7692307692	0.02220192653	0.009257754	0.0145798385	0.27763227	1.443125224	50.0	0.209104453
G06_bin.95	ANI95_cluster_00419	H06_bin.61	False	d__Bacteria;p__Bacillota;c__Clostridia;o__Lachnospirales;f__Lachnospiraceae;g__Fusicatenibacter;s__Fusicatenibacter saccharivorans	Bacteria	Bacillota	Clostridia	Lachnospirales	Lachnospiraceae	Fusicatenibacter	Fusicatenibacter saccharivorans	97.58	3.24	2809076	337	12796	48.919075	2703	60.0	0.9230769231	0.02328657115	0.015264781	0.01611944775	0.08545019	1.513627125	60.0	0.3125846367
G06_bin.99	ANI95_cluster_00124	B07_bin.55	False	d__Bacteria;p__Bacillota;c__Clostridia;o__Lachnospirales;f__Lachnospiraceae;g__Coprococcus;s__Coprococcus ammoniilyticus	Bacteria	Bacillota	Clostridia	Lachnospirales	Lachnospiraceae	Coprococcus	Coprococcus ammoniilyticus	95.97	0.0	2490558	34	132851	41.446575	2163	10.0	0.1538461538	0.01393804132	0.0	0.041656926	0.25464317	0.9059726855	10.0	0.08670273231
G07_bin.1	ANI95_cluster_00061	B01_bin.9	False	d__Bacteria;p__Verrucomicrobiota;c__Verrucomicrobiia;o__Verrucomicrobiales;f__Akkermansiaceae;g__Akkermansia;s__Akkermansia muciniphila	Bacteria	Verrucomicrobiota	Verrucomicrobiia	Verrucomicrobiales	Akkermansiaceae	Akkermansia	Akkermansia muciniphila	97.96	0.0	2624207	26	162769	55.792321	2187	25.0	0.3846153846	0.01938932159	0.0	0.028621636	0.22767754	1.260305903	25.0	0.1449576903
G07_bin.103	ANI95_cluster_00034	A06_bin.107	False	d__Bacteria;p__Bacteroidota;c__Bacteroidia;o__Bacteroidales;f__Marinifilaceae;g__Odoribacter;s__Odoribacter splanchnicus	Bacteria	Bacteroidota	Bacteroidia	Bacteroidales	Marinifilaceae	Odoribacter	Odoribacter splanchnicus	94.62	0.0	3643619	135	44985	43.493653	3051	49.0	0.7538461538	0.01206518664	0.009250964	0.011169178	0.06406605	0.7842371314	49.0	0.2096777397
G07_bin.107	ANI95_cluster_00358	G07_bin.107	True	d__Bacteria;p__Bacillota;c__Clostridia;o__Lachnospirales;f__Lachnospiraceae;g__Roseburia;s__Roseburia faecis	Bacteria	Bacillota	Clostridia	Lachnospirales	Lachnospiraceae	Roseburia	Roseburia faecis	99.21	2.0	3072255	73	79397	43.384159	2924	40.0	0.6153846154	0.03922473324	0.01650789	0.030330931	0.39252532	2.549607661	40.0	0.2419073885
G07_bin.2	ANI95_cluster_00312	F07_bin.74	False	d__Bacteria;p__Bacillota;c__Clostridia;o__Lachnospirales;f__Lachnospiraceae;g__Coprococcus;s__Coprococcus aceti	Bacteria	Bacillota	Clostridia	Lachnospirales	Lachnospiraceae	Coprococcus	Coprococcus aceti	93.15	1.06	2606270	224	22372	44.580953	2379	19.0	0.2923076923	0.01214477198	0.0	0.02011516	0.18226255	0.7894101785	19.0	0.1192464695
G07_bin.23	ANI95_cluster_00021	A04_bin.93	False	d__Bacteria;p__Bacillota;c__Clostridia;o__Oscillospirales;f__Ruminococcaceae;g__Gemmiger;s__Gemmiger qucibialis	Bacteria	Bacillota	Clostridia	Oscillospirales	Ruminococcaceae	Gemmiger	Gemmiger qucibialis	95.95	2.49	2377385	285	11836	56.323355	2103	46.0	0.7076923077	0.01208457142	0.009447127	0.0116265345	0.08552369	0.785497142	46.0	0.1910530796
G07_bin.24	ANI95_cluster_00049	A08_bin.2	False	d__Bacteria;p__Actinomycetota;c__Coriobacteriia;o__Coriobacteriales;f__Eggerthellaceae;g__Anaerotardibacter;s__Anaerotardibacter sp000436075	Bacteria	Actinomycetota	Coriobacteriia	Coriobacteriales	Eggerthellaceae	Anaerotardibacter	Anaerotardibacter sp000436075	87.84	1.7	1564901	205	10890	53.205922	1534	27.0	0.4153846154	0.02234327184	0.0	0.03072868	0.23510796	1.452312669	27.0	0.2041137322
G07_bin.26	ANI95_cluster_00342	G04_bin.79	False	d__Bacteria;p__Pseudomonadota;c__Gammaproteobacteria;o__Burkholderiales;f__Burkholderiaceae_F;g__Parasutterella;s__Parasutterella excrementihominis	Bacteria	Pseudomonadota	Gammaproteobacteria	Burkholderiales	Burkholderiaceae_F	Parasutterella	Parasutterella excrementihominis	98.12	1.35	2512210	228	16782	48.917726	2448	26.0	0.4	0.01033657257	0.0	0.019194902	0.07975067	0.6718772173	26.0	0.1596745557
G07_bin.30	ANI95_cluster_00384	H02_bin.18	False	d__Bacteria;p__Actinomycetota;c__Actinomycetes;o__Actinomycetales;f__Bifidobacteriaceae;g__Bifidobacterium;s__Bifidobacterium adolescentis	Bacteria	Actinomycetota	Actinomycetes	Actinomycetales	Bifidobacteriaceae	Bifidobacterium	Bifidobacterium adolescentis	93.6	1.33	1862658	115	32336	60.024760	1576	51.0	0.7846153846	0.1217082839	0.036354385	0.08193711	1.0015914	7.911038453	51.0	0.4784326709
G07_bin.31	ANI95_cluster_00174	C07_bin.38	False	d__Bacteria;p__Bacillota;c__Clostridia;o__Oscillospirales;f__Ruminococcaceae;g__Ruminococcus_C;s__Ruminococcus_C sp000433635	Bacteria	Bacillota	Clostridia	Oscillospirales	Ruminococcaceae	Ruminococcus_C	Ruminococcus_C sp000433635	81.0	0.17	1643503	333	6497	46.905238	1725	22.0	0.3384615385	0.02136231617	0.0	0.036530458	0.20824824	1.388550551	22.0	0.1432713765
G07_bin.35	ANI95_cluster_00030	A05_bin.79	False	d__Bacteria;p__Bacillota;c__Clostridia;o__Oscillospirales;f__Acutalibacteraceae;g__Fimenecus;s__Fimenecus sp000432435	Bacteria	Bacillota	Clostridia	Oscillospirales	Acutalibacteraceae	Fimenecus	Fimenecus sp000432435	82.91	1.34	1692409	324	6412	44.744799	1788	19.0	0.2923076923	0.09679403671	0.0	0.10205244	2.9692287	6.291612386	19.0	0.1940837722
G07_bin.36	ANI95_cluster_00359	G07_bin.36	True	d__Bacteria;p__Cyanobacteriota;c__Vampirovibrionia;o__Gastranaerophilales;f__Gastranaerophilaceae;g__Zag111;s__Zag111 sp002102825	Bacteria	Cyanobacteriota	Vampirovibrionia	Gastranaerophilales	Gastranaerophilaceae	Zag111	Zag111 sp002102825	89.74	1.71	1834375	61	37461	32.265867	1854	4.0	0.06153846154	0.005757973569	0.0	0.09983052	0.17019026	0.374268282	4.0	0.04135764523
G07_bin.38	ANI95_cluster_00335	G03_bin.17	False	d__Bacteria;p__Bacillota;c__Clostridia;o__Oscillospirales;f__Oscillospiraceae;g__Vescimonas;s__Vescimonas sp900545585	Bacteria	Bacillota	Clostridia	Oscillospirales	Oscillospiraceae	Vescimonas	Vescimonas sp900545585	90.95	9.73	2182048	83	40120	61.520828	2015	20.0	0.3076923077	0.0324572342	0.0	0.026385662	0.4171471	2.109720223	20.0	0.108729794
G07_bin.40	ANI95_cluster_00222	D08_bin.21	False	d__Bacteria;p__Bacteroidota;c__Bacteroidia;o__Bacteroidales;f__Rikenellaceae;g__Alistipes;s__Alistipes putredinis	Bacteria	Bacteroidota	Bacteroidia	Bacteroidales	Rikenellaceae	Alistipes	Alistipes putredinis	86.3	2.16	1848009	92	35239	55.436905	1676	51.0	0.7846153846	0.1332139416	0.07484989	0.124532364	0.64498997	8.658906203	51.0	0.4718881757
G07_bin.42	ANI95_cluster_00113	B06_bin.6	False	d__Bacteria;p__Cyanobacteriota;c__Vampirovibrionia;o__Gastranaerophilales;f__Gastranaerophilaceae;g__CAG-196;s__CAG-196 sp002102975	Bacteria	Cyanobacteriota	Vampirovibrionia	Gastranaerophilales	Gastranaerophilaceae	CAG-196	CAG-196 sp002102975	83.48	1.71	2106633	163	20912	35.517625	2206	13.0	0.2	0.01318598916	0.0	0.034123592	0.2448962	0.8570892956	13.0	0.08936392877
G07_bin.43	ANI95_cluster_00140	C02_bin.89	False	d__Bacteria;p__Bacillota;c__Clostridia;o__Oscillospirales;f__Acutalibacteraceae;g__Hominenteromicrobium;s__Hominenteromicrobium mulieris	Bacteria	Bacillota	Clostridia	Oscillospirales	Acutalibacteraceae	Hominenteromicrobium	Hominenteromicrobium mulieris	83.52	3.58	1780701	369	5871	54.153786	1928	38.0	0.5846153846	0.01225741854	0.0050888937	0.0091332975	0.16049397	0.796732205	37.0	0.1447962087
G07_bin.44	ANI95_cluster_00272	E07_bin.69	False	d__Bacteria;p__Bacillota;c__Clostridia;o__Oscillospirales;f__Oscillospiraceae;g__Oscillibacter;s__Oscillibacter welbionis	Bacteria	Bacillota	Clostridia	Oscillospirales	Oscillospiraceae	Oscillibacter	Oscillibacter welbionis	90.99	5.11	2304872	219	14764	62.298817	2373	51.0	0.7846153846	0.01994632063	0.010272024	0.01400407	0.12947081	1.296510841	51.0	0.2892211194
G07_bin.45	ANI95_cluster_00302	F06_bin.75	False	d__Bacteria;p__Bacillota;c__Clostridia;o__Oscillospirales;f__Oscillospiraceae;g__Hominicoprocola;s__Hominicoprocola fusiformis	Bacteria	Bacillota	Clostridia	Oscillospirales	Oscillospiraceae	Hominicoprocola	Hominicoprocola fusiformis	95.3	3.91	1857144	205	12654	59.518110	1890	47.0	0.7230769231	0.02198421759	0.011014852	0.016935142	0.1488726	1.428974143	47.0	0.247836924
G07_bin.51	ANI95_cluster_00346	G05_bin.13	False	d__Bacteria;p__Bacillota;c__Clostridia;o__Oscillospirales;f__Acutalibacteraceae;g__Ruminococcoides;s__Ruminococcoides intestinale	Bacteria	Bacillota	Clostridia	Oscillospirales	Acutalibacteraceae	Ruminococcoides	Ruminococcoides intestinale	97.78	3.02	1964597	129	24823	41.177045	1881	40.0	0.6153846154	0.03614922971	0.010797374	0.038263246	0.24511644	2.349699931	40.0	0.2373394662
G07_bin.52	ANI95_cluster_00184	C08_bin.68	False	d__Bacteria;p__Bacteroidota;c__Bacteroidia;o__Bacteroidales;f__Bacteroidaceae;g__Paraprevotella;s__Paraprevotella clara	Bacteria	Bacteroidota	Bacteroidia	Bacteroidales	Bacteroidaceae	Paraprevotella	Paraprevotella clara	93.68	0.37	3573034	55	104993	48.378997	2858	11.0	0.1692307692	0.01566166316	0.0	0.066250876	0.30181623	1.018008105	11.0	0.08625843062
G07_bin.53	ANI95_cluster_00413	H05_bin.38	False	d__Bacteria;p__Bacteroidota;c__Bacteroidia;o__Bacteroidales;f__Tannerellaceae;g__Parabacteroides;s__Parabacteroides distasonis	Bacteria	Bacteroidota	Bacteroidia	Bacteroidales	Tannerellaceae	Parabacteroides	Parabacteroides distasonis	97.31	1.28	4675665	54	133804	45.248130	3848	51.0	0.7846153846	0.01812888442	0.010389766	0.014893108	0.14977977	1.178377487	51.0	0.2228958782
G07_bin.56	ANI95_cluster_00310	F07_bin.6	False	d__Bacteria;p__Bacillota;c__Clostridia;o__Oscillospirales;f__Acutalibacteraceae;g__CAG-217;s__CAG-217 sp000436335	Bacteria	Bacillota	Clostridia	Oscillospirales	Acutalibacteraceae	CAG-217	CAG-217 sp000436335	86.7	1.34	1692580	249	9266	54.351463	1722	16.0	0.2461538462	0.009119592506	0.0	0.0261227695	0.087395094	0.5927735129	16.0	0.09363476831
G07_bin.59	ANI95_cluster_00315	F08_bin.12	False	d__Bacteria;p__Bacteroidota;c__Bacteroidia;o__Bacteroidales;f__Rikenellaceae;g__Alistipes_A;s__Alistipes_A hominis	Bacteria	Bacteroidota	Bacteroidia	Bacteroidales	Rikenellaceae	Alistipes_A	Alistipes_A hominis	91.71	5.25	2652806	388	9600	55.635391	2470	26.0	0.4	0.01337447777	0.0	0.02235852	0.24369487	0.869341055	26.0	0.1633214052
G07_bin.60	ANI95_cluster_00276	F01_bin.18	False	d__Bacteria;p__Bacteroidota;c__Bacteroidia;o__Bacteroidales;f__Bacteroidaceae;g__Bacteroides;s__Bacteroides caccae	Bacteria	Bacteroidota	Bacteroidia	Bacteroidales	Bacteroidaceae	Bacteroides	Bacteroides caccae	85.74	8.62	4288295	151	62236	41.954040	3492	42.0	0.6461538462	0.1679069522	0.04672542	0.1853051	2.098941	10.9139519	42.0	0.4399311905
G07_bin.64	ANI95_cluster_00236	E01_bin.48	False	d__Bacteria;p__Bacillota;c__Clostridia;o__Monoglobales;f__Monoglobaceae;g__Ructibacterium;s__Ructibacterium sp900550775	Bacteria	Bacillota	Clostridia	Monoglobales	Monoglobaceae	Ructibacterium	Ructibacterium sp900550775	90.22	2.82	1887919	289	8315	51.281967	1806	6.0	0.09230769231	0.0046004818	0.0	0.03979521	0.10419842	0.299031317	6.0	0.05269390862
G07_bin.66	ANI95_cluster_00415	H05_bin.43	False	d__Bacteria;p__Bacillota;c__Clostridia;o__Lachnospirales;f__Lachnospiraceae;g__Roseburia;s__Roseburia rectalis	Bacteria	Bacillota	Clostridia	Lachnospirales	Lachnospiraceae	Roseburia	Roseburia rectalis	95.27	0.07	2443727	101	38070	42.162934	2297	48.0	0.7384615385	0.01977370603	0.011558647	0.017792961	0.112998	1.285290892	48.0	0.2099869468
G07_bin.70	ANI95_cluster_00083	B04_bin.18	False	d__Bacteria;p__Bacteroidota;c__Bacteroidia;o__Bacteroidales;f__Rikenellaceae;g__Alistipes;s__Alistipes onderdonkii	Bacteria	Bacteroidota	Bacteroidia	Bacteroidales	Rikenellaceae	Alistipes	Alistipes onderdonkii	86.62	6.88	2848264	164	27790	58.954191	2448	56.0	0.8615384615	0.1407618536	0.043196633	0.062935865	1.5271138	9.149520484	56.0	0.4106532798
G07_bin.74	ANI95_cluster_00193	D01_bin.64	False	d__Bacteria;p__Bacteroidota;c__Bacteroidia;o__Bacteroidales;f__Bacteroidaceae;g__Bacteroides;s__Bacteroides uniformis	Bacteria	Bacteroidota	Bacteroidia	Bacteroidales	Bacteroidaceae	Bacteroides	Bacteroides uniformis	90.82	4.21	3935227	157	44934	46.964965	3303	63.0	0.9692307692	0.1433925398	0.106824756	0.11282546	0.4880387	9.32051509	63.0	0.5800019508
G07_bin.76	ANI95_cluster_00360	G07_bin.76	True	d__Bacteria;p__Bacteroidota;c__Bacteroidia;o__Bacteroidales;f__Bacteroidaceae;g__Phocaeicola;s__Phocaeicola coprocola	Bacteria	Bacteroidota	Bacteroidia	Bacteroidales	Bacteroidaceae	Phocaeicola	Phocaeicola coprocola	97.65	1.23	3426795	69	87073	40.706900	2769	8.0	0.1230769231	0.04699736034	0.0	0.226067112	1.4696566	3.054828422	8.0	0.07652632492
G07_bin.80	ANI95_cluster_00364	G08_bin.17	False	d__Bacteria;p__Bacillota;c__Clostridia;o__Oscillospirales;f__Oscillospiraceae;g__Hominicoprocola;s__Hominicoprocola sp900317525	Bacteria	Bacillota	Clostridia	Oscillospirales	Oscillospiraceae	Hominicoprocola	Hominicoprocola sp900317525	97.32	2.96	1955600	173	19101	61.566987	1980	42.0	0.6461538462	0.02113873721	0.011913565	0.019678112	0.29168493	1.374017919	42.0	0.2032966148
G07_bin.81	ANI95_cluster_00048	A08_bin.108	False	d__Bacteria;p__Bacillota;c__Clostridia;o__Christensenellales;f__QALW01;g__Neochristensenella;s__Neochristensenella sp003150515	Bacteria	Bacillota	Clostridia	Christensenellales	QALW01	Neochristensenella	Neochristensenella sp003150515	96.37	1.28	1908985	154	18702	48.188802	1659	4.0	0.06153846154	0.007408419015	0.0	0.1258146785	0.22548972	0.481547236	4.0	0.03883363677
G07_bin.85	ANI95_cluster_00361	G07_bin.85	True	d__Bacteria;p__Bacillota;c__Clostridia;o__Christensenellales;f__Aristaeellaceae;g__UBA11524;s__UBA11524 sp000437595	Bacteria	Bacillota	Clostridia	Christensenellales	Aristaeellaceae	UBA11524	UBA11524 sp000437595	99.3	0.93	3098913	171	28649	58.270013	2620	27.0	0.4153846154	0.01506569642	0.0	0.025064247	0.14529362	0.979270267	26.0	0.1128929408
G07_bin.87	ANI95_cluster_00362	G07_bin.87	True	d__Bacteria;p__Cyanobacteriota;c__Vampirovibrionia;o__Gastranaerophilales;f__Gastranaerophilaceae;g__Stercorousia;s__Stercorousia sp000433095	Bacteria	Cyanobacteriota	Vampirovibrionia	Gastranaerophilales	Gastranaerophilaceae	Stercorousia	Stercorousia sp000433095	89.74	2.14	2008039	34	142999	34.419451	2060	4.0	0.06153846154	0.04643807022	0.0	0.761440975	1.4905431	3.018474564	4.0	0.03446838469
G07_bin.90	ANI95_cluster_00420	H06_bin.64	False	d__Bacteria;p__Bacillota;c__Clostridia;o__Oscillospirales;f__Ruminococcaceae;g__Ruminiclostridium_E;s__Ruminiclostridium_E siraeum	Bacteria	Bacillota	Clostridia	Oscillospirales	Ruminococcaceae	Ruminiclostridium_E	Ruminiclostridium_E siraeum	93.96	0.0	2450242	61	59091	45.119421	2137	16.0	0.2461538462	0.009691888112	0.0	0.014106717	0.15853673	0.6299727273	16.0	0.07682785323
G07_bin.92	ANI95_cluster_00285	F03_bin.1	False	d__Bacteria;p__Bacillota;c__Clostridia;o__Lachnospirales;f__Lachnospiraceae;g__Acetatifactor;s__Acetatifactor acetigignens	Bacteria	Bacillota	Clostridia	Lachnospirales	Lachnospiraceae	Acetatifactor	Acetatifactor acetigignens	98.26	3.1	3258653	185	27088	47.117260	2993	45.0	0.6923076923	0.02618582281	0.010905393	0.01603676	0.2014407	1.702078483	45.0	0.2208457404
G07_bin.93	ANI95_cluster_00231	D08_bin.97	False	d__Bacteria;p__Bacteroidota;c__Bacteroidia;o__Bacteroidales;f__Tannerellaceae;g__Parabacteroides;s__Parabacteroides merdae	Bacteria	Bacteroidota	Bacteroidia	Bacteroidales	Tannerellaceae	Parabacteroides	Parabacteroides merdae	93.85	7.38	3968181	128	47607	45.883063	3296	43.0	0.6615384615	0.02527094499	0.018559216	0.032060426	0.09208739	1.642611424	43.0	0.2787445156
G07_bin.99	ANI95_cluster_00177	C07_bin.89	False	d__Bacteria;p__Desulfobacterota;c__Desulfovibrionia;o__Desulfovibrionales;f__Desulfovibrionaceae;g__Bilophila;s__Bilophila wadsworthia	Bacteria	Desulfobacterota	Desulfovibrionia	Desulfovibrionales	Desulfovibrionaceae	Bilophila	Bilophila wadsworthia	99.41	0.59	3972542	241	26407	60.009384	3452	35.0	0.5384615385	0.00952474468	0.004473469	0.011451086	0.08417327	0.6191084042	35.0	0.1520907458
G08_bin.10	ANI95_cluster_00083	B04_bin.18	False	d__Bacteria;p__Bacteroidota;c__Bacteroidia;o__Bacteroidales;f__Rikenellaceae;g__Alistipes;s__Alistipes onderdonkii	Bacteria	Bacteroidota	Bacteroidia	Bacteroidales	Rikenellaceae	Alistipes	Alistipes onderdonkii	97.63	2.88	3087922	86	55214	59.059264	2553	51.0	0.7846153846	0.06261567683	0.02872166	0.037509125	0.56852657	4.070018994	51.0	0.2661870256
G08_bin.11	ANI95_cluster_00363	G08_bin.11	True	d__Bacteria;p__Bacillota;c__Clostridia;o__UBA1212;f__UBA1255;g__Egerieisoma;s__Egerieisoma faecipullorum	Bacteria	Bacillota	Clostridia	UBA1212	UBA1255	Egerieisoma	Egerieisoma faecipullorum	96.15	1.05	2817487	42	109582	49.813894	2560	9.0	0.1384615385	0.01300985312	0.0	0.046701197	0.53718704	0.8456404525	9.0	0.07669724708
G08_bin.13	ANI95_cluster_00348	G05_bin.22	False	d__Bacteria;p__Bacillota;c__Clostridia;o__Christensenellales;f__CAG-138;g__PeH17;s__PeH17 sp000435055	Bacteria	Bacillota	Clostridia	Christensenellales	CAG-138	PeH17	PeH17 sp000435055	93.68	2.1	2006877	27	89207	49.454999	1765	27.0	0.4153846154	0.04067169049	0.0	0.017475095	2.0468137	2.643659882	27.0	0.1455077038
G08_bin.14	ANI95_cluster_00057	B01_bin.49	False	d__Bacteria;p__Bacillota;c__Clostridia;o__Oscillospirales;f__Oscillospiraceae;g__Lawsonibacter_A;s__Lawsonibacter_A hominis	Bacteria	Bacillota	Clostridia	Oscillospirales	Oscillospiraceae	Lawsonibacter_A	Lawsonibacter_A hominis	89.6	4.87	2923473	135	34526	61.899905	2755	24.0	0.3692307692	0.02066093814	0.0	0.009126251	0.5119765	1.342960979	24.0	0.1293796845
G08_bin.15	ANI95_cluster_00194	D01_bin.67	False	d__Bacteria;p__Actinomycetota;c__Coriobacteriia;o__Coriobacteriales;f__Coriobacteriaceae;g__Collinsella;s__Collinsella sp905215825	Bacteria	Actinomycetota	Coriobacteriia	Coriobacteriales	Coriobacteriaceae	Collinsella	Collinsella sp905215825	98.39	0.81	2103580	51	61470	59.790975	1790	34.0	0.5230769231	0.01964397675	0.005072375	0.017869089	0.42633405	1.276858489	34.0	0.1156323249
G08_bin.16	ANI95_cluster_00061	B01_bin.9	False	d__Bacteria;p__Verrucomicrobiota;c__Verrucomicrobiia;o__Verrucomicrobiales;f__Akkermansiaceae;g__Akkermansia;s__Akkermansia muciniphila	Bacteria	Verrucomicrobiota	Verrucomicrobiia	Verrucomicrobiales	Akkermansiaceae	Akkermansia	Akkermansia muciniphila	97.96	0.0	2731116	21	226030	55.603277	2320	24.0	0.3692307692	0.02134889371	0.0	0.034253575	0.5321379	1.387678091	24.0	0.1380263426
G08_bin.17	ANI95_cluster_00364	G08_bin.17	True	d__Bacteria;p__Bacillota;c__Clostridia;o__Oscillospirales;f__Oscillospiraceae;g__Hominicoprocola;s__Hominicoprocola sp900317525	Bacteria	Bacillota	Clostridia	Oscillospirales	Oscillospiraceae	Hominicoprocola	Hominicoprocola sp900317525	97.05	0.45	2077355	121	32880	60.508194	2068	45.0	0.6923076923	0.03495924058	0.02576343	0.037316907	0.16605808	2.272350638	45.0	0.2688151559
G08_bin.19	ANI95_cluster_00341	G04_bin.50	False	d__Bacteria;p__Bacillota;c__Clostridia;o__Lachnospirales;f__Lachnospiraceae;g__Butyribacter;s__Butyribacter sp003529475	Bacteria	Bacillota	Clostridia	Lachnospirales	Lachnospiraceae	Butyribacter	Butyribacter sp003529475	94.63	0.0	2503783	98	48771	42.510114	2176	31.0	0.4769230769	0.01386904928	0.0	0.015919711	0.17169459	0.9014882034	31.0	0.1672194615
G08_bin.23	ANI95_cluster_00228	D08_bin.51	False	d__Bacteria;p__Pseudomonadota;c__Alphaproteobacteria;o__RF32;f__CAG-239;g__JAFUYI01;s__JAFUYI01 sp001917175	Bacteria	Pseudomonadota	Alphaproteobacteria	RF32	CAG-239	JAFUYI01	JAFUYI01 sp001917175	96.77	0.1	1823376	49	59568	51.185055	1701	11.0	0.1692307692	0.02015963616	0.0	0.02477764	0.590768	1.31037635	11.0	0.08000701031
G08_bin.26	ANI95_cluster_00140	C02_bin.89	False	d__Bacteria;p__Bacillota;c__Clostridia;o__Oscillospirales;f__Acutalibacteraceae;g__Hominenteromicrobium;s__Hominenteromicrobium mulieris	Bacteria	Bacillota	Clostridia	Oscillospirales	Acutalibacteraceae	Hominenteromicrobium	Hominenteromicrobium mulieris	93.36	2.81	2111951	241	13622	53.823218	2106	43.0	0.6615384615	0.01165210541	0.00624037	0.0103659695	0.07240125	0.7573868517	43.0	0.1924183498
G08_bin.28	ANI95_cluster_00365	G08_bin.28	True	d__Bacteria;p__Bacillota;c__Clostridia;o__Oscillospirales;f__CAG-272;g__CAKTAA01;s__CAKTAA01 sp019415985	Bacteria	Bacillota	Clostridia	Oscillospirales	CAG-272	CAKTAA01	CAKTAA01 sp019415985	98.43	2.01	3128480	112	60256	47.490890	2889	4.0	0.06153846154	0.009143028092	0.0	0.055559213	0.43649	0.594296826	4.0	0.027735238
G08_bin.3	ANI95_cluster_00366	G08_bin.3	True	d__Bacteria;p__Bacillota;c__Clostridia;o__Oscillospirales;f__Oscillospiraceae;g__F23-B02;s__F23-B02 sp945613045	Bacteria	Bacillota	Clostridia	Oscillospirales	Oscillospiraceae	F23-B02	F23-B02 sp945613045	88.93	0.0	1694879	13	194812	54.413973	1615	1.0	0.01538461538	0.01072551538	0.0	0.6971585	0.6971585	0.6971585	1.0	0.01538393538
G08_bin.33	ANI95_cluster_00055	A09_bin.62	False	d__Bacteria;p__Bacillota;c__Clostridia;o__Oscillospirales;f__Ruminococcaceae;g__Ruthenibacterium;s__Ruthenibacterium lactatiformans	Bacteria	Bacillota	Clostridia	Oscillospirales	Ruminococcaceae	Ruthenibacterium	Ruthenibacterium lactatiformans	87.15	6.01	2737240	633	5251	59.355007	2954	54.0	0.8307692308	0.02281148704	0.012943125	0.01468563425	0.29656953	1.482746657	54.0	0.2884665533
G08_bin.34	ANI95_cluster_00406	H04_bin.57	False	d__Bacteria;p__Bacillota;c__Clostridia;o__Oscillospirales;f__Ruminococcaceae;g__Gemmiger;s__Gemmiger formicilis	Bacteria	Bacillota	Clostridia	Oscillospirales	Ruminococcaceae	Gemmiger	Gemmiger formicilis	87.64	0.0	2308512	267	12656	60.724744	2068	50.0	0.7692307692	0.01691995095	0.00967657	0.01452214575	0.1309689	1.099796812	50.0	0.2047301793
G08_bin.36	ANI95_cluster_00203	D05_bin.12	False	d__Bacteria;p__Bacillota;c__Clostridia;o__Oscillospirales;f__Oscillospiraceae;g__Scatomorpha;s__Scatomorpha sp900545405	Bacteria	Bacillota	Clostridia	Oscillospirales	Oscillospiraceae	Scatomorpha	Scatomorpha sp900545405	90.88	2.24	2463388	103	43146	62.611574	2324	21.0	0.3230769231	0.0237767539	0.0	0.020145841	0.6345559	1.545489004	21.0	0.1364218462
G08_bin.39	ANI95_cluster_00177	C07_bin.89	False	d__Bacteria;p__Desulfobacterota;c__Desulfovibrionia;o__Desulfovibrionales;f__Desulfovibrionaceae;g__Bilophila;s__Bilophila wadsworthia	Bacteria	Desulfobacterota	Desulfovibrionia	Desulfovibrionales	Desulfovibrionaceae	Bilophila	Bilophila wadsworthia	98.82	0.0	4134285	210	30470	59.872433	3616	21.0	0.3230769231	0.007940218202	0.0	0.008692479	0.17704602	0.5161141831	21.0	0.1026489427
G08_bin.42	ANI95_cluster_00384	H02_bin.18	False	d__Bacteria;p__Actinomycetota;c__Actinomycetes;o__Actinomycetales;f__Bifidobacteriaceae;g__Bifidobacterium;s__Bifidobacterium adolescentis	Bacteria	Actinomycetota	Actinomycetes	Actinomycetales	Bifidobacteriaceae	Bifidobacterium	Bifidobacterium adolescentis	84.09	0.19	1566092	19	127968	59.647262	1350	51.0	0.7846153846	0.1227880105	0.05099912	0.07824702	0.9520163	7.981220682	51.0	0.4615984565
G08_bin.46	ANI95_cluster_00209	D05_bin.78	False	d__Bacteria;p__Bacillota;c__Clostridia;o__Christensenellales;f__Aristaeellaceae;g__Limiplasma;s__Limiplasma merdipullorum	Bacteria	Bacillota	Clostridia	Christensenellales	Aristaeellaceae	Limiplasma	Limiplasma merdipullorum	95.16	3.49	3063130	104	66823	61.043410	2801	21.0	0.3230769231	0.01170214595	0.0	0.021391202	0.3032301	0.760639487	21.0	0.09988116746
G08_bin.51	ANI95_cluster_00143	C03_bin.49	False	d__Bacteria;p__Actinomycetota;c__Actinomycetes;o__Actinomycetales;f__Bifidobacteriaceae;g__Bifidobacterium;s__Bifidobacterium longum	Bacteria	Actinomycetota	Actinomycetes	Actinomycetales	Bifidobacteriaceae	Bifidobacterium	Bifidobacterium longum	98.76	0.23	2196324	92	42074	60.131201	1895	54.0	0.8307692308	0.02418359645	0.01547643	0.018707912	0.18435693	1.571933769	54.0	0.3092275158
G08_bin.54	ANI95_cluster_00367	G08_bin.54	True	d__Bacteria;p__Bacillota;c__Clostridia;o__Oscillospirales;f__CAG-272;g__UMGS911;s__UMGS911 sp937934385	Bacteria	Bacillota	Clostridia	Oscillospirales	CAG-272	UMGS911	UMGS911 sp937934385	94.41	0.34	2234711	84	37561	44.057151	1934	2.0	0.03076923077	0.005026119031	0.0	0.1633488685	0.31950033	0.326697737	2.0	0.01835864369
G08_bin.56	ANI95_cluster_00044	A07_bin.65	False	d__Bacteria;p__Bacteroidota;c__Bacteroidia;o__Bacteroidales;f__Barnesiellaceae;g__Barnesiella;s__Barnesiella intestinihominis	Bacteria	Bacteroidota	Bacteroidia	Bacteroidales	Barnesiellaceae	Barnesiella	Barnesiella intestinihominis	92.38	1.51	2809321	474	7572	43.848709	2573	44.0	0.6769230769	0.04850668244	0.041097257	0.07384315	0.171876	3.152934359	44.0	0.3008727514
G08_bin.57	ANI95_cluster_00176	C07_bin.75	False	d__Bacteria;p__Bacillota;c__Clostridia;o__Christensenellales;f__CAG-314;g__CAG-314;s__CAG-314 sp000437915	Bacteria	Bacillota	Clostridia	Christensenellales	CAG-314	CAG-314	CAG-314 sp000437915	92.74	0.81	1348212	67	29924	49.462696	1250	16.0	0.2461538462	0.01138504207	0.0	0.0343540585	0.119678326	0.7400277345	16.0	0.1231083717
G08_bin.58	ANI95_cluster_00215	D06_bin.80	False	d__Bacteria;p__Bacillota;c__Clostridia;o__Christensenellales;f__CAG-138;g__SFEL01;s__SFEL01 sp004557245	Bacteria	Bacillota	Clostridia	Christensenellales	CAG-138	SFEL01	SFEL01 sp004557245	93.01	0.93	1915599	52	58762	53.386643	1870	21.0	0.3230769231	0.01718783801	0.0	0.018337702	0.6000025	1.11720947	21.0	0.1114229915
G08_bin.6	ANI95_cluster_00309	F07_bin.42	False	d__Bacteria;p__Bacillota;c__Clostridia;o__Lachnospirales;f__Lachnospiraceae;g__Lachnospira;s__Lachnospira eligens_A	Bacteria	Bacillota	Clostridia	Lachnospirales	Lachnospiraceae	Lachnospira	Lachnospira eligens_A	97.99	4.03	2907854	34	129134	37.768849	2735	40.0	0.6153846154	0.02032777407	0.008368017	0.013733135	0.38218775	1.321305315	40.0	0.1856350548
G08_bin.64	ANI95_cluster_00368	G08_bin.64	True	d__Bacteria;p__Bacillota;c__Clostridia;o__Oscillospirales;f__Oscillospiraceae;g__Scatomorpha;s__Scatomorpha merdavium	Bacteria	Bacillota	Clostridia	Oscillospirales	Oscillospiraceae	Scatomorpha	Scatomorpha merdavium	87.71	3.8	2490989	47	114205	59.986134	2357	9.0	0.1384615385	0.0729818908	0.0	0.021371756	4.5734916	4.743822902	9.0	0.05055094446
G08_bin.70	ANI95_cluster_00369	G08_bin.70	True	d__Bacteria;p__Bacillota;c__Clostridia;o__Christensenellales;f__Aristaeellaceae;g__Alectryocaccomicrobium;s__Alectryocaccomicrobium faecavium	Bacteria	Bacillota	Clostridia	Christensenellales	Aristaeellaceae	Alectryocaccomicrobium	Alectryocaccomicrobium faecavium	95.9	3.36	3548071	350	14943	59.005612	3271	14.0	0.2153846154	0.01163158774	0.0	0.034612173	0.3158123	0.756053203	14.0	0.1167189542
G08_bin.79	ANI95_cluster_00221	D08_bin.102	False	d__Bacteria;p__Pseudomonadota;c__Gammaproteobacteria;o__Burkholderiales;f__Burkholderiaceae_F;g__Sutterella;s__Sutterella wadsworthensis_A	Bacteria	Pseudomonadota	Gammaproteobacteria	Burkholderiales	Burkholderiaceae_F	Sutterella	Sutterella wadsworthensis_A	80.62	7.18	1584127	495	3400	63.132312	1695	15.0	0.2307692308	0.02821889982	0.0	0.057888605	0.49952185	1.834228488	15.0	0.120515784
G08_bin.8	ANI95_cluster_00139	C02_bin.32	False	d__Bacteria;p__Bacillota;c__Clostridia;o__Lachnospirales;f__Lachnospiraceae;g__Coprococcus_C;s__Coprococcus_C hominis	Bacteria	Bacillota	Clostridia	Lachnospirales	Lachnospiraceae	Coprococcus_C	Coprococcus_C hominis	93.29	0.34	2521671	56	66010	44.689771	2313	20.0	0.3076923077	0.01586539862	0.0	0.0314292645	0.23389123	1.031250911	20.0	0.1401389652
G08_bin.80	ANI95_cluster_00370	G08_bin.80	True	d__Bacteria;p__Bacillota;c__Clostridia;o__TANB77;f__CAG-508;g__DNVW01;s__DNVW01 sp003507395	Bacteria	Bacillota	Clostridia	TANB77	CAG-508	DNVW01	DNVW01 sp003507395	80.86	0.0	1323574	30	72115	27.546023	1323	5.0	0.07692307692	0.01884307469	0.0	0.13730176	0.5953609	1.224799855	5.0	0.05604718738
G08_bin.83	ANI95_cluster_00231	D08_bin.97	False	d__Bacteria;p__Bacteroidota;c__Bacteroidia;o__Bacteroidales;f__Tannerellaceae;g__Parabacteroides;s__Parabacteroides merdae	Bacteria	Bacteroidota	Bacteroidia	Bacteroidales	Tannerellaceae	Parabacteroides	Parabacteroides merdae	96.67	0.64	3840265	152	40182	46.070414	3143	41.0	0.6307692308	0.02000193276	0.0151018705	0.02477067	0.14600703	1.30012563	41.0	0.1782274217
G08_bin.85	ANI95_cluster_00029	A05_bin.5	False	d__Archaea;p__Methanobacteriota;c__Methanobacteria;o__Methanobacteriales;f__Methanobacteriaceae;g__Methanocatella;s__Methanocatella smithii	Archaea	Methanobacteriota	Methanobacteria	Methanobacteriales	Methanobacteriaceae	Methanocatella	Methanocatella smithii	97.6	0.8	1820149	249	9466	31.415175	2020	16.0	0.2461538462	0.009839940151	0.0	0.028864776	0.14717509	0.6395961098	16.0	0.1071345163
G08_bin.86	ANI95_cluster_00371	G08_bin.86	True	d__Bacteria;p__Bacillota;c__Clostridia;o__Oscillospirales;f__Oscillospiraceae;g__JAZOXB01;s__JAZOXB01 sp040096185	Bacteria	Bacillota	Clostridia	Oscillospirales	Oscillospiraceae	JAZOXB01	JAZOXB01 sp040096185	84.26	1.01	2407306	69	68471	60.492559	2161	52.0	0.8	0.03718375822	0.025067786	0.03201613	0.49929506	2.416944284	52.0	0.3013242948
G08_bin.87	ANI95_cluster_00222	D08_bin.21	False	d__Bacteria;p__Bacteroidota;c__Bacteroidia;o__Bacteroidales;f__Rikenellaceae;g__Alistipes;s__Alistipes putredinis	Bacteria	Bacteroidota	Bacteroidia	Bacteroidales	Rikenellaceae	Alistipes	Alistipes putredinis	93.68	4.05	1897306	277	9405	55.705985	1803	52.0	0.8	0.1026796237	0.078351356	0.105198485	0.417499	6.674175541	52.0	0.4669636898
G08_bin.88	ANI95_cluster_00372	G08_bin.88	True	d__Bacteria;p__Bacillota_I;c__Bacilli_A;o__Erysipelotrichales;f__Erysipelotrichaceae;g__Merdibacter;s__Merdibacter merdipullorum	Bacteria	Bacillota_I	Bacilli_A	Erysipelotrichales	Erysipelotrichaceae	Merdibacter	Merdibacter merdipullorum	95.28	1.13	2194239	203	15260	54.871416	2106	20.0	0.3076923077	0.01503796018	0.0	0.0312490005	0.23618847	0.977467412	20.0	0.1800615977
G08_bin.9	ANI95_cluster_00373	G08_bin.9	True	d__Bacteria;p__Bacillota;c__Clostridia;o__Oscillospirales;f__Ruminococcaceae;g__Faecalibacterium;s__Faecalibacterium taiwanense	Bacteria	Bacillota	Clostridia	Oscillospirales	Ruminococcaceae	Faecalibacterium	Faecalibacterium taiwanense	100.0	0.0	2410352	26	146758	57.250393	2193	64.0	0.9846153846	0.09776157075	0.06063734	0.060731223	0.5050052	6.354502099	64.0	0.5319952814
H01_bin.10	ANI95_cluster_00053	A09_bin.36	False	d__Bacteria;p__Bacillota;c__Clostridia;o__Oscillospirales;f__Oscillospiraceae;g__Oscillibacter;s__Oscillibacter segnis	Bacteria	Bacillota	Clostridia	Oscillospirales	Oscillospiraceae	Oscillibacter	Oscillibacter segnis	86.45	6.96	2002665	381	6802	58.663281	2252	49.0	0.7538461538	0.03443999531	0.021154087	0.02973897	0.56382895	2.238599695	49.0	0.241748324
H01_bin.103	ANI95_cluster_00374	H01_bin.103	True	d__Bacteria;p__Bacteroidota;c__Bacteroidia;o__Bacteroidales;f__Muribaculaceae;g__Lepagella;s__Lepagella sp000437495	Bacteria	Bacteroidota	Bacteroidia	Bacteroidales	Muribaculaceae	Lepagella	Lepagella sp000437495	85.53	0.0	2156332	64	49860	53.102398	1760	2.0	0.03076923077	0.04951020831	0.0	1.60908177	2.9005961	3.21816354	2.0	0.02925169631
H01_bin.105	ANI95_cluster_00193	D01_bin.64	False	d__Bacteria;p__Bacteroidota;c__Bacteroidia;o__Bacteroidales;f__Bacteroidaceae;g__Bacteroides;s__Bacteroides uniformis	Bacteria	Bacteroidota	Bacteroidia	Bacteroidales	Bacteroidaceae	Bacteroides	Bacteroides uniformis	87.79	0.87	3626048	189	28685	47.212778	3117	63.0	0.9692307692	0.1575772763	0.120898716	0.124169685	0.6401265	10.24252296	63.0	0.5906721458
H01_bin.11	ANI95_cluster_00375	H01_bin.11	True	d__Bacteria;p__Bacillota;c__Clostridia;o__Oscillospirales;f__Ruminococcaceae;g__Gemmiger;s__Gemmiger sp900540775	Bacteria	Bacillota	Clostridia	Oscillospirales	Ruminococcaceae	Gemmiger	Gemmiger sp900540775	90.1	3.53	2670180	194	22320	58.953703	2403	26.0	0.4	0.0276859445	0.0	0.030978914	0.39077684	1.799586393	26.0	0.2085899598
H01_bin.14	ANI95_cluster_00231	D08_bin.97	False	d__Bacteria;p__Bacteroidota;c__Bacteroidia;o__Bacteroidales;f__Tannerellaceae;g__Parabacteroides;s__Parabacteroides merdae	Bacteria	Bacteroidota	Bacteroidia	Bacteroidales	Tannerellaceae	Parabacteroides	Parabacteroides merdae	88.55	3.46	3530981	377	13650	46.621690	3133	41.0	0.6307692308	0.02495241251	0.018342344	0.03175217	0.16272871	1.621906813	41.0	0.2650861077
H01_bin.16	ANI95_cluster_00332	G02_bin.41	False	d__Bacteria;p__Bacteroidota;c__Bacteroidia;o__Bacteroidales;f__Rikenellaceae;g__Alistipes_A;s__Alistipes_A indistinctus	Bacteria	Bacteroidota	Bacteroidia	Bacteroidales	Rikenellaceae	Alistipes_A	Alistipes_A indistinctus	93.27	1.92	2805515	165	27696	55.222054	2379	37.0	0.5692307692	0.01332175098	0.00780393	0.012882066	0.12851258	0.8659138139	37.0	0.1676444155
H01_bin.20	ANI95_cluster_00395	H03_bin.22	False	d__Bacteria;p__Bacillota;c__Clostridia;o__Oscillospirales;f__Oscillospiraceae;g__Faecousia;s__Faecousia sp000434635	Bacteria	Bacillota	Clostridia	Oscillospirales	Oscillospiraceae	Faecousia	Faecousia sp000434635	95.75	2.24	2458078	122	45376	57.092655	2279	27.0	0.4153846154	0.01821363259	0.0	0.024935992	0.31783462	1.183886119	27.0	0.1764661826
H01_bin.25	ANI95_cluster_00139	C02_bin.32	False	d__Bacteria;p__Bacillota;c__Clostridia;o__Lachnospirales;f__Lachnospiraceae;g__Coprococcus_C;s__Coprococcus_C hominis	Bacteria	Bacillota	Clostridia	Lachnospirales	Lachnospiraceae	Coprococcus_C	Coprococcus_C hominis	90.6	0.71	2594012	51	141576	44.174237	2394	20.0	0.3076923077	0.01488113444	0.0	0.025029975	0.24458393	0.9672737385	20.0	0.1349998729
H01_bin.27	ANI95_cluster_00283	F02_bin.66	False	d__Bacteria;p__Bacteroidota;c__Bacteroidia;o__Bacteroidales;f__Rikenellaceae;g__Tidjanibacter;s__Tidjanibacter inops	Bacteria	Bacteroidota	Bacteroidia	Bacteroidales	Rikenellaceae	Tidjanibacter	Tidjanibacter inops	96.15	0.48	2088205	62	62892	57.211385	1779	31.0	0.4769230769	0.02541039715	0.0	0.035242222	0.1960846	1.651675815	31.0	0.2597231081
H01_bin.28	ANI95_cluster_00346	G05_bin.13	False	d__Bacteria;p__Bacillota;c__Clostridia;o__Oscillospirales;f__Acutalibacteraceae;g__Ruminococcoides;s__Ruminococcoides intestinale	Bacteria	Bacillota	Clostridia	Oscillospirales	Acutalibacteraceae	Ruminococcoides	Ruminococcoides intestinale	98.66	1.01	2132584	70	46099	40.962513	2069	40.0	0.6153846154	0.04302762735	0.012750473	0.047272082	0.29982743	2.796795777	40.0	0.2358030968
H01_bin.30	ANI95_cluster_00083	B04_bin.18	False	d__Bacteria;p__Bacteroidota;c__Bacteroidia;o__Bacteroidales;f__Rikenellaceae;g__Alistipes;s__Alistipes onderdonkii	Bacteria	Bacteroidota	Bacteroidia	Bacteroidales	Rikenellaceae	Alistipes	Alistipes onderdonkii	80.05	0.48	2401525	32	153441	58.992432	1988	56.0	0.8615384615	0.1249830478	0.046586506	0.0548650455	1.1083043	8.123898105	56.0	0.5054048291
H01_bin.33	ANI95_cluster_00146	C04_bin.103	False	d__Bacteria;p__Bacillota;c__Clostridia;o__Oscillospirales;f__Acutalibacteraceae;g__CAG-177;s__CAG-177 sp003514385	Bacteria	Bacillota	Clostridia	Oscillospirales	Acutalibacteraceae	CAG-177	CAG-177 sp003514385	81.74	1.34	1727287	357	5899	52.252579	1892	16.0	0.2461538462	0.0142102335	0.0	0.0212797025	0.3431231	0.9236651775	16.0	0.07230030963
H01_bin.34	ANI95_cluster_00358	G07_bin.107	False	d__Bacteria;p__Bacillota;c__Clostridia;o__Lachnospirales;f__Lachnospiraceae;g__Roseburia;s__Roseburia faecis	Bacteria	Bacillota	Clostridia	Lachnospirales	Lachnospiraceae	Roseburia	Roseburia faecis	95.65	5.23	2826139	73	92021	43.627083	2703	40.0	0.6153846154	0.03057927126	0.016932512	0.02872796	0.31432313	1.987652632	40.0	0.2270527232
H01_bin.35	ANI95_cluster_00419	H06_bin.61	False	d__Bacteria;p__Bacillota;c__Clostridia;o__Lachnospirales;f__Lachnospiraceae;g__Fusicatenibacter;s__Fusicatenibacter saccharivorans	Bacteria	Bacillota	Clostridia	Lachnospirales	Lachnospiraceae	Fusicatenibacter	Fusicatenibacter saccharivorans	97.05	0.63	2610597	165	28075	48.920726	2374	61.0	0.9384615385	0.02474787903	0.013443908	0.017348696	0.116184644	1.608612137	61.0	0.3097735655
H01_bin.40	ANI95_cluster_00018	A03_bin.68	False	d__Bacteria;p__Bacillota;c__Clostridia;o__Lachnospirales;f__Lachnospiraceae;g__Roseburia;s__Roseburia hominis	Bacteria	Bacillota	Clostridia	Lachnospirales	Lachnospiraceae	Roseburia	Roseburia hominis	96.54	3.54	2883451	120	35855	49.849711	2629	37.0	0.5692307692	0.01894562616	0.0055718417	0.009150277	0.19393395	1.2314657	37.0	0.1706188135
H01_bin.42	ANI95_cluster_00376	H01_bin.42	True	d__Bacteria;p__Actinomycetota;c__Coriobacteriia;o__Coriobacteriales;f__Coriobacteriaceae;g__Collinsella;s__Collinsella sp900540945	Bacteria	Actinomycetota	Coriobacteriia	Coriobacteriales	Coriobacteriaceae	Collinsella	Collinsella sp900540945	80.04	3.23	1692350	389	5073	60.461902	1683	28.0	0.4307692308	0.0170387896	0.0	0.02851782	0.16579723	1.107521324	28.0	0.1085257302
H01_bin.45	ANI95_cluster_00377	H01_bin.45	True	d__Bacteria;p__Bacteroidota;c__Bacteroidia;o__Bacteroidales;f__Bacteroidaceae;g__Prevotella;s__Prevotella sinensis	Bacteria	Bacteroidota	Bacteroidia	Bacteroidales	Bacteroidaceae	Prevotella	Prevotella sinensis	93.58	1.13	2837796	93	44600	46.613675	2363	11.0	0.1692307692	0.2343395118	0.0	0.50751036	7.644305	15.23206827	11.0	0.06494576462
H01_bin.47	ANI95_cluster_00361	G07_bin.85	False	d__Bacteria;p__Bacillota;c__Clostridia;o__Christensenellales;f__Aristaeellaceae;g__UBA11524;s__UBA11524 sp000437595	Bacteria	Bacillota	Clostridia	Christensenellales	Aristaeellaceae	UBA11524	UBA11524 sp000437595	99.3	1.17	2867865	123	35455	58.416069	2436	27.0	0.4153846154	0.02309524672	0.0	0.02867264	0.26385227	1.501191036	27.0	0.1628742521
H01_bin.48	ANI95_cluster_00412	H05_bin.34	False	d__Bacteria;p__Pseudomonadota;c__Gammaproteobacteria;o__Enterobacterales;f__Enterobacteriaceae;g__Escherichia;s__Escherichia coli	Bacteria	Pseudomonadota	Gammaproteobacteria	Enterobacterales	Enterobacteriaceae	Escherichia	Escherichia coli	95.99	0.87	4452251	28	284812	50.731484	4075	18.0	0.2769230769	0.03132390116	0.0	0.020278447	1.136617	2.036053575	18.0	0.1066907914
H01_bin.57	ANI95_cluster_00378	H01_bin.57	True	d__Bacteria;p__Actinomycetota;c__Coriobacteriia;o__Coriobacteriales;f__Eggerthellaceae;g__CALADF01;s__CALADF01 sp937890835	Bacteria	Actinomycetota	Coriobacteriia	Coriobacteriales	Eggerthellaceae	CALADF01	CALADF01 sp937890835	95.97	1.18	2440700	86	43679	61.752038	2111	2.0	0.03076923077	0.005943917338	0.0	0.1931773135	0.3509396	0.386354627	2.0	0.02427615662
H01_bin.58	ANI95_cluster_00379	H01_bin.58	True	d__Bacteria;p__Bacillota;c__Clostridia;o__Oscillospirales;f__Oscillospiraceae;g__Vescimonas;s__Vescimonas sp900554275	Bacteria	Bacillota	Clostridia	Oscillospirales	Oscillospiraceae	Vescimonas	Vescimonas sp900554275	80.24	3.68	1911766	311	8251	61.185888	1989	7.0	0.1076923077	0.07906548835	0.0	0.14546967	4.193255	5.139256743	7.0	0.07637279215
H01_bin.66	ANI95_cluster_00259	E06_bin.50	False	d__Bacteria;p__Bacteroidota;c__Bacteroidia;o__Bacteroidales;f__Muribaculaceae;g__UBA7173;s__UBA7173 sp900545955	Bacteria	Bacteroidota	Bacteroidia	Bacteroidales	Muribaculaceae	UBA7173	UBA7173 sp900545955	89.06	0.38	2392566	37	130058	54.963249	1980	5.0	0.07692307692	0.06990223206	0.0	0.5601212	2.3652647	4.543645084	5.0	0.04602133985
H01_bin.72	ANI95_cluster_00415	H05_bin.43	False	d__Bacteria;p__Bacillota;c__Clostridia;o__Lachnospirales;f__Lachnospiraceae;g__Roseburia;s__Roseburia rectalis	Bacteria	Bacillota	Clostridia	Lachnospirales	Lachnospiraceae	Roseburia	Roseburia rectalis	96.46	0.48	2545338	53	73922	41.794331	2338	49.0	0.7538461538	0.04096109754	0.013111722	0.021053271	0.68177	2.66247134	49.0	0.2061806396
H01_bin.77	ANI95_cluster_00254	E04_bin.61	False	d__Bacteria;p__Bacillota;c__Clostridia;o__Oscillospirales;f__Oscillospiraceae;g__Hominicoprocola;s__Hominicoprocola sp003522105	Bacteria	Bacillota	Clostridia	Oscillospirales	Oscillospiraceae	Hominicoprocola	Hominicoprocola sp003522105	83.12	1.51	1452883	109	18430	58.904261	1462	10.0	0.1538461538	0.03009135576	0.0	0.04840413	1.3999895	1.955938124	10.0	0.07225275462
H01_bin.83	ANI95_cluster_00222	D08_bin.21	False	d__Bacteria;p__Bacteroidota;c__Bacteroidia;o__Bacteroidales;f__Rikenellaceae;g__Alistipes;s__Alistipes putredinis	Bacteria	Bacteroidota	Bacteroidia	Bacteroidales	Rikenellaceae	Alistipes	Alistipes putredinis	99.04	1.44	2005383	45	68076	55.053125	1728	51.0	0.7846153846	0.1164681722	0.095820665	0.13648115	0.56045943	7.570431192	51.0	0.4923326792
H01_bin.87	ANI95_cluster_00380	H01_bin.87	True	d__Bacteria;p__Bacillota;c__Clostridia;o__Lachnospirales;f__Lachnospiraceae;g__Acetatifactor;s__Acetatifactor intestinalis	Bacteria	Bacillota	Clostridia	Lachnospirales	Lachnospiraceae	Acetatifactor	Acetatifactor intestinalis	98.55	1.55	3051066	65	64993	46.812393	2803	37.0	0.5692307692	0.07514745101	0.012279667	0.025609065	3.129102	4.884584315	37.0	0.2008160817
H01_bin.93	ANI95_cluster_00381	H01_bin.93	True	d__Bacteria;p__Bacillota;c__Clostridia;o__Oscillospirales;f__Oscillospiraceae;g__CAG-170;s__CAG-170 sp900553545	Bacteria	Bacillota	Clostridia	Oscillospirales	Oscillospiraceae	CAG-170	CAG-170 sp900553545	80.43	3.52	1808798	178	16220	60.430407	1726	41.0	0.6307692308	0.04722987423	0.017639766	0.041723713	0.4462239	3.069941825	41.0	0.3844395222
H01_bin.94	ANI95_cluster_00315	F08_bin.12	False	d__Bacteria;p__Bacteroidota;c__Bacteroidia;o__Bacteroidales;f__Rikenellaceae;g__Alistipes_A;s__Alistipes_A hominis	Bacteria	Bacteroidota	Bacteroidia	Bacteroidales	Rikenellaceae	Alistipes_A	Alistipes_A hominis	100.0	3.85	2916879	31	143535	54.857572	2461	26.0	0.4	0.01380689405	0.0	0.0128562835	0.2936234	0.8974481134	26.0	0.1621063962
H02_bin.11	ANI95_cluster_00146	C04_bin.103	False	d__Bacteria;p__Bacillota;c__Clostridia;o__Oscillospirales;f__Acutalibacteraceae;g__CAG-177;s__CAG-177 sp003514385	Bacteria	Bacillota	Clostridia	Oscillospirales	Acutalibacteraceae	CAG-177	CAG-177 sp003514385	90.53	0.0	1845228	265	10927	52.282374	1891	16.0	0.2461538462	0.01797205601	0.0	0.013950124	0.48939908	1.168183641	16.0	0.08846198883
H02_bin.12	ANI95_cluster_00415	H05_bin.43	False	d__Bacteria;p__Bacillota;c__Clostridia;o__Lachnospirales;f__Lachnospiraceae;g__Roseburia;s__Roseburia rectalis	Bacteria	Bacillota	Clostridia	Lachnospirales	Lachnospiraceae	Roseburia	Roseburia rectalis	97.58	0.0	2748128	48	95941	41.721528	2497	49.0	0.7538461538	0.02711300444	0.013198219	0.018670026	0.34724706	1.762345289	49.0	0.2223801226
H02_bin.14	ANI95_cluster_00382	H02_bin.14	True	d__Bacteria;p__Bacillota;c__Clostridia;o__Oscillospirales;f__Oscillospiraceae;g__Vescimonas;s__Vescimonas sp900547745	Bacteria	Bacillota	Clostridia	Oscillospirales	Oscillospiraceae	Vescimonas	Vescimonas sp900547745	82.05	1.85	1761368	64	42064	62.269781	1657	9.0	0.1384615385	0.06948750463	0.0	0.3784282	1.5063459	4.516687801	9.0	0.1018961122
H02_bin.16	ANI95_cluster_00034	A06_bin.107	False	d__Bacteria;p__Bacteroidota;c__Bacteroidia;o__Bacteroidales;f__Marinifilaceae;g__Odoribacter;s__Odoribacter splanchnicus	Bacteria	Bacteroidota	Bacteroidia	Bacteroidales	Marinifilaceae	Odoribacter	Odoribacter splanchnicus	89.61	1.16	3683235	258	25308	43.766417	3136	51.0	0.7846153846	0.01312202594	0.012661726	0.014744517	0.04418694	0.8529316862	51.0	0.2280093946
H02_bin.17	ANI95_cluster_00383	H02_bin.17	True	d__Bacteria;p__Bacteroidota;c__Bacteroidia;o__Bacteroidales;f__Bacteroidaceae;g__Phocaeicola;s__Phocaeicola sp000432735	Bacteria	Bacteroidota	Bacteroidia	Bacteroidales	Bacteroidaceae	Phocaeicola	Phocaeicola sp000432735	94.9	1.61	3262945	84	61102	43.618326	2689	4.0	0.06153846154	0.08993560969	0.0	1.18972093	2.9583383	5.84581463	4.0	0.05536315292
H02_bin.18	ANI95_cluster_00384	H02_bin.18	True	d__Bacteria;p__Actinomycetota;c__Actinomycetes;o__Actinomycetales;f__Bifidobacteriaceae;g__Bifidobacterium;s__Bifidobacterium adolescentis	Bacteria	Actinomycetota	Actinomycetes	Actinomycetales	Bifidobacteriaceae	Bifidobacterium	Bifidobacterium adolescentis	98.53	1.7	1943785	202	17292	59.999537	1676	51.0	0.7846153846	0.14616195	0.045549728	0.09377719	1.261566	9.500526748	51.0	0.4788545531
H02_bin.19	ANI95_cluster_00385	H02_bin.19	True	d__Bacteria;p__Pseudomonadota;c__Gammaproteobacteria;o__Burkholderiales;f__Burkholderiaceae_F;g__Sutterella;s__Sutterella seckii	Bacteria	Pseudomonadota	Gammaproteobacteria	Burkholderiales	Burkholderiaceae_F	Sutterella	Sutterella seckii	97.52	0.0	2416080	166	20584	59.858490	2166	7.0	0.1076923077	0.02304937369	0.0	0.11256898	0.84895825	1.49820929	7.0	0.07971585308
H02_bin.24	ANI95_cluster_00419	H06_bin.61	False	d__Bacteria;p__Bacillota;c__Clostridia;o__Lachnospirales;f__Lachnospiraceae;g__Fusicatenibacter;s__Fusicatenibacter saccharivorans	Bacteria	Bacillota	Clostridia	Lachnospirales	Lachnospiraceae	Fusicatenibacter	Fusicatenibacter saccharivorans	91.59	5.06	2512770	365	11254	49.383071	2443	59.0	0.9076923077	0.02204674301	0.012719436	0.015482771	0.09431465	1.433038296	59.0	0.288062704
H02_bin.28	ANI95_cluster_00364	G08_bin.17	False	d__Bacteria;p__Bacillota;c__Clostridia;o__Oscillospirales;f__Oscillospiraceae;g__Hominicoprocola;s__Hominicoprocola sp900317525	Bacteria	Bacillota	Clostridia	Oscillospirales	Oscillospiraceae	Hominicoprocola	Hominicoprocola sp900317525	92.61	1.34	1657641	131	19402	62.074961	1629	44.0	0.6769230769	0.03518553682	0.020465791	0.0341635215	0.3750378	2.287059893	43.0	0.2705270646
H02_bin.3	ANI95_cluster_00361	G07_bin.85	False	d__Bacteria;p__Bacillota;c__Clostridia;o__Christensenellales;f__Aristaeellaceae;g__UBA11524;s__UBA11524 sp000437595	Bacteria	Bacillota	Clostridia	Christensenellales	Aristaeellaceae	UBA11524	UBA11524 sp000437595	91.61	0.7	2718611	449	7891	58.697070	2544	32.0	0.4923076923	0.01779007044	0.0	0.023896683	0.14045276	1.156354578	30.0	0.1161434901
H02_bin.41	ANI95_cluster_00386	H02_bin.41	True	d__Bacteria;p__Bacillota;c__Clostridia;o__Oscillospirales;f__Ruminococcaceae;g__Ruminococcus_C;s__Ruminococcus_C callidus	Bacteria	Bacillota	Clostridia	Oscillospirales	Ruminococcaceae	Ruminococcus_C	Ruminococcus_C callidus	85.91	0.0	2086635	137	21302	51.893743	1799	12.0	0.1846153846	0.01581312133	0.0	0.059631316	0.458829	1.027852886	12.0	0.1052487694
H02_bin.46	ANI95_cluster_00424	H07_bin.23	False	d__Bacteria;p__Bacillota;c__Clostridia;o__Oscillospirales;f__Ruminococcaceae;g__Faecalibacterium;s__Faecalibacterium longum	Bacteria	Bacillota	Clostridia	Oscillospirales	Ruminococcaceae	Faecalibacterium	Faecalibacterium longum	86.14	7.73	2001314	388	6285	60.063238	2122	56.0	0.8615384615	0.03083370763	0.021082466	0.0244121485	0.22312464	2.004190996	56.0	0.2770363112
H02_bin.48	ANI95_cluster_00387	H02_bin.48	True	d__Bacteria;p__Bacillota;c__Negativicutes;o__Veillonellales;f__Dialisteraceae;g__Dialister;s__Dialister succinatiphilus	Bacteria	Bacillota	Negativicutes	Veillonellales	Dialisteraceae	Dialister	Dialister succinatiphilus	100.0	0.63	2188598	120	44048	51.350042	1904	1.0	0.01538461538	0.007573019077	0.0	0.49224624	0.49224624	0.49224624	1.0	0.01537518862
H02_bin.5	ANI95_cluster_00413	H05_bin.38	False	d__Bacteria;p__Bacteroidota;c__Bacteroidia;o__Bacteroidales;f__Tannerellaceae;g__Parabacteroides;s__Parabacteroides distasonis	Bacteria	Bacteroidota	Bacteroidia	Bacteroidales	Tannerellaceae	Parabacteroides	Parabacteroides distasonis	90.13	1.15	3779951	489	11455	46.368696	3377	50.0	0.7692307692	0.013521691	0.009831515	0.01206379275	0.06275375	0.8789099149	49.0	0.2220649926
H02_bin.50	ANI95_cluster_00267	E06_bin.85	False	d__Bacteria;p__Bacteroidota;c__Bacteroidia;o__Bacteroidales;f__Rikenellaceae;g__Alistipes;s__Alistipes shahii	Bacteria	Bacteroidota	Bacteroidia	Bacteroidales	Rikenellaceae	Alistipes	Alistipes shahii	98.08	0.24	3029738	61	78954	59.564919	2443	46.0	0.7076923077	0.06646850527	0.04725265	0.073171887	0.31636435	4.320452843	46.0	0.4231180997
H02_bin.53	ANI95_cluster_00388	H02_bin.53	True	d__Bacteria;p__Bacteroidota;c__Bacteroidia;o__Bacteroidales;f__UBA932;g__Cryptobacteroides;s__Cryptobacteroides sp000431015	Bacteria	Bacteroidota	Bacteroidia	Bacteroidales	UBA932	Cryptobacteroides	Cryptobacteroides sp000431015	94.6	1.59	2653707	85	50414	53.178214	2130	1.0	0.01538461538	0.009471580615	0.0	0.61565274	0.61565274	0.61565274	1.0	0.01538056862
H02_bin.57	ANI95_cluster_00389	H02_bin.57	True	d__Bacteria;p__Bacteroidota;c__Bacteroidia;o__Bacteroidales;f__Muribaculaceae;g__Limisoma;s__Limisoma sp000437795	Bacteria	Bacteroidota	Bacteroidia	Bacteroidales	Muribaculaceae	Limisoma	Limisoma sp000437795	89.25	0.0	2124620	53	70234	51.074780	1795	1.0	0.01538461538	0.01294154385	0.0	0.84120035	0.84120035	0.84120035	1.0	0.01537947385
H02_bin.58	ANI95_cluster_00140	C02_bin.89	False	d__Bacteria;p__Bacillota;c__Clostridia;o__Oscillospirales;f__Acutalibacteraceae;g__Hominenteromicrobium;s__Hominenteromicrobium mulieris	Bacteria	Bacillota	Clostridia	Oscillospirales	Acutalibacteraceae	Hominenteromicrobium	Hominenteromicrobium mulieris	96.98	0.0	2190296	115	36588	53.761044	2054	43.0	0.6615384615	0.01400043262	0.007857018	0.013586861	0.0955798	0.91002812	43.0	0.2096463522
H02_bin.61	ANI95_cluster_00302	F06_bin.75	False	d__Bacteria;p__Bacillota;c__Clostridia;o__Oscillospirales;f__Oscillospiraceae;g__Hominicoprocola;s__Hominicoprocola fusiformis	Bacteria	Bacillota	Clostridia	Oscillospirales	Oscillospiraceae	Hominicoprocola	Hominicoprocola fusiformis	96.64	2.68	2129103	52	72914	59.019127	2061	48.0	0.7384615385	0.0435001283	0.01811253	0.0221830215	1.0402112	2.827508339	48.0	0.2317427859
H02_bin.64	ANI95_cluster_00390	H02_bin.64	True	d__Bacteria;p__Desulfobacterota;c__Desulfovibrionia;o__Desulfovibrionales;f__Desulfovibrionaceae;g__Desulfovibrio;s__Desulfovibrio sp900556755	Bacteria	Desulfobacterota	Desulfovibrionia	Desulfovibrionales	Desulfovibrionaceae	Desulfovibrio	Desulfovibrio sp900556755	96.75	0.59	2569236	189	22923	63.976412	2278	6.0	0.09230769231	0.006305345231	0.0	0.0326701125	0.23745997	0.40984744	6.0	0.05018432338
H02_bin.65	ANI95_cluster_00134	B09_bin.93	False	d__Bacteria;p__Bacillota;c__Clostridia;o__Oscillospirales;f__Oscillospiraceae;g__CAG-103;s__CAG-103 sp000432375	Bacteria	Bacillota	Clostridia	Oscillospirales	Oscillospiraceae	CAG-103	CAG-103 sp000432375	83.93	0.95	1726978	187	14153	62.918925	1698	31.0	0.4769230769	0.0115248721	0.0	0.015497292	0.13232514	0.7491166865	31.0	0.1439225498
H02_bin.76	ANI95_cluster_00195	D02_bin.11	False	d__Bacteria;p__Bacteroidota;c__Bacteroidia;o__Bacteroidales;f__Bacteroidaceae;g__Phocaeicola;s__Phocaeicola vulgatus	Bacteria	Bacteroidota	Bacteroidia	Bacteroidales	Bacteroidaceae	Phocaeicola	Phocaeicola vulgatus	97.13	5.28	4511558	178	44754	42.174389	3782	63.0	0.9692307692	0.2739609617	0.1630489	0.1789994	1.7623191	17.80746251	63.0	0.6231312969
H03_bin.1	ANI95_cluster_00310	F07_bin.6	False	d__Bacteria;p__Bacillota;c__Clostridia;o__Oscillospirales;f__Acutalibacteraceae;g__CAG-217;s__CAG-217 sp000436335	Bacteria	Bacillota	Clostridia	Oscillospirales	Acutalibacteraceae	CAG-217	CAG-217 sp000436335	94.63	1.36	1723047	123	19061	54.468044	1627	16.0	0.2461538462	0.008686577092	0.0	0.025930717	0.11978403	0.564627511	16.0	0.08551467262
H03_bin.10	ANI95_cluster_00315	F08_bin.12	False	d__Bacteria;p__Bacteroidota;c__Bacteroidia;o__Bacteroidales;f__Rikenellaceae;g__Alistipes_A;s__Alistipes_A hominis	Bacteria	Bacteroidota	Bacteroidia	Bacteroidales	Rikenellaceae	Alistipes_A	Alistipes_A hominis	80.25	5.81	2253019	656	3863	56.417367	2293	26.0	0.4	0.01247442314	0.0	0.012266417	0.32955065	0.810837504	26.0	0.1375456938
H03_bin.102	ANI95_cluster_00042	A07_bin.27	False	d__Bacteria;p__Bacillota;c__Negativicutes;o__Acidaminococcales;f__Acidaminococcaceae;g__Fusicatenibacter_A;s__Fusicatenibacter_A intestinipullorum	Bacteria	Bacillota	Negativicutes	Acidaminococcales	Acidaminococcaceae	Fusicatenibacter_A	Fusicatenibacter_A intestinipullorum	98.73	0.8	1741182	58	46301	46.419846	1683	5.0	0.07692307692	0.007104213948	0.0	0.044843454	0.33724076	0.4617739066	5.0	0.02866727238
H03_bin.103	ANI95_cluster_00346	G05_bin.13	False	d__Bacteria;p__Bacillota;c__Clostridia;o__Oscillospirales;f__Acutalibacteraceae;g__Ruminococcoides;s__Ruminococcoides intestinale	Bacteria	Bacillota	Clostridia	Oscillospirales	Acutalibacteraceae	Ruminococcoides	Ruminococcoides intestinale	90.71	1.34	1885533	151	18913	41.232161	1828	40.0	0.6153846154	0.04799666977	0.012681514	0.048588325	0.43431306	3.119783535	40.0	0.2331938302
H03_bin.106	ANI95_cluster_00007	A01_bin.66	False	d__Bacteria;p__Bacillota;c__Clostridia;o__Christensenellales;f__Aristaeellaceae;g__Ventricola;s__Ventricola sp900542395	Bacteria	Bacillota	Clostridia	Christensenellales	Aristaeellaceae	Ventricola	Ventricola sp900542395	90.99	2.28	2498806	268	13934	60.037714	2294	26.0	0.4	0.01119636454	0.0	0.013830206	0.17966026	0.727763695	26.0	0.1262785198
H03_bin.109	ANI95_cluster_00345	G05_bin.10	False	d__Bacteria;p__Bacillota;c__Clostridia;o__Christensenellales;f__CAG-138;g__Phil1;s__Phil1 sp001940855	Bacteria	Bacillota	Clostridia	Christensenellales	CAG-138	Phil1	Phil1 sp001940855	91.7	0.81	1998970	66	42412	53.111152	1897	14.0	0.2153846154	0.01129372974	0.0	0.02231563	0.4333013	0.7340924334	14.0	0.07295331715
H03_bin.11	ANI95_cluster_00391	H03_bin.11	True	d__Bacteria;p__Bacillota;c__Clostridia;o__Christensenellales;f__UBA1242;g__UBA6345;s__UBA6345 sp944380265	Bacteria	Bacillota	Clostridia	Christensenellales	UBA1242	UBA6345	UBA6345 sp944380265	80.08	0.0	1144144	7	408679	30.805126	954	1.0	0.01538461538	0.007854632308	0.0	0.5105511	0.5105511	0.5105511	1.0	0.01538396985
H03_bin.13	ANI95_cluster_00392	H03_bin.13	True	d__Bacteria;p__Bacteroidota;c__Bacteroidia;o__Bacteroidales;f__Muribaculaceae;g__CAG-873;s__CAG-873 sp910578035	Bacteria	Bacteroidota	Bacteroidia	Bacteroidales	Muribaculaceae	CAG-873	CAG-873 sp910578035	94.33	0.69	2710832	301	13427	52.300917	2379	1.0	0.01538461538	0.003604142	0.0	0.23426923	0.23426923	0.23426923	1.0	0.015378378
H03_bin.14	ANI95_cluster_00222	D08_bin.21	False	d__Bacteria;p__Bacteroidota;c__Bacteroidia;o__Bacteroidales;f__Rikenellaceae;g__Alistipes;s__Alistipes putredinis	Bacteria	Bacteroidota	Bacteroidia	Bacteroidales	Rikenellaceae	Alistipes	Alistipes putredinis	82.53	0.48	2044680	37	119001	54.633586	1892	52.0	0.8	0.2028833086	0.17940281	0.199825485	0.84553474	13.18741506	52.0	0.4780485502
H03_bin.16	ANI95_cluster_00288	F03_bin.29	False	d__Bacteria;p__Bacteroidota;c__Bacteroidia;o__Bacteroidales;f__Bacteroidaceae;g__Bacteroides;s__Bacteroides cellulosilyticus	Bacteria	Bacteroidota	Bacteroidia	Bacteroidales	Bacteroidaceae	Bacteroides	Bacteroides cellulosilyticus	86.4	6.18	5987564	163	100493	42.636605	4683	40.0	0.6153846154	0.07111225565	0.01826081	0.051504055	0.5702954	4.622296617	40.0	0.2911242405
H03_bin.18	ANI95_cluster_00393	H03_bin.18	True	d__Bacteria;p__Bacillota_I;c__Bacilli_A;o__ML615J-28;f__CAG-313;g__CAG-313;s__CAG-313 sp000433035	Bacteria	Bacillota_I	Bacilli_A	ML615J-28	CAG-313	CAG-313	CAG-313 sp000433035	98.67	0.11	1690802	16	170216	28.508542	1511	15.0	0.2307692308	0.01125774625	0.0	0.028038472	0.17448609	0.7317535065	15.0	0.1230842928
H03_bin.2	ANI95_cluster_00394	H03_bin.2	True	d__Bacteria;p__Bacillota;c__Clostridia;o__Oscillospirales;f__CAG-382;g__UBA1206;s__UBA1206 sp000433115	Bacteria	Bacillota	Clostridia	Oscillospirales	CAG-382	UBA1206	UBA1206 sp000433115	92.81	0.34	1902444	160	17242	50.188915	1770	7.0	0.1076923077	0.007365882338	0.0	0.04197597	0.2670745	0.478782352	7.0	0.06409560892
H03_bin.21	ANI95_cluster_00176	C07_bin.75	False	d__Bacteria;p__Bacillota;c__Clostridia;o__Christensenellales;f__CAG-314;g__CAG-314;s__CAG-314 sp000437915	Bacteria	Bacillota	Clostridia	Christensenellales	CAG-314	CAG-314	CAG-314 sp000437915	91.94	0.81	1401892	12	229670	49.371920	1230	14.0	0.2153846154	0.02493375506	0.0	0.031469734	0.9145005	1.620694079	14.0	0.09767220938
H03_bin.22	ANI95_cluster_00395	H03_bin.22	True	d__Bacteria;p__Bacillota;c__Clostridia;o__Oscillospirales;f__Oscillospiraceae;g__Faecousia;s__Faecousia sp000434635	Bacteria	Bacillota	Clostridia	Oscillospirales	Oscillospiraceae	Faecousia	Faecousia sp000434635	94.07	1.13	2483746	346	9469	57.173841	2515	32.0	0.4923076923	0.02017482733	0.0	0.030321826	0.20070022	1.311363776	31.0	0.1746469618
H03_bin.24	ANI95_cluster_00193	D01_bin.64	False	d__Bacteria;p__Bacteroidota;c__Bacteroidia;o__Bacteroidales;f__Bacteroidaceae;g__Bacteroides;s__Bacteroides uniformis	Bacteria	Bacteroidota	Bacteroidia	Bacteroidales	Bacteroidaceae	Bacteroides	Bacteroides uniformis	93.32	9.7	4677828	297	24582	47.224331	4063	63.0	0.9692307692	0.1463735989	0.11352577	0.121077135	0.5247933	9.514283927	63.0	0.5299928585
H03_bin.30	ANI95_cluster_00361	G07_bin.85	False	d__Bacteria;p__Bacillota;c__Clostridia;o__Christensenellales;f__Aristaeellaceae;g__UBA11524;s__UBA11524 sp000437595	Bacteria	Bacillota	Clostridia	Christensenellales	Aristaeellaceae	UBA11524	UBA11524 sp000437595	97.2	0.93	2843947	105	38229	58.334842	2399	30.0	0.4615384615	0.05330895178	0.0	0.0188704185	2.715893	3.465081866	30.0	0.1065807864
H03_bin.31	ANI95_cluster_00413	H05_bin.38	False	d__Bacteria;p__Bacteroidota;c__Bacteroidia;o__Bacteroidales;f__Tannerellaceae;g__Parabacteroides;s__Parabacteroides distasonis	Bacteria	Bacteroidota	Bacteroidia	Bacteroidales	Tannerellaceae	Parabacteroides	Parabacteroides distasonis	94.6	1.73	4434781	230	30777	45.295630	3728	47.0	0.7230769231	0.01233669	0.006966035	0.0115239825	0.1422394	0.8018848498	47.0	0.1665017964
H03_bin.33	ANI95_cluster_00215	D06_bin.80	False	d__Bacteria;p__Bacillota;c__Clostridia;o__Christensenellales;f__CAG-138;g__SFEL01;s__SFEL01 sp004557245	Bacteria	Bacillota	Clostridia	Christensenellales	CAG-138	SFEL01	SFEL01 sp004557245	98.39	1.88	1855719	103	31860	53.650310	1833	19.0	0.2923076923	0.01258889426	0.0	0.014931293	0.49195746	0.8182781266	19.0	0.09064962415
H03_bin.35	ANI95_cluster_00424	H07_bin.23	False	d__Bacteria;p__Bacillota;c__Clostridia;o__Oscillospirales;f__Ruminococcaceae;g__Faecalibacterium;s__Faecalibacterium longum	Bacteria	Bacillota	Clostridia	Oscillospirales	Ruminococcaceae	Faecalibacterium	Faecalibacterium longum	82.63	5.69	1899471	301	7990	60.050509	1901	55.0	0.8461538462	0.02766176026	0.020552611	0.024121989	0.17356806	1.798014417	55.0	0.2773925253
H03_bin.36	ANI95_cluster_00380	H01_bin.87	False	d__Bacteria;p__Bacillota;c__Clostridia;o__Lachnospirales;f__Lachnospiraceae;g__Acetatifactor;s__Acetatifactor intestinalis	Bacteria	Bacillota	Clostridia	Lachnospirales	Lachnospiraceae	Acetatifactor	Acetatifactor intestinalis	95.17	1.7	2789978	106	45002	46.923883	2575	37.0	0.5692307692	0.03591146804	0.0070817512	0.018441439	0.6246294	2.334245423	37.0	0.2035430736
H03_bin.37	ANI95_cluster_00128	B08_bin.66	False	d__Bacteria;p__Bacteroidota;c__Bacteroidia;o__Bacteroidales;f__Rikenellaceae;g__Alistipes;s__Alistipes communis	Bacteria	Bacteroidota	Bacteroidia	Bacteroidales	Rikenellaceae	Alistipes	Alistipes communis	85.1	1.44	2436424	79	54254	60.120611	1977	40.0	0.6153846154	0.02627672384	0.015142767	0.02845581	0.15972616	1.70798705	40.0	0.2812095928
H03_bin.38	ANI95_cluster_00396	H03_bin.38	True	d__Bacteria;p__Bacillota;c__Clostridia;o__Christensenellales;f__UBA1750;g__Spyradocola;s__Spyradocola sp905193155	Bacteria	Bacillota	Clostridia	Christensenellales	UBA1750	Spyradocola	Spyradocola sp905193155	84.8	7.77	2420957	609	4649	58.334122	2820	8.0	0.1230769231	0.007765453025	0.0	0.05518949	0.17040516	0.5047544466	8.0	0.07776637754
H03_bin.40	ANI95_cluster_00397	H03_bin.40	True	d__Bacteria;p__Bacillota;c__Clostridia;o__Christensenellales;f__CAG-917;g__CAG-475;s__CAG-475 sp934233745	Bacteria	Bacillota	Clostridia	Christensenellales	CAG-917	CAG-475	CAG-475 sp934233745	85.46	0.0	1569625	23	120436	45.932755	1293	1.0	0.01538461538	0.05957140923	0.0	3.8721416	3.8721416	3.8721416	1.0	0.01538448769
H03_bin.50	ANI95_cluster_00254	E04_bin.61	False	d__Bacteria;p__Bacillota;c__Clostridia;o__Oscillospirales;f__Oscillospiraceae;g__Hominicoprocola;s__Hominicoprocola sp003522105	Bacteria	Bacillota	Clostridia	Oscillospirales	Oscillospiraceae	Hominicoprocola	Hominicoprocola sp003522105	83.98	4.19	1765162	49	66710	58.222928	1719	13.0	0.2	0.04185662355	0.0	0.028098648	1.9679096	2.720680531	13.0	0.08658963938
H03_bin.57	ANI95_cluster_00078	B03_bin.54	False	d__Bacteria;p__Bacillota;c__Clostridia;o__UBA1212;f__UBA1255;g__Egerieisoma;s__Egerieisoma sp900552695	Bacteria	Bacillota	Clostridia	UBA1212	UBA1255	Egerieisoma	Egerieisoma sp900552695	88.16	2.35	2201872	409	7553	43.535319	2291	4.0	0.06153846154	0.004615364969	0.0	0.083592133	0.12157345	0.299998723	4.0	0.04249978123
H03_bin.58	ANI95_cluster_00231	D08_bin.97	False	d__Bacteria;p__Bacteroidota;c__Bacteroidia;o__Bacteroidales;f__Tannerellaceae;g__Parabacteroides;s__Parabacteroides merdae	Bacteria	Bacteroidota	Bacteroidia	Bacteroidales	Tannerellaceae	Parabacteroides	Parabacteroides merdae	96.9	2.02	4344058	268	26497	45.727060	3668	41.0	0.6307692308	0.01553013247	0.013153653	0.018579114	0.13471967	1.009458611	41.0	0.1672949443
H03_bin.59	ANI95_cluster_00021	A04_bin.93	False	d__Bacteria;p__Bacillota;c__Clostridia;o__Oscillospirales;f__Ruminococcaceae;g__Gemmiger;s__Gemmiger qucibialis	Bacteria	Bacillota	Clostridia	Oscillospirales	Ruminococcaceae	Gemmiger	Gemmiger qucibialis	98.41	1.36	2415496	198	18244	56.537663	2036	50.0	0.7692307692	0.01767711322	0.011106894	0.014488543	0.22212201	1.149012359	49.0	0.2331302309
H03_bin.62	ANI95_cluster_00360	G07_bin.76	False	d__Bacteria;p__Bacteroidota;c__Bacteroidia;o__Bacteroidales;f__Bacteroidaceae;g__Phocaeicola;s__Phocaeicola coprocola	Bacteria	Bacteroidota	Bacteroidia	Bacteroidales	Bacteroidaceae	Phocaeicola	Phocaeicola coprocola	92.62	6.82	3444209	249	22963	40.292938	2937	8.0	0.1230769231	0.04975288458	0.0	0.10461826	1.7881919	3.233937498	8.0	0.06676089862
H03_bin.63	ANI95_cluster_00398	H03_bin.63	True	d__Archaea;p__Thermoplasmatota;c__Thermoplasmata;o__Methanomassiliicoccales;f__Methanomassiliicoccaceae;g__Methanomassiliicoccus_A;s__Methanomassiliicoccus_A intestinalis	Archaea	Thermoplasmatota	Thermoplasmata	Methanomassiliicoccales	Methanomassiliicoccaceae	Methanomassiliicoccus_A	Methanomassiliicoccus_A intestinalis	97.58	1.61	1748248	115	25994	41.480557	1803	1.0	0.01538461538	0.004059509538	0.0	0.26386812	0.26386812	0.26386812	1.0	0.01536490369
H03_bin.66	ANI95_cluster_00399	H03_bin.66	True	d__Bacteria;p__Bacillota;c__Clostridia;o__Christensenellales;f__Borkfalkiaceae;g__UMGS621;s__UMGS621 sp900543915	Bacteria	Bacillota	Clostridia	Christensenellales	Borkfalkiaceae	UMGS621	UMGS621 sp900543915	94.48	1.88	1746457	207	12130	55.762094	1644	13.0	0.2	0.006965611571	0.0	0.019134765	0.12293866	0.4527647521	13.0	0.1002021992
H03_bin.67	ANI95_cluster_00355	G06_bin.24	False	d__Bacteria;p__Bacillota;c__Clostridia;o__Oscillospirales;f__Oscillospiraceae;g__CAG-170;s__CAG-170 sp000432135	Bacteria	Bacillota	Clostridia	Oscillospirales	Oscillospiraceae	CAG-170	CAG-170 sp000432135	89.93	4.5	2571240	231	18401	58.550427	2513	39.0	0.6	0.03391511168	0.015611478	0.027917854	0.7733517	2.204482259	39.0	0.2115669427
H03_bin.68	ANI95_cluster_00194	D01_bin.67	False	d__Bacteria;p__Actinomycetota;c__Coriobacteriia;o__Coriobacteriales;f__Coriobacteriaceae;g__Collinsella;s__Collinsella sp905215825	Bacteria	Actinomycetota	Coriobacteriia	Coriobacteriales	Coriobacteriaceae	Collinsella	Collinsella sp905215825	89.26	2.58	1812015	340	6202	60.535481	1722	36.0	0.5538461538	0.01630333144	0.0071444036	0.0161512215	0.15953256	1.059716544	35.0	0.1197401443
H03_bin.70	ANI95_cluster_00034	A06_bin.107	False	d__Bacteria;p__Bacteroidota;c__Bacteroidia;o__Bacteroidales;f__Marinifilaceae;g__Odoribacter;s__Odoribacter splanchnicus	Bacteria	Bacteroidota	Bacteroidia	Bacteroidales	Marinifilaceae	Odoribacter	Odoribacter splanchnicus	99.46	0.81	3671915	164	38142	43.581973	3106	49.0	0.7538461538	0.01234290918	0.0093297195	0.011291626	0.06485745	0.802289097	49.0	0.2106305847
H03_bin.72	ANI95_cluster_00400	H03_bin.72	True	d__Bacteria;p__Bacillota;c__Clostridia;o__Oscillospirales;f__CAG-272;g__UMGS1312;s__UMGS1312 sp900550625	Bacteria	Bacillota	Clostridia	Oscillospirales	CAG-272	UMGS1312	UMGS1312 sp900550625	89.11	1.12	1780991	344	6612	53.405829	1756	10.0	0.1538461538	0.006634314077	0.0	0.02573324	0.19841003	0.431230415	10.0	0.07380249708
H03_bin.73	ANI95_cluster_00331	G01_bin.90	False	d__Bacteria;p__Pseudomonadota;c__Alphaproteobacteria;o__RF32;f__CAG-239;g__CAZU01;s__CAZU01 sp000432275	Bacteria	Pseudomonadota	Alphaproteobacteria	RF32	CAG-239	CAZU01	CAZU01 sp000432275	95.0	0.0	1781121	45	92424	45.548506	1762	5.0	0.07692307692	0.03915615685	0.0	0.3598477	1.7039996	2.545150195	5.0	0.05300255754
H03_bin.78	ANI95_cluster_00083	B04_bin.18	False	d__Bacteria;p__Bacteroidota;c__Bacteroidia;o__Bacteroidales;f__Rikenellaceae;g__Alistipes;s__Alistipes onderdonkii	Bacteria	Bacteroidota	Bacteroidia	Bacteroidales	Rikenellaceae	Alistipes	Alistipes onderdonkii	98.79	6.49	3557371	41	129738	58.535222	2892	50.0	0.7692307692	0.07893940876	0.02374354	0.039997395	1.0324414	5.131061569	50.0	0.2263272156
H03_bin.80	ANI95_cluster_00212	D06_bin.25	False	d__Bacteria;p__Bacillota;c__Clostridia;o__Oscillospirales;f__Ruminococcaceae;g__CAG-115;s__CAG-115 sp003531585	Bacteria	Bacillota	Clostridia	Oscillospirales	Ruminococcaceae	CAG-115	CAG-115 sp003531585	92.26	1.34	2392051	304	10432	53.851402	2286	28.0	0.4307692308	0.01924103731	0.0	0.0170172965	0.24397342	1.250667425	28.0	0.1466777883
H03_bin.82	ANI95_cluster_00401	H03_bin.82	True	d__Bacteria;p__Bacteroidota;c__Bacteroidia;o__Bacteroidales;f__Bacteroidaceae;g__Phocaeicola;s__Phocaeicola intestinalis	Bacteria	Bacteroidota	Bacteroidia	Bacteroidales	Bacteroidaceae	Phocaeicola	Phocaeicola intestinalis	90.37	0.07	3602029	168	33645	46.511452	3144	2.0	0.03076923077	0.06453664154	0.0	2.09744085	3.0346775	4.1948817	2.0	0.02744824369
H03_bin.86	ANI95_cluster_00402	H03_bin.86	True	d__Bacteria;p__Verrucomicrobiota;c__Verrucomicrobiia;o__Opitutales;f__Intestinicryptomonadaceae;g__Merdousia;s__Merdousia gallistercoris	Bacteria	Verrucomicrobiota	Verrucomicrobiia	Opitutales	Intestinicryptomonadaceae	Merdousia	Merdousia gallistercoris	95.27	0.68	2446795	51	79399	49.635625	2060	2.0	0.03076923077	0.007961280594	0.0	0.2587416193	0.5116383	0.5174832386	2.0	0.01744204492
H03_bin.87	ANI95_cluster_00134	B09_bin.93	False	d__Bacteria;p__Bacillota;c__Clostridia;o__Oscillospirales;f__Oscillospiraceae;g__CAG-103;s__CAG-103 sp000432375	Bacteria	Bacillota	Clostridia	Oscillospirales	Oscillospiraceae	CAG-103	CAG-103 sp000432375	86.07	0.69	1723172	117	20340	62.743475	1643	33.0	0.5076923077	0.01311801109	0.0040211915	0.020055959	0.08796582	0.8526707207	33.0	0.1792423772
H03_bin.90	ANI95_cluster_00299	F06_bin.47	False	d__Bacteria;p__Verrucomicrobiota;c__Lentisphaeria;o__Victivallales;f__Victivallaceae;g__Victivallis;s__Victivallis lenta	Bacteria	Verrucomicrobiota	Lentisphaeria	Victivallales	Victivallaceae	Victivallis	Victivallis lenta	92.43	5.07	4352408	286	23557	61.561899	3585	12.0	0.1846153846	0.006782988082	0.0	0.0220157865	0.16345422	0.4408942253	12.0	0.08772973738
H03_bin.93	ANI95_cluster_00154	C05_bin.102	False	d__Bacteria;p__Bacillota;c__Clostridia;o__Christensenellales;f__Pumilibacteraceae;g__CAG-552;s__CAG-552 sp000435495	Bacteria	Bacillota	Clostridia	Christensenellales	Pumilibacteraceae	CAG-552	CAG-552 sp000435495	89.18	0.81	1255200	27	57608	43.096797	1110	2.0	0.03076923077	0.009262195846	0.0	0.301021365	0.5244556	0.60204273	2.0	0.02637017692
H03_bin.96	ANI95_cluster_00228	D08_bin.51	False	d__Bacteria;p__Pseudomonadota;c__Alphaproteobacteria;o__RF32;f__CAG-239;g__JAFUYI01;s__JAFUYI01 sp001917175	Bacteria	Pseudomonadota	Alphaproteobacteria	RF32	CAG-239	JAFUYI01	JAFUYI01 sp001917175	97.85	0.1	1829277	65	33983	51.669485	1701	8.0	0.1230769231	0.01495666563	0.0	0.0500422565	0.4418399	0.9721832661	8.0	0.06111373677
H03_bin.99	ANI95_cluster_00114	B06_bin.60	False	d__Bacteria;p__Pseudomonadota;c__Gammaproteobacteria;o__Burkholderiales;f__Burkholderiaceae_F;g__Duodenibacillus;s__Duodenibacillus massiliensis	Bacteria	Pseudomonadota	Gammaproteobacteria	Burkholderiales	Burkholderiaceae_F	Duodenibacillus	Duodenibacillus massiliensis	82.5	0.62	1569742	52	46476	57.119960	1478	5.0	0.07692307692	0.01801028628	0.0	0.049138226	0.93853956	1.170668608	5.0	0.04707902585
H04_bin.10	ANI95_cluster_00146	C04_bin.103	False	d__Bacteria;p__Bacillota;c__Clostridia;o__Oscillospirales;f__Acutalibacteraceae;g__CAG-177;s__CAG-177 sp003514385	Bacteria	Bacillota	Clostridia	Oscillospirales	Acutalibacteraceae	CAG-177	CAG-177 sp003514385	95.93	0.0	2171584	13	210093	51.385302	2019	16.0	0.2461538462	0.02023589782	0.0	0.0160595235	0.59383225	1.315333358	16.0	0.08914076646
H04_bin.11	ANI95_cluster_00186	C08_bin.86	False	d__Bacteria;p__Bacillota;c__Negativicutes;o__Acidaminococcales;f__Acidaminococcaceae;g__Phascolarctobacterium;s__Phascolarctobacterium faecium	Bacteria	Bacillota	Negativicutes	Acidaminococcales	Acidaminococcaceae	Phascolarctobacterium	Phascolarctobacterium faecium	88.6	1.5	1809367	26	92543	42.856590	1738	16.0	0.2461538462	0.03079906529	0.0	0.051624434	0.9717222	2.001939244	16.0	0.147397048
H04_bin.15	ANI95_cluster_00342	G04_bin.79	False	d__Bacteria;p__Pseudomonadota;c__Gammaproteobacteria;o__Burkholderiales;f__Burkholderiaceae_F;g__Parasutterella;s__Parasutterella excrementihominis	Bacteria	Pseudomonadota	Gammaproteobacteria	Burkholderiales	Burkholderiaceae_F	Parasutterella	Parasutterella excrementihominis	96.88	0.94	2435655	259	14247	48.642973	2375	26.0	0.4	0.02514435741	0.0	0.0140692335	0.7174203	1.634383231	26.0	0.1312655533
H04_bin.18	ANI95_cluster_00413	H05_bin.38	False	d__Bacteria;p__Bacteroidota;c__Bacteroidia;o__Bacteroidales;f__Tannerellaceae;g__Parabacteroides;s__Parabacteroides distasonis	Bacteria	Bacteroidota	Bacteroidia	Bacteroidales	Tannerellaceae	Parabacteroides	Parabacteroides distasonis	97.12	0.0	4604325	40	143631	45.217681	3894	50.0	0.7692307692	0.02465359333	0.0165493	0.0230414085	0.16617149	1.602483566	50.0	0.2180847265
H04_bin.19	ANI95_cluster_00171	C06_bin.29	False	d__Bacteria;p__Bacillota;c__Clostridia;o__Oscillospirales;f__Oscillospiraceae;g__Vescimonas;s__Vescimonas coprocola	Bacteria	Bacillota	Clostridia	Oscillospirales	Oscillospiraceae	Vescimonas	Vescimonas coprocola	89.85	2.17	1887430	181	15607	60.820428	1820	39.0	0.6	0.02847019882	0.0062805577	0.012814219	0.9044257	1.850562923	39.0	0.1806592344
H04_bin.2	ANI95_cluster_00034	A06_bin.107	False	d__Bacteria;p__Bacteroidota;c__Bacteroidia;o__Bacteroidales;f__Marinifilaceae;g__Odoribacter;s__Odoribacter splanchnicus	Bacteria	Bacteroidota	Bacteroidia	Bacteroidales	Marinifilaceae	Odoribacter	Odoribacter splanchnicus	95.7	0.0	3980197	101	62305	43.617540	3338	51.0	0.7846153846	0.01104804961	0.010147656	0.011848189	0.045394186	0.7181232246	51.0	0.2201403707
H04_bin.20	ANI95_cluster_00415	H05_bin.43	False	d__Bacteria;p__Bacillota;c__Clostridia;o__Lachnospirales;f__Lachnospiraceae;g__Roseburia;s__Roseburia rectalis	Bacteria	Bacillota	Clostridia	Lachnospirales	Lachnospiraceae	Roseburia	Roseburia rectalis	97.88	0.0	2854701	51	93454	41.527466	2614	50.0	0.7692307692	0.0247337914	0.014460887	0.0220004385	0.15523313	1.607696441	50.0	0.2162516118
H04_bin.25	ANI95_cluster_00083	B04_bin.18	False	d__Bacteria;p__Bacteroidota;c__Bacteroidia;o__Bacteroidales;f__Rikenellaceae;g__Alistipes;s__Alistipes onderdonkii	Bacteria	Bacteroidota	Bacteroidia	Bacteroidales	Rikenellaceae	Alistipes	Alistipes onderdonkii	98.7	0.48	3062531	32	163468	58.688745	2522	56.0	0.8615384615	0.1740894876	0.05493767	0.07240306	2.0732641	11.31581669	56.0	0.4304674736
H04_bin.30	ANI95_cluster_00060	B01_bin.68	False	d__Bacteria;p__Actinomycetota;c__Coriobacteriia;o__Coriobacteriales;f__QAMH01;g__QAMH01;s__QAMH01 sp900544245	Bacteria	Actinomycetota	Coriobacteriia	Coriobacteriales	QAMH01	QAMH01	QAMH01 sp900544245	98.39	0.92	1749346	167	15947	60.803066	1688	23.0	0.3538461538	0.01024085703	0.0	0.025586247	0.12793012	0.6656557069	23.0	0.1479280138
H04_bin.32	ANI95_cluster_00403	H04_bin.32	True	d__Bacteria;p__Bacillota;c__Clostridia;o__Oscillospirales;f__Oscillospiraceae;g__Evtepia;s__Evtepia excrementipullorum	Bacteria	Bacillota	Clostridia	Oscillospirales	Oscillospiraceae	Evtepia	Evtepia excrementipullorum	86.58	0.34	1973469	147	22399	62.982241	1904	15.0	0.2307692308	0.01510561112	0.0	0.03946211	0.27163526	0.981864723	15.0	0.1338540572
H04_bin.33	ANI95_cluster_00404	H04_bin.33	True	d__Bacteria;p__Bacillota;c__Clostridia;o__Oscillospirales;f__Acutalibacteraceae;g__Clostridium_A;s__Clostridium_A leptum	Bacteria	Bacillota	Clostridia	Oscillospirales	Acutalibacteraceae	Clostridium_A	Clostridium_A leptum	94.28	2.35	2813371	521	7130	50.454917	2927	50.0	0.7692307692	0.02280730804	0.008971381	0.01383657675	0.26254854	1.482475023	49.0	0.2712324677
H04_bin.36	ANI95_cluster_00220	D07_bin.75	False	d__Bacteria;p__Bacillota;c__Clostridia;o__Lachnospirales;f__Lachnospiraceae;g__Blautia_A;s__Blautia_A fusiformis	Bacteria	Bacillota	Clostridia	Lachnospirales	Lachnospiraceae	Blautia_A	Blautia_A fusiformis	94.38	2.74	2677971	172	23054	45.351574	2477	59.0	0.9076923077	0.05206226978	0.02223366	0.023914587	0.47782215	3.384047535	59.0	0.3919273994
H04_bin.37	ANI95_cluster_00267	E06_bin.85	False	d__Bacteria;p__Bacteroidota;c__Bacteroidia;o__Bacteroidales;f__Rikenellaceae;g__Alistipes;s__Alistipes shahii	Bacteria	Bacteroidota	Bacteroidia	Bacteroidales	Rikenellaceae	Alistipes	Alistipes shahii	88.83	0.16	2750345	48	82438	59.493554	2257	46.0	0.7076923077	0.09869960462	0.047755126	0.07270933	1.75366	6.4154743	46.0	0.4309783828
H04_bin.40	ANI95_cluster_00253	E04_bin.38	False	d__Bacteria;p__Bacillota;c__Clostridia;o__Lachnospirales;f__Lachnospiraceae;g__Blautia_A;s__Blautia_A faecis	Bacteria	Bacillota	Clostridia	Lachnospirales	Lachnospiraceae	Blautia_A	Blautia_A faecis	90.17	7.83	3616696	477	11666	43.341879	3432	64.0	0.9846153846	0.077271064	0.05228702	0.0533285815	0.57424504	5.02261916	64.0	0.5635374969
H04_bin.47	ANI95_cluster_00405	H04_bin.47	True	d__Bacteria;p__Bacillota;c__Clostridia;o__Lachnospirales;f__Anaerotignaceae;g__Anaerotignum;s__Anaerotignum lactatifermentans	Bacteria	Bacillota	Clostridia	Lachnospirales	Anaerotignaceae	Anaerotignum	Anaerotignum lactatifermentans	92.95	0.0	2220950	78	48292	45.866318	2199	3.0	0.04615384615	0.013699181	0.0	0.051703133	0.79670936	0.890446765	3.0	0.02978148308
H04_bin.49	ANI95_cluster_00177	C07_bin.89	False	d__Bacteria;p__Desulfobacterota;c__Desulfovibrionia;o__Desulfovibrionales;f__Desulfovibrionaceae;g__Bilophila;s__Bilophila wadsworthia	Bacteria	Desulfobacterota	Desulfovibrionia	Desulfovibrionales	Desulfovibrionaceae	Bilophila	Bilophila wadsworthia	98.82	0.59	4056406	201	32541	59.856558	3543	36.0	0.5538461538	0.01022331075	0.0047334125	0.0109818	0.22612835	0.6645151989	36.0	0.1471904241
H04_bin.57	ANI95_cluster_00406	H04_bin.57	True	d__Bacteria;p__Bacillota;c__Clostridia;o__Oscillospirales;f__Ruminococcaceae;g__Gemmiger;s__Gemmiger formicilis	Bacteria	Bacillota	Clostridia	Oscillospirales	Ruminococcaceae	Gemmiger	Gemmiger formicilis	95.92	0.0	2564568	95	45193	59.819432	2300	53.0	0.8153846154	0.02535633708	0.015375922	0.017840229	0.3288576	1.64816191	53.0	0.2184644066
H04_bin.6	ANI95_cluster_00173	C07_bin.25	False	d__Bacteria;p__Bacillota;c__Clostridia;o__Lachnospirales;f__Lachnospiraceae;g__Anaerobutyricum;s__Anaerobutyricum hallii	Bacteria	Bacillota	Clostridia	Lachnospirales	Lachnospiraceae	Anaerobutyricum	Anaerobutyricum hallii	93.96	8.95	4775347	400	23082	38.536676	4625	63.0	0.9692307692	0.03940173672	0.030527728	0.032478124	0.21083546	2.561112887	63.0	0.3394602826
H04_bin.60	ANI95_cluster_00061	B01_bin.9	False	d__Bacteria;p__Verrucomicrobiota;c__Verrucomicrobiia;o__Verrucomicrobiales;f__Akkermansiaceae;g__Akkermansia;s__Akkermansia muciniphila	Bacteria	Verrucomicrobiota	Verrucomicrobiia	Verrucomicrobiales	Akkermansiaceae	Akkermansia	Akkermansia muciniphila	97.96	0.68	2769927	23	435982	55.385828	2356	26.0	0.4	0.03552630989	0.0	0.0280313575	0.5659118	2.309210143	26.0	0.1488376728
H04_bin.65	ANI95_cluster_00364	G08_bin.17	False	d__Bacteria;p__Bacillota;c__Clostridia;o__Oscillospirales;f__Oscillospiraceae;g__Hominicoprocola;s__Hominicoprocola sp900317525	Bacteria	Bacillota	Clostridia	Oscillospirales	Oscillospiraceae	Hominicoprocola	Hominicoprocola sp900317525	92.62	4.7	2082503	60	67336	60.506275	2093	43.0	0.6615384615	0.03627702497	0.024248159	0.033234533	0.38090265	2.358006623	43.0	0.2584251823
H04_bin.66	ANI95_cluster_00086	B04_bin.53	False	d__Bacteria;p__Bacillota;c__Clostridia;o__Oscillospirales;f__Oscillospiraceae;g__Lawsonibacter;s__Lawsonibacter asaccharolyticus	Bacteria	Bacillota	Clostridia	Oscillospirales	Oscillospiraceae	Lawsonibacter	Lawsonibacter asaccharolyticus	85.85	9.31	2686677	548	6330	61.751822	2944	57.0	0.8769230769	0.02249087584	0.015712475	0.01890667	0.08987406	1.46190693	57.0	0.3121628577
H04_bin.68	ANI95_cluster_00407	H04_bin.68	True	d__Bacteria;p__Bacillota;c__Clostridia;o__Lachnospirales;f__Lachnospiraceae;g__Blautia_A;s__Blautia_A ammoniilytica	Bacteria	Bacillota	Clostridia	Lachnospirales	Lachnospiraceae	Blautia_A	Blautia_A ammoniilytica	90.06	2.85	3156881	245	21918	43.366855	2903	51.0	0.7846153846	0.01892003257	0.0144352	0.01734587	0.28248587	1.229802117	51.0	0.2350495518
H04_bin.7	ANI95_cluster_00408	H04_bin.7	True	d__Bacteria;p__Bacillota;c__Clostridia;o__Lachnospirales;f__Lachnospiraceae;g__Copromonas;s__Copromonas avistercoris	Bacteria	Bacillota	Clostridia	Lachnospirales	Lachnospiraceae	Copromonas	Copromonas avistercoris	97.7	0.0	2628468	25	170073	51.813338	2421	7.0	0.1076923077	0.01309331355	0.0	0.033565637	0.6542809	0.851065381	7.0	0.06643988831
H04_bin.70	ANI95_cluster_00193	D01_bin.64	False	d__Bacteria;p__Bacteroidota;c__Bacteroidia;o__Bacteroidales;f__Bacteroidaceae;g__Bacteroides;s__Bacteroides uniformis	Bacteria	Bacteroidota	Bacteroidia	Bacteroidales	Bacteroidaceae	Bacteroides	Bacteroides uniformis	95.91	0.0	4292552	56	137471	46.517852	3593	63.0	0.9692307692	0.1706312088	0.13647674	0.13804741	0.89788747	11.09102857	63.0	0.5645388454
H04_bin.71	ANI95_cluster_00302	F06_bin.75	False	d__Bacteria;p__Bacillota;c__Clostridia;o__Oscillospirales;f__Oscillospiraceae;g__Hominicoprocola;s__Hominicoprocola fusiformis	Bacteria	Bacillota	Clostridia	Oscillospirales	Oscillospiraceae	Hominicoprocola	Hominicoprocola fusiformis	92.74	3.36	2135718	57	45549	58.711590	2076	47.0	0.7230769231	0.03463865633	0.01838174	0.025356382	0.50302994	2.251512661	47.0	0.2604255155
H04_bin.73	ANI95_cluster_00409	H04_bin.73	True	d__Bacteria;p__Bacillota;c__Clostridia;o__Lachnospirales;f__Lachnospiraceae;g__Eisenbergiella;s__Eisenbergiella intestinigallinarum	Bacteria	Bacillota	Clostridia	Lachnospirales	Lachnospiraceae	Eisenbergiella	Eisenbergiella intestinigallinarum	82.84	2.4	3931489	937	5043	52.139685	4214	3.0	0.04615384615	0.003121012046	0.0	0.007245928	0.18837446	0.202865783	2.0	0.01755944292
H04_bin.74	ANI95_cluster_00066	B02_bin.41	False	d__Bacteria;p__Bacillota;c__Clostridia;o__Lachnospirales;f__Lachnospiraceae;g__Dorea_A;s__Dorea_A longicatena	Bacteria	Bacillota	Clostridia	Lachnospirales	Lachnospiraceae	Dorea_A	Dorea_A longicatena	85.38	0.23	2061944	39	112577	41.684255	1950	58.0	0.8923076923	0.03588361699	0.017795129	0.020635592	0.4372608	2.332435104	58.0	0.3531773097
H04_bin.82	ANI95_cluster_00231	D08_bin.97	False	d__Bacteria;p__Bacteroidota;c__Bacteroidia;o__Bacteroidales;f__Tannerellaceae;g__Parabacteroides;s__Parabacteroides merdae	Bacteria	Bacteroidota	Bacteroidia	Bacteroidales	Tannerellaceae	Parabacteroides	Parabacteroides merdae	96.92	0.58	4236610	79	83192	45.179825	3563	41.0	0.6307692308	0.02440817904	0.014622884	0.029946627	0.26095077	1.586531638	41.0	0.2730154129
H04_bin.85	ANI95_cluster_00286	F03_bin.13	False	d__Bacteria;p__Bacteroidota;c__Bacteroidia;o__Bacteroidales;f__Rikenellaceae;g__Alistipes;s__Alistipes finegoldii	Bacteria	Bacteroidota	Bacteroidia	Bacteroidales	Rikenellaceae	Alistipes	Alistipes finegoldii	89.17	0.0	2721503	40	95655	58.595269	2264	50.0	0.7692307692	0.08530526635	0.024882356	0.04146401	1.0044456	5.544842313	50.0	0.4028647803
H05_bin.12	ANI95_cluster_00044	A07_bin.65	False	d__Bacteria;p__Bacteroidota;c__Bacteroidia;o__Bacteroidales;f__Barnesiellaceae;g__Barnesiella;s__Barnesiella intestinihominis	Bacteria	Bacteroidota	Bacteroidia	Bacteroidales	Barnesiellaceae	Barnesiella	Barnesiella intestinihominis	99.25	0.0	3141718	18	275149	43.330560	2532	43.0	0.6615384615	0.06903436794	0.03283806	0.05505552	0.8433657	4.487233916	43.0	0.3301601791
H05_bin.14	ANI95_cluster_00146	C04_bin.103	False	d__Bacteria;p__Bacillota;c__Clostridia;o__Oscillospirales;f__Acutalibacteraceae;g__CAG-177;s__CAG-177 sp003514385	Bacteria	Bacillota	Clostridia	Oscillospirales	Acutalibacteraceae	CAG-177	CAG-177 sp003514385	96.6	0.67	2154736	36	86276	51.406901	2000	16.0	0.2461538462	0.01844220238	0.0	0.023786003	0.37311214	1.198743155	16.0	0.08408083523
H05_bin.17	ANI95_cluster_00346	G05_bin.13	False	d__Bacteria;p__Bacillota;c__Clostridia;o__Oscillospirales;f__Acutalibacteraceae;g__Ruminococcoides;s__Ruminococcoides intestinale	Bacteria	Bacillota	Clostridia	Oscillospirales	Acutalibacteraceae	Ruminococcoides	Ruminococcoides intestinale	99.33	1.34	2085937	54	58926	40.961208	1969	40.0	0.6153846154	0.06433518511	0.012808917	0.0454400555	1.2776628	4.181787032	40.0	0.2410041088
H05_bin.19	ANI95_cluster_00055	A09_bin.62	False	d__Bacteria;p__Bacillota;c__Clostridia;o__Oscillospirales;f__Ruminococcaceae;g__Ruthenibacterium;s__Ruthenibacterium lactatiformans	Bacteria	Bacillota	Clostridia	Oscillospirales	Ruminococcaceae	Ruthenibacterium	Ruthenibacterium lactatiformans	82.04	3.85	2299298	655	3967	59.487896	2584	55.0	0.8461538462	0.0235651179	0.012648857	0.0151164895	0.29740372	1.531732663	55.0	0.3080577191
H05_bin.2	ANI95_cluster_00406	H04_bin.57	False	d__Bacteria;p__Bacillota;c__Clostridia;o__Oscillospirales;f__Ruminococcaceae;g__Gemmiger;s__Gemmiger formicilis	Bacteria	Bacillota	Clostridia	Oscillospirales	Ruminococcaceae	Gemmiger	Gemmiger formicilis	94.9	1.5	2208504	132	28754	60.833578	1922	48.0	0.7384615385	0.02071085428	0.007843827	0.0127134	0.2623449	1.346205528	48.0	0.2097331266
H05_bin.21	ANI95_cluster_00410	H05_bin.21	True	d__Bacteria;p__Bacillota;c__Clostridia;o__Lachnospirales;f__Lachnospiraceae;g__Hungatella;s__Hungatella effluvii	Bacteria	Bacillota	Clostridia	Lachnospirales	Lachnospiraceae	Hungatella	Hungatella effluvii	98.73	3.01	6795314	100	106967	48.936841	6032	6.0	0.09230769231	0.01199097712	0.0	0.0371214595	0.48923522	0.779413513	6.0	0.047274824
H05_bin.27	ANI95_cluster_00411	H05_bin.27	True	d__Bacteria;p__Actinomycetota;c__Coriobacteriia;o__Coriobacteriales;f__Coriobacteriaceae;g__Collinsella;s__	Bacteria	Actinomycetota	Coriobacteriia	Coriobacteriales	Coriobacteriaceae	Collinsella		100.0	0.81	2088514	49	68209	60.121503	1802	26.0	0.4	0.01806603413	0.0	0.0223190685	0.3414745	1.174292218	26.0	0.1087211792
H05_bin.33	ANI95_cluster_00361	G07_bin.85	False	d__Bacteria;p__Bacillota;c__Clostridia;o__Christensenellales;f__Aristaeellaceae;g__UBA11524;s__UBA11524 sp000437595	Bacteria	Bacillota	Clostridia	Christensenellales	Aristaeellaceae	UBA11524	UBA11524 sp000437595	96.5	1.17	2865286	277	14989	58.410714	2524	27.0	0.4153846154	0.02518472239	0.0	0.03131656	0.28286842	1.637006955	27.0	0.1704341448
H05_bin.34	ANI95_cluster_00412	H05_bin.34	True	d__Bacteria;p__Pseudomonadota;c__Gammaproteobacteria;o__Enterobacterales;f__Enterobacteriaceae;g__Escherichia;s__Escherichia coli	Bacteria	Pseudomonadota	Gammaproteobacteria	Enterobacterales	Enterobacteriaceae	Escherichia	Escherichia coli	99.96	0.12	4654820	58	136648	50.782801	4361	19.0	0.2923076923	0.021640947	0.0	0.020238532	0.32897663	1.406661555	19.0	0.1171673188
H05_bin.36	ANI95_cluster_00283	F02_bin.66	False	d__Bacteria;p__Bacteroidota;c__Bacteroidia;o__Bacteroidales;f__Rikenellaceae;g__Tidjanibacter;s__Tidjanibacter inops	Bacteria	Bacteroidota	Bacteroidia	Bacteroidales	Rikenellaceae	Tidjanibacter	Tidjanibacter inops	87.5	0.48	1970862	31	145953	56.841118	1686	29.0	0.4461538462	0.03092960027	0.0	0.026165936	0.62497276	2.010424018	29.0	0.2151864992
H05_bin.38	ANI95_cluster_00413	H05_bin.38	True	d__Bacteria;p__Bacteroidota;c__Bacteroidia;o__Bacteroidales;f__Tannerellaceae;g__Parabacteroides;s__Parabacteroides distasonis	Bacteria	Bacteroidota	Bacteroidia	Bacteroidales	Tannerellaceae	Parabacteroides	Parabacteroides distasonis	98.65	0.0	4559170	42	174269	45.045304	3758	43.0	0.6615384615	0.01956181621	0.00869593	0.011203745	0.19503355	1.271518054	43.0	0.2195510094
H05_bin.41	ANI95_cluster_00414	H05_bin.41	True	d__Bacteria;p__Bacillota;c__Clostridia;o__Lachnospirales;f__Lachnospiraceae;g__Faecalimonas;s__Faecalimonas sp029983955	Bacteria	Bacillota	Clostridia	Lachnospirales	Lachnospiraceae	Faecalimonas	Faecalimonas sp029983955	97.31	1.27	3628228	336	23169	39.643099	3654	19.0	0.2923076923	0.01997573825	0.0	0.029472526	0.5100707	1.298422986	19.0	0.07021955351
H05_bin.42	ANI95_cluster_00034	A06_bin.107	False	d__Bacteria;p__Bacteroidota;c__Bacteroidia;o__Bacteroidales;f__Marinifilaceae;g__Odoribacter;s__Odoribacter splanchnicus	Bacteria	Bacteroidota	Bacteroidia	Bacteroidales	Marinifilaceae	Odoribacter	Odoribacter splanchnicus	96.24	0.0	4138995	51	120948	43.475892	3390	51.0	0.7846153846	0.01626232718	0.013481648	0.014129949	0.1323675	1.057051267	51.0	0.2228683745
H05_bin.43	ANI95_cluster_00415	H05_bin.43	True	d__Bacteria;p__Bacillota;c__Clostridia;o__Lachnospirales;f__Lachnospiraceae;g__Roseburia;s__Roseburia rectalis	Bacteria	Bacillota	Clostridia	Lachnospirales	Lachnospiraceae	Roseburia	Roseburia rectalis	99.52	0.05	2576309	51	98229	41.883990	2443	46.0	0.7076923077	0.03721509283	0.012123652	0.0205356695	0.354849	2.418981034	46.0	0.2110914292
H05_bin.44	ANI95_cluster_00199	D03_bin.84	False	d__Bacteria;p__Actinomycetota;c__Actinomycetes;o__Actinomycetales;f__Bifidobacteriaceae;g__Bifidobacterium;s__Bifidobacterium catenulatum	Bacteria	Actinomycetota	Actinomycetes	Actinomycetales	Bifidobacteriaceae	Bifidobacterium	Bifidobacterium catenulatum	81.59	4.78	1914120	225	12914	55.895033	1739	29.0	0.4461538462	0.05515529702	0.0	0.032374445	0.88385385	3.585094306	29.0	0.167725872
H05_bin.46	ANI95_cluster_00184	C08_bin.68	False	d__Bacteria;p__Bacteroidota;c__Bacteroidia;o__Bacteroidales;f__Bacteroidaceae;g__Paraprevotella;s__Paraprevotella clara	Bacteria	Bacteroidota	Bacteroidia	Bacteroidales	Bacteroidaceae	Paraprevotella	Paraprevotella clara	97.38	0.74	3506574	139	44604	48.779806	2855	12.0	0.1846153846	0.01588850162	0.0	0.0683420625	0.2668484	1.032752605	12.0	0.1073429152
H05_bin.51	ANI95_cluster_00280	F02_bin.31	False	d__Bacteria;p__Verrucomicrobiota;c__Verrucomicrobiia;o__Verrucomicrobiales;f__Akkermansiaceae;g__Akkermansia;s__Akkermansia massiliensis	Bacteria	Verrucomicrobiota	Verrucomicrobiia	Verrucomicrobiales	Akkermansiaceae	Akkermansia	Akkermansia massiliensis	97.96	1.36	3150583	27	199676	57.876431	2646	12.0	0.1846153846	0.02760838028	0.0	0.130499245	0.3574732	1.794544718	12.0	0.15545015
H05_bin.53	ANI95_cluster_00424	H07_bin.23	False	d__Bacteria;p__Bacillota;c__Clostridia;o__Oscillospirales;f__Ruminococcaceae;g__Faecalibacterium;s__Faecalibacterium longum	Bacteria	Bacillota	Clostridia	Oscillospirales	Ruminococcaceae	Faecalibacterium	Faecalibacterium longum	92.41	6.77	1936390	168	17909	60.476609	1840	59.0	0.9076923077	0.03631402685	0.018506082	0.01988982	0.38954753	2.360411745	59.0	0.2991609041
H05_bin.55	ANI95_cluster_00273	E07_bin.8	False	d__Bacteria;p__Bacteroidota;c__Bacteroidia;o__Bacteroidales;f__Bacteroidaceae;g__Bacteroides;s__Bacteroides fragilis	Bacteria	Bacteroidota	Bacteroidia	Bacteroidales	Bacteroidaceae	Bacteroides	Bacteroides fragilis	96.08	3.72	4893325	32	349905	43.229644	4031	35.0	0.5384615385	0.1950061301	0.019118406	0.09830687	5.015463	12.67539846	35.0	0.3353413052
H05_bin.56	ANI95_cluster_00419	H06_bin.61	False	d__Bacteria;p__Bacillota;c__Clostridia;o__Lachnospirales;f__Lachnospiraceae;g__Fusicatenibacter;s__Fusicatenibacter saccharivorans	Bacteria	Bacillota	Clostridia	Lachnospirales	Lachnospiraceae	Fusicatenibacter	Fusicatenibacter saccharivorans	89.6	8.21	2592962	433	7941	49.063851	2524	60.0	0.9230769231	0.02370539697	0.012897068	0.015161555	0.10608191	1.540850803	60.0	0.3121692543
H05_bin.62	ANI95_cluster_00193	D01_bin.64	False	d__Bacteria;p__Bacteroidota;c__Bacteroidia;o__Bacteroidales;f__Bacteroidaceae;g__Bacteroides;s__Bacteroides uniformis	Bacteria	Bacteroidota	Bacteroidia	Bacteroidales	Bacteroidaceae	Bacteroides	Bacteroides uniformis	86.61	2.54	3928184	181	37729	47.144049	3319	63.0	0.9692307692	0.1672636088	0.092872016	0.09290003	1.4003824	10.87213457	63.0	0.6268247491
H05_bin.65	ANI95_cluster_00288	F03_bin.29	False	d__Bacteria;p__Bacteroidota;c__Bacteroidia;o__Bacteroidales;f__Bacteroidaceae;g__Bacteroides;s__Bacteroides cellulosilyticus	Bacteria	Bacteroidota	Bacteroidia	Bacteroidales	Bacteroidaceae	Bacteroides	Bacteroides cellulosilyticus	93.47	4.45	6468862	131	82022	42.780786	4850	37.0	0.5692307692	0.08497316077	0.009941036	0.098839164	1.7190424	5.52325545	37.0	0.3150763277
H05_bin.66	ANI95_cluster_00023	A05_bin.109	False	d__Bacteria;p__Bacteroidota;c__Bacteroidia;o__Bacteroidales;f__Bacteroidaceae;g__Bacteroides;s__Bacteroides sp900755095	Bacteria	Bacteroidota	Bacteroidia	Bacteroidales	Bacteroidaceae	Bacteroides	Bacteroides sp900755095	81.94	4.7	5531871	120	95539	42.085725	4236	61.0	0.9384615385	0.1673232101	0.053218853	0.05616713	2.2227905	10.87600866	61.0	0.4547680712
H05_bin.72	ANI95_cluster_00302	F06_bin.75	False	d__Bacteria;p__Bacillota;c__Clostridia;o__Oscillospirales;f__Oscillospiraceae;g__Hominicoprocola;s__Hominicoprocola fusiformis	Bacteria	Bacillota	Clostridia	Oscillospirales	Oscillospiraceae	Hominicoprocola	Hominicoprocola fusiformis	96.64	9.7	2138724	159	21258	59.140777	2138	47.0	0.7230769231	0.03798238825	0.012795608	0.017372578	0.98654604	2.468855237	47.0	0.2265202359
H05_bin.8	ANI95_cluster_00296	F05_bin.48	False	d__Bacteria;p__Pseudomonadota;c__Gammaproteobacteria;o__Burkholderiales;f__Burkholderiaceae_F;g__Sutterella;s__Sutterella wadsworthensis	Bacteria	Pseudomonadota	Gammaproteobacteria	Burkholderiales	Burkholderiaceae_F	Sutterella	Sutterella wadsworthensis	93.17	0.62	2676038	31	157233	55.109344	2185	28.0	0.4307692308	0.04859474979	0.0	0.0229409415	0.8374694	3.158658737	28.0	0.1846876458
H06_bin.1	ANI95_cluster_00416	H06_bin.1	True	d__Bacteria;p__Bacillota;c__Clostridia;o__Oscillospirales;f__Oscillospiraceae;g__Vescimonas;s__Vescimonas sp000435975	Bacteria	Bacillota	Clostridia	Oscillospirales	Oscillospiraceae	Vescimonas	Vescimonas sp000435975	87.58	1.17	1853763	47	55443	61.202052	1715	14.0	0.2153846154	0.01698983566	0.0	0.028529791	0.38008472	1.104339318	14.0	0.1052800006
H06_bin.13	ANI95_cluster_00053	A09_bin.36	False	d__Bacteria;p__Bacillota;c__Clostridia;o__Oscillospirales;f__Oscillospiraceae;g__Oscillibacter;s__Oscillibacter segnis	Bacteria	Bacillota	Clostridia	Oscillospirales	Oscillospiraceae	Oscillibacter	Oscillibacter segnis	92.59	6.4	2278539	327	10402	58.093937	2407	48.0	0.7384615385	0.02439744851	0.01610221	0.0223771185	0.1534099	1.585834153	48.0	0.2388918911
H06_bin.14	ANI95_cluster_00235	E01_bin.44	False	d__Bacteria;p__Bacillota;c__Clostridia;o__Lachnospirales;f__Lachnospiraceae;g__Roseburia_C;s__Roseburia_C amylophila	Bacteria	Bacillota	Clostridia	Lachnospirales	Lachnospiraceae	Roseburia_C	Roseburia_C amylophila	96.94	1.31	2637249	124	37460	41.249347	2531	20.0	0.3076923077	0.01383703543	0.0	0.0159756925	0.28303775	0.8994073029	20.0	0.09903494115
H06_bin.15	ANI95_cluster_00194	D01_bin.67	False	d__Bacteria;p__Actinomycetota;c__Coriobacteriia;o__Coriobacteriales;f__Coriobacteriaceae;g__Collinsella;s__Collinsella sp905215825	Bacteria	Actinomycetota	Coriobacteriia	Coriobacteriales	Coriobacteriaceae	Collinsella	Collinsella sp905215825	97.58	0.81	1989527	76	42353	59.969430	1712	35.0	0.5384615385	0.01930707212	0.0069758664	0.019156	0.3515706	1.254959688	35.0	0.1228860928
H06_bin.16	ANI95_cluster_00157	C05_bin.16	False	d__Bacteria;p__Bacillota_I;c__Bacilli_A;o__RF39;f__UBA660;g__CAG-533;s__CAG-533 sp000434495	Bacteria	Bacillota_I	Bacilli_A	RF39	UBA660	CAG-533	CAG-533 sp000434495	91.57	1.12	1063876	18	100363	29.530791	1075	6.0	0.09230769231	0.04312106313	0.0	0.200715135	1.3500358	2.802869103	6.0	0.05427801492
H06_bin.17	ANI95_cluster_00283	F02_bin.66	False	d__Bacteria;p__Bacteroidota;c__Bacteroidia;o__Bacteroidales;f__Rikenellaceae;g__Tidjanibacter;s__Tidjanibacter inops	Bacteria	Bacteroidota	Bacteroidia	Bacteroidales	Rikenellaceae	Tidjanibacter	Tidjanibacter inops	91.59	0.0	2012865	31	117323	57.020814	1698	29.0	0.4461538462	0.02230634801	0.0	0.034381658	0.26999795	1.44991262	29.0	0.2091860803
H06_bin.19	ANI95_cluster_00231	D08_bin.97	False	d__Bacteria;p__Bacteroidota;c__Bacteroidia;o__Bacteroidales;f__Tannerellaceae;g__Parabacteroides;s__Parabacteroides merdae	Bacteria	Bacteroidota	Bacteroidia	Bacteroidales	Tannerellaceae	Parabacteroides	Parabacteroides merdae	98.46	5.77	4552253	78	112647	45.487059	3894	42.0	0.6461538462	0.04416240243	0.037289273	0.0544737385	0.27033448	2.870556158	42.0	0.2772412268
H06_bin.22	ANI95_cluster_00355	G06_bin.24	False	d__Bacteria;p__Bacillota;c__Clostridia;o__Oscillospirales;f__Oscillospiraceae;g__CAG-170;s__CAG-170 sp000432135	Bacteria	Bacillota	Clostridia	Oscillospirales	Oscillospiraceae	CAG-170	CAG-170 sp000432135	90.92	5.8	2400988	158	24688	59.030074	2243	38.0	0.5846153846	0.02867255164	0.008335376	0.0206011805	0.5744076	1.863715857	38.0	0.2150177469
H06_bin.24	ANI95_cluster_00215	D06_bin.80	False	d__Bacteria;p__Bacillota;c__Clostridia;o__Christensenellales;f__CAG-138;g__SFEL01;s__SFEL01 sp004557245	Bacteria	Bacillota	Clostridia	Christensenellales	CAG-138	SFEL01	SFEL01 sp004557245	98.39	1.08	1815829	67	44556	53.532188	1736	21.0	0.3230769231	0.01147831392	0.0	0.018414924	0.2448372	0.7460904048	21.0	0.1203630365
H06_bin.34	ANI95_cluster_00315	F08_bin.12	False	d__Bacteria;p__Bacteroidota;c__Bacteroidia;o__Bacteroidales;f__Rikenellaceae;g__Alistipes_A;s__Alistipes_A hominis	Bacteria	Bacteroidota	Bacteroidia	Bacteroidales	Rikenellaceae	Alistipes_A	Alistipes_A hominis	97.6	0.0	2744040	28	163203	55.173941	2276	24.0	0.3692307692	0.01167027959	0.0	0.0172347315	0.25379753	0.7585681731	24.0	0.1672579968
H06_bin.40	ANI95_cluster_00083	B04_bin.18	False	d__Bacteria;p__Bacteroidota;c__Bacteroidia;o__Bacteroidales;f__Rikenellaceae;g__Alistipes;s__Alistipes onderdonkii	Bacteria	Bacteroidota	Bacteroidia	Bacteroidales	Rikenellaceae	Alistipes	Alistipes onderdonkii	86.92	3.59	3017351	177	27902	59.127559	2581	56.0	0.8615384615	0.1126807836	0.03160987	0.050753894	0.83974105	7.324250933	56.0	0.3778725982
H06_bin.43	ANI95_cluster_00413	H05_bin.38	False	d__Bacteria;p__Bacteroidota;c__Bacteroidia;o__Bacteroidales;f__Tannerellaceae;g__Parabacteroides;s__Parabacteroides distasonis	Bacteria	Bacteroidota	Bacteroidia	Bacteroidales	Tannerellaceae	Parabacteroides	Parabacteroides distasonis	93.46	0.38	4200986	126	53709	45.252424	3496	49.0	0.7538461538	0.01382118156	0.007870718	0.0120215565	0.15136872	0.8983768013	49.0	0.1729432898
H06_bin.45	ANI95_cluster_00335	G03_bin.17	False	d__Bacteria;p__Bacillota;c__Clostridia;o__Oscillospirales;f__Oscillospiraceae;g__Vescimonas;s__Vescimonas sp900545585	Bacteria	Bacillota	Clostridia	Oscillospirales	Oscillospiraceae	Vescimonas	Vescimonas sp900545585	87.56	2.35	1866480	67	48775	61.784857	1728	22.0	0.3384615385	0.03150565659	0.0	0.048143078	0.49169493	2.047867679	22.0	0.1651382186
H06_bin.49	ANI95_cluster_00285	F03_bin.1	False	d__Bacteria;p__Bacillota;c__Clostridia;o__Lachnospirales;f__Lachnospiraceae;g__Acetatifactor;s__Acetatifactor acetigignens	Bacteria	Bacillota	Clostridia	Lachnospirales	Lachnospiraceae	Acetatifactor	Acetatifactor acetigignens	93.44	1.93	2833059	107	34524	47.676275	2544	44.0	0.6769230769	0.02187792212	0.0065462557	0.0133753705	0.13128874	1.422064938	43.0	0.2239245612
H06_bin.5	ANI95_cluster_00061	B01_bin.9	False	d__Bacteria;p__Verrucomicrobiota;c__Verrucomicrobiia;o__Verrucomicrobiales;f__Akkermansiaceae;g__Akkermansia;s__Akkermansia muciniphila	Bacteria	Verrucomicrobiota	Verrucomicrobiia	Verrucomicrobiales	Akkermansiaceae	Akkermansia	Akkermansia muciniphila	96.6	0.68	2572216	42	90684	55.989660	2152	24.0	0.3692307692	0.01797603762	0.0	0.032853946	0.17814294	1.168442445	24.0	0.1448623762
H06_bin.51	ANI95_cluster_00140	C02_bin.89	False	d__Bacteria;p__Bacillota;c__Clostridia;o__Oscillospirales;f__Acutalibacteraceae;g__Hominenteromicrobium;s__Hominenteromicrobium mulieris	Bacteria	Bacillota	Clostridia	Oscillospirales	Acutalibacteraceae	Hominenteromicrobium	Hominenteromicrobium mulieris	86.58	1.9	2171501	50	59900	53.102117	2028	42.0	0.6461538462	0.02317046278	0.009587919	0.0144544685	0.6514427	1.50608008	42.0	0.1592332322
H06_bin.54	ANI95_cluster_00417	H06_bin.54	True	d__Bacteria;p__Bacillota_I;c__Bacilli_A;o__RF39;f__UBA660;g__CAG-914;s__CAG-914 sp000437895	Bacteria	Bacillota_I	Bacilli_A	RF39	UBA660	CAG-914	CAG-914 sp000437895	94.38	4.49	1342464	40	53780	25.897007	1356	5.0	0.07692307692	0.02151535143	0.0	0.06335958	0.9038694	1.398497843	5.0	0.04064675123
H06_bin.56	ANI95_cluster_00364	G08_bin.17	False	d__Bacteria;p__Bacillota;c__Clostridia;o__Oscillospirales;f__Oscillospiraceae;g__Hominicoprocola;s__Hominicoprocola sp900317525	Bacteria	Bacillota	Clostridia	Oscillospirales	Oscillospiraceae	Hominicoprocola	Hominicoprocola sp900317525	87.92	2.85	1450835	118	18465	62.253668	1447	43.0	0.6615384615	0.02292988508	0.010815127	0.018896054	0.27858567	1.49044253	43.0	0.2536775468
H06_bin.57	ANI95_cluster_00418	H06_bin.57	True	d__Bacteria;p__Bacillota;c__Clostridia;o__Oscillospirales;f__UBA644;g__UBA644;s__UBA644 sp900547165	Bacteria	Bacillota	Clostridia	Oscillospirales	UBA644	UBA644	UBA644 sp900547165	93.74	0.0	2049664	36	70540	47.244670	1910	16.0	0.2461538462	0.01088228296	0.0	0.0283247355	0.22239032	0.7073483924	16.0	0.1123315068
H06_bin.6	ANI95_cluster_00221	D08_bin.102	False	d__Bacteria;p__Pseudomonadota;c__Gammaproteobacteria;o__Burkholderiales;f__Burkholderiaceae_F;g__Sutterella;s__Sutterella wadsworthensis_A	Bacteria	Pseudomonadota	Gammaproteobacteria	Burkholderiales	Burkholderiaceae_F	Sutterella	Sutterella wadsworthensis_A	87.89	1.99	1885237	467	4567	63.030165	1957	15.0	0.2307692308	0.03626421571	0.0	0.08361841	0.54613787	2.357174021	15.0	0.1447367262
H06_bin.61	ANI95_cluster_00419	H06_bin.61	True	d__Bacteria;p__Bacillota;c__Clostridia;o__Lachnospirales;f__Lachnospiraceae;g__Fusicatenibacter;s__Fusicatenibacter saccharivorans	Bacteria	Bacillota	Clostridia	Lachnospirales	Lachnospiraceae	Fusicatenibacter	Fusicatenibacter saccharivorans	99.07	0.95	2751529	112	40425	48.799885	2455	60.0	0.9230769231	0.0248388003	0.014764138	0.0164022125	0.118532285	1.614522019	60.0	0.3081043084
H06_bin.62	ANI95_cluster_00222	D08_bin.21	False	d__Bacteria;p__Bacteroidota;c__Bacteroidia;o__Bacteroidales;f__Rikenellaceae;g__Alistipes;s__Alistipes putredinis	Bacteria	Bacteroidota	Bacteroidia	Bacteroidales	Rikenellaceae	Alistipes	Alistipes putredinis	88.94	1.44	1930020	24	138328	54.839276	1700	52.0	0.8	0.1120373316	0.0792032	0.1158322525	0.51780707	7.282426556	52.0	0.4937596466
H06_bin.64	ANI95_cluster_00420	H06_bin.64	True	d__Bacteria;p__Bacillota;c__Clostridia;o__Oscillospirales;f__Ruminococcaceae;g__Ruminiclostridium_E;s__Ruminiclostridium_E siraeum	Bacteria	Bacillota	Clostridia	Oscillospirales	Ruminococcaceae	Ruminiclostridium_E	Ruminiclostridium_E siraeum	98.99	0.0	2718726	54	95009	44.733857	2433	16.0	0.2461538462	0.02144204428	0.0	0.020803815	0.5208212	1.393732878	16.0	0.07721588292
H06_bin.73	ANI95_cluster_00395	H03_bin.22	False	d__Bacteria;p__Bacillota;c__Clostridia;o__Oscillospirales;f__Oscillospiraceae;g__Faecousia;s__Faecousia sp000434635	Bacteria	Bacillota	Clostridia	Oscillospirales	Oscillospiraceae	Faecousia	Faecousia sp000434635	92.24	8.62	2564177	399	8602	57.162240	2694	35.0	0.5384615385	0.0247386931	0.012699097	0.03487015	0.28896877	1.608015051	35.0	0.2027129892
H06_bin.75	ANI95_cluster_00406	H04_bin.57	False	d__Bacteria;p__Bacillota;c__Clostridia;o__Oscillospirales;f__Ruminococcaceae;g__Gemmiger;s__Gemmiger formicilis	Bacteria	Bacillota	Clostridia	Oscillospirales	Ruminococcaceae	Gemmiger	Gemmiger formicilis	92.38	4.31	2376683	96	45580	60.619569	2089	50.0	0.7692307692	0.02686453956	0.011544468	0.016090748	0.49609134	1.746195072	50.0	0.2055018231
H06_bin.79	ANI95_cluster_00129	B09_bin.106	False	d__Bacteria;p__Bacteroidota;c__Bacteroidia;o__Bacteroidales;f__Marinifilaceae;g__Butyricimonas;s__Butyricimonas virosa	Bacteria	Bacteroidota	Bacteroidia	Bacteroidales	Marinifilaceae	Butyricimonas	Butyricimonas virosa	91.4	0.0	4287411	92	65675	42.372425	3544	23.0	0.3538461538	0.01471468997	0.0	0.026536694	0.24692018	0.956454848	23.0	0.145625282
H06_bin.81	ANI95_cluster_00044	A07_bin.65	False	d__Bacteria;p__Bacteroidota;c__Bacteroidia;o__Bacteroidales;f__Barnesiellaceae;g__Barnesiella;s__Barnesiella intestinihominis	Bacteria	Bacteroidota	Bacteroidia	Bacteroidales	Barnesiellaceae	Barnesiella	Barnesiella intestinihominis	94.34	0.0	3102851	14	367532	43.464446	2463	43.0	0.6615384615	0.05814120779	0.03945685	0.06788356	0.6308445	3.779178507	43.0	0.2992652237
H06_bin.84	ANI95_cluster_00361	G07_bin.85	False	d__Bacteria;p__Bacillota;c__Clostridia;o__Christensenellales;f__Aristaeellaceae;g__UBA11524;s__UBA11524 sp000437595	Bacteria	Bacillota	Clostridia	Christensenellales	Aristaeellaceae	UBA11524	UBA11524 sp000437595	99.3	1.17	3014813	97	45301	58.186163	2551	25.0	0.3846153846	0.02079875042	0.0	0.020906491	0.6985834	1.351918777	25.0	0.08805794708
H06_bin.86	ANI95_cluster_00421	H06_bin.86	True	d__Bacteria;p__Bacillota_I;c__Bacilli_A;o__ML615J-28;f__CAG-313;g__CAG-313;s__CAG-313 sp900539265	Bacteria	Bacillota_I	Bacilli_A	ML615J-28	CAG-313	CAG-313	CAG-313 sp900539265	88.0	3.43	1484391	406	4197	27.911514	1684	7.0	0.1076923077	0.007216827354	0.0	0.024489312	0.20751208	0.469093778	7.0	0.05541489385
H06_bin.88	ANI95_cluster_00176	C07_bin.75	False	d__Bacteria;p__Bacillota;c__Clostridia;o__Christensenellales;f__CAG-314;g__CAG-314;s__CAG-314 sp000437915	Bacteria	Bacillota	Clostridia	Christensenellales	CAG-314	CAG-314	CAG-314 sp000437915	88.65	1.66	1286366	219	7543	49.772382	1307	14.0	0.2153846154	0.0165432926	0.0	0.0275330925	0.35312253	1.075314019	14.0	0.09774477385
H06_bin.90	ANI95_cluster_00019	A04_bin.71	False	d__Bacteria;p__Bacteroidota;c__Bacteroidia;o__Bacteroidales;f__Rikenellaceae;g__Alistipes_A;s__Alistipes_A ihumii	Bacteria	Bacteroidota	Bacteroidia	Bacteroidales	Rikenellaceae	Alistipes_A	Alistipes_A ihumii	99.04	0.48	2523354	31	174838	58.310170	2070	25.0	0.3846153846	0.01458939589	0.0	0.019540753	0.1844335	0.9483107327	25.0	0.1580451323
H06_bin.91	ANI95_cluster_00034	A06_bin.107	False	d__Bacteria;p__Bacteroidota;c__Bacteroidia;o__Bacteroidales;f__Marinifilaceae;g__Odoribacter;s__Odoribacter splanchnicus	Bacteria	Bacteroidota	Bacteroidia	Bacteroidales	Marinifilaceae	Odoribacter	Odoribacter splanchnicus	94.19	1.08	3684460	236	24069	43.660102	3173	51.0	0.7846153846	0.01161561598	0.011223246	0.01312923	0.045934856	0.7550150385	51.0	0.2264896434
H06_bin.93	ANI95_cluster_00146	C04_bin.103	False	d__Bacteria;p__Bacillota;c__Clostridia;o__Oscillospirales;f__Acutalibacteraceae;g__CAG-177;s__CAG-177 sp003514385	Bacteria	Bacillota	Clostridia	Oscillospirales	Acutalibacteraceae	CAG-177	CAG-177 sp003514385	97.27	0.34	2251403	19	214394	51.227612	2114	16.0	0.2461538462	0.05051237109	0.0	0.024539324	2.7285228	3.283304121	16.0	0.07392893738
H06_bin.95	ANI95_cluster_00329	G01_bin.80	False	d__Bacteria;p__Bacillota;c__Clostridia;o__Lachnospirales;f__Lachnospiraceae;g__Suilimivivens;s__Suilimivivens sp000438155	Bacteria	Bacillota	Clostridia	Lachnospirales	Lachnospiraceae	Suilimivivens	Suilimivivens sp000438155	81.89	4.11	2170328	253	13173	45.294444	2008	17.0	0.2615384615	0.009592578468	0.0	0.024263	0.13221984	0.6235176004	17.0	0.1196532077
H07_bin.11	ANI95_cluster_00422	H07_bin.11	True	d__Bacteria;p__Bacillota;c__Clostridia;o__Lachnospirales;f__Lachnospiraceae;g__Pilosibacter;s__Pilosibacter sp900066785	Bacteria	Bacillota	Clostridia	Lachnospirales	Lachnospiraceae	Pilosibacter	Pilosibacter sp900066785	95.57	0.79	2752409	244	16101	49.645928	2539	47.0	0.7230769231	0.0284226424	0.01571048	0.021574795	0.28099298	1.847471756	47.0	0.3276141868
H07_bin.16	ANI95_cluster_00423	H07_bin.16	True	d__Bacteria;p__Bacteroidota;c__Bacteroidia;o__Bacteroidales;f__Bacteroidaceae;g__Bacteroides;s__Bacteroides xylanisolvens	Bacteria	Bacteroidota	Bacteroidia	Bacteroidales	Bacteroidaceae	Bacteroides	Bacteroides xylanisolvens	94.3	5.58	5495934	118	89059	41.733835	4322	58.0	0.8923076923	0.2899295311	0.09543814	0.106644145	4.7713013	18.84541952	58.0	0.4735054848
H07_bin.18	ANI95_cluster_00083	B04_bin.18	False	d__Bacteria;p__Bacteroidota;c__Bacteroidia;o__Bacteroidales;f__Rikenellaceae;g__Alistipes;s__Alistipes onderdonkii	Bacteria	Bacteroidota	Bacteroidia	Bacteroidales	Rikenellaceae	Alistipes	Alistipes onderdonkii	97.66	0.48	2925628	32	183861	58.726058	2452	56.0	0.8615384615	0.1133772464	0.041981954	0.0476900515	0.9641058	7.369521014	56.0	0.4473063205
H07_bin.19	ANI95_cluster_00089	B05_bin.112	False	d__Bacteria;p__Bacillota;c__Negativicutes;o__Acidaminococcales;f__Acidaminococcaceae;g__Phascolarctobacterium_A;s__Phascolarctobacterium_A succinatutens_B	Bacteria	Bacillota	Negativicutes	Acidaminococcales	Acidaminococcaceae	Phascolarctobacterium_A	Phascolarctobacterium_A succinatutens_B	98.2	0.9	2116243	75	38882	47.423524	1952	5.0	0.07692307692	0.006857446005	0.0	0.079223104	0.21109739	0.4457339903	4.0	0.04864399923
H07_bin.21	ANI95_cluster_00315	F08_bin.12	False	d__Bacteria;p__Bacteroidota;c__Bacteroidia;o__Bacteroidales;f__Rikenellaceae;g__Alistipes_A;s__Alistipes_A hominis	Bacteria	Bacteroidota	Bacteroidia	Bacteroidales	Rikenellaceae	Alistipes_A	Alistipes_A hominis	100.0	0.24	2770920	83	47541	55.214911	2330	26.0	0.4	0.0147069516	0.0	0.0105673315	0.35434058	0.9559518537	26.0	0.1498401511
H07_bin.22	ANI95_cluster_00286	F03_bin.13	False	d__Bacteria;p__Bacteroidota;c__Bacteroidia;o__Bacteroidales;f__Rikenellaceae;g__Alistipes;s__Alistipes finegoldii	Bacteria	Bacteroidota	Bacteroidia	Bacteroidales	Rikenellaceae	Alistipes	Alistipes finegoldii	90.88	0.48	2582413	41	93833	58.941734	2151	50.0	0.7692307692	0.06441826675	0.02634463	0.034049496	0.68635494	4.187187339	50.0	0.3762013575
H07_bin.23	ANI95_cluster_00424	H07_bin.23	True	d__Bacteria;p__Bacillota;c__Clostridia;o__Oscillospirales;f__Ruminococcaceae;g__Faecalibacterium;s__Faecalibacterium longum	Bacteria	Bacillota	Clostridia	Oscillospirales	Ruminococcaceae	Faecalibacterium	Faecalibacterium longum	97.79	0.0	2255493	28	112783	58.985730	2058	62.0	0.9538461538	0.06336622552	0.041117325	0.04374764	0.82899433	4.118804659	62.0	0.338365131
H07_bin.24	ANI95_cluster_00195	D02_bin.11	False	d__Bacteria;p__Bacteroidota;c__Bacteroidia;o__Bacteroidales;f__Bacteroidaceae;g__Phocaeicola;s__Phocaeicola vulgatus	Bacteria	Bacteroidota	Bacteroidia	Bacteroidales	Bacteroidaceae	Phocaeicola	Phocaeicola vulgatus	93.98	2.63	4299216	69	93950	41.688392	3583	62.0	0.9538461538	0.246891229	0.11509359	0.14063994	1.9021586	16.04792989	62.0	0.5925541068
H07_bin.27	ANI95_cluster_00425	H07_bin.27	True	d__Bacteria;p__Bacillota;c__Bacilli;o__Lactobacillales;f__Lactobacillaceae;g__Lactobacillus;s__Lactobacillus acidophilus	Bacteria	Bacillota	Bacilli	Lactobacillales	Lactobacillaceae	Lactobacillus	Lactobacillus acidophilus	85.84	1.61	1544281	325	5953	34.663057	1739	7.0	0.1076923077	0.006528584823	0.0	0.005443331	0.2159129	0.4243580135	7.0	0.03113147046
H07_bin.28	ANI95_cluster_00426	H07_bin.28	True	d__Bacteria;p__Bacillota;c__Clostridia;o__Oscillospirales;f__Acutalibacteraceae;g__Ruminococcoides;s__Ruminococcoides intestinihominis	Bacteria	Bacillota	Clostridia	Oscillospirales	Acutalibacteraceae	Ruminococcoides	Ruminococcoides intestinihominis	86.75	0.89	1626636	281	8136	34.409358	1667	2.0	0.03076923077	0.009020780154	0.0	0.293175355	0.33133993	0.58635071	2.0	0.02961293185
H07_bin.29	ANI95_cluster_00427	H07_bin.29	True	d__Bacteria;p__Bacillota;c__Clostridia;o__Oscillospirales;f__Oscillospiraceae;g__Oscillibacter;s__Oscillibacter sp944387015	Bacteria	Bacillota	Clostridia	Oscillospirales	Oscillospiraceae	Oscillibacter	Oscillibacter sp944387015	97.32	3.36	3358886	116	62520	58.761744	3376	50.0	0.7692307692	0.03922351767	0.024998125	0.0313652055	0.5857373	2.549528648	50.0	0.2527639021
H07_bin.3	ANI95_cluster_00198	D03_bin.27	False	d__Bacteria;p__Bacillota_I;c__Bacilli_A;o__RFN20;f__CAG-288;g__CAG-288;s__CAG-288 sp000437395	Bacteria	Bacillota_I	Bacilli_A	RFN20	CAG-288	CAG-288	CAG-288 sp000437395	89.51	1.12	1531985	78	29946	30.531631	1467	15.0	0.2307692308	0.01245346814	0.0	0.018741226	0.2309819	0.809475429	15.0	0.1230876385
H07_bin.31	ANI95_cluster_00428	H07_bin.31	True	d__Bacteria;p__Bacteroidota;c__Bacteroidia;o__Bacteroidales;f__Marinifilaceae;g__Odoribacter;s__Odoribacter sp900544025	Bacteria	Bacteroidota	Bacteroidia	Bacteroidales	Marinifilaceae	Odoribacter	Odoribacter sp900544025	91.48	1.77	3302269	457	9690	44.641336	2984	1.0	0.01538461538	0.003745041846	0.0	0.24342772	0.24342772	0.24342772	1.0	0.01535589846
H07_bin.33	ANI95_cluster_00143	C03_bin.49	False	d__Bacteria;p__Actinomycetota;c__Actinomycetes;o__Actinomycetales;f__Bifidobacteriaceae;g__Bifidobacterium;s__Bifidobacterium longum	Bacteria	Actinomycetota	Actinomycetes	Actinomycetales	Bifidobacteriaceae	Bifidobacterium	Bifidobacterium longum	96.49	1.69	2153988	72	46588	60.315656	1774	53.0	0.8153846154	0.02587926728	0.015184703	0.019532965	0.28613952	1.682152373	53.0	0.3038854496
H07_bin.34	ANI95_cluster_00128	B08_bin.66	False	d__Bacteria;p__Bacteroidota;c__Bacteroidia;o__Bacteroidales;f__Rikenellaceae;g__Alistipes;s__Alistipes communis	Bacteria	Bacteroidota	Bacteroidia	Bacteroidales	Rikenellaceae	Alistipes	Alistipes communis	92.31	8.17	2619500	35	118575	60.054132	2129	41.0	0.6307692308	0.03664750251	0.013546692	0.0356323	0.35120907	2.382087663	41.0	0.2803635445
H07_bin.41	ANI95_cluster_00419	H06_bin.61	False	d__Bacteria;p__Bacillota;c__Clostridia;o__Lachnospirales;f__Lachnospiraceae;g__Fusicatenibacter;s__Fusicatenibacter saccharivorans	Bacteria	Bacillota	Clostridia	Lachnospirales	Lachnospiraceae	Fusicatenibacter	Fusicatenibacter saccharivorans	95.78	4.7	2862366	256	18600	48.457744	2695	60.0	0.9230769231	0.02596046176	0.0146157015	0.017195072	0.1450588	1.687430015	60.0	0.3198043634
H07_bin.43	ANI95_cluster_00390	H02_bin.64	False	d__Bacteria;p__Desulfobacterota;c__Desulfovibrionia;o__Desulfovibrionales;f__Desulfovibrionaceae;g__Desulfovibrio;s__Desulfovibrio sp900556755	Bacteria	Desulfobacterota	Desulfovibrionia	Desulfovibrionales	Desulfovibrionaceae	Desulfovibrio	Desulfovibrio sp900556755	92.06	2.79	2346416	341	9491	64.182651	2166	6.0	0.09230769231	0.005106633231	0.0	0.033568112	0.18003519	0.33193116	6.0	0.04721204923
H07_bin.44	ANI95_cluster_00171	C06_bin.29	False	d__Bacteria;p__Bacillota;c__Clostridia;o__Oscillospirales;f__Oscillospiraceae;g__Vescimonas;s__Vescimonas coprocola	Bacteria	Bacillota	Clostridia	Oscillospirales	Oscillospiraceae	Vescimonas	Vescimonas coprocola	82.21	2.68	1926899	42	82134	59.650662	1775	44.0	0.6769230769	0.03073523942	0.014259836	0.01690998	0.45782417	1.997790562	44.0	0.1698013874
H07_bin.48	ANI95_cluster_00429	H07_bin.48	True	d__Bacteria;p__Bacillota;c__Clostridia;o__Lachnospirales;f__Lachnospiraceae;g__Mediterraneibacter;s__Mediterraneibacter faecis	Bacteria	Bacillota	Clostridia	Lachnospirales	Lachnospiraceae	Mediterraneibacter	Mediterraneibacter faecis	84.56	0.66	1840550	34	88477	41.222895	1663	55.0	0.8461538462	0.05501483686	0.027325157	0.034929037	0.5387537	3.575964396	55.0	0.4364482948
H07_bin.5	ANI95_cluster_00413	H05_bin.38	False	d__Bacteria;p__Bacteroidota;c__Bacteroidia;o__Bacteroidales;f__Tannerellaceae;g__Parabacteroides;s__Parabacteroides distasonis	Bacteria	Bacteroidota	Bacteroidia	Bacteroidales	Tannerellaceae	Parabacteroides	Parabacteroides distasonis	97.63	2.06	4124007	291	22053	45.706033	3562	49.0	0.7538461538	0.01489831199	0.009427092	0.014393973	0.09618326	0.9683902795	49.0	0.2108363097
H07_bin.53	ANI95_cluster_00140	C02_bin.89	False	d__Bacteria;p__Bacillota;c__Clostridia;o__Oscillospirales;f__Acutalibacteraceae;g__Hominenteromicrobium;s__Hominenteromicrobium mulieris	Bacteria	Bacillota	Clostridia	Oscillospirales	Acutalibacteraceae	Hominenteromicrobium	Hominenteromicrobium mulieris	92.62	0.0	2371397	27	157055	53.074201	2197	41.0	0.6307692308	0.01341693361	0.0066998145	0.013149635	0.12276297	0.8721006845	41.0	0.2048204211
H07_bin.54	ANI95_cluster_00133	B09_bin.61	False	d__Bacteria;p__Bacillota;c__Clostridia;o__Oscillospirales;f__Ruminococcaceae;g__Hominimerdicola;s__Hominimerdicola aceti	Bacteria	Bacillota	Clostridia	Oscillospirales	Ruminococcaceae	Hominimerdicola	Hominimerdicola aceti	98.63	0.0	2599974	52	91953	43.066123	2391	38.0	0.5846153846	0.01718041366	0.008078332	0.016217347	0.2658269	1.116726888	39.0	0.1528882743
H07_bin.57	ANI95_cluster_00267	E06_bin.85	False	d__Bacteria;p__Bacteroidota;c__Bacteroidia;o__Bacteroidales;f__Rikenellaceae;g__Alistipes;s__Alistipes shahii	Bacteria	Bacteroidota	Bacteroidia	Bacteroidales	Rikenellaceae	Alistipes	Alistipes shahii	87.64	2.64	2444248	42	76641	59.914870	1998	45.0	0.6923076923	0.08258539459	0.03861725	0.07254216	0.6646464	5.368050648	45.0	0.4485701991
H07_bin.59	ANI95_cluster_00298	F06_bin.46	False	d__Bacteria;p__Bacillota;c__Bacilli;o__Lactobacillales;f__Streptococcaceae;g__Streptococcus;s__Streptococcus thermophilus	Bacteria	Bacillota	Bacilli	Lactobacillales	Streptococcaceae	Streptococcus	Streptococcus thermophilus	99.63	0.0	1720853	67	39316	39.093345	1855	21.0	0.3230769231	0.008397101674	0.0	0.011557521	0.096623085	0.5458116088	21.0	0.1437460384
H07_bin.63	ANI95_cluster_00430	H07_bin.63	True	d__Bacteria;p__Bacteroidota;c__Bacteroidia;o__Bacteroidales;f__Bacteroidaceae;g__Bacteroides;s__Bacteroides thetaiotaomicron	Bacteria	Bacteroidota	Bacteroidia	Bacteroidales	Bacteroidaceae	Bacteroides	Bacteroides thetaiotaomicron	91.1	1.05	5675409	100	114231	42.622778	4414	57.0	0.8769230769	0.08638858894	0.037802927	0.040899895	1.1200753	5.615258281	57.0	0.4030802065
H07_bin.66	ANI95_cluster_00415	H05_bin.43	False	d__Bacteria;p__Bacillota;c__Clostridia;o__Lachnospirales;f__Lachnospiraceae;g__Roseburia;s__Roseburia rectalis	Bacteria	Bacillota	Clostridia	Lachnospirales	Lachnospiraceae	Roseburia	Roseburia rectalis	97.91	0.0	2435290	71	54429	42.271434	2293	48.0	0.7384615385	0.02168223026	0.013770295	0.0184781325	0.14487842	1.409344967	48.0	0.2068508162
H07_bin.69	ANI95_cluster_00231	D08_bin.97	False	d__Bacteria;p__Bacteroidota;c__Bacteroidia;o__Bacteroidales;f__Tannerellaceae;g__Parabacteroides;s__Parabacteroides merdae	Bacteria	Bacteroidota	Bacteroidia	Bacteroidales	Tannerellaceae	Parabacteroides	Parabacteroides merdae	86.92	1.15	3902855	61	109020	45.714663	3249	41.0	0.6307692308	0.02772120364	0.017045898	0.03702588	0.15825094	1.801878237	41.0	0.2693978549
H07_bin.7	ANI95_cluster_00021	A04_bin.93	False	d__Bacteria;p__Bacillota;c__Clostridia;o__Oscillospirales;f__Ruminococcaceae;g__Gemmiger;s__Gemmiger qucibialis	Bacteria	Bacillota	Clostridia	Oscillospirales	Ruminococcaceae	Gemmiger	Gemmiger qucibialis	97.28	2.04	2434823	225	16308	56.616066	2112	51.0	0.7846153846	0.02675140019	0.0103609925	0.015083219	0.72587836	1.738841012	51.0	0.2310275542
H07_bin.70	ANI95_cluster_00272	E07_bin.69	False	d__Bacteria;p__Bacillota;c__Clostridia;o__Oscillospirales;f__Oscillospiraceae;g__Oscillibacter;s__Oscillibacter welbionis	Bacteria	Bacillota	Clostridia	Oscillospirales	Oscillospiraceae	Oscillibacter	Oscillibacter welbionis	91.44	3.02	2598891	72	61131	61.163088	2544	55.0	0.8461538462	0.02556628751	0.011725987	0.014892407	0.3010128	1.661808688	54.0	0.3105286902
H07_bin.72	ANI95_cluster_00296	F05_bin.48	False	d__Bacteria;p__Pseudomonadota;c__Gammaproteobacteria;o__Burkholderiales;f__Burkholderiaceae_F;g__Sutterella;s__Sutterella wadsworthensis	Bacteria	Pseudomonadota	Gammaproteobacteria	Burkholderiales	Burkholderiaceae_F	Sutterella	Sutterella wadsworthensis	98.76	0.0	2271692	37	129473	55.078373	1895	24.0	0.3692307692	0.03221491472	0.0	0.022051517	0.83458054	2.093969457	24.0	0.1523993695
H07_bin.8	ANI95_cluster_00034	A06_bin.107	False	d__Bacteria;p__Bacteroidota;c__Bacteroidia;o__Bacteroidales;f__Marinifilaceae;g__Odoribacter;s__Odoribacter splanchnicus	Bacteria	Bacteroidota	Bacteroidia	Bacteroidales	Marinifilaceae	Odoribacter	Odoribacter splanchnicus	95.7	1.08	4183627	63	92486	43.579722	3409	53.0	0.8153846154	0.01346265142	0.009589034	0.011387919	0.08829961	0.875072342	53.0	0.2238020741
H08_bin.10	ANI95_cluster_00195	D02_bin.11	False	d__Bacteria;p__Bacteroidota;c__Bacteroidia;o__Bacteroidales;f__Bacteroidaceae;g__Phocaeicola;s__Phocaeicola vulgatus	Bacteria	Bacteroidota	Bacteroidia	Bacteroidales	Bacteroidaceae	Phocaeicola	Phocaeicola vulgatus	97.39	1.88	4980119	50	171490	41.670751	4055	60.0	0.9230769231	0.2198648196	0.07608577	0.10145904	1.7715847	14.29121328	60.0	0.4984514356
H08_bin.11	ANI95_cluster_00061	B01_bin.9	False	d__Bacteria;p__Verrucomicrobiota;c__Verrucomicrobiia;o__Verrucomicrobiales;f__Akkermansiaceae;g__Akkermansia;s__Akkermansia muciniphila	Bacteria	Verrucomicrobiota	Verrucomicrobiia	Verrucomicrobiales	Akkermansiaceae	Akkermansia	Akkermansia muciniphila	97.16	0.0	2532675	175	22071	55.848184	2230	27.0	0.4153846154	0.03784853986	0.0	0.021175565	0.8510005	2.460155091	27.0	0.164775086
H08_bin.15	ANI95_cluster_00431	H08_bin.15	True	d__Bacteria;p__Bacillota;c__Clostridia;o__Lachnospirales;f__Lachnospiraceae;g__Otoolea;s__Otoolea fessa	Bacteria	Bacillota	Clostridia	Lachnospirales	Lachnospiraceae	Otoolea	Otoolea fessa	92.83	1.9	2288299	112	28697	49.711729	1997	55.0	0.8461538462	0.0206455608	0.0130598415	0.014978934	0.17529438	1.341961452	55.0	0.3098875903
H08_bin.18	ANI95_cluster_00424	H07_bin.23	False	d__Bacteria;p__Bacillota;c__Clostridia;o__Oscillospirales;f__Ruminococcaceae;g__Faecalibacterium;s__Faecalibacterium longum	Bacteria	Bacillota	Clostridia	Oscillospirales	Ruminococcaceae	Faecalibacterium	Faecalibacterium longum	80.19	0.0	2133437	66	48475	59.210513	1964	61.0	0.9384615385	0.05823721607	0.036546554	0.039268993	0.6204265	3.785419045	61.0	0.3458506649
H08_bin.20	ANI95_cluster_00358	G07_bin.107	False	d__Bacteria;p__Bacillota;c__Clostridia;o__Lachnospirales;f__Lachnospiraceae;g__Roseburia;s__Roseburia faecis	Bacteria	Bacillota	Clostridia	Lachnospirales	Lachnospiraceae	Roseburia	Roseburia faecis	94.04	1.76	2753807	42	105347	43.592706	2603	39.0	0.6	0.03084237562	0.012758462	0.028952992	0.34582424	2.004754415	39.0	0.2355417892
H08_bin.21	ANI95_cluster_00415	H05_bin.43	False	d__Bacteria;p__Bacillota;c__Clostridia;o__Lachnospirales;f__Lachnospiraceae;g__Roseburia;s__Roseburia rectalis	Bacteria	Bacillota	Clostridia	Lachnospirales	Lachnospiraceae	Roseburia	Roseburia rectalis	98.15	0.0	2605487	85	46582	41.880731	2456	51.0	0.7846153846	0.02957981582	0.015795318	0.02197366	0.44780716	1.922688028	51.0	0.2159211647
H08_bin.28	ANI95_cluster_00066	B02_bin.41	False	d__Bacteria;p__Bacillota;c__Clostridia;o__Lachnospirales;f__Lachnospiraceae;g__Dorea_A;s__Dorea_A longicatena	Bacteria	Bacillota	Clostridia	Lachnospirales	Lachnospiraceae	Dorea_A	Dorea_A longicatena	95.92	2.48	2756434	311	14723	42.229489	2730	61.0	0.9384615385	0.03154959482	0.019860525	0.021321546	0.27902663	2.050723663	61.0	0.3468003356
H08_bin.31	ANI95_cluster_00419	H06_bin.61	False	d__Bacteria;p__Bacillota;c__Clostridia;o__Lachnospirales;f__Lachnospiraceae;g__Fusicatenibacter;s__Fusicatenibacter saccharivorans	Bacteria	Bacillota	Clostridia	Lachnospirales	Lachnospiraceae	Fusicatenibacter	Fusicatenibacter saccharivorans	94.87	5.59	2788217	279	13807	48.606870	2615	60.0	0.9230769231	0.02437984348	0.014729138	0.016360349	0.093260415	1.584689827	60.0	0.3232359082
H08_bin.32	ANI95_cluster_00413	H05_bin.38	False	d__Bacteria;p__Bacteroidota;c__Bacteroidia;o__Bacteroidales;f__Tannerellaceae;g__Parabacteroides;s__Parabacteroides distasonis	Bacteria	Bacteroidota	Bacteroidia	Bacteroidales	Tannerellaceae	Parabacteroides	Parabacteroides distasonis	97.5	0.0	4489107	35	179961	45.099927	3745	43.0	0.6615384615	0.02359507061	0.010579202	0.014146405	0.5446343	1.53367959	43.0	0.208745102
H08_bin.40	ANI95_cluster_00290	F03_bin.40	False	d__Bacteria;p__Bacillota;c__Clostridia;o__Lachnospirales;f__Lachnospiraceae;g__Blautia_A;s__Blautia_A wexlerae	Bacteria	Bacillota	Clostridia	Lachnospirales	Lachnospiraceae	Blautia_A	Blautia_A wexlerae	98.36	2.53	3804960	187	46151	41.424982	3488	62.0	0.9538461538	0.04769546208	0.030116001	0.032052143	0.22991547	3.100205035	62.0	0.4120563419
H08_bin.42	ANI95_cluster_00245	E03_bin.16	False	d__Bacteria;p__Pseudomonadota;c__Alphaproteobacteria;o__RF32;f__CAG-239;g__Scatocola;s__Scatocola faecipullorum	Bacteria	Pseudomonadota	Alphaproteobacteria	RF32	CAG-239	Scatocola	Scatocola faecipullorum	95.7	0.0	1747450	45	61789	47.115740	1732	13.0	0.2	0.1741824218	0.0	0.05284036	9.4044	11.32185742	13.0	0.1163369382
H08_bin.44	ANI95_cluster_00194	D01_bin.67	False	d__Bacteria;p__Actinomycetota;c__Coriobacteriia;o__Coriobacteriales;f__Coriobacteriaceae;g__Collinsella;s__Collinsella sp905215825	Bacteria	Actinomycetota	Coriobacteriia	Coriobacteriales	Coriobacteriaceae	Collinsella	Collinsella sp905215825	96.77	5.38	2010340	343	7869	60.246326	1947	36.0	0.5538461538	0.01478677242	0.0063171512	0.016501255	0.15725128	0.9611402071	33.0	0.1108689999
H08_bin.46	ANI95_cluster_00360	G07_bin.76	False	d__Bacteria;p__Bacteroidota;c__Bacteroidia;o__Bacteroidales;f__Bacteroidaceae;g__Phocaeicola;s__Phocaeicola coprocola	Bacteria	Bacteroidota	Bacteroidia	Bacteroidales	Bacteroidaceae	Phocaeicola	Phocaeicola coprocola	91.61	2.23	3419261	104	52406	40.634453	2791	8.0	0.1230769231	0.1789669276	0.0	0.107216146	9.032889	11.63285029	8.0	0.08514233615
H08_bin.6	ANI95_cluster_00267	E06_bin.85	False	d__Bacteria;p__Bacteroidota;c__Bacteroidia;o__Bacteroidales;f__Rikenellaceae;g__Alistipes;s__Alistipes shahii	Bacteria	Bacteroidota	Bacteroidia	Bacteroidales	Rikenellaceae	Alistipes	Alistipes shahii	87.82	0.0	2475854	29	109549	59.687243	2001	45.0	0.6923076923	0.05988166026	0.042525347	0.068790406	0.2847019	3.892307917	45.0	0.4329647257
H08_bin.8	ANI95_cluster_00432	H08_bin.8	True	d__Bacteria;p__Pseudomonadota;c__Gammaproteobacteria;o__Burkholderiales;f__Burkholderiaceae_F;g__Sutterella;s__Sutterella sp900762445	Bacteria	Pseudomonadota	Gammaproteobacteria	Burkholderiales	Burkholderiaceae_F	Sutterella	Sutterella sp900762445	96.89	0.62	2003175	17	210624	49.588229	1736	2.0	0.03076923077	0.02544300154	0.0	0.82689755	1.0590346	1.6537951	2.0	0.03055195277
