Feature Set	Prediction Repeat	Fold	Tuned Mtry	Tuned Min Node Size	Inner Rmse
agora2_exchange	1	1	27	3	0.900748151957855
agora2_exchange	1	2	259	10	0.849503807555569
agora2_exchange	1	3	155	3	0.887816543765259
agora2_exchange	1	4	77	5	0.943026291359731
agora2_exchange	1	5	27	5	0.8697296451629
agora2_exchange	2	1	27	10	0.980882261756996
agora2_exchange	2	2	259	10	0.898866721293525
agora2_exchange	2	3	27	10	0.888477066232214
agora2_exchange	2	4	27	10	0.88464178095098
agora2_exchange	2	5	27	5	0.967012034594505
agora2_exchange	3	1	27	10	0.915662763573932
agora2_exchange	3	2	259	3	0.905600330807535
agora2_exchange	3	3	259	10	0.933244772060829
agora2_exchange	3	4	27	5	0.882685217217746
agora2_exchange	3	5	77	10	0.929373601209554
agora2_exchange	4	1	77	5	0.874776244073702
agora2_exchange	4	2	27	5	0.974522115679248
agora2_exchange	4	3	27	3	0.815822390349523
agora2_exchange	4	4	27	10	0.887383322262377
agora2_exchange	4	5	27	10	1.052594041516
agora2_exchange	5	1	27	3	0.798074291262925
agora2_exchange	5	2	27	3	0.927043058998141
agora2_exchange	5	3	27	5	0.891230012128833
agora2_exchange	5	4	27	5	0.823410039317238
agora2_exchange	5	5	259	5	0.900299812437431
agora2_exchange	6	1	27	3	0.93556716120937
agora2_exchange	6	2	27	10	0.866213681319648
agora2_exchange	6	3	259	10	0.949078345606244
agora2_exchange	6	4	27	5	0.885367857775963
agora2_exchange	6	5	27	10	0.970225019198869
agora2_exchange	7	1	259	10	0.872748538095662
agora2_exchange	7	2	259	10	0.88299850347182
agora2_exchange	7	3	259	10	0.93658824401523
agora2_exchange	7	4	27	10	0.915609612830618
agora2_exchange	7	5	77	5	1.0088709024363
agora2_exchange	8	1	27	10	0.955937759559939
agora2_exchange	8	2	27	5	0.817389811510372
agora2_exchange	8	3	77	10	0.951415799578086
agora2_exchange	8	4	27	10	0.850902133671251
agora2_exchange	8	5	77	10	0.921877313010994
agora2_exchange	9	1	259	5	0.923437827406071
agora2_exchange	9	2	27	5	0.98866616735002
agora2_exchange	9	3	155	10	1.05331298656085
agora2_exchange	9	4	77	3	0.854960147498586
agora2_exchange	9	5	259	5	0.814563086609204
agora2_exchange	10	1	27	5	0.795703882939979
agora2_exchange	10	2	155	10	0.938901313197745
agora2_exchange	10	3	155	3	0.933408522495443
agora2_exchange	10	4	259	5	1.02990586376148
agora2_exchange	10	5	155	10	0.919116624916096
agora2_exchange	11	1	155	5	0.90834158983682
agora2_exchange	11	2	27	10	1.07304893893827
agora2_exchange	11	3	27	10	0.852655289292839
agora2_exchange	11	4	155	5	0.907992638525783
agora2_exchange	11	5	27	5	0.969450465040765
agora2_exchange	12	1	27	10	0.738847756477044
agora2_exchange	12	2	155	10	0.986129824054183
agora2_exchange	12	3	259	3	0.864357657444305
agora2_exchange	12	4	27	10	0.936104734719351
agora2_exchange	12	5	27	3	0.93599189856311
agora2_exchange	13	1	27	3	1.05733644831552
agora2_exchange	13	2	27	10	0.960136804199423
agora2_exchange	13	3	77	5	0.921774934010208
agora2_exchange	13	4	27	3	0.597259344167206
agora2_exchange	13	5	155	3	1.13379065454809
agora2_exchange	14	1	77	5	0.768876591105201
agora2_exchange	14	2	259	3	0.982269904675788
agora2_exchange	14	3	27	10	0.94500527109985
agora2_exchange	14	4	259	5	1.07798551170147
agora2_exchange	14	5	155	3	0.988417000196929
agora2_exchange	15	1	27	3	0.942759257815987
agora2_exchange	15	2	259	5	0.875018884480349
agora2_exchange	15	3	77	10	0.791885444080253
agora2_exchange	15	4	27	10	0.912821205040506
agora2_exchange	15	5	27	3	0.937159214637471
agora2_exchange	16	1	259	10	0.994094006728195
agora2_exchange	16	2	77	10	1.0198815274125
agora2_exchange	16	3	155	5	0.916307058095671
agora2_exchange	16	4	27	3	0.917591121589494
agora2_exchange	16	5	27	10	0.866451978754711
agora2_exchange	17	1	77	3	0.906984183956523
agora2_exchange	17	2	27	5	0.901079534104834
agora2_exchange	17	3	27	5	0.93856257860735
agora2_exchange	17	4	27	10	0.902182525700064
agora2_exchange	17	5	155	10	0.90957483184308
agora2_exchange	18	1	27	3	0.789372168404075
agora2_exchange	18	2	27	5	0.933750839159178
agora2_exchange	18	3	77	5	0.830483666987672
agora2_exchange	18	4	155	3	0.910831766051169
agora2_exchange	18	5	27	5	0.974269902117937
agora2_exchange	19	1	27	10	0.783298995102513
agora2_exchange	19	2	27	5	0.971756317741568
agora2_exchange	19	3	259	10	1.03569121070936
agora2_exchange	19	4	155	10	0.925210707568602
agora2_exchange	19	5	27	10	0.939469349871673
agora2_exchange	20	1	27	10	0.917047105075885
agora2_exchange	20	2	259	3	0.918258764402175
agora2_exchange	20	3	27	10	1.0072003589329
agora2_exchange	20	4	155	10	0.851249921637921
agora2_exchange	20	5	77	10	0.837469992616749
agora2_exchange	21	1	259	10	0.96863347346428
agora2_exchange	21	2	77	10	0.874278703901499
agora2_exchange	21	3	27	5	0.910819143538369
agora2_exchange	21	4	27	10	0.859613041892846
agora2_exchange	21	5	77	10	0.943328138033324
agora2_exchange	22	1	27	10	0.853210607650879
agora2_exchange	22	2	259	10	0.931034219492958
agora2_exchange	22	3	77	3	0.867187781183078
agora2_exchange	22	4	27	10	0.905688916283329
agora2_exchange	22	5	27	10	0.911148479570727
agora2_exchange	23	1	27	10	0.921751600880786
agora2_exchange	23	2	155	10	1.05134172985719
agora2_exchange	23	3	77	5	0.816480634949489
agora2_exchange	23	4	155	10	0.874840992480182
agora2_exchange	23	5	155	3	0.997751300209897
agora2_exchange	24	1	27	10	0.892199739132743
agora2_exchange	24	2	27	10	0.835259816542693
agora2_exchange	24	3	77	10	0.936441134645797
agora2_exchange	24	4	27	10	1.08577156665132
agora2_exchange	24	5	27	5	0.878752078199009
agora2_exchange	25	1	27	5	0.85693947931599
agora2_exchange	25	2	259	3	0.811173930359356
agora2_exchange	25	3	77	5	0.919334237360954
agora2_exchange	25	4	27	10	0.820854286777416
agora2_exchange	25	5	27	3	0.962082390620911
agora2_exchange	26	1	27	10	0.949939552233069
agora2_exchange	26	2	27	3	0.836399715024489
agora2_exchange	26	3	77	3	0.963534860812074
agora2_exchange	26	4	27	10	0.935634079449531
agora2_exchange	26	5	27	10	1.00668838611072
agora2_exchange	27	1	27	5	0.924357123086529
agora2_exchange	27	2	27	3	0.886007043047033
agora2_exchange	27	3	27	3	0.936238020682108
agora2_exchange	27	4	259	5	0.958676416964202
agora2_exchange	27	5	27	10	1.0172422268648
agora2_exchange	28	1	27	10	0.818290208801189
agora2_exchange	28	2	259	10	0.9494544809138
agora2_exchange	28	3	27	10	0.954932219157014
agora2_exchange	28	4	77	5	1.09731156515598
agora2_exchange	28	5	155	10	0.794655623634849
agora2_exchange	29	1	259	3	0.841351051181655
agora2_exchange	29	2	155	10	0.847808243527997
agora2_exchange	29	3	27	10	0.875087203178348
agora2_exchange	29	4	155	10	0.934761255814218
agora2_exchange	29	5	155	3	0.912307589223586
agora2_exchange	30	1	259	3	0.861172184421343
agora2_exchange	30	2	27	10	0.847929259092735
agora2_exchange	30	3	155	5	0.934034036050763
agora2_exchange	30	4	27	3	0.874536697564624
agora2_exchange	30	5	155	10	0.839849034549676
agora2_exchange	31	1	77	10	0.829505438018163
agora2_exchange	31	2	27	3	0.897514196565385
agora2_exchange	31	3	27	5	0.823954168163146
agora2_exchange	31	4	27	3	0.928665138108149
agora2_exchange	31	5	27	10	1.00639105077898
agora2_exchange	32	1	155	10	0.988434467863806
agora2_exchange	32	2	27	10	0.994483871300061
agora2_exchange	32	3	27	10	0.979111430626778
agora2_exchange	32	4	155	10	0.880390803368712
agora2_exchange	32	5	27	10	0.94349259713524
agora2_exchange	33	1	27	10	0.816097544373553
agora2_exchange	33	2	27	10	0.938248467125668
agora2_exchange	33	3	77	10	0.952555810553958
agora2_exchange	33	4	155	10	0.871473162199567
agora2_exchange	33	5	155	5	0.943085539808897
agora2_exchange	34	1	27	10	1.03375914510143
agora2_exchange	34	2	155	10	0.939096757637269
agora2_exchange	34	3	77	10	0.776029232128026
agora2_exchange	34	4	27	10	0.896412356113556
agora2_exchange	34	5	27	5	0.943740432931303
agora2_exchange	35	1	27	10	0.948546783415204
agora2_exchange	35	2	155	10	0.85049216009193
agora2_exchange	35	3	27	5	0.946468088937185
agora2_exchange	35	4	27	10	0.988975699272361
agora2_exchange	35	5	27	5	0.959067326459466
agora2_exchange	36	1	77	5	0.956065202282669
agora2_exchange	36	2	259	10	0.85186765491594
agora2_exchange	36	3	155	3	0.952363004363883
agora2_exchange	36	4	27	10	0.755054114252535
agora2_exchange	36	5	27	3	0.989905530006064
agora2_exchange	37	1	155	10	0.875321724878829
agora2_exchange	37	2	259	5	1.00009645333467
agora2_exchange	37	3	27	3	0.77105621762325
agora2_exchange	37	4	77	10	0.925040095668621
agora2_exchange	37	5	27	3	1.06643766440793
agora2_exchange	38	1	77	5	0.862537471000882
agora2_exchange	38	2	27	10	1.02727501853823
agora2_exchange	38	3	259	3	0.796730998485365
agora2_exchange	38	4	27	3	0.916952386719531
agora2_exchange	38	5	155	10	0.914690357359266
agora2_exchange	39	1	27	5	0.978696701261602
agora2_exchange	39	2	27	10	0.801645349105377
agora2_exchange	39	3	27	5	1.03268014479667
agora2_exchange	39	4	155	10	0.926535602919911
agora2_exchange	39	5	27	5	0.925989525400562
agora2_exchange	40	1	259	10	0.957795987347494
agora2_exchange	40	2	27	10	0.944588737743765
agora2_exchange	40	3	259	10	0.872700165448276
agora2_exchange	40	4	259	10	0.964880774425387
agora2_exchange	40	5	259	10	0.827138365341788
agora2_exchange	41	1	27	3	1.0103956570141
agora2_exchange	41	2	27	10	0.933032436272015
agora2_exchange	41	3	77	10	0.931981216390099
agora2_exchange	41	4	27	3	0.957684558042168
agora2_exchange	41	5	27	10	0.836637142197498
agora2_exchange	42	1	27	10	0.849786886999336
agora2_exchange	42	2	27	10	1.12749776167098
agora2_exchange	42	3	77	10	0.866782813823686
agora2_exchange	42	4	259	10	0.857713170873496
agora2_exchange	42	5	27	5	1.00250863664628
agora2_exchange	43	1	259	3	0.897195944727685
agora2_exchange	43	2	77	10	0.851286423181919
agora2_exchange	43	3	27	10	0.953216870467491
agora2_exchange	43	4	155	10	0.909228015241625
agora2_exchange	43	5	155	10	0.981411335608371
agora2_exchange	44	1	155	10	0.882854888722828
agora2_exchange	44	2	27	3	1.0487518489205
agora2_exchange	44	3	27	5	0.801994139490612
agora2_exchange	44	4	77	10	0.918480895756464
agora2_exchange	44	5	77	3	0.939618395138458
agora2_exchange	45	1	27	10	0.875097790181671
agora2_exchange	45	2	27	5	0.996337386226676
agora2_exchange	45	3	77	10	0.93143765759347
agora2_exchange	45	4	27	10	0.898664901520266
agora2_exchange	45	5	27	5	0.879172500847096
agora2_exchange	46	1	77	10	0.985522325175802
agora2_exchange	46	2	27	5	0.772062647249501
agora2_exchange	46	3	27	10	0.86435314168665
agora2_exchange	46	4	27	10	1.00830704150583
agora2_exchange	46	5	155	10	0.965019788476392
agora2_exchange	47	1	27	10	0.967825218197918
agora2_exchange	47	2	27	10	0.898927597015544
agora2_exchange	47	3	155	10	0.907060993992084
agora2_exchange	47	4	27	10	0.884438842788105
agora2_exchange	47	5	27	10	0.931273097458593
agora2_exchange	48	1	27	5	0.989032530467056
agora2_exchange	48	2	27	10	1.01539885324083
agora2_exchange	48	3	27	10	0.889517363509554
agora2_exchange	48	4	155	10	0.983781100377688
agora2_exchange	48	5	77	10	0.917825639214543
agora2_exchange	49	1	77	10	0.994551618930938
agora2_exchange	49	2	27	10	0.877606449073066
agora2_exchange	49	3	27	10	0.904431118262201
agora2_exchange	49	4	27	5	0.895912425607059
agora2_exchange	49	5	155	10	0.815453289629082
agora2_exchange	50	1	259	3	0.863276330184081
agora2_exchange	50	2	77	3	0.948485000251766
agora2_exchange	50	3	27	10	0.948173162471445
agora2_exchange	50	4	27	10	0.949669360019819
agora2_exchange	50	5	27	10	0.812552779750625
agora2_model_features	1	1	581	10	0.929031963222252
agora2_model_features	1	2	53	5	0.8743624338461
agora2_model_features	1	3	53	3	0.917860989966065
agora2_model_features	1	4	290	5	0.931574593476604
agora2_model_features	1	5	290	5	0.85825851603462
agora2_model_features	2	1	290	10	1.05370028350402
agora2_model_features	2	2	53	10	0.900197353342556
agora2_model_features	2	3	53	10	0.870611929920453
agora2_model_features	2	4	968	10	0.912657407408703
agora2_model_features	2	5	581	10	0.963625520123028
agora2_model_features	3	1	53	10	0.900928903933992
agora2_model_features	3	2	968	10	0.885224309887648
agora2_model_features	3	3	53	10	0.899002694090135
agora2_model_features	3	4	581	5	0.892131674654758
agora2_model_features	3	5	53	3	0.914513902487718
agora2_model_features	4	1	53	3	0.899321298971884
agora2_model_features	4	2	290	10	1.00408025878475
agora2_model_features	4	3	290	10	0.842574398938671
agora2_model_features	4	4	290	10	0.887517990334919
agora2_model_features	4	5	53	10	1.06141674486013
agora2_model_features	5	1	53	3	0.815748902206624
agora2_model_features	5	2	581	5	0.909640434905573
agora2_model_features	5	3	290	3	0.893442578333278
agora2_model_features	5	4	581	3	0.802428466675095
agora2_model_features	5	5	968	5	0.925085978328059
agora2_model_features	6	1	968	10	0.95492159535888
agora2_model_features	6	2	53	10	0.924636436705093
agora2_model_features	6	3	290	10	0.97011442806474
agora2_model_features	6	4	968	5	0.884952132157421
agora2_model_features	6	5	53	10	0.958167342325608
agora2_model_features	7	1	581	10	0.8419695752398
agora2_model_features	7	2	968	10	0.867951107276774
agora2_model_features	7	3	968	10	0.958053197040447
agora2_model_features	7	4	53	10	0.906763131936687
agora2_model_features	7	5	53	10	1.08566868712252
agora2_model_features	8	1	290	3	0.971072455740604
agora2_model_features	8	2	581	10	0.863338311237646
agora2_model_features	8	3	53	10	0.995547692392694
agora2_model_features	8	4	290	10	0.883183694581847
agora2_model_features	8	5	53	3	0.926341248733674
agora2_model_features	9	1	581	5	0.882342287701059
agora2_model_features	9	2	53	3	0.974172500136531
agora2_model_features	9	3	968	10	1.05338210920311
agora2_model_features	9	4	53	10	0.902449616733957
agora2_model_features	9	5	581	10	0.823261316749354
agora2_model_features	10	1	290	3	0.747635081757807
agora2_model_features	10	2	290	5	0.96223931565704
agora2_model_features	10	3	968	10	0.938166561750857
agora2_model_features	10	4	53	3	1.00178612973134
agora2_model_features	10	5	581	5	0.953865220180694
agora2_model_features	11	1	53	3	0.889914885091232
agora2_model_features	11	2	53	10	1.06852530037599
agora2_model_features	11	3	53	3	0.808526453471024
agora2_model_features	11	4	53	3	0.998361708244471
agora2_model_features	11	5	968	10	0.947201991054859
agora2_model_features	12	1	968	10	0.770110221978329
agora2_model_features	12	2	968	10	0.978895310818093
agora2_model_features	12	3	968	3	0.919761903387513
agora2_model_features	12	4	290	10	0.958072889956342
agora2_model_features	12	5	53	10	0.930511204641259
agora2_model_features	13	1	968	5	1.00793883821031
agora2_model_features	13	2	53	10	0.936751468249969
agora2_model_features	13	3	968	5	0.942460563578631
agora2_model_features	13	4	53	10	0.578588915994007
agora2_model_features	13	5	53	10	1.12824221239814
agora2_model_features	14	1	290	10	0.768354288972366
agora2_model_features	14	2	290	10	1.00852611180266
agora2_model_features	14	3	53	10	1.00549527362114
agora2_model_features	14	4	290	10	1.04989814321224
agora2_model_features	14	5	581	10	0.99068451938631
agora2_model_features	15	1	53	5	0.962931581211573
agora2_model_features	15	2	581	10	0.900302509578248
agora2_model_features	15	3	581	10	0.821113296306833
agora2_model_features	15	4	290	10	0.908140002311595
agora2_model_features	15	5	53	10	0.925367976466846
agora2_model_features	16	1	290	10	1.01733372462359
agora2_model_features	16	2	53	3	1.0077855765322
agora2_model_features	16	3	581	5	0.896309003250698
agora2_model_features	16	4	968	10	0.920603833678142
agora2_model_features	16	5	53	5	0.836061212218875
agora2_model_features	17	1	290	3	0.929994847493221
agora2_model_features	17	2	581	5	0.901653853161917
agora2_model_features	17	3	53	3	0.92424802480851
agora2_model_features	17	4	53	10	0.913818643933631
agora2_model_features	17	5	53	10	0.93578273994273
agora2_model_features	18	1	53	10	0.812590218326419
agora2_model_features	18	2	581	10	0.982404440979709
agora2_model_features	18	3	290	10	0.870899982936282
agora2_model_features	18	4	581	3	0.883402735054555
agora2_model_features	18	5	53	3	0.961754739528634
agora2_model_features	19	1	290	10	0.766144169401883
agora2_model_features	19	2	968	10	0.993906302352653
agora2_model_features	19	3	581	10	1.02460849157416
agora2_model_features	19	4	968	10	0.922604385512622
agora2_model_features	19	5	53	10	0.908836671371663
agora2_model_features	20	1	290	10	0.986119220583433
agora2_model_features	20	2	968	10	0.980873419598234
agora2_model_features	20	3	53	10	0.943074073186006
agora2_model_features	20	4	53	10	0.874852996457474
agora2_model_features	20	5	53	5	0.887478617347333
agora2_model_features	21	1	290	10	0.939986286924609
agora2_model_features	21	2	968	10	0.888114668361736
agora2_model_features	21	3	53	5	0.946997182513592
agora2_model_features	21	4	290	3	0.863045611986653
agora2_model_features	21	5	290	10	0.983793848920841
agora2_model_features	22	1	581	10	0.849029696686981
agora2_model_features	22	2	53	10	0.926764037392936
agora2_model_features	22	3	290	10	0.864631766516703
agora2_model_features	22	4	968	10	0.907338287247081
agora2_model_features	22	5	968	10	0.934954319715272
agora2_model_features	23	1	290	10	0.95348219714429
agora2_model_features	23	2	581	5	1.08279936380704
agora2_model_features	23	3	581	10	0.819690278339943
agora2_model_features	23	4	53	3	0.911474713121311
agora2_model_features	23	5	581	10	0.993809805939115
agora2_model_features	24	1	968	10	0.893740242967586
agora2_model_features	24	2	53	10	0.845298705083353
agora2_model_features	24	3	53	10	0.950296973439381
agora2_model_features	24	4	290	10	1.11189499870918
agora2_model_features	24	5	53	5	0.845905660994927
agora2_model_features	25	1	290	3	0.858057086967618
agora2_model_features	25	2	290	3	0.816627472076622
agora2_model_features	25	3	290	10	0.928789202504308
agora2_model_features	25	4	53	3	0.85126666020238
agora2_model_features	25	5	290	3	0.971608890717846
agora2_model_features	26	1	53	5	0.927482235107329
agora2_model_features	26	2	53	5	0.871181137500461
agora2_model_features	26	3	581	3	0.973254156535877
agora2_model_features	26	4	53	10	0.924804542141919
agora2_model_features	26	5	53	10	1.00852633995974
agora2_model_features	27	1	290	5	0.920633792682496
agora2_model_features	27	2	53	3	0.899002285024258
agora2_model_features	27	3	968	10	0.918183529772335
agora2_model_features	27	4	581	10	0.941895879840992
agora2_model_features	27	5	290	3	1.00406990967785
agora2_model_features	28	1	53	10	0.821207066949843
agora2_model_features	28	2	968	3	0.970621911973536
agora2_model_features	28	3	53	5	1.00966129351003
agora2_model_features	28	4	968	5	1.07540174967814
agora2_model_features	28	5	53	5	0.828786934311769
agora2_model_features	29	1	290	3	0.891935560879581
agora2_model_features	29	2	581	10	0.836060224715511
agora2_model_features	29	3	53	10	0.886816104082153
agora2_model_features	29	4	53	5	0.979445055627238
agora2_model_features	29	5	581	3	0.905586766060499
agora2_model_features	30	1	53	10	0.873450928489696
agora2_model_features	30	2	290	10	0.849408727339534
agora2_model_features	30	3	53	10	0.99859376747378
agora2_model_features	30	4	53	3	0.847638820005548
agora2_model_features	30	5	968	10	0.90100546659586
agora2_model_features	31	1	290	3	0.85375956932817
agora2_model_features	31	2	968	10	0.917550462412976
agora2_model_features	31	3	53	10	0.824646013004691
agora2_model_features	31	4	53	3	0.959736534057745
agora2_model_features	31	5	968	10	1.01416163713969
agora2_model_features	32	1	581	10	1.0167078683939
agora2_model_features	32	2	53	5	1.04026594362889
agora2_model_features	32	3	53	10	0.992721329274544
agora2_model_features	32	4	581	10	0.90063020110626
agora2_model_features	32	5	53	5	0.902901634485064
agora2_model_features	33	1	968	10	0.799733596148402
agora2_model_features	33	2	53	10	0.915790152361972
agora2_model_features	33	3	968	10	0.954482685248079
agora2_model_features	33	4	290	10	0.899264984666969
agora2_model_features	33	5	581	10	0.921295773074495
agora2_model_features	34	1	581	3	1.12498488355478
agora2_model_features	34	2	53	3	0.957200815978185
agora2_model_features	34	3	290	10	0.787492551649794
agora2_model_features	34	4	581	10	0.870063119828839
agora2_model_features	34	5	53	5	0.960487730875245
agora2_model_features	35	1	53	10	0.937026987225636
agora2_model_features	35	2	968	3	0.856906101253248
agora2_model_features	35	3	53	10	0.975233341000911
agora2_model_features	35	4	581	10	1.00001847248041
agora2_model_features	35	5	290	10	0.970338880050982
agora2_model_features	36	1	968	10	0.93381374199754
agora2_model_features	36	2	968	10	0.857665081415552
agora2_model_features	36	3	53	10	0.938142551287919
agora2_model_features	36	4	53	10	0.772591951638071
agora2_model_features	36	5	968	10	0.998211313218729
agora2_model_features	37	1	581	10	0.876349032590517
agora2_model_features	37	2	581	10	1.00629869238557
agora2_model_features	37	3	290	3	0.814242498209856
agora2_model_features	37	4	290	10	0.907092159880367
agora2_model_features	37	5	968	10	1.04416816705997
agora2_model_features	38	1	290	10	0.885372954876243
agora2_model_features	38	2	53	10	1.0109646818615
agora2_model_features	38	3	968	3	0.758588721069594
agora2_model_features	38	4	53	10	0.898776071049581
agora2_model_features	38	5	581	10	0.927527166330972
agora2_model_features	39	1	581	3	0.955274081633072
agora2_model_features	39	2	53	3	0.77149621069283
agora2_model_features	39	3	290	5	1.06419328544525
agora2_model_features	39	4	968	10	0.913667460109751
agora2_model_features	39	5	290	10	0.899410175968689
agora2_model_features	40	1	968	10	0.919483664804574
agora2_model_features	40	2	53	3	0.980938451509837
agora2_model_features	40	3	968	5	0.891112893415063
agora2_model_features	40	4	53	10	0.951682785324131
agora2_model_features	40	5	968	10	0.842272599817389
agora2_model_features	41	1	53	5	1.0981907990522
agora2_model_features	41	2	290	10	0.922780705481635
agora2_model_features	41	3	290	10	0.924179639586371
agora2_model_features	41	4	968	3	0.942512395713436
agora2_model_features	41	5	581	10	0.835580557220659
agora2_model_features	42	1	290	10	0.877742688203171
agora2_model_features	42	2	53	10	1.07057299157608
agora2_model_features	42	3	53	10	0.894202909411997
agora2_model_features	42	4	581	10	0.866575480164966
agora2_model_features	42	5	53	10	1.01596527641791
agora2_model_features	43	1	53	10	0.883455884402131
agora2_model_features	43	2	53	10	0.840722230600257
agora2_model_features	43	3	968	10	0.932386529167532
agora2_model_features	43	4	53	3	0.917985300824791
agora2_model_features	43	5	968	10	0.961216929447488
agora2_model_features	44	1	581	10	0.890222411400493
agora2_model_features	44	2	53	10	1.01008091325446
agora2_model_features	44	3	53	10	0.802123482649331
agora2_model_features	44	4	53	10	0.892371305637109
agora2_model_features	44	5	581	5	0.939169996730198
agora2_model_features	45	1	53	10	0.918272950312716
agora2_model_features	45	2	53	10	0.983795395040379
agora2_model_features	45	3	290	10	0.965180423759822
agora2_model_features	45	4	581	10	0.870404470557503
agora2_model_features	45	5	53	5	0.878745501104495
agora2_model_features	46	1	968	10	1.04545977217175
agora2_model_features	46	2	290	5	0.768375841106339
agora2_model_features	46	3	53	10	0.896648671383825
agora2_model_features	46	4	53	10	0.969625449553817
agora2_model_features	46	5	53	3	0.934926905082292
agora2_model_features	47	1	290	10	1.01058845856748
agora2_model_features	47	2	968	10	0.949284664369247
agora2_model_features	47	3	53	10	0.974728490273162
agora2_model_features	47	4	290	10	0.882756742007595
agora2_model_features	47	5	53	10	0.890403694614992
agora2_model_features	48	1	53	10	1.01529046745889
agora2_model_features	48	2	968	10	1.05140537252999
agora2_model_features	48	3	968	10	0.972296206371299
agora2_model_features	48	4	53	10	0.977536472832358
agora2_model_features	48	5	290	10	0.939959650790153
agora2_model_features	49	1	581	10	1.02850736028791
agora2_model_features	49	2	968	10	0.878968405937641
agora2_model_features	49	3	968	5	0.90413496442242
agora2_model_features	49	4	290	10	0.897728162988241
agora2_model_features	49	5	581	3	0.829797295009287
agora2_model_features	50	1	53	10	0.883683069695194
agora2_model_features	50	2	53	10	0.914674365331999
agora2_model_features	50	3	581	10	0.95634833012441
agora2_model_features	50	4	53	10	0.95249831063473
agora2_model_features	50	5	581	10	0.813845406070781
agora2_reaction	1	1	44	3	0.945908608142273
agora2_reaction	1	2	44	3	0.883859659416421
agora2_reaction	1	3	44	3	0.955752590772348
agora2_reaction	1	4	400	5	0.940381454742642
agora2_reaction	1	5	44	10	0.865002376728186
agora2_reaction	2	1	44	10	1.08066222469383
agora2_reaction	2	2	44	10	0.898925207362156
agora2_reaction	2	3	400	10	0.862805100997563
agora2_reaction	2	4	44	10	0.939009626599074
agora2_reaction	2	5	400	5	0.931391291791137
agora2_reaction	3	1	44	3	0.912923313024257
agora2_reaction	3	2	44	10	0.909162125497497
agora2_reaction	3	3	400	10	0.92085307799047
agora2_reaction	3	4	44	3	0.906577334834226
agora2_reaction	3	5	200	10	0.901118832979541
agora2_reaction	4	1	44	5	0.920091250494462
agora2_reaction	4	2	200	10	1.01456295395164
agora2_reaction	4	3	400	10	0.872830161392334
agora2_reaction	4	4	44	10	0.892045796484409
agora2_reaction	4	5	400	3	1.06082494715441
agora2_reaction	5	1	44	10	0.84129487314638
agora2_reaction	5	2	666	3	0.915780148646056
agora2_reaction	5	3	44	3	0.905397081247109
agora2_reaction	5	4	666	5	0.810305926894498
agora2_reaction	5	5	44	10	0.947830357907348
agora2_reaction	6	1	200	10	0.994763537336101
agora2_reaction	6	2	44	10	0.924305650796896
agora2_reaction	6	3	44	10	0.991270447079404
agora2_reaction	6	4	400	10	0.913447183967962
agora2_reaction	6	5	400	10	0.942600437599288
agora2_reaction	7	1	666	10	0.842074624245946
agora2_reaction	7	2	666	10	0.884359028853423
agora2_reaction	7	3	44	3	0.953936462175268
agora2_reaction	7	4	44	10	0.914056718053463
agora2_reaction	7	5	44	10	1.10684749248942
agora2_reaction	8	1	200	10	0.971127667165691
agora2_reaction	8	2	44	3	0.88117878579524
agora2_reaction	8	3	44	10	1.01695416230126
agora2_reaction	8	4	44	10	0.910747493353191
agora2_reaction	8	5	44	10	0.943602468128883
agora2_reaction	9	1	666	5	0.861960095262243
agora2_reaction	9	2	44	10	0.971397113566636
agora2_reaction	9	3	400	5	1.06176057338959
agora2_reaction	9	4	666	10	0.927322936176954
agora2_reaction	9	5	400	3	0.858538711762764
agora2_reaction	10	1	666	10	0.754623803198665
agora2_reaction	10	2	666	10	0.981896916118694
agora2_reaction	10	3	666	10	0.952010947167244
agora2_reaction	10	4	44	3	1.01437467791171
agora2_reaction	10	5	44	10	0.971511616348827
agora2_reaction	11	1	44	10	0.904713644868082
agora2_reaction	11	2	666	10	1.07169981507231
agora2_reaction	11	3	400	3	0.806963353853801
agora2_reaction	11	4	44	10	1.02255849656313
agora2_reaction	11	5	400	10	0.965481698914579
agora2_reaction	12	1	44	10	0.811357115120565
agora2_reaction	12	2	44	10	0.981968139977496
agora2_reaction	12	3	666	10	0.944230874434119
agora2_reaction	12	4	400	10	0.960668335103385
agora2_reaction	12	5	44	5	0.953442450078301
agora2_reaction	13	1	200	3	0.945688388139543
agora2_reaction	13	2	200	10	0.946057922770277
agora2_reaction	13	3	666	3	0.950649670260354
agora2_reaction	13	4	44	10	0.582716055487013
agora2_reaction	13	5	400	10	1.1292783543729
agora2_reaction	14	1	44	10	0.763520576407465
agora2_reaction	14	2	400	3	1.03560295792415
agora2_reaction	14	3	666	10	1.0214321253052
agora2_reaction	14	4	400	10	1.02594310952212
agora2_reaction	14	5	44	10	0.995886963089446
agora2_reaction	15	1	44	5	0.977257044453772
agora2_reaction	15	2	666	10	0.898235732303039
agora2_reaction	15	3	200	10	0.837620667990106
agora2_reaction	15	4	44	3	0.926176929580992
agora2_reaction	15	5	44	10	0.951410690751411
agora2_reaction	16	1	200	10	1.02100662437008
agora2_reaction	16	2	400	3	0.974859195108911
agora2_reaction	16	3	200	5	0.895089678302084
agora2_reaction	16	4	666	10	0.959335659206141
agora2_reaction	16	5	400	3	0.851768771364829
agora2_reaction	17	1	200	10	0.940115329365265
agora2_reaction	17	2	44	3	0.910882035512671
agora2_reaction	17	3	44	3	0.935695111411938
agora2_reaction	17	4	44	5	0.924787836659961
agora2_reaction	17	5	666	10	0.949687239834403
agora2_reaction	18	1	44	10	0.831300900553609
agora2_reaction	18	2	400	10	1.03122137441263
agora2_reaction	18	3	44	3	0.907934905329622
agora2_reaction	18	4	666	5	0.881954739266493
agora2_reaction	18	5	44	5	0.936106286744816
agora2_reaction	19	1	44	5	0.78351499197975
agora2_reaction	19	2	400	10	0.993348523761873
agora2_reaction	19	3	400	10	1.04289453578921
agora2_reaction	19	4	44	5	0.936431535279492
agora2_reaction	19	5	44	10	0.905103519732979
agora2_reaction	20	1	200	10	0.998558968545211
agora2_reaction	20	2	666	10	1.03367019840268
agora2_reaction	20	3	44	5	0.964272858298503
agora2_reaction	20	4	44	10	0.921733615529018
agora2_reaction	20	5	44	5	0.883356645153533
agora2_reaction	21	1	400	10	0.961944355650876
agora2_reaction	21	2	666	10	0.899382509876178
agora2_reaction	21	3	44	10	0.942812525352215
agora2_reaction	21	4	400	10	0.846951154718578
agora2_reaction	21	5	44	10	1.02788941900405
agora2_reaction	22	1	44	10	0.8489107394323
agora2_reaction	22	2	400	10	0.923011637160794
agora2_reaction	22	3	200	10	0.877491650681422
agora2_reaction	22	4	44	10	0.951615819250021
agora2_reaction	22	5	200	10	0.948991894158814
agora2_reaction	23	1	200	10	0.968987322171207
agora2_reaction	23	2	200	3	1.08028548988037
agora2_reaction	23	3	666	10	0.833423696795117
agora2_reaction	23	4	44	10	0.927211479815437
agora2_reaction	23	5	200	5	1.00236210390875
agora2_reaction	24	1	666	10	0.913401036433288
agora2_reaction	24	2	200	10	0.850508164195266
agora2_reaction	24	3	44	10	0.973481554007622
agora2_reaction	24	4	44	10	1.10003658274096
agora2_reaction	24	5	666	5	0.837215457242633
agora2_reaction	25	1	44	10	0.889010598149205
agora2_reaction	25	2	200	5	0.817095773886297
agora2_reaction	25	3	400	10	0.943544147720195
agora2_reaction	25	4	44	5	0.869625115296283
agora2_reaction	25	5	44	3	0.955924868006185
agora2_reaction	26	1	400	3	0.918476580376005
agora2_reaction	26	2	44	3	0.886080133406578
agora2_reaction	26	3	666	10	0.964576823075607
agora2_reaction	26	4	44	10	0.90984371440916
agora2_reaction	26	5	666	3	1.02099493148951
agora2_reaction	27	1	200	10	0.919564541609459
agora2_reaction	27	2	666	3	0.876188612999781
agora2_reaction	27	3	200	10	0.94893021077887
agora2_reaction	27	4	44	10	0.945859703457722
agora2_reaction	27	5	666	10	0.999519452281423
agora2_reaction	28	1	400	5	0.819536193058655
agora2_reaction	28	2	44	10	0.961296206808104
agora2_reaction	28	3	44	10	1.02356382450557
agora2_reaction	28	4	400	10	1.10285434926668
agora2_reaction	28	5	44	5	0.861201007569034
agora2_reaction	29	1	44	10	0.954336689292619
agora2_reaction	29	2	400	10	0.860877687637462
agora2_reaction	29	3	44	5	0.894228316185914
agora2_reaction	29	4	44	10	0.991119238591164
agora2_reaction	29	5	44	5	0.891289159773057
agora2_reaction	30	1	44	5	0.886027848138569
agora2_reaction	30	2	400	5	0.852834774180312
agora2_reaction	30	3	200	10	1.03486288315794
agora2_reaction	30	4	44	3	0.836329908476423
agora2_reaction	30	5	400	10	0.960033770745593
agora2_reaction	31	1	400	10	0.862709978756404
agora2_reaction	31	2	200	5	0.941445786492641
agora2_reaction	31	3	44	10	0.838285903981907
agora2_reaction	31	4	666	10	0.994250266742504
agora2_reaction	31	5	200	10	1.01736474209862
agora2_reaction	32	1	400	10	1.02535030411539
agora2_reaction	32	2	44	10	1.04431994761252
agora2_reaction	32	3	400	5	0.996407684542036
agora2_reaction	32	4	200	10	0.907707316693336
agora2_reaction	32	5	44	10	0.885949886351609
agora2_reaction	33	1	200	10	0.831491492613293
agora2_reaction	33	2	44	10	0.912036654875143
agora2_reaction	33	3	666	10	0.967528453401081
agora2_reaction	33	4	44	3	0.91433508597381
agora2_reaction	33	5	44	5	0.939745163111318
agora2_reaction	34	1	666	10	1.16206044454079
agora2_reaction	34	2	200	10	0.978822013086646
agora2_reaction	34	3	44	10	0.796266127450015
agora2_reaction	34	4	400	3	0.872335295166721
agora2_reaction	34	5	44	10	0.969678248652258
agora2_reaction	35	1	44	10	0.942604245171749
agora2_reaction	35	2	44	5	0.866515475765367
agora2_reaction	35	3	44	10	0.991758531677571
agora2_reaction	35	4	666	10	0.995443958543447
agora2_reaction	35	5	666	5	1.00753945514448
agora2_reaction	36	1	400	10	0.945759097897881
agora2_reaction	36	2	400	5	0.889241678833111
agora2_reaction	36	3	200	10	0.940761111093713
agora2_reaction	36	4	200	5	0.790439738867732
agora2_reaction	36	5	200	10	1.00973516889824
agora2_reaction	37	1	666	10	0.923422827128087
agora2_reaction	37	2	44	3	1.0403283929777
agora2_reaction	37	3	400	3	0.804588416891473
agora2_reaction	37	4	44	10	0.89148241572647
agora2_reaction	37	5	666	10	1.0549242253744
agora2_reaction	38	1	200	10	0.867036809616235
agora2_reaction	38	2	44	3	1.00716797500764
agora2_reaction	38	3	666	5	0.770593681848649
agora2_reaction	38	4	400	10	0.886022663431366
agora2_reaction	38	5	44	10	0.960932285930064
agora2_reaction	39	1	400	3	0.930405874590285
agora2_reaction	39	2	400	5	0.746256863088082
agora2_reaction	39	3	200	10	1.08281265085868
agora2_reaction	39	4	200	10	0.895569543533541
agora2_reaction	39	5	44	5	0.888042012335065
agora2_reaction	40	1	200	5	0.912410814900928
agora2_reaction	40	2	666	10	0.968078815423258
agora2_reaction	40	3	400	5	0.886228747922916
agora2_reaction	40	4	44	10	0.965084624042466
agora2_reaction	40	5	666	10	0.855993775643191
agora2_reaction	41	1	400	5	1.09943687558351
agora2_reaction	41	2	666	10	0.910106284003634
agora2_reaction	41	3	200	3	0.941034267241405
agora2_reaction	41	4	666	10	0.956391061927379
agora2_reaction	41	5	666	10	0.827654147128111
agora2_reaction	42	1	44	5	0.909248348558023
agora2_reaction	42	2	44	10	1.04392021082144
agora2_reaction	42	3	44	10	0.943847666022238
agora2_reaction	42	4	666	10	0.903293776828786
agora2_reaction	42	5	400	5	1.01769185966398
agora2_reaction	43	1	44	10	0.904392736482387
agora2_reaction	43	2	44	5	0.835834983512472
agora2_reaction	43	3	400	10	0.930347387716211
agora2_reaction	43	4	44	10	0.922249992170978
agora2_reaction	43	5	400	5	0.970289212810761
agora2_reaction	44	1	400	10	0.922794700116225
agora2_reaction	44	2	44	10	0.987078261633744
agora2_reaction	44	3	44	5	0.809812424534414
agora2_reaction	44	4	400	5	0.896801122589436
agora2_reaction	44	5	200	3	0.935747829380324
agora2_reaction	45	1	200	10	0.933995826682838
agora2_reaction	45	2	666	5	1.00134206173814
agora2_reaction	45	3	44	10	0.981971457743822
agora2_reaction	45	4	44	10	0.881087275746438
agora2_reaction	45	5	44	5	0.885293385897287
agora2_reaction	46	1	666	10	1.10013176791273
agora2_reaction	46	2	44	10	0.758726134860067
agora2_reaction	46	3	44	3	0.924046402536093
agora2_reaction	46	4	44	10	0.979776225704202
agora2_reaction	46	5	44	10	0.949179670504616
agora2_reaction	47	1	44	10	1.02257753185161
agora2_reaction	47	2	400	3	0.965589158941049
agora2_reaction	47	3	44	5	1.00245410196811
agora2_reaction	47	4	200	10	0.884164360332342
agora2_reaction	47	5	44	10	0.869430451483799
agora2_reaction	48	1	44	10	1.0391147411851
agora2_reaction	48	2	666	10	1.07460784469621
agora2_reaction	48	3	44	10	0.987984768138802
agora2_reaction	48	4	44	10	0.984782700428381
agora2_reaction	48	5	200	10	0.985521773505068
agora2_reaction	49	1	44	5	1.05226652905259
agora2_reaction	49	2	666	10	0.873586387956635
agora2_reaction	49	3	200	5	0.908925356617176
agora2_reaction	49	4	44	5	0.918768621355614
agora2_reaction	49	5	44	10	0.868056115486914
agora2_reaction	50	1	44	5	0.901507642891464
agora2_reaction	50	2	666	10	0.919857054776736
agora2_reaction	50	3	666	10	0.979329874315912
agora2_reaction	50	4	44	10	0.97617862596751
agora2_reaction	50	5	44	10	0.812445386911934
agora2_subsystem	1	1	43	10	0.934695008687405
agora2_subsystem	1	2	25	3	0.872222848408474
agora2_subsystem	1	3	25	5	0.847024186257459
agora2_subsystem	1	4	11	10	0.916861753411024
agora2_subsystem	1	5	11	10	0.854589429519805
agora2_subsystem	2	1	43	10	1.13533666316968
agora2_subsystem	2	2	12	3	0.835616151267068
agora2_subsystem	2	3	11	3	0.885506089529634
agora2_subsystem	2	4	25	10	0.864339308809573
agora2_subsystem	2	5	25	5	0.978862152443873
agora2_subsystem	3	1	11	5	0.857781029123692
agora2_subsystem	3	2	43	3	0.877130014411189
agora2_subsystem	3	3	12	10	0.899240950117422
agora2_subsystem	3	4	43	5	0.842194695481825
agora2_subsystem	3	5	12	10	0.984509917279151
agora2_subsystem	4	1	43	10	0.854756173751753
agora2_subsystem	4	2	25	10	0.975201710049617
agora2_subsystem	4	3	12	10	0.841584662251514
agora2_subsystem	4	4	25	10	0.896625507637168
agora2_subsystem	4	5	12	3	1.08237418115429
agora2_subsystem	5	1	43	3	0.750451080641582
agora2_subsystem	5	2	43	10	0.966012176344536
agora2_subsystem	5	3	12	3	0.869492517507404
agora2_subsystem	5	4	11	3	0.829899631398814
agora2_subsystem	5	5	12	5	0.960457650308184
agora2_subsystem	6	1	11	3	0.860282425248416
agora2_subsystem	6	2	12	10	0.85021457282565
agora2_subsystem	6	3	43	10	0.957483233160694
agora2_subsystem	6	4	12	3	0.858699710197488
agora2_subsystem	6	5	12	10	0.982852304865885
agora2_subsystem	7	1	25	5	0.785728845069217
agora2_subsystem	7	2	43	10	0.852223889375086
agora2_subsystem	7	3	11	10	0.963149301834454
agora2_subsystem	7	4	12	3	0.91865682388377
agora2_subsystem	7	5	12	10	1.01401256097177
agora2_subsystem	8	1	11	3	0.947373920709011
agora2_subsystem	8	2	25	10	0.821490349349767
agora2_subsystem	8	3	12	5	0.954514798095875
agora2_subsystem	8	4	25	3	0.824162585123711
agora2_subsystem	8	5	11	3	0.9051074498109
agora2_subsystem	9	1	12	5	0.911420732889004
agora2_subsystem	9	2	12	3	0.936391846029335
agora2_subsystem	9	3	12	5	0.991865797640219
agora2_subsystem	9	4	12	5	0.829366766894598
agora2_subsystem	9	5	25	3	0.805839573078327
agora2_subsystem	10	1	43	5	0.793308937287254
agora2_subsystem	10	2	25	3	0.950173960409007
agora2_subsystem	10	3	11	5	0.882095331962069
agora2_subsystem	10	4	12	5	0.979772534937841
agora2_subsystem	10	5	11	5	0.859192594494266
agora2_subsystem	11	1	43	3	0.876780452872327
agora2_subsystem	11	2	43	5	1.04154406920035
agora2_subsystem	11	3	43	5	0.745318470647898
agora2_subsystem	11	4	12	3	0.971223427066495
agora2_subsystem	11	5	25	10	0.941851853697627
agora2_subsystem	12	1	43	3	0.720165513806832
agora2_subsystem	12	2	43	3	0.929674734658201
agora2_subsystem	12	3	12	10	0.86874003567288
agora2_subsystem	12	4	12	10	1.03856570636544
agora2_subsystem	12	5	43	10	0.920040417609025
agora2_subsystem	13	1	25	5	1.05960988951367
agora2_subsystem	13	2	12	3	0.924831002130168
agora2_subsystem	13	3	12	10	1.00883405790501
agora2_subsystem	13	4	12	10	0.579648179496379
agora2_subsystem	13	5	11	3	1.09493436592922
agora2_subsystem	14	1	11	10	0.758529481325312
agora2_subsystem	14	2	25	3	1.01637519585423
agora2_subsystem	14	3	43	10	0.935605119153214
agora2_subsystem	14	4	43	3	1.07802986318707
agora2_subsystem	14	5	43	3	0.973643879945967
agora2_subsystem	15	1	11	5	0.927220311074367
agora2_subsystem	15	2	43	10	0.907960620658693
agora2_subsystem	15	3	43	10	0.809676003095908
agora2_subsystem	15	4	12	3	0.858830805721951
agora2_subsystem	15	5	43	5	0.917934639003315
agora2_subsystem	16	1	43	10	0.998840511670176
agora2_subsystem	16	2	25	10	1.03161150679959
agora2_subsystem	16	3	12	10	0.920269915473617
agora2_subsystem	16	4	43	10	0.842426511195886
agora2_subsystem	16	5	12	5	0.905442601690556
agora2_subsystem	17	1	43	10	0.928142681313848
agora2_subsystem	17	2	43	3	0.831274414108806
agora2_subsystem	17	3	12	5	0.976576401034819
agora2_subsystem	17	4	25	10	0.831702193747696
agora2_subsystem	17	5	43	10	0.910782559281052
agora2_subsystem	18	1	25	10	0.739222634284692
agora2_subsystem	18	2	43	3	0.943855887849083
agora2_subsystem	18	3	11	3	0.751995587271586
agora2_subsystem	18	4	43	5	0.898110414741156
agora2_subsystem	18	5	11	5	0.931101038316029
agora2_subsystem	19	1	43	10	0.761411118509838
agora2_subsystem	19	2	25	10	0.977673248031692
agora2_subsystem	19	3	25	10	1.00174753951931
agora2_subsystem	19	4	25	10	0.9539612937999
agora2_subsystem	19	5	12	3	0.885567280753139
agora2_subsystem	20	1	43	5	0.930986761521739
agora2_subsystem	20	2	12	10	0.978209793996427
agora2_subsystem	20	3	25	5	0.937768859976147
agora2_subsystem	20	4	43	10	0.855330294315344
agora2_subsystem	20	5	11	10	0.928749577476208
agora2_subsystem	21	1	12	10	0.971223883717548
agora2_subsystem	21	2	12	3	0.822604459149447
agora2_subsystem	21	3	12	10	0.993780146776787
agora2_subsystem	21	4	25	10	0.857855333715328
agora2_subsystem	21	5	43	3	0.899139526747483
agora2_subsystem	22	1	11	10	0.810222106804484
agora2_subsystem	22	2	25	10	0.921813035301168
agora2_subsystem	22	3	12	3	0.856812039900071
agora2_subsystem	22	4	11	10	0.888837083242738
agora2_subsystem	22	5	12	10	0.881878258311968
agora2_subsystem	23	1	11	10	0.897470402865872
agora2_subsystem	23	2	25	3	1.08660860739655
agora2_subsystem	23	3	12	10	0.797455368735643
agora2_subsystem	23	4	11	3	0.863286938356296
agora2_subsystem	23	5	12	5	0.981074144974823
agora2_subsystem	24	1	11	10	0.884514105753146
agora2_subsystem	24	2	11	5	0.872036340002068
agora2_subsystem	24	3	25	3	0.922919491365042
agora2_subsystem	24	4	11	10	1.12622047110123
agora2_subsystem	24	5	25	3	0.824482822868991
agora2_subsystem	25	1	12	10	0.847074034238438
agora2_subsystem	25	2	25	3	0.820661459884705
agora2_subsystem	25	3	12	5	0.884067289654219
agora2_subsystem	25	4	11	3	0.864628824406368
agora2_subsystem	25	5	11	10	0.927239229673312
agora2_subsystem	26	1	11	3	0.966599592737915
agora2_subsystem	26	2	11	3	0.890846467590607
agora2_subsystem	26	3	11	5	1.01964466898846
agora2_subsystem	26	4	25	10	0.931475845709217
agora2_subsystem	26	5	25	5	0.96318501457739
agora2_subsystem	27	1	43	10	0.915374387637795
agora2_subsystem	27	2	43	3	0.960071932832481
agora2_subsystem	27	3	12	10	0.940051680976948
agora2_subsystem	27	4	11	5	0.925143883209804
agora2_subsystem	27	5	12	10	1.01872040777954
agora2_subsystem	28	1	12	5	0.817350441687951
agora2_subsystem	28	2	11	5	0.945326996079594
agora2_subsystem	28	3	43	10	0.982742086532418
agora2_subsystem	28	4	25	10	1.12381035798887
agora2_subsystem	28	5	25	3	0.778787464623572
agora2_subsystem	29	1	12	5	0.839528257935192
agora2_subsystem	29	2	43	10	0.779552447145435
agora2_subsystem	29	3	11	10	0.929929558833613
agora2_subsystem	29	4	11	10	1.04350745081354
agora2_subsystem	29	5	12	10	0.95543081348693
agora2_subsystem	30	1	43	5	0.846538004650196
agora2_subsystem	30	2	12	10	0.820503962224633
agora2_subsystem	30	3	12	10	0.935286480287983
agora2_subsystem	30	4	12	10	0.861431339704025
agora2_subsystem	30	5	25	10	0.861182817851178
agora2_subsystem	31	1	12	5	0.856378617026787
agora2_subsystem	31	2	25	10	0.975719683915954
agora2_subsystem	31	3	11	3	0.826009280646533
agora2_subsystem	31	4	43	3	0.998418923223877
agora2_subsystem	31	5	43	10	1.01812114753531
agora2_subsystem	32	1	12	5	0.981220438252868
agora2_subsystem	32	2	25	10	1.01450963432976
agora2_subsystem	32	3	11	3	0.950928779482661
agora2_subsystem	32	4	11	10	0.819345961911871
agora2_subsystem	32	5	11	10	0.925288244059494
agora2_subsystem	33	1	11	3	0.814636499605042
agora2_subsystem	33	2	11	5	0.929915813759553
agora2_subsystem	33	3	43	10	0.95037583931798
agora2_subsystem	33	4	11	3	0.807629962595705
agora2_subsystem	33	5	43	3	0.923550089713646
agora2_subsystem	34	1	12	10	1.15194847444903
agora2_subsystem	34	2	12	5	0.951573578107761
agora2_subsystem	34	3	11	10	0.777614282169856
agora2_subsystem	34	4	25	10	0.90720820444345
agora2_subsystem	34	5	25	5	0.984368184643882
agora2_subsystem	35	1	12	5	0.853201333145027
agora2_subsystem	35	2	11	10	0.879518867261781
agora2_subsystem	35	3	25	3	0.949279301765879
agora2_subsystem	35	4	11	10	0.964414499602423
agora2_subsystem	35	5	25	5	0.978681311244093
agora2_subsystem	36	1	11	3	0.890997579612086
agora2_subsystem	36	2	25	10	0.872435619432835
agora2_subsystem	36	3	12	10	0.996502519349924
agora2_subsystem	36	4	25	10	0.762800532708257
agora2_subsystem	36	5	43	10	1.02759921052382
agora2_subsystem	37	1	43	10	0.847084361832679
agora2_subsystem	37	2	12	5	0.97798648968959
agora2_subsystem	37	3	43	3	0.826299154368415
agora2_subsystem	37	4	25	3	0.89935470829443
agora2_subsystem	37	5	11	5	1.07526256711724
agora2_subsystem	38	1	12	10	0.97408603158249
agora2_subsystem	38	2	12	3	0.950331330732061
agora2_subsystem	38	3	11	10	0.791845264812302
agora2_subsystem	38	4	11	10	0.876287926311937
agora2_subsystem	38	5	25	5	0.887420183072902
agora2_subsystem	39	1	11	3	0.961485473628299
agora2_subsystem	39	2	25	3	0.743962411443487
agora2_subsystem	39	3	12	10	1.02405580588965
agora2_subsystem	39	4	12	10	0.951543043695783
agora2_subsystem	39	5	25	3	0.856206426828472
agora2_subsystem	40	1	25	3	0.906446834991567
agora2_subsystem	40	2	11	10	0.923177084114879
agora2_subsystem	40	3	43	5	0.964173281956462
agora2_subsystem	40	4	11	10	0.977370944895488
agora2_subsystem	40	5	25	5	0.826904894077952
agora2_subsystem	41	1	11	10	1.14147329041524
agora2_subsystem	41	2	11	10	0.881508614550515
agora2_subsystem	41	3	43	5	0.964453123679748
agora2_subsystem	41	4	25	10	0.964945015111899
agora2_subsystem	41	5	25	10	0.790716049861282
agora2_subsystem	42	1	43	3	0.811520940593472
agora2_subsystem	42	2	11	10	1.01869795502285
agora2_subsystem	42	3	12	5	0.839598219141054
agora2_subsystem	42	4	43	10	0.839471526866565
agora2_subsystem	42	5	12	10	0.978080859335499
agora2_subsystem	43	1	25	10	0.834866187558182
agora2_subsystem	43	2	11	5	0.827100589032078
agora2_subsystem	43	3	25	10	0.979868304947279
agora2_subsystem	43	4	25	10	0.923657688859655
agora2_subsystem	43	5	25	10	0.938796136005569
agora2_subsystem	44	1	43	10	0.879291672619559
agora2_subsystem	44	2	11	10	1.02116695480164
agora2_subsystem	44	3	25	10	0.761943852752007
agora2_subsystem	44	4	43	5	0.914182639650773
agora2_subsystem	44	5	11	10	0.955560266906125
agora2_subsystem	45	1	43	10	0.839151687894398
agora2_subsystem	45	2	11	5	0.996597387488786
agora2_subsystem	45	3	11	10	0.897379027815044
agora2_subsystem	45	4	43	10	0.811146380372621
agora2_subsystem	45	5	11	5	0.899002435642651
agora2_subsystem	46	1	43	10	0.993329823849409
agora2_subsystem	46	2	25	3	0.782938918232074
agora2_subsystem	46	3	25	3	0.847769446126235
agora2_subsystem	46	4	11	5	0.962385870103798
agora2_subsystem	46	5	25	10	0.972613861240571
agora2_subsystem	47	1	43	10	0.972612387352924
agora2_subsystem	47	2	25	10	0.949147241124822
agora2_subsystem	47	3	12	3	0.879580308357181
agora2_subsystem	47	4	11	10	0.927307301525565
agora2_subsystem	47	5	11	5	0.874255119764227
agora2_subsystem	48	1	11	10	0.9863593771877
agora2_subsystem	48	2	12	10	1.02497296204874
agora2_subsystem	48	3	11	3	0.858129335420847
agora2_subsystem	48	4	11	3	0.926688000976465
agora2_subsystem	48	5	12	3	0.91942081111658
agora2_subsystem	49	1	11	3	1.05703571588903
agora2_subsystem	49	2	25	5	0.915375645235197
agora2_subsystem	49	3	25	10	0.915923078457803
agora2_subsystem	49	4	43	10	0.898405835153227
agora2_subsystem	49	5	25	3	0.819078919101828
agora2_subsystem	50	1	11	3	0.916252888248811
agora2_subsystem	50	2	11	3	0.889842809778681
agora2_subsystem	50	3	25	10	0.946278974858154
agora2_subsystem	50	4	11	10	0.957261984086539
agora2_subsystem	50	5	43	10	0.787131413784863
combined_capped	1	1	643	10	0.896659227301828
combined_capped	1	2	385	5	0.890155542584897
combined_capped	1	3	385	3	0.875022414253229
combined_capped	1	4	192	10	0.949176466373588
combined_capped	1	5	43	3	0.842848339264094
combined_capped	2	1	385	3	0.993978743857518
combined_capped	2	2	643	10	0.925690256197708
combined_capped	2	3	43	10	0.869227553025361
combined_capped	2	4	192	10	0.879585223288767
combined_capped	2	5	385	5	0.970017235062549
combined_capped	3	1	192	10	0.889329792179981
combined_capped	3	2	192	3	0.844803028790678
combined_capped	3	3	43	10	0.909710069372615
combined_capped	3	4	643	3	0.935517763893137
combined_capped	3	5	192	3	0.948987034625434
combined_capped	4	1	643	10	0.840660937783651
combined_capped	4	2	43	5	0.959098065400663
combined_capped	4	3	385	5	0.823293210133169
combined_capped	4	4	643	10	0.915652309003855
combined_capped	4	5	192	5	1.01331884890779
combined_capped	5	1	643	10	0.764495403106869
combined_capped	5	2	643	5	0.926048403786877
combined_capped	5	3	643	10	0.857960128388696
combined_capped	5	4	643	10	0.794133880168877
combined_capped	5	5	643	10	0.954996449042621
combined_capped	6	1	643	5	0.941933034741191
combined_capped	6	2	385	5	0.87090156296902
combined_capped	6	3	385	5	0.93753705599698
combined_capped	6	4	643	10	0.954793874332342
combined_capped	6	5	43	10	0.939877019203364
combined_capped	7	1	643	10	0.779205179963807
combined_capped	7	2	385	10	0.892090744135506
combined_capped	7	3	43	3	0.971991773884074
combined_capped	7	4	43	5	0.887774422764179
combined_capped	7	5	43	10	1.02600041453436
combined_capped	8	1	43	10	0.966733808968879
combined_capped	8	2	43	5	0.812444374627567
combined_capped	8	3	192	3	0.914321770443156
combined_capped	8	4	43	10	0.864315504061514
combined_capped	8	5	385	10	0.883139706498601
combined_capped	9	1	43	3	0.849463738183288
combined_capped	9	2	643	10	0.902432896895102
combined_capped	9	3	43	3	1.04018556442769
combined_capped	9	4	385	3	0.825455762821112
combined_capped	9	5	192	10	0.840163390056643
combined_capped	10	1	192	3	0.781689020054825
combined_capped	10	2	43	10	0.962186110648467
combined_capped	10	3	192	5	0.886330801897544
combined_capped	10	4	643	10	0.964378881449222
combined_capped	10	5	192	10	0.897710294308389
combined_capped	11	1	192	5	0.856670614083606
combined_capped	11	2	43	10	1.02760266510147
combined_capped	11	3	643	5	0.801730522380179
combined_capped	11	4	192	10	0.964924591722706
combined_capped	11	5	192	10	0.969761351767977
combined_capped	12	1	385	10	0.719567180432737
combined_capped	12	2	192	10	0.957418808466642
combined_capped	12	3	385	10	0.865180539606209
combined_capped	12	4	385	10	0.928452329453221
combined_capped	12	5	385	5	0.900157024872155
combined_capped	13	1	385	3	0.966942664184797
combined_capped	13	2	385	10	0.919575637697909
combined_capped	13	3	643	5	0.895712639739968
combined_capped	13	4	192	3	0.574197768524349
combined_capped	13	5	643	10	1.10840747863691
combined_capped	14	1	643	10	0.728096118993434
combined_capped	14	2	643	5	1.03801145917231
combined_capped	14	3	643	10	0.935437725630083
combined_capped	14	4	385	5	1.01437249024999
combined_capped	14	5	192	10	0.954744612593054
combined_capped	15	1	43	3	0.918645501428124
combined_capped	15	2	643	10	0.871917322850758
combined_capped	15	3	643	10	0.864388223089268
combined_capped	15	4	43	10	0.855512709996666
combined_capped	15	5	192	10	0.970640330915272
combined_capped	16	1	192	10	0.993426800045178
combined_capped	16	2	192	3	0.983077076455487
combined_capped	16	3	192	5	0.881236461998349
combined_capped	16	4	643	3	0.896961445168922
combined_capped	16	5	643	10	0.819579502806467
combined_capped	17	1	385	3	0.912769019796781
combined_capped	17	2	192	5	0.868748389431343
combined_capped	17	3	192	5	0.900241765051553
combined_capped	17	4	43	10	0.866455997765984
combined_capped	17	5	385	10	0.92723072811778
combined_capped	18	1	43	10	0.775227537621891
combined_capped	18	2	385	10	0.94528584315424
combined_capped	18	3	643	10	0.816299855432838
combined_capped	18	4	385	5	0.901767825621608
combined_capped	18	5	385	10	0.929454974198476
combined_capped	19	1	43	10	0.755233965473654
combined_capped	19	2	643	10	0.940847911046784
combined_capped	19	3	643	10	1.00671743003227
combined_capped	19	4	385	10	0.874892262549068
combined_capped	19	5	643	3	0.89854452698556
combined_capped	20	1	43	5	0.91345332035978
combined_capped	20	2	385	10	0.958709199268792
combined_capped	20	3	643	5	0.994953168436382
combined_capped	20	4	643	10	0.839693231373475
combined_capped	20	5	643	3	0.847742681598977
combined_capped	21	1	385	3	0.960251531822923
combined_capped	21	2	192	10	0.858353634876763
combined_capped	21	3	385	10	0.925340027469388
combined_capped	21	4	385	10	0.856213560279553
combined_capped	21	5	192	10	0.915219921885436
combined_capped	22	1	192	10	0.865850186351805
combined_capped	22	2	385	10	0.882303830565566
combined_capped	22	3	385	5	0.807134165357392
combined_capped	22	4	385	10	0.870090661488237
combined_capped	22	5	385	10	0.85689841255295
combined_capped	23	1	43	10	0.951225263384259
combined_capped	23	2	643	10	1.04472377872676
combined_capped	23	3	385	10	0.765301182016631
combined_capped	23	4	43	5	0.873688017804498
combined_capped	23	5	43	10	1.01024047530648
combined_capped	24	1	643	3	0.837902973695255
combined_capped	24	2	43	5	0.796072602470701
combined_capped	24	3	43	10	0.931291848579952
combined_capped	24	4	643	10	1.07791477169629
combined_capped	24	5	385	3	0.86220607524998
combined_capped	25	1	192	5	0.834652289858815
combined_capped	25	2	385	5	0.845357292715343
combined_capped	25	3	192	3	0.898351886656332
combined_capped	25	4	43	3	0.828614795506417
combined_capped	25	5	192	5	0.904842753725056
combined_capped	26	1	385	5	0.900523706885549
combined_capped	26	2	385	10	0.841637912376153
combined_capped	26	3	43	10	0.94942932924595
combined_capped	26	4	43	10	0.930280518608521
combined_capped	26	5	43	5	0.995020354257804
combined_capped	27	1	43	3	0.85755476890559
combined_capped	27	2	643	3	0.889383202383235
combined_capped	27	3	192	10	0.913229049379479
combined_capped	27	4	192	10	0.888591017054139
combined_capped	27	5	192	5	0.94591680375103
combined_capped	28	1	192	5	0.802426188721335
combined_capped	28	2	643	3	0.886599835155657
combined_capped	28	3	643	3	0.942818833788124
combined_capped	28	4	385	10	1.0679592171193
combined_capped	28	5	192	3	0.802468172703577
combined_capped	29	1	643	5	0.853567240389094
combined_capped	29	2	192	10	0.846573673275828
combined_capped	29	3	643	3	0.853746781195454
combined_capped	29	4	43	10	0.964355680312778
combined_capped	29	5	192	10	0.902348339104895
combined_capped	30	1	385	10	0.860815711391537
combined_capped	30	2	43	5	0.826428696532253
combined_capped	30	3	192	3	0.918270254718072
combined_capped	30	4	43	5	0.862393736682442
combined_capped	30	5	43	10	0.884359366891717
combined_capped	31	1	643	5	0.811630887786633
combined_capped	31	2	643	3	0.893358396998852
combined_capped	31	3	643	5	0.79851136755663
combined_capped	31	4	385	3	0.946173980439629
combined_capped	31	5	643	10	0.984094622152852
combined_capped	32	1	643	10	0.929899036208293
combined_capped	32	2	385	10	0.97014834302767
combined_capped	32	3	643	10	0.97120022013267
combined_capped	32	4	192	3	0.809596541731091
combined_capped	32	5	643	3	0.873816778588572
combined_capped	33	1	43	10	0.816725502118
combined_capped	33	2	385	3	0.901810013401722
combined_capped	33	3	643	10	0.922669857620212
combined_capped	33	4	192	5	0.866522376270287
combined_capped	33	5	385	10	0.930958047352764
combined_capped	34	1	385	3	0.992692471315456
combined_capped	34	2	192	5	0.923587854989776
combined_capped	34	3	643	3	0.755157444796337
combined_capped	34	4	385	10	0.908551640883401
combined_capped	34	5	643	10	0.906054884793054
combined_capped	35	1	385	5	0.88042783512035
combined_capped	35	2	192	10	0.818582429178152
combined_capped	35	3	643	10	0.986420489253103
combined_capped	35	4	385	5	0.9602377679713
combined_capped	35	5	192	10	0.947536311965833
combined_capped	36	1	385	10	0.984045741428222
combined_capped	36	2	385	3	0.821965520513819
combined_capped	36	3	385	5	0.942606746621767
combined_capped	36	4	192	10	0.720538740753501
combined_capped	36	5	643	10	0.968565369205381
combined_capped	37	1	385	10	0.835850359146236
combined_capped	37	2	43	3	0.953849097883244
combined_capped	37	3	192	3	0.83036980306511
combined_capped	37	4	643	10	0.892560588101215
combined_capped	37	5	192	3	1.0100811349456
combined_capped	38	1	643	3	0.884498267166426
combined_capped	38	2	43	3	0.985585892198131
combined_capped	38	3	192	3	0.786517225108441
combined_capped	38	4	643	5	0.861864962843669
combined_capped	38	5	643	5	0.819412939555874
combined_capped	39	1	43	10	0.953323790910873
combined_capped	39	2	385	5	0.837294097294993
combined_capped	39	3	192	10	0.995578222427234
combined_capped	39	4	385	10	0.870494070071045
combined_capped	39	5	192	3	0.857993105647873
combined_capped	40	1	385	10	0.866756924840848
combined_capped	40	2	643	10	0.92839458058644
combined_capped	40	3	643	10	0.861371118407731
combined_capped	40	4	43	10	0.911080905855524
combined_capped	40	5	43	10	0.807158982926674
combined_capped	41	1	643	10	0.977817177328681
combined_capped	41	2	385	10	0.88832375363935
combined_capped	41	3	385	3	0.932715868845753
combined_capped	41	4	192	10	0.978846210411019
combined_capped	41	5	192	10	0.799804000561828
combined_capped	42	1	643	10	0.875179960819222
combined_capped	42	2	385	10	1.03966883682172
combined_capped	42	3	385	5	0.876521957027843
combined_capped	42	4	43	10	0.946536360823318
combined_capped	42	5	192	3	0.982394767802368
combined_capped	43	1	385	10	0.851220049371407
combined_capped	43	2	192	10	0.821549538441313
combined_capped	43	3	385	3	0.919815325864065
combined_capped	43	4	385	10	0.918364075987686
combined_capped	43	5	192	10	0.962735265025231
combined_capped	44	1	643	10	0.909222401386037
combined_capped	44	2	43	5	0.952828845336336
combined_capped	44	3	43	10	0.784993500474847
combined_capped	44	4	385	3	0.897007136680455
combined_capped	44	5	43	5	0.919508716790527
combined_capped	45	1	43	10	0.896275122718974
combined_capped	45	2	643	10	0.97280528156647
combined_capped	45	3	43	10	0.928633814099152
combined_capped	45	4	385	10	0.803821044010522
combined_capped	45	5	643	5	0.850766968990896
combined_capped	46	1	643	10	1.01623076009842
combined_capped	46	2	43	5	0.762733748751237
combined_capped	46	3	43	10	0.846269600336988
combined_capped	46	4	643	10	0.987489090853864
combined_capped	46	5	43	3	0.960154849979816
combined_capped	47	1	643	10	0.996065563908717
combined_capped	47	2	643	10	0.931406503824948
combined_capped	47	3	643	10	0.890320219993275
combined_capped	47	4	643	10	0.866952102544608
combined_capped	47	5	643	10	0.85151823461665
combined_capped	48	1	43	10	0.953262001161055
combined_capped	48	2	385	3	0.968167577590319
combined_capped	48	3	385	5	0.817916521838233
combined_capped	48	4	43	10	0.914896785716666
combined_capped	48	5	643	5	0.963639854801342
combined_capped	49	1	643	10	1.01733120783286
combined_capped	49	2	192	10	0.866990433401575
combined_capped	49	3	192	5	0.849298830021664
combined_capped	49	4	643	10	0.826393140367389
combined_capped	49	5	43	10	0.809675688788032
combined_capped	50	1	643	10	0.851263816992671
combined_capped	50	2	192	5	0.94750650150657
combined_capped	50	3	385	10	0.994258326069857
combined_capped	50	4	385	5	0.930400479287217
combined_capped	50	5	643	10	0.818558409060775
humann_pathways	1	1	44	3	0.841106820724989
humann_pathways	1	2	200	3	0.810801483505392
humann_pathways	1	3	666	5	0.863150217118144
humann_pathways	1	4	400	10	0.921305928094208
humann_pathways	1	5	44	3	0.796700438715505
humann_pathways	2	1	44	10	0.979486788480184
humann_pathways	2	2	400	10	0.889502014226262
humann_pathways	2	3	200	5	0.843994123340306
humann_pathways	2	4	400	10	0.894889859006963
humann_pathways	2	5	400	5	0.895390315388859
humann_pathways	3	1	666	3	0.848637967005018
humann_pathways	3	2	44	10	0.886879233880705
humann_pathways	3	3	666	10	0.920275546992487
humann_pathways	3	4	200	10	0.857029419645029
humann_pathways	3	5	200	10	0.885608883875962
humann_pathways	4	1	666	5	0.812265342051815
humann_pathways	4	2	44	10	0.966067315786866
humann_pathways	4	3	44	5	0.832171820944705
humann_pathways	4	4	666	10	0.868096036658108
humann_pathways	4	5	666	10	1.0070850966187
humann_pathways	5	1	200	5	0.792244332491932
humann_pathways	5	2	400	5	0.924060906249736
humann_pathways	5	3	200	3	0.840779627268576
humann_pathways	5	4	44	3	0.76755290488622
humann_pathways	5	5	400	5	0.882837542589903
humann_pathways	6	1	44	3	0.937124614609373
humann_pathways	6	2	44	10	0.877141141287402
humann_pathways	6	3	400	10	0.901217868660993
humann_pathways	6	4	44	3	0.88919142058356
humann_pathways	6	5	44	5	0.950212785611572
humann_pathways	7	1	666	5	0.811168765751716
humann_pathways	7	2	44	10	0.890797026554754
humann_pathways	7	3	44	10	0.932694057266879
humann_pathways	7	4	666	10	0.950042012079364
humann_pathways	7	5	666	10	1.05583139867553
humann_pathways	8	1	200	10	0.926378724118812
humann_pathways	8	2	200	3	0.797482813906262
humann_pathways	8	3	666	3	0.879420177969107
humann_pathways	8	4	666	5	0.934288061224542
humann_pathways	8	5	200	10	0.892228836476615
humann_pathways	9	1	200	3	0.845200253817136
humann_pathways	9	2	44	3	0.887177645186022
humann_pathways	9	3	400	10	1.07063719683355
humann_pathways	9	4	44	5	0.806718652731061
humann_pathways	9	5	666	5	0.79882474798298
humann_pathways	10	1	200	5	0.763717632589946
humann_pathways	10	2	400	5	0.959254159118687
humann_pathways	10	3	400	3	0.837787987968575
humann_pathways	10	4	44	10	0.912502378477569
humann_pathways	10	5	44	10	0.87520868767229
humann_pathways	11	1	666	10	0.866785484156295
humann_pathways	11	2	44	5	0.998650905545317
humann_pathways	11	3	666	10	0.827016731825246
humann_pathways	11	4	400	10	0.903337918780539
humann_pathways	11	5	44	5	0.882303229286135
humann_pathways	12	1	666	5	0.759802721168762
humann_pathways	12	2	200	10	0.904131798217318
humann_pathways	12	3	666	10	0.85729555378324
humann_pathways	12	4	400	10	0.899907910302707
humann_pathways	12	5	666	10	0.853798889493033
humann_pathways	13	1	44	5	0.97456987227039
humann_pathways	13	2	400	3	0.885781002599221
humann_pathways	13	3	666	10	0.854945802801894
humann_pathways	13	4	44	5	0.591560921113687
humann_pathways	13	5	400	3	1.17691669295197
humann_pathways	14	1	400	3	0.712392608911773
humann_pathways	14	2	44	3	0.96475788653184
humann_pathways	14	3	666	10	0.936016181900237
humann_pathways	14	4	400	5	0.98985987100343
humann_pathways	14	5	200	5	0.978155464672995
humann_pathways	15	1	200	10	0.887155594240851
humann_pathways	15	2	44	5	0.847013064011185
humann_pathways	15	3	666	3	0.830638594300677
humann_pathways	15	4	400	10	0.840238954340178
humann_pathways	15	5	44	10	0.951192353116993
humann_pathways	16	1	200	10	1.00128131255565
humann_pathways	16	2	44	5	0.939636612644797
humann_pathways	16	3	44	10	0.852344152519031
humann_pathways	16	4	200	3	0.800702248107163
humann_pathways	16	5	44	5	0.902182849243758
humann_pathways	17	1	200	3	0.890572627481277
humann_pathways	17	2	44	10	0.903245518504371
humann_pathways	17	3	400	10	0.888031662894422
humann_pathways	17	4	200	10	0.934336027214114
humann_pathways	17	5	44	5	0.901852005555997
humann_pathways	18	1	666	10	0.798504433841211
humann_pathways	18	2	200	3	0.909138690701553
humann_pathways	18	3	666	10	0.815322703303419
humann_pathways	18	4	44	3	0.892035284563275
humann_pathways	18	5	666	5	0.92153768345287
humann_pathways	19	1	44	5	0.767801442908751
humann_pathways	19	2	400	10	0.870608364389545
humann_pathways	19	3	666	10	0.996077706855984
humann_pathways	19	4	44	10	0.949752310425696
humann_pathways	19	5	400	3	0.900038884853985
humann_pathways	20	1	666	5	0.910200939769473
humann_pathways	20	2	44	3	0.873744631917189
humann_pathways	20	3	44	5	0.943708451586575
humann_pathways	20	4	666	3	0.832009042475704
humann_pathways	20	5	666	5	0.845380274515335
humann_pathways	21	1	44	3	0.874675276580414
humann_pathways	21	2	44	5	0.878231284334824
humann_pathways	21	3	400	3	0.880465317451951
humann_pathways	21	4	44	5	0.851739437306776
humann_pathways	21	5	44	10	0.91021297147905
humann_pathways	22	1	400	10	0.858735480608547
humann_pathways	22	2	44	10	0.891290825399568
humann_pathways	22	3	400	5	0.771260256786562
humann_pathways	22	4	666	5	0.849033739386472
humann_pathways	22	5	44	3	0.879226162363389
humann_pathways	23	1	200	3	0.891555449328328
humann_pathways	23	2	44	10	0.993915201010247
humann_pathways	23	3	666	10	0.756318292760189
humann_pathways	23	4	400	3	0.868401682545443
humann_pathways	23	5	44	3	0.956184756501357
humann_pathways	24	1	666	10	0.921766227475564
humann_pathways	24	2	400	10	0.814219434452976
humann_pathways	24	3	400	10	0.891913752125192
humann_pathways	24	4	666	10	1.07925874931056
humann_pathways	24	5	44	3	0.817403144652016
humann_pathways	25	1	44	10	0.859388104696873
humann_pathways	25	2	200	3	0.810263646271671
humann_pathways	25	3	666	3	0.885530965041498
humann_pathways	25	4	44	10	0.813626817483135
humann_pathways	25	5	200	3	0.914109158394396
humann_pathways	26	1	44	5	0.922000117122381
humann_pathways	26	2	200	3	0.834305951657109
humann_pathways	26	3	44	10	0.910311376789679
humann_pathways	26	4	666	3	0.893660894126655
humann_pathways	26	5	400	10	1.03950158180384
humann_pathways	27	1	666	5	0.868901823025075
humann_pathways	27	2	400	3	0.917734918803861
humann_pathways	27	3	200	3	0.930278582870104
humann_pathways	27	4	44	10	0.905219693987747
humann_pathways	27	5	400	5	0.892358911167623
humann_pathways	28	1	666	3	0.823006768636064
humann_pathways	28	2	200	3	0.899380629668699
humann_pathways	28	3	200	10	0.952681752927792
humann_pathways	28	4	44	10	1.01996684996568
humann_pathways	28	5	200	5	0.731158714186503
humann_pathways	29	1	44	10	0.83309201383076
humann_pathways	29	2	400	10	0.814657688942118
humann_pathways	29	3	400	3	0.888449660649326
humann_pathways	29	4	400	5	0.894553031937991
humann_pathways	29	5	666	5	0.90197791407152
humann_pathways	30	1	666	10	0.853956882394269
humann_pathways	30	2	44	10	0.848481612825694
humann_pathways	30	3	44	3	0.851618656094417
humann_pathways	30	4	44	5	0.875610977643477
humann_pathways	30	5	400	10	0.867209789661255
humann_pathways	31	1	666	5	0.815558184703294
humann_pathways	31	2	400	10	0.878716541253237
humann_pathways	31	3	44	3	0.811078087760022
humann_pathways	31	4	400	5	0.964805400431596
humann_pathways	31	5	666	10	0.961528656084731
humann_pathways	32	1	44	10	0.84147504786019
humann_pathways	32	2	44	10	0.953368525055567
humann_pathways	32	3	400	10	0.947001708511185
humann_pathways	32	4	666	10	0.813180948212264
humann_pathways	32	5	666	10	0.89217388198132
humann_pathways	33	1	200	10	0.84620840420154
humann_pathways	33	2	44	10	0.889499613775114
humann_pathways	33	3	400	10	0.899945995515397
humann_pathways	33	4	44	10	0.872058203734235
humann_pathways	33	5	44	3	0.960298418628463
humann_pathways	34	1	666	3	0.926501909101644
humann_pathways	34	2	400	3	0.923542872699378
humann_pathways	34	3	666	3	0.732533082336254
humann_pathways	34	4	200	10	0.890886026360985
humann_pathways	34	5	400	10	0.901846533548357
humann_pathways	35	1	44	10	0.957592571784157
humann_pathways	35	2	200	10	0.792604421455922
humann_pathways	35	3	200	10	0.956215562330185
humann_pathways	35	4	44	10	0.934479519232531
humann_pathways	35	5	400	10	0.876858230221592
humann_pathways	36	1	200	3	0.930484655830135
humann_pathways	36	2	400	5	0.814718995787514
humann_pathways	36	3	44	10	0.921833408712669
humann_pathways	36	4	200	10	0.744305240473565
humann_pathways	36	5	44	10	0.99064774796817
humann_pathways	37	1	200	10	0.828800556815006
humann_pathways	37	2	44	3	0.90836944436375
humann_pathways	37	3	44	5	0.825053823650999
humann_pathways	37	4	400	3	0.850381639456602
humann_pathways	37	5	200	3	0.947872231050146
humann_pathways	38	1	44	5	0.824573965700421
humann_pathways	38	2	200	10	1.03323780662802
humann_pathways	38	3	400	5	0.753435889541409
humann_pathways	38	4	44	10	0.886755280352137
humann_pathways	38	5	200	10	0.901396443315024
humann_pathways	39	1	666	3	0.907561200079935
humann_pathways	39	2	666	5	0.784850257625623
humann_pathways	39	3	666	10	0.987057536333669
humann_pathways	39	4	400	5	0.905106079314147
humann_pathways	39	5	44	10	0.916318162557073
humann_pathways	40	1	44	10	0.847860180425461
humann_pathways	40	2	44	5	0.865633467496197
humann_pathways	40	3	200	5	0.810899351456942
humann_pathways	40	4	666	5	0.981441333791941
humann_pathways	40	5	200	10	0.870954964860655
humann_pathways	41	1	44	5	0.901896200755791
humann_pathways	41	2	666	10	0.872199615424313
humann_pathways	41	3	400	10	0.899444852221892
humann_pathways	41	4	44	10	0.894045172176649
humann_pathways	41	5	400	10	0.831870965878507
humann_pathways	42	1	666	10	0.854759610519136
humann_pathways	42	2	200	3	1.00301747689777
humann_pathways	42	3	666	3	0.802018105164086
humann_pathways	42	4	666	10	0.897739432202506
humann_pathways	42	5	200	3	0.985343859798037
humann_pathways	43	1	200	5	0.84736165600417
humann_pathways	43	2	666	10	0.848730381386055
humann_pathways	43	3	44	5	0.896890928363571
humann_pathways	43	4	44	5	0.914122552482634
humann_pathways	43	5	666	10	0.980452900189508
humann_pathways	44	1	44	10	0.87986620280579
humann_pathways	44	2	44	5	0.958615504024391
humann_pathways	44	3	44	5	0.803245678480042
humann_pathways	44	4	200	3	0.866751685747549
humann_pathways	44	5	666	5	0.892454269908373
humann_pathways	45	1	44	10	0.830507143467725
humann_pathways	45	2	44	10	0.968337033253442
humann_pathways	45	3	200	10	0.915295856417009
humann_pathways	45	4	400	10	0.799803376577009
humann_pathways	45	5	44	5	0.826210932661887
humann_pathways	46	1	666	10	0.937600788347073
humann_pathways	46	2	200	5	0.747317050678705
humann_pathways	46	3	44	10	0.889089708058508
humann_pathways	46	4	44	5	0.943633868542319
humann_pathways	46	5	44	5	0.946972506479535
humann_pathways	47	1	44	10	0.943423490645787
humann_pathways	47	2	44	3	0.863866537150162
humann_pathways	47	3	44	10	0.872136673683224
humann_pathways	47	4	400	10	0.883280184592218
humann_pathways	47	5	400	10	0.843871605121023
humann_pathways	48	1	44	10	0.981021499434355
humann_pathways	48	2	200	5	0.89919359917224
humann_pathways	48	3	44	10	0.815654704001939
humann_pathways	48	4	666	5	0.917342072930072
humann_pathways	48	5	44	3	0.963329694788223
humann_pathways	49	1	44	10	1.04493124351926
humann_pathways	49	2	400	10	0.821697306540569
humann_pathways	49	3	44	3	0.860578365824541
humann_pathways	49	4	666	3	0.894046301691599
humann_pathways	49	5	44	5	0.811477162182045
humann_pathways	50	1	666	5	0.838247914547242
humann_pathways	50	2	44	3	0.957066922641423
humann_pathways	50	3	200	10	0.968780456226464
humann_pathways	50	4	44	5	0.882514338588388
humann_pathways	50	5	666	10	0.82499391768921
mag_abundance	1	1	176	10	0.912343397247329
mag_abundance	1	2	42	3	0.841947933552939
mag_abundance	1	3	353	5	0.843240501610964
mag_abundance	1	4	42	10	0.987625257057226
mag_abundance	1	5	42	10	0.891388287750484
mag_abundance	2	1	589	10	0.979760474214939
mag_abundance	2	2	42	10	0.901876886196596
mag_abundance	2	3	176	10	0.881300162725135
mag_abundance	2	4	353	5	0.882450929567249
mag_abundance	2	5	353	10	0.968808606887378
mag_abundance	3	1	589	10	0.92448998703286
mag_abundance	3	2	42	5	0.877448845461833
mag_abundance	3	3	176	3	0.933168948159722
mag_abundance	3	4	176	5	0.925147594481993
mag_abundance	3	5	589	5	0.955506937966497
mag_abundance	4	1	353	3	0.825998878951825
mag_abundance	4	2	42	10	0.989566126206488
mag_abundance	4	3	42	5	0.829884747575558
mag_abundance	4	4	589	10	0.928825705123273
mag_abundance	4	5	176	5	1.06276861153531
mag_abundance	5	1	176	5	0.756506317681097
mag_abundance	5	2	589	3	0.956980842981906
mag_abundance	5	3	176	5	0.861226020134829
mag_abundance	5	4	42	3	0.793100105661889
mag_abundance	5	5	353	10	0.954954045051093
mag_abundance	6	1	353	10	0.971495597808376
mag_abundance	6	2	353	5	0.888158693828818
mag_abundance	6	3	353	5	0.951093336187969
mag_abundance	6	4	176	5	0.95239994731692
mag_abundance	6	5	42	5	0.960201011548828
mag_abundance	7	1	589	5	0.834958261936464
mag_abundance	7	2	42	10	0.909985383072084
mag_abundance	7	3	42	3	0.996735268394016
mag_abundance	7	4	589	5	0.910147920714328
mag_abundance	7	5	353	10	1.05923395208608
mag_abundance	8	1	42	5	1.06386385773151
mag_abundance	8	2	353	10	0.803711136186033
mag_abundance	8	3	589	3	0.944704718160642
mag_abundance	8	4	42	10	0.896930270742796
mag_abundance	8	5	589	3	0.888339657556247
mag_abundance	9	1	353	3	0.916832899424917
mag_abundance	9	2	176	3	0.898352154353548
mag_abundance	9	3	42	3	1.0680719487939
mag_abundance	9	4	42	10	0.827600186186114
mag_abundance	9	5	353	5	0.804342423289084
mag_abundance	10	1	42	10	0.791688456135536
mag_abundance	10	2	589	10	0.9496310846957
mag_abundance	10	3	353	3	0.893348276268743
mag_abundance	10	4	589	10	0.970669009948941
mag_abundance	10	5	42	3	0.901218202425082
mag_abundance	11	1	42	5	0.844624513465344
mag_abundance	11	2	42	5	1.05333032974982
mag_abundance	11	3	42	10	0.848813082343976
mag_abundance	11	4	42	10	0.952838942133249
mag_abundance	11	5	589	10	0.968740204971049
mag_abundance	12	1	589	3	0.751226615997346
mag_abundance	12	2	42	10	0.932382843347061
mag_abundance	12	3	589	5	0.872214460148102
mag_abundance	12	4	589	10	0.942948312919958
mag_abundance	12	5	176	3	0.936259307682367
mag_abundance	13	1	353	10	0.961696016062047
mag_abundance	13	2	176	10	0.934745286401239
mag_abundance	13	3	589	10	0.892445849544852
mag_abundance	13	4	353	10	0.606163224151052
mag_abundance	13	5	353	5	1.12836643512379
mag_abundance	14	1	353	5	0.686751146699956
mag_abundance	14	2	42	5	1.07003553521845
mag_abundance	14	3	353	10	0.913479336416236
mag_abundance	14	4	42	5	1.03223068727411
mag_abundance	14	5	589	10	0.939179527683152
mag_abundance	15	1	42	3	0.941998239901312
mag_abundance	15	2	42	5	0.933533261565896
mag_abundance	15	3	42	10	0.876099039738865
mag_abundance	15	4	42	5	0.881199405060141
mag_abundance	15	5	42	3	0.98360506556945
mag_abundance	16	1	589	10	0.985343711762515
mag_abundance	16	2	176	10	1.02888627425955
mag_abundance	16	3	176	5	0.865426946634434
mag_abundance	16	4	176	10	0.88197426134425
mag_abundance	16	5	42	10	0.900839782808322
mag_abundance	17	1	353	5	0.90701263177388
mag_abundance	17	2	176	3	0.847174193475185
mag_abundance	17	3	353	10	0.906226418392912
mag_abundance	17	4	176	10	0.921094723507373
mag_abundance	17	5	589	10	0.981285041484362
mag_abundance	18	1	353	5	0.804757840170989
mag_abundance	18	2	353	10	0.982134452478909
mag_abundance	18	3	353	3	0.871028333177269
mag_abundance	18	4	353	3	0.895090526280925
mag_abundance	18	5	176	3	0.946404986111452
mag_abundance	19	1	42	10	0.796026152516614
mag_abundance	19	2	589	5	0.96453180448355
mag_abundance	19	3	589	10	1.01457604993516
mag_abundance	19	4	589	5	0.872855536967293
mag_abundance	19	5	353	3	0.935132097180455
mag_abundance	20	1	589	5	0.925844685814737
mag_abundance	20	2	42	3	1.00331556157388
mag_abundance	20	3	589	5	0.965079631794206
mag_abundance	20	4	176	10	0.859085505395229
mag_abundance	20	5	176	10	0.846067781698238
mag_abundance	21	1	589	5	1.02001798169298
mag_abundance	21	2	589	10	0.852445552704523
mag_abundance	21	3	353	5	0.910630861374453
mag_abundance	21	4	176	3	0.908236874009324
mag_abundance	21	5	42	3	0.925117723665175
mag_abundance	22	1	42	10	0.905665719989021
mag_abundance	22	2	42	3	0.914442965393475
mag_abundance	22	3	589	3	0.830530210810171
mag_abundance	22	4	589	10	0.899241086217774
mag_abundance	22	5	589	5	0.873891319633255
mag_abundance	23	1	353	10	0.958766080561327
mag_abundance	23	2	42	10	1.08686546909233
mag_abundance	23	3	42	3	0.746501315932773
mag_abundance	23	4	176	3	0.869295121411487
mag_abundance	23	5	176	3	0.988178796507031
mag_abundance	24	1	42	10	0.8659141654063
mag_abundance	24	2	176	10	0.79062845145851
mag_abundance	24	3	42	5	0.96011506822714
mag_abundance	24	4	589	10	1.11082546168626
mag_abundance	24	5	42	5	0.915913360475031
mag_abundance	25	1	589	3	0.846710847532395
mag_abundance	25	2	353	5	0.858360721176081
mag_abundance	25	3	589	3	0.917421015976752
mag_abundance	25	4	42	3	0.841621553423692
mag_abundance	25	5	589	5	0.896666663025271
mag_abundance	26	1	176	10	0.90306134744737
mag_abundance	26	2	353	5	0.857145635789034
mag_abundance	26	3	176	3	0.958063402531526
mag_abundance	26	4	353	3	0.941559317013567
mag_abundance	26	5	42	5	0.982772560216357
mag_abundance	27	1	42	5	0.882055880560289
mag_abundance	27	2	353	10	0.926061710013023
mag_abundance	27	3	176	3	0.909224284969187
mag_abundance	27	4	42	10	0.938305141142851
mag_abundance	27	5	353	10	0.937022151087304
mag_abundance	28	1	589	5	0.816497606383134
mag_abundance	28	2	589	5	0.930069303784112
mag_abundance	28	3	176	5	0.937915460571868
mag_abundance	28	4	42	10	1.14198683013653
mag_abundance	28	5	353	5	0.790354847294683
mag_abundance	29	1	176	10	0.842253208562892
mag_abundance	29	2	176	10	0.839113224839437
mag_abundance	29	3	589	3	0.87368321046775
mag_abundance	29	4	42	5	0.964596947496666
mag_abundance	29	5	42	3	0.917361135578158
mag_abundance	30	1	42	5	0.882953233892616
mag_abundance	30	2	42	10	0.84643816353016
mag_abundance	30	3	42	10	0.918286527608754
mag_abundance	30	4	42	5	0.894923859366108
mag_abundance	30	5	353	10	0.937701099611273
mag_abundance	31	1	589	10	0.841715334829849
mag_abundance	31	2	589	5	0.906623010596749
mag_abundance	31	3	42	5	0.837214275350473
mag_abundance	31	4	589	10	0.989491804153208
mag_abundance	31	5	176	10	0.983695415780191
mag_abundance	32	1	353	5	0.932823187191142
mag_abundance	32	2	176	10	1.0488309561166
mag_abundance	32	3	589	10	0.961561217584203
mag_abundance	32	4	353	10	0.822144203971444
mag_abundance	32	5	589	3	0.880053920469851
mag_abundance	33	1	353	5	0.823899930991176
mag_abundance	33	2	589	10	0.921026756314511
mag_abundance	33	3	176	3	0.933816746042658
mag_abundance	33	4	42	10	0.877980701585513
mag_abundance	33	5	589	3	0.998195114106385
mag_abundance	34	1	589	5	0.944944451447716
mag_abundance	34	2	353	3	0.921328427447375
mag_abundance	34	3	589	3	0.760871303580345
mag_abundance	34	4	353	10	0.953793195517829
mag_abundance	34	5	42	5	0.905045110969455
mag_abundance	35	1	353	5	0.910913597484339
mag_abundance	35	2	589	5	0.811389824560066
mag_abundance	35	3	176	10	0.979656181121525
mag_abundance	35	4	589	10	0.979768596291255
mag_abundance	35	5	176	10	0.98576078070311
mag_abundance	36	1	589	10	1.00680438855035
mag_abundance	36	2	176	3	0.804715197818214
mag_abundance	36	3	176	5	0.966453607084831
mag_abundance	36	4	353	10	0.744945066052591
mag_abundance	36	5	176	10	0.982669120552247
mag_abundance	37	1	589	10	0.869867207862123
mag_abundance	37	2	353	3	0.930356968814107
mag_abundance	37	3	589	5	0.782910629559681
mag_abundance	37	4	42	5	0.930550723093027
mag_abundance	37	5	42	3	1.0334736375771
mag_abundance	38	1	42	10	0.903379168494589
mag_abundance	38	2	176	10	0.967494173102159
mag_abundance	38	3	42	5	0.834989624640846
mag_abundance	38	4	589	10	0.924652441161754
mag_abundance	38	5	42	5	0.892080972625717
mag_abundance	39	1	589	3	0.938498653588818
mag_abundance	39	2	42	3	0.830823751679939
mag_abundance	39	3	353	10	0.991928200149949
mag_abundance	39	4	353	10	0.855349088294525
mag_abundance	39	5	176	10	0.90103739556189
mag_abundance	40	1	589	10	0.927276852056281
mag_abundance	40	2	589	10	0.917220339494707
mag_abundance	40	3	176	10	0.869884570660719
mag_abundance	40	4	589	5	0.9194667281096
mag_abundance	40	5	589	10	0.841696339259705
mag_abundance	41	1	589	3	0.932402143503767
mag_abundance	41	2	589	10	0.919436456024204
mag_abundance	41	3	176	3	0.908222132256935
mag_abundance	41	4	589	10	0.983354954789356
mag_abundance	41	5	589	10	0.790271753444683
mag_abundance	42	1	353	10	0.878131082872571
mag_abundance	42	2	42	10	1.05810459156597
mag_abundance	42	3	589	3	0.865527726316536
mag_abundance	42	4	176	10	0.93199089011311
mag_abundance	42	5	42	5	1.05264220290176
mag_abundance	43	1	176	3	0.906866369064872
mag_abundance	43	2	589	3	0.81908989012557
mag_abundance	43	3	353	5	0.912784473757011
mag_abundance	43	4	42	3	0.936470728198677
mag_abundance	43	5	353	10	1.01070075516645
mag_abundance	44	1	42	10	0.928219668524951
mag_abundance	44	2	589	3	0.972996782047202
mag_abundance	44	3	176	3	0.785359676320272
mag_abundance	44	4	589	3	0.935038602862949
mag_abundance	44	5	42	3	0.931694833483863
mag_abundance	45	1	589	10	0.91709938547629
mag_abundance	45	2	42	10	0.988353905479241
mag_abundance	45	3	589	5	1.00262831961508
mag_abundance	45	4	176	10	0.808607114188749
mag_abundance	45	5	589	5	0.855816705887584
mag_abundance	46	1	589	10	1.05787533435458
mag_abundance	46	2	42	10	0.778420999250144
mag_abundance	46	3	589	10	0.87477667134169
mag_abundance	46	4	42	10	0.992686683866331
mag_abundance	46	5	353	10	0.972225345917131
mag_abundance	47	1	589	10	1.01076431770155
mag_abundance	47	2	353	10	0.932290639969487
mag_abundance	47	3	176	10	0.886999167739325
mag_abundance	47	4	176	10	0.879994577316914
mag_abundance	47	5	589	10	0.879320548873815
mag_abundance	48	1	42	5	1.00283815376481
mag_abundance	48	2	353	10	0.951660762700825
mag_abundance	48	3	353	10	0.812627864830815
mag_abundance	48	4	42	5	1.00985604818972
mag_abundance	48	5	176	10	0.996178947142913
mag_abundance	49	1	176	5	1.00102339848268
mag_abundance	49	2	176	5	0.893018722039746
mag_abundance	49	3	42	5	0.870488008920667
mag_abundance	49	4	589	5	0.852455398902982
mag_abundance	49	5	589	5	0.811788520333356
mag_abundance	50	1	42	10	0.893426566907334
mag_abundance	50	2	42	5	0.963981440577033
mag_abundance	50	3	176	10	1.03915287857818
mag_abundance	50	4	589	3	0.929634003763762
mag_abundance	50	5	42	10	0.829601168749707
taxonomy_genus	1	1	96	10	0.954304109205924
taxonomy_genus	1	2	160	3	0.873394905873509
taxonomy_genus	1	3	160	5	0.870694704966533
taxonomy_genus	1	4	48	10	0.975221640720119
taxonomy_genus	1	5	21	3	0.911559535996274
taxonomy_genus	2	1	48	5	1.01313649839562
taxonomy_genus	2	2	48	3	0.937363013052449
taxonomy_genus	2	3	48	10	0.842786103173603
taxonomy_genus	2	4	96	10	0.830699640620913
taxonomy_genus	2	5	21	10	0.942405677712239
taxonomy_genus	3	1	21	10	0.908866099000018
taxonomy_genus	3	2	21	5	0.870223635979805
taxonomy_genus	3	3	96	10	0.950550609474203
taxonomy_genus	3	4	160	10	0.899220609331853
taxonomy_genus	3	5	160	10	0.973434702819379
taxonomy_genus	4	1	48	10	0.89322273203922
taxonomy_genus	4	2	21	10	0.981178447576804
taxonomy_genus	4	3	96	10	0.827181725071726
taxonomy_genus	4	4	21	3	0.902749266079065
taxonomy_genus	4	5	160	10	1.0426846505653
taxonomy_genus	5	1	96	10	0.799467797346731
taxonomy_genus	5	2	21	10	0.938477856393237
taxonomy_genus	5	3	160	3	0.885636297296742
taxonomy_genus	5	4	160	5	0.795039271090701
taxonomy_genus	5	5	96	10	1.00121027884835
taxonomy_genus	6	1	96	10	0.906860470402695
taxonomy_genus	6	2	96	10	0.873940243767856
taxonomy_genus	6	3	160	10	0.920961039711158
taxonomy_genus	6	4	96	5	0.985213601819159
taxonomy_genus	6	5	21	5	0.91604587322804
taxonomy_genus	7	1	21	10	0.776015194980293
taxonomy_genus	7	2	160	5	0.92828424051293
taxonomy_genus	7	3	160	10	0.954240931368325
taxonomy_genus	7	4	160	10	0.925641239304452
taxonomy_genus	7	5	21	10	1.0243641275503
taxonomy_genus	8	1	48	3	0.983025472825315
taxonomy_genus	8	2	160	10	0.792116087061987
taxonomy_genus	8	3	96	10	0.92226690317281
taxonomy_genus	8	4	21	10	0.885353425984668
taxonomy_genus	8	5	21	10	0.931350572954656
taxonomy_genus	9	1	96	5	0.905472911065231
taxonomy_genus	9	2	96	10	0.917920503412006
taxonomy_genus	9	3	96	10	1.00367570240887
taxonomy_genus	9	4	160	10	0.834318865506512
taxonomy_genus	9	5	160	10	0.873008534177271
taxonomy_genus	10	1	48	10	0.790268638991891
taxonomy_genus	10	2	160	10	1.02659195567026
taxonomy_genus	10	3	21	10	0.933694240891139
taxonomy_genus	10	4	160	3	0.935919434106637
taxonomy_genus	10	5	96	3	0.882832855276093
taxonomy_genus	11	1	96	10	0.876537738604111
taxonomy_genus	11	2	48	3	1.01725543585208
taxonomy_genus	11	3	21	3	0.815551739103309
taxonomy_genus	11	4	160	5	0.949930752354257
taxonomy_genus	11	5	96	10	0.978573549519666
taxonomy_genus	12	1	48	10	0.757021388311558
taxonomy_genus	12	2	160	3	0.939692175166707
taxonomy_genus	12	3	96	10	0.886637341471326
taxonomy_genus	12	4	96	10	0.91840965944714
taxonomy_genus	12	5	21	3	0.927248179949068
taxonomy_genus	13	1	48	10	1.00649016949087
taxonomy_genus	13	2	96	10	0.976646755221487
taxonomy_genus	13	3	21	3	0.923255399980674
taxonomy_genus	13	4	160	10	0.588751935444413
taxonomy_genus	13	5	160	5	1.12290223699759
taxonomy_genus	14	1	96	3	0.680424785756278
taxonomy_genus	14	2	160	5	1.03239945438162
taxonomy_genus	14	3	48	5	0.964969195336526
taxonomy_genus	14	4	160	10	1.0738118785311
taxonomy_genus	14	5	96	10	0.944266742937345
taxonomy_genus	15	1	21	3	0.944284450706234
taxonomy_genus	15	2	96	5	0.908314263094638
taxonomy_genus	15	3	96	10	0.87131264083348
taxonomy_genus	15	4	96	10	0.901570355488841
taxonomy_genus	15	5	21	5	0.99063722295697
taxonomy_genus	16	1	21	3	0.991067751795167
taxonomy_genus	16	2	160	5	1.05401595540705
taxonomy_genus	16	3	96	10	0.902318797287481
taxonomy_genus	16	4	21	10	0.83905383801124
taxonomy_genus	16	5	21	10	0.819137181264691
taxonomy_genus	17	1	21	10	0.920801422188433
taxonomy_genus	17	2	160	5	0.866278002300615
taxonomy_genus	17	3	160	10	0.893002621636864
taxonomy_genus	17	4	96	10	0.838543899182869
taxonomy_genus	17	5	21	10	0.926062757129786
taxonomy_genus	18	1	96	10	0.791537334653081
taxonomy_genus	18	2	96	10	0.951403010143133
taxonomy_genus	18	3	160	3	0.813013839403198
taxonomy_genus	18	4	21	3	0.946580631111029
taxonomy_genus	18	5	96	3	0.919180861869259
taxonomy_genus	19	1	96	10	0.726474011961205
taxonomy_genus	19	2	21	10	0.977980400876177
taxonomy_genus	19	3	160	10	0.937781559930817
taxonomy_genus	19	4	96	10	0.926893664012387
taxonomy_genus	19	5	160	10	0.879244942980956
taxonomy_genus	20	1	21	5	0.926988838670811
taxonomy_genus	20	2	160	10	0.927671856828841
taxonomy_genus	20	3	21	5	1.05361643143497
taxonomy_genus	20	4	160	10	0.87227830136983
taxonomy_genus	20	5	160	10	0.880269079856497
taxonomy_genus	21	1	21	3	0.96256535646337
taxonomy_genus	21	2	96	5	0.81637857897023
taxonomy_genus	21	3	48	10	0.969692353599972
taxonomy_genus	21	4	96	10	0.859686458932144
taxonomy_genus	21	5	48	10	0.928183442052099
taxonomy_genus	22	1	21	10	0.872704502959536
taxonomy_genus	22	2	160	10	0.929130570525927
taxonomy_genus	22	3	96	10	0.822903555322588
taxonomy_genus	22	4	160	3	0.889074966200183
taxonomy_genus	22	5	160	5	0.839336093563748
taxonomy_genus	23	1	160	10	0.955383955010815
taxonomy_genus	23	2	21	10	1.13187901716429
taxonomy_genus	23	3	160	10	0.693218514914547
taxonomy_genus	23	4	160	5	0.82123854829094
taxonomy_genus	23	5	160	10	1.0087356051916
taxonomy_genus	24	1	21	3	0.860589054538878
taxonomy_genus	24	2	160	10	0.824086302517256
taxonomy_genus	24	3	48	10	0.960162284159311
taxonomy_genus	24	4	160	10	1.09693446388023
taxonomy_genus	24	5	21	5	0.881035834091925
taxonomy_genus	25	1	48	10	0.873288060306152
taxonomy_genus	25	2	96	5	0.860755465513389
taxonomy_genus	25	3	21	5	0.914081055975382
taxonomy_genus	25	4	21	5	0.842038234210491
taxonomy_genus	25	5	160	5	0.925317625669451
taxonomy_genus	26	1	96	10	0.950428894030426
taxonomy_genus	26	2	96	3	0.836093531478861
taxonomy_genus	26	3	21	3	0.956234457201698
taxonomy_genus	26	4	21	3	0.91599351917814
taxonomy_genus	26	5	21	5	0.982741640957095
taxonomy_genus	27	1	160	3	0.917189238208993
taxonomy_genus	27	2	160	3	0.913728448619035
taxonomy_genus	27	3	21	10	0.966076383770766
taxonomy_genus	27	4	48	10	0.872942550303293
taxonomy_genus	27	5	21	5	0.929809189891598
taxonomy_genus	28	1	160	10	0.779177894916159
taxonomy_genus	28	2	96	3	0.915448556735125
taxonomy_genus	28	3	21	10	0.907924460169654
taxonomy_genus	28	4	96	5	1.09911205957821
taxonomy_genus	28	5	96	10	0.821452665583729
taxonomy_genus	29	1	96	10	0.985763338250987
taxonomy_genus	29	2	21	10	0.825438154676725
taxonomy_genus	29	3	160	3	0.881897404116843
taxonomy_genus	29	4	96	5	0.955057851219874
taxonomy_genus	29	5	48	10	0.930791962737885
taxonomy_genus	30	1	21	10	0.863226681434537
taxonomy_genus	30	2	160	10	0.859951947886863
taxonomy_genus	30	3	160	10	0.928715888726796
taxonomy_genus	30	4	160	10	0.907002406283252
taxonomy_genus	30	5	21	5	0.870175624442342
taxonomy_genus	31	1	96	5	0.783212958826483
taxonomy_genus	31	2	21	10	0.94083306240997
taxonomy_genus	31	3	160	3	0.833250597536685
taxonomy_genus	31	4	160	3	1.00404781523615
taxonomy_genus	31	5	96	10	0.96629661392412
taxonomy_genus	32	1	96	5	0.952828024797195
taxonomy_genus	32	2	96	5	1.02549340270877
taxonomy_genus	32	3	48	10	0.958994163483658
taxonomy_genus	32	4	160	10	0.809218450998136
taxonomy_genus	32	5	160	10	0.854380050092727
taxonomy_genus	33	1	160	10	0.834051132183298
taxonomy_genus	33	2	21	3	0.899441569824088
taxonomy_genus	33	3	160	10	0.962804926455389
taxonomy_genus	33	4	160	10	0.883002915204485
taxonomy_genus	33	5	96	10	1.01450545880325
taxonomy_genus	34	1	160	5	0.925781834260169
taxonomy_genus	34	2	21	10	0.915867527828773
taxonomy_genus	34	3	21	5	0.727584428231855
taxonomy_genus	34	4	96	10	0.913487568176731
taxonomy_genus	34	5	48	5	0.908445502626071
taxonomy_genus	35	1	160	5	0.84690637403646
taxonomy_genus	35	2	48	10	0.852555449546288
taxonomy_genus	35	3	48	3	1.06921132468092
taxonomy_genus	35	4	48	10	0.965309014568494
taxonomy_genus	35	5	48	10	0.887240867501506
taxonomy_genus	36	1	21	10	0.953292720547013
taxonomy_genus	36	2	48	3	0.861887171295344
taxonomy_genus	36	3	48	10	0.993040996764687
taxonomy_genus	36	4	96	3	0.734139762580024
taxonomy_genus	36	5	21	5	1.0051779608979
taxonomy_genus	37	1	48	5	0.87523316992163
taxonomy_genus	37	2	48	10	1.00316675747278
taxonomy_genus	37	3	96	3	0.847833385085437
taxonomy_genus	37	4	96	5	0.927351883410607
taxonomy_genus	37	5	96	3	1.03767466170315
taxonomy_genus	38	1	160	3	0.910172590043658
taxonomy_genus	38	2	21	3	1.01076265822184
taxonomy_genus	38	3	48	5	0.803109826717973
taxonomy_genus	38	4	21	10	0.897102770995886
taxonomy_genus	38	5	21	10	0.899929424694373
taxonomy_genus	39	1	48	5	0.979544952610154
taxonomy_genus	39	2	48	5	0.805425206411362
taxonomy_genus	39	3	48	10	1.0022164950538
taxonomy_genus	39	4	21	3	0.876882638802775
taxonomy_genus	39	5	48	10	0.867194294122989
taxonomy_genus	40	1	48	3	0.884244400474943
taxonomy_genus	40	2	160	3	0.921667486051251
taxonomy_genus	40	3	48	5	0.880489589603914
taxonomy_genus	40	4	160	5	0.911209726306412
taxonomy_genus	40	5	96	10	0.825391882436058
taxonomy_genus	41	1	96	5	1.01066161935157
taxonomy_genus	41	2	160	10	0.873830256615547
taxonomy_genus	41	3	48	5	0.968876167202032
taxonomy_genus	41	4	96	10	0.998631306233218
taxonomy_genus	41	5	21	5	0.794892921699601
taxonomy_genus	42	1	21	10	0.872157813035133
taxonomy_genus	42	2	48	5	1.0371691010481
taxonomy_genus	42	3	160	5	0.891846928185726
taxonomy_genus	42	4	160	10	0.942821127597313
taxonomy_genus	42	5	160	3	1.02530798999371
taxonomy_genus	43	1	21	5	0.874574667891225
taxonomy_genus	43	2	96	10	0.804682545230625
taxonomy_genus	43	3	21	5	0.929368407391374
taxonomy_genus	43	4	21	3	0.938349168811963
taxonomy_genus	43	5	160	10	0.979916035510383
taxonomy_genus	44	1	96	10	0.899955450494024
taxonomy_genus	44	2	48	3	0.948955702555487
taxonomy_genus	44	3	21	10	0.801081669617124
taxonomy_genus	44	4	160	10	0.94508966004235
taxonomy_genus	44	5	96	5	0.895735943292374
taxonomy_genus	45	1	160	5	0.896548568942395
taxonomy_genus	45	2	48	3	0.995946445882119
taxonomy_genus	45	3	160	10	0.935517927439135
taxonomy_genus	45	4	96	10	0.839108744363399
taxonomy_genus	45	5	160	10	0.810391911957245
taxonomy_genus	46	1	21	10	0.98990979441613
taxonomy_genus	46	2	160	10	0.75647158027369
taxonomy_genus	46	3	48	3	0.843410496807405
taxonomy_genus	46	4	21	10	0.976431983138965
taxonomy_genus	46	5	21	5	0.995945178802761
taxonomy_genus	47	1	160	10	1.04692946628142
taxonomy_genus	47	2	160	3	0.907430100390344
taxonomy_genus	47	3	160	10	0.883882229997264
taxonomy_genus	47	4	160	10	0.859744636256448
taxonomy_genus	47	5	48	10	0.865715182604824
taxonomy_genus	48	1	21	5	0.939371276274453
taxonomy_genus	48	2	96	5	0.917651553264479
taxonomy_genus	48	3	96	10	0.768445611736774
taxonomy_genus	48	4	21	10	0.969418721779738
taxonomy_genus	48	5	96	10	0.96620954531748
taxonomy_genus	49	1	160	5	0.988318552719408
taxonomy_genus	49	2	21	10	0.877205530615811
taxonomy_genus	49	3	96	3	0.872696784452311
taxonomy_genus	49	4	21	10	0.8995920573497
taxonomy_genus	49	5	160	10	0.900945143691439
taxonomy_genus	50	1	160	3	0.859520124570506
taxonomy_genus	50	2	21	3	1.00947478542483
taxonomy_genus	50	3	48	5	0.969165578838914
taxonomy_genus	50	4	21	10	0.964269148040926
taxonomy_genus	50	5	160	10	0.823567880944716
taxonomy_species	1	1	132	5	0.928248189781053
taxonomy_species	1	2	66	3	0.881123172496666
taxonomy_species	1	3	132	3	0.839056264386464
taxonomy_species	1	4	220	10	0.984183079041873
taxonomy_species	1	5	25	10	0.894607194466886
taxonomy_species	2	1	220	10	0.969451271348789
taxonomy_species	2	2	132	10	0.932061193517428
taxonomy_species	2	3	66	5	0.855788951566574
taxonomy_species	2	4	25	10	0.837773926100247
taxonomy_species	2	5	66	5	0.956646451489272
taxonomy_species	3	1	220	5	0.885208154011492
taxonomy_species	3	2	220	10	0.868617398011784
taxonomy_species	3	3	220	5	0.943534914056305
taxonomy_species	3	4	25	3	0.901868666616937
taxonomy_species	3	5	220	5	1.00095831125811
taxonomy_species	4	1	66	10	0.883984900619577
taxonomy_species	4	2	220	10	0.933071266712408
taxonomy_species	4	3	132	5	0.805419746547624
taxonomy_species	4	4	25	10	0.910097425226804
taxonomy_species	4	5	25	10	1.01968176495749
taxonomy_species	5	1	132	5	0.763512491624265
taxonomy_species	5	2	25	3	0.924783235080111
taxonomy_species	5	3	132	10	0.877202502163097
taxonomy_species	5	4	132	10	0.796185276339808
taxonomy_species	5	5	66	10	0.976989067132443
taxonomy_species	6	1	132	10	0.904023566015523
taxonomy_species	6	2	132	10	0.865117653522884
taxonomy_species	6	3	132	10	0.946176820817902
taxonomy_species	6	4	220	5	1.01851409496954
taxonomy_species	6	5	66	5	0.900505575011656
taxonomy_species	7	1	220	10	0.771260733484592
taxonomy_species	7	2	220	10	0.910884409718739
taxonomy_species	7	3	66	10	0.948725947241113
taxonomy_species	7	4	132	10	0.92457729177466
taxonomy_species	7	5	220	5	1.01889074161721
taxonomy_species	8	1	220	3	0.973455843267577
taxonomy_species	8	2	220	5	0.748700876539219
taxonomy_species	8	3	220	5	0.873815390574717
taxonomy_species	8	4	25	10	0.883754713773531
taxonomy_species	8	5	220	3	0.880730931644091
taxonomy_species	9	1	25	3	0.903223579498889
taxonomy_species	9	2	66	3	0.892591135575809
taxonomy_species	9	3	132	5	0.990724210762604
taxonomy_species	9	4	132	10	0.801597195860809
taxonomy_species	9	5	132	10	0.83589203013988
taxonomy_species	10	1	132	10	0.809605225959053
taxonomy_species	10	2	220	10	0.971838362182294
taxonomy_species	10	3	132	10	0.895993789786117
taxonomy_species	10	4	220	10	0.924909819907244
taxonomy_species	10	5	220	10	0.854884060539671
taxonomy_species	11	1	132	3	0.840549078753288
taxonomy_species	11	2	25	10	0.993812120717923
taxonomy_species	11	3	220	10	0.799757478573044
taxonomy_species	11	4	132	10	0.931642456383679
taxonomy_species	11	5	132	10	0.96714323433285
taxonomy_species	12	1	66	5	0.742682112972954
taxonomy_species	12	2	66	10	0.938746174419467
taxonomy_species	12	3	25	5	0.867662925287524
taxonomy_species	12	4	220	10	0.930772973719859
taxonomy_species	12	5	66	3	0.915438590980095
taxonomy_species	13	1	220	5	0.971127963201555
taxonomy_species	13	2	220	10	0.930032856316927
taxonomy_species	13	3	132	10	0.870457929661114
taxonomy_species	13	4	220	10	0.581904631966861
taxonomy_species	13	5	132	3	1.10851409175832
taxonomy_species	14	1	220	3	0.682871551336698
taxonomy_species	14	2	220	5	1.00318852652204
taxonomy_species	14	3	25	3	0.952810145036947
taxonomy_species	14	4	25	5	1.04852688585738
taxonomy_species	14	5	25	10	0.945075939469671
taxonomy_species	15	1	220	3	0.894209000355778
taxonomy_species	15	2	220	10	0.880508856576397
taxonomy_species	15	3	220	10	0.867780222465488
taxonomy_species	15	4	132	10	0.869637479173579
taxonomy_species	15	5	66	10	0.998504347805224
taxonomy_species	16	1	220	10	0.966297399829741
taxonomy_species	16	2	132	5	1.02271993983619
taxonomy_species	16	3	220	3	0.8918636973178
taxonomy_species	16	4	25	10	0.840880195156074
taxonomy_species	16	5	132	5	0.812655817011968
taxonomy_species	17	1	132	5	0.907915821868453
taxonomy_species	17	2	132	3	0.858088536875485
taxonomy_species	17	3	132	5	0.857342862772121
taxonomy_species	17	4	132	10	0.86110514326379
taxonomy_species	17	5	25	5	0.925485997826175
taxonomy_species	18	1	25	10	0.785274124093136
taxonomy_species	18	2	220	3	0.917280035927739
taxonomy_species	18	3	66	5	0.80900234471383
taxonomy_species	18	4	220	10	0.917509404043662
taxonomy_species	18	5	132	5	0.887907760836261
taxonomy_species	19	1	220	5	0.756629653046947
taxonomy_species	19	2	132	10	0.946026577548425
taxonomy_species	19	3	220	10	0.937093804960826
taxonomy_species	19	4	220	5	0.883261429280724
taxonomy_species	19	5	66	3	0.911397145404685
taxonomy_species	20	1	25	5	0.926049481091386
taxonomy_species	20	2	220	10	0.919181611877206
taxonomy_species	20	3	220	3	1.02513698571738
taxonomy_species	20	4	220	10	0.852594193212027
taxonomy_species	20	5	220	3	0.821123483656669
taxonomy_species	21	1	220	10	0.933803386880364
taxonomy_species	21	2	220	5	0.814588766348977
taxonomy_species	21	3	220	5	0.942232463391923
taxonomy_species	21	4	66	3	0.870181339025631
taxonomy_species	21	5	66	10	0.902982473871784
taxonomy_species	22	1	25	10	0.872798624615269
taxonomy_species	22	2	220	3	0.906546436456249
taxonomy_species	22	3	220	3	0.804274339578744
taxonomy_species	22	4	132	3	0.887623955242873
taxonomy_species	22	5	25	5	0.84867218435988
taxonomy_species	23	1	132	10	0.937968974872344
taxonomy_species	23	2	25	5	1.09025804318614
taxonomy_species	23	3	66	5	0.727958663235973
taxonomy_species	23	4	132	10	0.823127922881302
taxonomy_species	23	5	132	3	1.01861378261918
taxonomy_species	24	1	132	10	0.866296951991206
taxonomy_species	24	2	132	10	0.788777072508578
taxonomy_species	24	3	220	10	0.929822489653519
taxonomy_species	24	4	220	10	1.06175671457348
taxonomy_species	24	5	220	10	0.864057305481643
taxonomy_species	25	1	66	5	0.863495936372742
taxonomy_species	25	2	66	3	0.830241388350732
taxonomy_species	25	3	66	10	0.919286237304531
taxonomy_species	25	4	220	5	0.814495457491661
taxonomy_species	25	5	132	3	0.903305843130253
taxonomy_species	26	1	66	3	0.947727124508934
taxonomy_species	26	2	220	10	0.829144804214009
taxonomy_species	26	3	220	5	0.943530773369534
taxonomy_species	26	4	25	10	0.931773916715574
taxonomy_species	26	5	132	10	0.987497520148963
taxonomy_species	27	1	66	5	0.890254940183234
taxonomy_species	27	2	132	3	0.89775440171182
taxonomy_species	27	3	132	10	0.947445066307934
taxonomy_species	27	4	25	5	0.879672877492217
taxonomy_species	27	5	220	10	0.901033746072734
taxonomy_species	28	1	25	5	0.786333316452109
taxonomy_species	28	2	220	3	0.905534107173575
taxonomy_species	28	3	220	3	0.946456765127423
taxonomy_species	28	4	220	5	1.05688916190342
taxonomy_species	28	5	132	10	0.80506522212325
taxonomy_species	29	1	132	3	0.877386580655073
taxonomy_species	29	2	132	10	0.825573108802936
taxonomy_species	29	3	220	5	0.861742271806708
taxonomy_species	29	4	220	10	0.959999955083859
taxonomy_species	29	5	66	10	0.909071441932493
taxonomy_species	30	1	66	5	0.8536743353578
taxonomy_species	30	2	66	10	0.85762448680426
taxonomy_species	30	3	220	3	0.896165048820155
taxonomy_species	30	4	132	3	0.881664000269877
taxonomy_species	30	5	220	3	0.867410409742856
taxonomy_species	31	1	220	3	0.814471523609255
taxonomy_species	31	2	25	5	0.940085369285939
taxonomy_species	31	3	220	5	0.818897955178706
taxonomy_species	31	4	132	5	0.96889234236416
taxonomy_species	31	5	25	10	0.965218284714313
taxonomy_species	32	1	132	10	0.914708374389668
taxonomy_species	32	2	220	10	1.00384138107636
taxonomy_species	32	3	220	10	0.936495336419684
taxonomy_species	32	4	220	5	0.803740535145375
taxonomy_species	32	5	220	3	0.847936198334624
taxonomy_species	33	1	66	3	0.811814760251874
taxonomy_species	33	2	66	10	0.890785204685641
taxonomy_species	33	3	220	10	0.947645685220143
taxonomy_species	33	4	132	10	0.873311155323243
taxonomy_species	33	5	66	3	0.976235616265701
taxonomy_species	34	1	220	5	0.917972353900197
taxonomy_species	34	2	132	3	0.8956010129091
taxonomy_species	34	3	220	10	0.72429403618895
taxonomy_species	34	4	132	10	0.911776883853753
taxonomy_species	34	5	220	5	0.874405027473194
taxonomy_species	35	1	132	5	0.851196838541479
taxonomy_species	35	2	66	10	0.813540308554401
taxonomy_species	35	3	25	10	1.05754454936251
taxonomy_species	35	4	25	10	0.960874892664027
taxonomy_species	35	5	25	10	0.888148750521508
taxonomy_species	36	1	66	10	0.984847409322648
taxonomy_species	36	2	132	5	0.840575406516973
taxonomy_species	36	3	66	10	0.96661176600103
taxonomy_species	36	4	25	3	0.733218435347833
taxonomy_species	36	5	220	10	0.955217060852288
taxonomy_species	37	1	220	10	0.865203496726039
taxonomy_species	37	2	66	10	0.981138546110483
taxonomy_species	37	3	220	3	0.832103488806453
taxonomy_species	37	4	132	3	0.946626543514107
taxonomy_species	37	5	66	5	1.0054355676187
taxonomy_species	38	1	220	3	0.891319932733834
taxonomy_species	38	2	25	5	1.01029363672975
taxonomy_species	38	3	220	10	0.830840582501667
taxonomy_species	38	4	66	3	0.87368403154829
taxonomy_species	38	5	220	10	0.854330685562287
taxonomy_species	39	1	132	3	0.921463686767441
taxonomy_species	39	2	25	5	0.796646687083567
taxonomy_species	39	3	132	10	1.00182913472558
taxonomy_species	39	4	66	10	0.885354767502243
taxonomy_species	39	5	220	10	0.856758867144438
taxonomy_species	40	1	66	10	0.885793754571853
taxonomy_species	40	2	220	5	0.926426079777729
taxonomy_species	40	3	220	3	0.84129432223895
taxonomy_species	40	4	220	5	0.888732098865984
taxonomy_species	40	5	132	3	0.824013039206615
taxonomy_species	41	1	220	10	0.960800773898913
taxonomy_species	41	2	132	10	0.898231771975324
taxonomy_species	41	3	132	5	0.934191001712233
taxonomy_species	41	4	25	3	0.991090085715363
taxonomy_species	41	5	66	10	0.794008401961297
taxonomy_species	42	1	220	10	0.846943013622125
taxonomy_species	42	2	220	3	1.02935184648302
taxonomy_species	42	3	220	5	0.825710548439208
taxonomy_species	42	4	220	10	0.922191940435966
taxonomy_species	42	5	66	3	1.02654375445268
taxonomy_species	43	1	220	10	0.863037856696636
taxonomy_species	43	2	220	3	0.800991954235997
taxonomy_species	43	3	220	5	0.919448197261194
taxonomy_species	43	4	132	5	0.927806884681065
taxonomy_species	43	5	132	3	0.947499353733246
taxonomy_species	44	1	25	10	0.911494966720061
taxonomy_species	44	2	66	10	0.935770135940813
taxonomy_species	44	3	25	10	0.805500174738391
taxonomy_species	44	4	66	10	0.901333298415392
taxonomy_species	44	5	220	5	0.889175686663597
taxonomy_species	45	1	132	10	0.903305102124586
taxonomy_species	45	2	132	10	0.95186276983794
taxonomy_species	45	3	132	5	0.906444212102759
taxonomy_species	45	4	132	10	0.825917444260763
taxonomy_species	45	5	220	3	0.818780551897743
taxonomy_species	46	1	220	10	1.00647468327851
taxonomy_species	46	2	66	5	0.77903163246685
taxonomy_species	46	3	132	5	0.851453075105161
taxonomy_species	46	4	220	10	0.96992006656724
taxonomy_species	46	5	66	10	0.962678796427334
taxonomy_species	47	1	220	10	1.00660385464124
taxonomy_species	47	2	220	5	0.920966416306187
taxonomy_species	47	3	132	10	0.891647844619063
taxonomy_species	47	4	220	10	0.845806177664337
taxonomy_species	47	5	132	10	0.882444898961786
taxonomy_species	48	1	66	10	0.961634831599586
taxonomy_species	48	2	25	3	0.903311596002128
taxonomy_species	48	3	132	10	0.7866420324738
taxonomy_species	48	4	220	5	0.939385914843777
taxonomy_species	48	5	220	3	0.933780205152255
taxonomy_species	49	1	220	10	0.998901350705251
taxonomy_species	49	2	220	10	0.870198724046001
taxonomy_species	49	3	132	3	0.857526865020249
taxonomy_species	49	4	220	3	0.844198437349317
taxonomy_species	49	5	220	10	0.858400039626091
taxonomy_species	50	1	220	10	0.810702969603604
taxonomy_species	50	2	25	10	0.964570060700745
taxonomy_species	50	3	220	10	0.96599093436955
taxonomy_species	50	4	25	10	0.964772057503109
taxonomy_species	50	5	220	10	0.804940698209658
